partition,lane,seed,metric,value,source,scorer_sha256,target,candidate_mapping,pooled_inclusion
dev,copy,20261003,de_score,0.0,evidence/t2_heart_extra_20261008/evaluation/dev_copy_s20261003.json,52034554f03aec10193cb09baa2c78a1de04218ef678f327eb63acc58fa28add,E9.5,unsubmitted control,"excluded: raw values vs skill, one server candidate, seed pseudoreplication"
dev,copy,20261003,de_direction,0.0,evidence/t2_heart_extra_20261008/evaluation/dev_copy_s20261003.json,52034554f03aec10193cb09baa2c78a1de04218ef678f327eb63acc58fa28add,E9.5,unsubmitted control,"excluded: raw values vs skill, one server candidate, seed pseudoreplication"
dev,copy,20261003,energy_distance,2.36689,evidence/t2_heart_extra_20261008/evaluation/dev_copy_s20261003.json,52034554f03aec10193cb09baa2c78a1de04218ef678f327eb63acc58fa28add,E9.5,unsubmitted control,"excluded: raw values vs skill, one server candidate, seed pseudoreplication"
dev,copy,20261003,mmd_u,0.05641,evidence/t2_heart_extra_20261008/evaluation/dev_copy_s20261003.json,52034554f03aec10193cb09baa2c78a1de04218ef678f327eb63acc58fa28add,E9.5,unsubmitted control,"excluded: raw values vs skill, one server candidate, seed pseudoreplication"
dev,copy,20261003,variogram,0.055484,evidence/t2_heart_extra_20261008/evaluation/dev_copy_s20261003.json,52034554f03aec10193cb09baa2c78a1de04218ef678f327eb63acc58fa28add,E9.5,unsubmitted control,"excluded: raw values vs skill, one server candidate, seed pseudoreplication"
dev,copy,20261003,d2_shape,0.05134,evidence/t2_heart_extra_20261008/evaluation/dev_copy_s20261003.json,52034554f03aec10193cb09baa2c78a1de04218ef678f327eb63acc58fa28add,E9.5,unsubmitted control,"excluded: raw values vs skill, one server candidate, seed pseudoreplication"
dev,copy,20261003,sliced_wasserstein,0.05597,evidence/t2_heart_extra_20261008/evaluation/dev_copy_s20261003.json,52034554f03aec10193cb09baa2c78a1de04218ef678f327eb63acc58fa28add,E9.5,unsubmitted control,"excluded: raw values vs skill, one server candidate, seed pseudoreplication"
dev,copy,20261003,occupancy_dice,0.8158,evidence/t2_heart_extra_20261008/evaluation/dev_copy_s20261003.json,52034554f03aec10193cb09baa2c78a1de04218ef678f327eb63acc58fa28add,E9.5,unsubmitted control,"excluded: raw values vs skill, one server candidate, seed pseudoreplication"
dev,copy,20261003,scale_log_ratio,-0.4348,evidence/t2_heart_extra_20261008/evaluation/dev_copy_s20261003.json,52034554f03aec10193cb09baa2c78a1de04218ef678f327eb63acc58fa28add,E9.5,unsubmitted control,"excluded: raw values vs skill, one server candidate, seed pseudoreplication"
dev,copy,20261003,count_log_ratio,-0.0792,evidence/t2_heart_extra_20261008/evaluation/dev_copy_s20261003.json,52034554f03aec10193cb09baa2c78a1de04218ef678f327eb63acc58fa28add,E9.5,unsubmitted control,"excluded: raw values vs skill, one server candidate, seed pseudoreplication"
dev,copy,20261003,neighborhood_mmd,0.11483,evidence/t2_heart_extra_20261008/evaluation/dev_copy_s20261003.json,52034554f03aec10193cb09baa2c78a1de04218ef678f327eb63acc58fa28add,E9.5,unsubmitted control,"excluded: raw values vs skill, one server candidate, seed pseudoreplication"
dev,copy,20261003,pb_rel_err,0.5769,evidence/t2_heart_extra_20261008/evaluation/dev_copy_s20261003.json,52034554f03aec10193cb09baa2c78a1de04218ef678f327eb63acc58fa28add,E9.5,unsubmitted control,"excluded: raw values vs skill, one server candidate, seed pseudoreplication"
dev,copy,20261003,library_size_ratio,1.0,evidence/t2_heart_extra_20261008/evaluation/dev_copy_s20261003.json,52034554f03aec10193cb09baa2c78a1de04218ef678f327eb63acc58fa28add,E9.5,unsubmitted control,"excluded: raw values vs skill, one server candidate, seed pseudoreplication"
dev,copy,20261003,variance_ratio,1.104,evidence/t2_heart_extra_20261008/evaluation/dev_copy_s20261003.json,52034554f03aec10193cb09baa2c78a1de04218ef678f327eb63acc58fa28add,E9.5,unsubmitted control,"excluded: raw values vs skill, one server candidate, seed pseudoreplication"
dev,copy,20261003,composition_JSD,0.1138,evidence/t2_heart_extra_20261008/evaluation/dev_copy_s20261003.json,52034554f03aec10193cb09baa2c78a1de04218ef678f327eb63acc58fa28add,E9.5,unsubmitted control,"excluded: raw values vs skill, one server candidate, seed pseudoreplication"
dev,copy,20261003,pseudobulk_pearson,0.8084,evidence/t2_heart_extra_20261008/evaluation/dev_copy_s20261003.json,52034554f03aec10193cb09baa2c78a1de04218ef678f327eb63acc58fa28add,E9.5,unsubmitted control,"excluded: raw values vs skill, one server candidate, seed pseudoreplication"
dev,copy,20261003,morans_I_agreement,0.7168,evidence/t2_heart_extra_20261008/evaluation/dev_copy_s20261003.json,52034554f03aec10193cb09baa2c78a1de04218ef678f327eb63acc58fa28add,E9.5,unsubmitted control,"excluded: raw values vs skill, one server candidate, seed pseudoreplication"
dev,copy,20261003,_de_raw,0.0,evidence/t2_heart_extra_20261008/evaluation/dev_copy_s20261003.json,52034554f03aec10193cb09baa2c78a1de04218ef678f327eb63acc58fa28add,E9.5,unsubmitted control,"excluded: raw values vs skill, one server candidate, seed pseudoreplication"
dev,copy,20261003,_de_chance,0.4286,evidence/t2_heart_extra_20261008/evaluation/dev_copy_s20261003.json,52034554f03aec10193cb09baa2c78a1de04218ef678f327eb63acc58fa28add,E9.5,unsubmitted control,"excluded: raw values vs skill, one server candidate, seed pseudoreplication"
dev,copy,20261003,_n_up,36,evidence/t2_heart_extra_20261008/evaluation/dev_copy_s20261003.json,52034554f03aec10193cb09baa2c78a1de04218ef678f327eb63acc58fa28add,E9.5,unsubmitted control,"excluded: raw values vs skill, one server candidate, seed pseudoreplication"
dev,copy,20261003,_n_dn,90,evidence/t2_heart_extra_20261008/evaluation/dev_copy_s20261003.json,52034554f03aec10193cb09baa2c78a1de04218ef678f327eb63acc58fa28add,E9.5,unsubmitted control,"excluded: raw values vs skill, one server candidate, seed pseudoreplication"
dev,copy,20261003,_sw_flip_spread,0.00494,evidence/t2_heart_extra_20261008/evaluation/dev_copy_s20261003.json,52034554f03aec10193cb09baa2c78a1de04218ef678f327eb63acc58fa28add,E9.5,unsubmitted control,"excluded: raw values vs skill, one server candidate, seed pseudoreplication"
dev,copy,20261003,_dice_voxel_over_nn,11.9,evidence/t2_heart_extra_20261008/evaluation/dev_copy_s20261003.json,52034554f03aec10193cb09baa2c78a1de04218ef678f327eb63acc58fa28add,E9.5,unsubmitted control,"excluded: raw values vs skill, one server candidate, seed pseudoreplication"
dev,copy,20261011,de_score,0.0,evidence/t2_heart_extra_20261008/evaluation/dev_copy_s20261011.json,52034554f03aec10193cb09baa2c78a1de04218ef678f327eb63acc58fa28add,E9.5,unsubmitted control,"excluded: raw values vs skill, one server candidate, seed pseudoreplication"
dev,copy,20261011,de_direction,0.0,evidence/t2_heart_extra_20261008/evaluation/dev_copy_s20261011.json,52034554f03aec10193cb09baa2c78a1de04218ef678f327eb63acc58fa28add,E9.5,unsubmitted control,"excluded: raw values vs skill, one server candidate, seed pseudoreplication"
dev,copy,20261011,energy_distance,2.60657,evidence/t2_heart_extra_20261008/evaluation/dev_copy_s20261011.json,52034554f03aec10193cb09baa2c78a1de04218ef678f327eb63acc58fa28add,E9.5,unsubmitted control,"excluded: raw values vs skill, one server candidate, seed pseudoreplication"
dev,copy,20261011,mmd_u,0.06058,evidence/t2_heart_extra_20261008/evaluation/dev_copy_s20261011.json,52034554f03aec10193cb09baa2c78a1de04218ef678f327eb63acc58fa28add,E9.5,unsubmitted control,"excluded: raw values vs skill, one server candidate, seed pseudoreplication"
dev,copy,20261011,variogram,0.061084,evidence/t2_heart_extra_20261008/evaluation/dev_copy_s20261011.json,52034554f03aec10193cb09baa2c78a1de04218ef678f327eb63acc58fa28add,E9.5,unsubmitted control,"excluded: raw values vs skill, one server candidate, seed pseudoreplication"
dev,copy,20261011,d2_shape,0.05411,evidence/t2_heart_extra_20261008/evaluation/dev_copy_s20261011.json,52034554f03aec10193cb09baa2c78a1de04218ef678f327eb63acc58fa28add,E9.5,unsubmitted control,"excluded: raw values vs skill, one server candidate, seed pseudoreplication"
dev,copy,20261011,sliced_wasserstein,0.05703,evidence/t2_heart_extra_20261008/evaluation/dev_copy_s20261011.json,52034554f03aec10193cb09baa2c78a1de04218ef678f327eb63acc58fa28add,E9.5,unsubmitted control,"excluded: raw values vs skill, one server candidate, seed pseudoreplication"
dev,copy,20261011,occupancy_dice,0.8142,evidence/t2_heart_extra_20261008/evaluation/dev_copy_s20261011.json,52034554f03aec10193cb09baa2c78a1de04218ef678f327eb63acc58fa28add,E9.5,unsubmitted control,"excluded: raw values vs skill, one server candidate, seed pseudoreplication"
dev,copy,20261011,scale_log_ratio,-0.4348,evidence/t2_heart_extra_20261008/evaluation/dev_copy_s20261011.json,52034554f03aec10193cb09baa2c78a1de04218ef678f327eb63acc58fa28add,E9.5,unsubmitted control,"excluded: raw values vs skill, one server candidate, seed pseudoreplication"
dev,copy,20261011,count_log_ratio,-0.0792,evidence/t2_heart_extra_20261008/evaluation/dev_copy_s20261011.json,52034554f03aec10193cb09baa2c78a1de04218ef678f327eb63acc58fa28add,E9.5,unsubmitted control,"excluded: raw values vs skill, one server candidate, seed pseudoreplication"
dev,copy,20261011,neighborhood_mmd,0.11483,evidence/t2_heart_extra_20261008/evaluation/dev_copy_s20261011.json,52034554f03aec10193cb09baa2c78a1de04218ef678f327eb63acc58fa28add,E9.5,unsubmitted control,"excluded: raw values vs skill, one server candidate, seed pseudoreplication"
dev,copy,20261011,pb_rel_err,0.5769,evidence/t2_heart_extra_20261008/evaluation/dev_copy_s20261011.json,52034554f03aec10193cb09baa2c78a1de04218ef678f327eb63acc58fa28add,E9.5,unsubmitted control,"excluded: raw values vs skill, one server candidate, seed pseudoreplication"
dev,copy,20261011,library_size_ratio,1.0,evidence/t2_heart_extra_20261008/evaluation/dev_copy_s20261011.json,52034554f03aec10193cb09baa2c78a1de04218ef678f327eb63acc58fa28add,E9.5,unsubmitted control,"excluded: raw values vs skill, one server candidate, seed pseudoreplication"
dev,copy,20261011,variance_ratio,1.104,evidence/t2_heart_extra_20261008/evaluation/dev_copy_s20261011.json,52034554f03aec10193cb09baa2c78a1de04218ef678f327eb63acc58fa28add,E9.5,unsubmitted control,"excluded: raw values vs skill, one server candidate, seed pseudoreplication"
dev,copy,20261011,composition_JSD,0.1138,evidence/t2_heart_extra_20261008/evaluation/dev_copy_s20261011.json,52034554f03aec10193cb09baa2c78a1de04218ef678f327eb63acc58fa28add,E9.5,unsubmitted control,"excluded: raw values vs skill, one server candidate, seed pseudoreplication"
dev,copy,20261011,pseudobulk_pearson,0.8084,evidence/t2_heart_extra_20261008/evaluation/dev_copy_s20261011.json,52034554f03aec10193cb09baa2c78a1de04218ef678f327eb63acc58fa28add,E9.5,unsubmitted control,"excluded: raw values vs skill, one server candidate, seed pseudoreplication"
dev,copy,20261011,morans_I_agreement,0.7168,evidence/t2_heart_extra_20261008/evaluation/dev_copy_s20261011.json,52034554f03aec10193cb09baa2c78a1de04218ef678f327eb63acc58fa28add,E9.5,unsubmitted control,"excluded: raw values vs skill, one server candidate, seed pseudoreplication"
dev,copy,20261011,_de_raw,0.0,evidence/t2_heart_extra_20261008/evaluation/dev_copy_s20261011.json,52034554f03aec10193cb09baa2c78a1de04218ef678f327eb63acc58fa28add,E9.5,unsubmitted control,"excluded: raw values vs skill, one server candidate, seed pseudoreplication"
dev,copy,20261011,_de_chance,0.4286,evidence/t2_heart_extra_20261008/evaluation/dev_copy_s20261011.json,52034554f03aec10193cb09baa2c78a1de04218ef678f327eb63acc58fa28add,E9.5,unsubmitted control,"excluded: raw values vs skill, one server candidate, seed pseudoreplication"
dev,copy,20261011,_n_up,36,evidence/t2_heart_extra_20261008/evaluation/dev_copy_s20261011.json,52034554f03aec10193cb09baa2c78a1de04218ef678f327eb63acc58fa28add,E9.5,unsubmitted control,"excluded: raw values vs skill, one server candidate, seed pseudoreplication"
dev,copy,20261011,_n_dn,90,evidence/t2_heart_extra_20261008/evaluation/dev_copy_s20261011.json,52034554f03aec10193cb09baa2c78a1de04218ef678f327eb63acc58fa28add,E9.5,unsubmitted control,"excluded: raw values vs skill, one server candidate, seed pseudoreplication"
dev,copy,20261011,_sw_flip_spread,0.00696,evidence/t2_heart_extra_20261008/evaluation/dev_copy_s20261011.json,52034554f03aec10193cb09baa2c78a1de04218ef678f327eb63acc58fa28add,E9.5,unsubmitted control,"excluded: raw values vs skill, one server candidate, seed pseudoreplication"
dev,copy,20261011,_dice_voxel_over_nn,12.0,evidence/t2_heart_extra_20261008/evaluation/dev_copy_s20261011.json,52034554f03aec10193cb09baa2c78a1de04218ef678f327eb63acc58fa28add,E9.5,unsubmitted control,"excluded: raw values vs skill, one server candidate, seed pseudoreplication"
dev,copy,20261019,de_score,0.0,evidence/t2_heart_extra_20261008/evaluation/dev_copy_s20261019.json,52034554f03aec10193cb09baa2c78a1de04218ef678f327eb63acc58fa28add,E9.5,unsubmitted control,"excluded: raw values vs skill, one server candidate, seed pseudoreplication"
dev,copy,20261019,de_direction,0.0,evidence/t2_heart_extra_20261008/evaluation/dev_copy_s20261019.json,52034554f03aec10193cb09baa2c78a1de04218ef678f327eb63acc58fa28add,E9.5,unsubmitted control,"excluded: raw values vs skill, one server candidate, seed pseudoreplication"
dev,copy,20261019,energy_distance,2.49136,evidence/t2_heart_extra_20261008/evaluation/dev_copy_s20261019.json,52034554f03aec10193cb09baa2c78a1de04218ef678f327eb63acc58fa28add,E9.5,unsubmitted control,"excluded: raw values vs skill, one server candidate, seed pseudoreplication"
dev,copy,20261019,mmd_u,0.05817,evidence/t2_heart_extra_20261008/evaluation/dev_copy_s20261019.json,52034554f03aec10193cb09baa2c78a1de04218ef678f327eb63acc58fa28add,E9.5,unsubmitted control,"excluded: raw values vs skill, one server candidate, seed pseudoreplication"
dev,copy,20261019,variogram,0.058476,evidence/t2_heart_extra_20261008/evaluation/dev_copy_s20261019.json,52034554f03aec10193cb09baa2c78a1de04218ef678f327eb63acc58fa28add,E9.5,unsubmitted control,"excluded: raw values vs skill, one server candidate, seed pseudoreplication"
dev,copy,20261019,d2_shape,0.05002,evidence/t2_heart_extra_20261008/evaluation/dev_copy_s20261019.json,52034554f03aec10193cb09baa2c78a1de04218ef678f327eb63acc58fa28add,E9.5,unsubmitted control,"excluded: raw values vs skill, one server candidate, seed pseudoreplication"
dev,copy,20261019,sliced_wasserstein,0.05653,evidence/t2_heart_extra_20261008/evaluation/dev_copy_s20261019.json,52034554f03aec10193cb09baa2c78a1de04218ef678f327eb63acc58fa28add,E9.5,unsubmitted control,"excluded: raw values vs skill, one server candidate, seed pseudoreplication"
dev,copy,20261019,occupancy_dice,0.8088,evidence/t2_heart_extra_20261008/evaluation/dev_copy_s20261019.json,52034554f03aec10193cb09baa2c78a1de04218ef678f327eb63acc58fa28add,E9.5,unsubmitted control,"excluded: raw values vs skill, one server candidate, seed pseudoreplication"
dev,copy,20261019,scale_log_ratio,-0.4348,evidence/t2_heart_extra_20261008/evaluation/dev_copy_s20261019.json,52034554f03aec10193cb09baa2c78a1de04218ef678f327eb63acc58fa28add,E9.5,unsubmitted control,"excluded: raw values vs skill, one server candidate, seed pseudoreplication"
dev,copy,20261019,count_log_ratio,-0.0792,evidence/t2_heart_extra_20261008/evaluation/dev_copy_s20261019.json,52034554f03aec10193cb09baa2c78a1de04218ef678f327eb63acc58fa28add,E9.5,unsubmitted control,"excluded: raw values vs skill, one server candidate, seed pseudoreplication"
dev,copy,20261019,neighborhood_mmd,0.11483,evidence/t2_heart_extra_20261008/evaluation/dev_copy_s20261019.json,52034554f03aec10193cb09baa2c78a1de04218ef678f327eb63acc58fa28add,E9.5,unsubmitted control,"excluded: raw values vs skill, one server candidate, seed pseudoreplication"
dev,copy,20261019,pb_rel_err,0.5769,evidence/t2_heart_extra_20261008/evaluation/dev_copy_s20261019.json,52034554f03aec10193cb09baa2c78a1de04218ef678f327eb63acc58fa28add,E9.5,unsubmitted control,"excluded: raw values vs skill, one server candidate, seed pseudoreplication"
dev,copy,20261019,library_size_ratio,1.0,evidence/t2_heart_extra_20261008/evaluation/dev_copy_s20261019.json,52034554f03aec10193cb09baa2c78a1de04218ef678f327eb63acc58fa28add,E9.5,unsubmitted control,"excluded: raw values vs skill, one server candidate, seed pseudoreplication"
dev,copy,20261019,variance_ratio,1.104,evidence/t2_heart_extra_20261008/evaluation/dev_copy_s20261019.json,52034554f03aec10193cb09baa2c78a1de04218ef678f327eb63acc58fa28add,E9.5,unsubmitted control,"excluded: raw values vs skill, one server candidate, seed pseudoreplication"
dev,copy,20261019,composition_JSD,0.1138,evidence/t2_heart_extra_20261008/evaluation/dev_copy_s20261019.json,52034554f03aec10193cb09baa2c78a1de04218ef678f327eb63acc58fa28add,E9.5,unsubmitted control,"excluded: raw values vs skill, one server candidate, seed pseudoreplication"
dev,copy,20261019,pseudobulk_pearson,0.8084,evidence/t2_heart_extra_20261008/evaluation/dev_copy_s20261019.json,52034554f03aec10193cb09baa2c78a1de04218ef678f327eb63acc58fa28add,E9.5,unsubmitted control,"excluded: raw values vs skill, one server candidate, seed pseudoreplication"
dev,copy,20261019,morans_I_agreement,0.7168,evidence/t2_heart_extra_20261008/evaluation/dev_copy_s20261019.json,52034554f03aec10193cb09baa2c78a1de04218ef678f327eb63acc58fa28add,E9.5,unsubmitted control,"excluded: raw values vs skill, one server candidate, seed pseudoreplication"
dev,copy,20261019,_de_raw,0.0,evidence/t2_heart_extra_20261008/evaluation/dev_copy_s20261019.json,52034554f03aec10193cb09baa2c78a1de04218ef678f327eb63acc58fa28add,E9.5,unsubmitted control,"excluded: raw values vs skill, one server candidate, seed pseudoreplication"
dev,copy,20261019,_de_chance,0.4286,evidence/t2_heart_extra_20261008/evaluation/dev_copy_s20261019.json,52034554f03aec10193cb09baa2c78a1de04218ef678f327eb63acc58fa28add,E9.5,unsubmitted control,"excluded: raw values vs skill, one server candidate, seed pseudoreplication"
dev,copy,20261019,_n_up,36,evidence/t2_heart_extra_20261008/evaluation/dev_copy_s20261019.json,52034554f03aec10193cb09baa2c78a1de04218ef678f327eb63acc58fa28add,E9.5,unsubmitted control,"excluded: raw values vs skill, one server candidate, seed pseudoreplication"
dev,copy,20261019,_n_dn,90,evidence/t2_heart_extra_20261008/evaluation/dev_copy_s20261019.json,52034554f03aec10193cb09baa2c78a1de04218ef678f327eb63acc58fa28add,E9.5,unsubmitted control,"excluded: raw values vs skill, one server candidate, seed pseudoreplication"
dev,copy,20261019,_sw_flip_spread,0.00496,evidence/t2_heart_extra_20261008/evaluation/dev_copy_s20261019.json,52034554f03aec10193cb09baa2c78a1de04218ef678f327eb63acc58fa28add,E9.5,unsubmitted control,"excluded: raw values vs skill, one server candidate, seed pseudoreplication"
dev,copy,20261019,_dice_voxel_over_nn,11.9,evidence/t2_heart_extra_20261008/evaluation/dev_copy_s20261019.json,52034554f03aec10193cb09baa2c78a1de04218ef678f327eb63acc58fa28add,E9.5,unsubmitted control,"excluded: raw values vs skill, one server candidate, seed pseudoreplication"
dev,endfree,20261003,de_score,0.0,evidence/t2_heart_extra_20261008/evaluation/dev_endfree_s20261003.json,52034554f03aec10193cb09baa2c78a1de04218ef678f327eb63acc58fa28add,E9.5,unsubmitted control,"excluded: raw values vs skill, one server candidate, seed pseudoreplication"
dev,endfree,20261003,de_direction,0.0267,evidence/t2_heart_extra_20261008/evaluation/dev_endfree_s20261003.json,52034554f03aec10193cb09baa2c78a1de04218ef678f327eb63acc58fa28add,E9.5,unsubmitted control,"excluded: raw values vs skill, one server candidate, seed pseudoreplication"
dev,endfree,20261003,energy_distance,2.25195,evidence/t2_heart_extra_20261008/evaluation/dev_endfree_s20261003.json,52034554f03aec10193cb09baa2c78a1de04218ef678f327eb63acc58fa28add,E9.5,unsubmitted control,"excluded: raw values vs skill, one server candidate, seed pseudoreplication"
dev,endfree,20261003,mmd_u,0.05898,evidence/t2_heart_extra_20261008/evaluation/dev_endfree_s20261003.json,52034554f03aec10193cb09baa2c78a1de04218ef678f327eb63acc58fa28add,E9.5,unsubmitted control,"excluded: raw values vs skill, one server candidate, seed pseudoreplication"
dev,endfree,20261003,variogram,0.045864,evidence/t2_heart_extra_20261008/evaluation/dev_endfree_s20261003.json,52034554f03aec10193cb09baa2c78a1de04218ef678f327eb63acc58fa28add,E9.5,unsubmitted control,"excluded: raw values vs skill, one server candidate, seed pseudoreplication"
dev,endfree,20261003,d2_shape,0.05134,evidence/t2_heart_extra_20261008/evaluation/dev_endfree_s20261003.json,52034554f03aec10193cb09baa2c78a1de04218ef678f327eb63acc58fa28add,E9.5,unsubmitted control,"excluded: raw values vs skill, one server candidate, seed pseudoreplication"
dev,endfree,20261003,sliced_wasserstein,0.05597,evidence/t2_heart_extra_20261008/evaluation/dev_endfree_s20261003.json,52034554f03aec10193cb09baa2c78a1de04218ef678f327eb63acc58fa28add,E9.5,unsubmitted control,"excluded: raw values vs skill, one server candidate, seed pseudoreplication"
dev,endfree,20261003,occupancy_dice,0.8158,evidence/t2_heart_extra_20261008/evaluation/dev_endfree_s20261003.json,52034554f03aec10193cb09baa2c78a1de04218ef678f327eb63acc58fa28add,E9.5,unsubmitted control,"excluded: raw values vs skill, one server candidate, seed pseudoreplication"
dev,endfree,20261003,scale_log_ratio,-0.4348,evidence/t2_heart_extra_20261008/evaluation/dev_endfree_s20261003.json,52034554f03aec10193cb09baa2c78a1de04218ef678f327eb63acc58fa28add,E9.5,unsubmitted control,"excluded: raw values vs skill, one server candidate, seed pseudoreplication"
dev,endfree,20261003,count_log_ratio,-0.0792,evidence/t2_heart_extra_20261008/evaluation/dev_endfree_s20261003.json,52034554f03aec10193cb09baa2c78a1de04218ef678f327eb63acc58fa28add,E9.5,unsubmitted control,"excluded: raw values vs skill, one server candidate, seed pseudoreplication"
dev,endfree,20261003,neighborhood_mmd,0.09937,evidence/t2_heart_extra_20261008/evaluation/dev_endfree_s20261003.json,52034554f03aec10193cb09baa2c78a1de04218ef678f327eb63acc58fa28add,E9.5,unsubmitted control,"excluded: raw values vs skill, one server candidate, seed pseudoreplication"
dev,endfree,20261003,pb_rel_err,0.5153,evidence/t2_heart_extra_20261008/evaluation/dev_endfree_s20261003.json,52034554f03aec10193cb09baa2c78a1de04218ef678f327eb63acc58fa28add,E9.5,unsubmitted control,"excluded: raw values vs skill, one server candidate, seed pseudoreplication"
dev,endfree,20261003,library_size_ratio,1.0,evidence/t2_heart_extra_20261008/evaluation/dev_endfree_s20261003.json,52034554f03aec10193cb09baa2c78a1de04218ef678f327eb63acc58fa28add,E9.5,unsubmitted control,"excluded: raw values vs skill, one server candidate, seed pseudoreplication"
dev,endfree,20261003,variance_ratio,0.813,evidence/t2_heart_extra_20261008/evaluation/dev_endfree_s20261003.json,52034554f03aec10193cb09baa2c78a1de04218ef678f327eb63acc58fa28add,E9.5,unsubmitted control,"excluded: raw values vs skill, one server candidate, seed pseudoreplication"
dev,endfree,20261003,composition_JSD,0.1138,evidence/t2_heart_extra_20261008/evaluation/dev_endfree_s20261003.json,52034554f03aec10193cb09baa2c78a1de04218ef678f327eb63acc58fa28add,E9.5,unsubmitted control,"excluded: raw values vs skill, one server candidate, seed pseudoreplication"
dev,endfree,20261003,pseudobulk_pearson,0.8059,evidence/t2_heart_extra_20261008/evaluation/dev_endfree_s20261003.json,52034554f03aec10193cb09baa2c78a1de04218ef678f327eb63acc58fa28add,E9.5,unsubmitted control,"excluded: raw values vs skill, one server candidate, seed pseudoreplication"
dev,endfree,20261003,morans_I_agreement,0.6774,evidence/t2_heart_extra_20261008/evaluation/dev_endfree_s20261003.json,52034554f03aec10193cb09baa2c78a1de04218ef678f327eb63acc58fa28add,E9.5,unsubmitted control,"excluded: raw values vs skill, one server candidate, seed pseudoreplication"
dev,endfree,20261003,_de_raw,0.4286,evidence/t2_heart_extra_20261008/evaluation/dev_endfree_s20261003.json,52034554f03aec10193cb09baa2c78a1de04218ef678f327eb63acc58fa28add,E9.5,unsubmitted control,"excluded: raw values vs skill, one server candidate, seed pseudoreplication"
dev,endfree,20261003,_de_chance,0.4286,evidence/t2_heart_extra_20261008/evaluation/dev_endfree_s20261003.json,52034554f03aec10193cb09baa2c78a1de04218ef678f327eb63acc58fa28add,E9.5,unsubmitted control,"excluded: raw values vs skill, one server candidate, seed pseudoreplication"
dev,endfree,20261003,_n_up,36,evidence/t2_heart_extra_20261008/evaluation/dev_endfree_s20261003.json,52034554f03aec10193cb09baa2c78a1de04218ef678f327eb63acc58fa28add,E9.5,unsubmitted control,"excluded: raw values vs skill, one server candidate, seed pseudoreplication"
dev,endfree,20261003,_n_dn,90,evidence/t2_heart_extra_20261008/evaluation/dev_endfree_s20261003.json,52034554f03aec10193cb09baa2c78a1de04218ef678f327eb63acc58fa28add,E9.5,unsubmitted control,"excluded: raw values vs skill, one server candidate, seed pseudoreplication"
dev,endfree,20261003,_sw_flip_spread,0.00494,evidence/t2_heart_extra_20261008/evaluation/dev_endfree_s20261003.json,52034554f03aec10193cb09baa2c78a1de04218ef678f327eb63acc58fa28add,E9.5,unsubmitted control,"excluded: raw values vs skill, one server candidate, seed pseudoreplication"
dev,endfree,20261003,_dice_voxel_over_nn,11.9,evidence/t2_heart_extra_20261008/evaluation/dev_endfree_s20261003.json,52034554f03aec10193cb09baa2c78a1de04218ef678f327eb63acc58fa28add,E9.5,unsubmitted control,"excluded: raw values vs skill, one server candidate, seed pseudoreplication"
dev,endfree,20261011,de_score,0.0,evidence/t2_heart_extra_20261008/evaluation/dev_endfree_s20261011.json,52034554f03aec10193cb09baa2c78a1de04218ef678f327eb63acc58fa28add,E9.5,unsubmitted control,"excluded: raw values vs skill, one server candidate, seed pseudoreplication"
dev,endfree,20261011,de_direction,0.0267,evidence/t2_heart_extra_20261008/evaluation/dev_endfree_s20261011.json,52034554f03aec10193cb09baa2c78a1de04218ef678f327eb63acc58fa28add,E9.5,unsubmitted control,"excluded: raw values vs skill, one server candidate, seed pseudoreplication"
dev,endfree,20261011,energy_distance,2.48129,evidence/t2_heart_extra_20261008/evaluation/dev_endfree_s20261011.json,52034554f03aec10193cb09baa2c78a1de04218ef678f327eb63acc58fa28add,E9.5,unsubmitted control,"excluded: raw values vs skill, one server candidate, seed pseudoreplication"
dev,endfree,20261011,mmd_u,0.06453,evidence/t2_heart_extra_20261008/evaluation/dev_endfree_s20261011.json,52034554f03aec10193cb09baa2c78a1de04218ef678f327eb63acc58fa28add,E9.5,unsubmitted control,"excluded: raw values vs skill, one server candidate, seed pseudoreplication"
dev,endfree,20261011,variogram,0.050806,evidence/t2_heart_extra_20261008/evaluation/dev_endfree_s20261011.json,52034554f03aec10193cb09baa2c78a1de04218ef678f327eb63acc58fa28add,E9.5,unsubmitted control,"excluded: raw values vs skill, one server candidate, seed pseudoreplication"
dev,endfree,20261011,d2_shape,0.05411,evidence/t2_heart_extra_20261008/evaluation/dev_endfree_s20261011.json,52034554f03aec10193cb09baa2c78a1de04218ef678f327eb63acc58fa28add,E9.5,unsubmitted control,"excluded: raw values vs skill, one server candidate, seed pseudoreplication"
dev,endfree,20261011,sliced_wasserstein,0.05703,evidence/t2_heart_extra_20261008/evaluation/dev_endfree_s20261011.json,52034554f03aec10193cb09baa2c78a1de04218ef678f327eb63acc58fa28add,E9.5,unsubmitted control,"excluded: raw values vs skill, one server candidate, seed pseudoreplication"
dev,endfree,20261011,occupancy_dice,0.8142,evidence/t2_heart_extra_20261008/evaluation/dev_endfree_s20261011.json,52034554f03aec10193cb09baa2c78a1de04218ef678f327eb63acc58fa28add,E9.5,unsubmitted control,"excluded: raw values vs skill, one server candidate, seed pseudoreplication"
dev,endfree,20261011,scale_log_ratio,-0.4348,evidence/t2_heart_extra_20261008/evaluation/dev_endfree_s20261011.json,52034554f03aec10193cb09baa2c78a1de04218ef678f327eb63acc58fa28add,E9.5,unsubmitted control,"excluded: raw values vs skill, one server candidate, seed pseudoreplication"
dev,endfree,20261011,count_log_ratio,-0.0792,evidence/t2_heart_extra_20261008/evaluation/dev_endfree_s20261011.json,52034554f03aec10193cb09baa2c78a1de04218ef678f327eb63acc58fa28add,E9.5,unsubmitted control,"excluded: raw values vs skill, one server candidate, seed pseudoreplication"
dev,endfree,20261011,neighborhood_mmd,0.09937,evidence/t2_heart_extra_20261008/evaluation/dev_endfree_s20261011.json,52034554f03aec10193cb09baa2c78a1de04218ef678f327eb63acc58fa28add,E9.5,unsubmitted control,"excluded: raw values vs skill, one server candidate, seed pseudoreplication"
dev,endfree,20261011,pb_rel_err,0.5153,evidence/t2_heart_extra_20261008/evaluation/dev_endfree_s20261011.json,52034554f03aec10193cb09baa2c78a1de04218ef678f327eb63acc58fa28add,E9.5,unsubmitted control,"excluded: raw values vs skill, one server candidate, seed pseudoreplication"
dev,endfree,20261011,library_size_ratio,1.0,evidence/t2_heart_extra_20261008/evaluation/dev_endfree_s20261011.json,52034554f03aec10193cb09baa2c78a1de04218ef678f327eb63acc58fa28add,E9.5,unsubmitted control,"excluded: raw values vs skill, one server candidate, seed pseudoreplication"
dev,endfree,20261011,variance_ratio,0.813,evidence/t2_heart_extra_20261008/evaluation/dev_endfree_s20261011.json,52034554f03aec10193cb09baa2c78a1de04218ef678f327eb63acc58fa28add,E9.5,unsubmitted control,"excluded: raw values vs skill, one server candidate, seed pseudoreplication"
dev,endfree,20261011,composition_JSD,0.1138,evidence/t2_heart_extra_20261008/evaluation/dev_endfree_s20261011.json,52034554f03aec10193cb09baa2c78a1de04218ef678f327eb63acc58fa28add,E9.5,unsubmitted control,"excluded: raw values vs skill, one server candidate, seed pseudoreplication"
dev,endfree,20261011,pseudobulk_pearson,0.8059,evidence/t2_heart_extra_20261008/evaluation/dev_endfree_s20261011.json,52034554f03aec10193cb09baa2c78a1de04218ef678f327eb63acc58fa28add,E9.5,unsubmitted control,"excluded: raw values vs skill, one server candidate, seed pseudoreplication"
dev,endfree,20261011,morans_I_agreement,0.6774,evidence/t2_heart_extra_20261008/evaluation/dev_endfree_s20261011.json,52034554f03aec10193cb09baa2c78a1de04218ef678f327eb63acc58fa28add,E9.5,unsubmitted control,"excluded: raw values vs skill, one server candidate, seed pseudoreplication"
dev,endfree,20261011,_de_raw,0.4286,evidence/t2_heart_extra_20261008/evaluation/dev_endfree_s20261011.json,52034554f03aec10193cb09baa2c78a1de04218ef678f327eb63acc58fa28add,E9.5,unsubmitted control,"excluded: raw values vs skill, one server candidate, seed pseudoreplication"
dev,endfree,20261011,_de_chance,0.4286,evidence/t2_heart_extra_20261008/evaluation/dev_endfree_s20261011.json,52034554f03aec10193cb09baa2c78a1de04218ef678f327eb63acc58fa28add,E9.5,unsubmitted control,"excluded: raw values vs skill, one server candidate, seed pseudoreplication"
dev,endfree,20261011,_n_up,36,evidence/t2_heart_extra_20261008/evaluation/dev_endfree_s20261011.json,52034554f03aec10193cb09baa2c78a1de04218ef678f327eb63acc58fa28add,E9.5,unsubmitted control,"excluded: raw values vs skill, one server candidate, seed pseudoreplication"
dev,endfree,20261011,_n_dn,90,evidence/t2_heart_extra_20261008/evaluation/dev_endfree_s20261011.json,52034554f03aec10193cb09baa2c78a1de04218ef678f327eb63acc58fa28add,E9.5,unsubmitted control,"excluded: raw values vs skill, one server candidate, seed pseudoreplication"
dev,endfree,20261011,_sw_flip_spread,0.00696,evidence/t2_heart_extra_20261008/evaluation/dev_endfree_s20261011.json,52034554f03aec10193cb09baa2c78a1de04218ef678f327eb63acc58fa28add,E9.5,unsubmitted control,"excluded: raw values vs skill, one server candidate, seed pseudoreplication"
dev,endfree,20261011,_dice_voxel_over_nn,12.0,evidence/t2_heart_extra_20261008/evaluation/dev_endfree_s20261011.json,52034554f03aec10193cb09baa2c78a1de04218ef678f327eb63acc58fa28add,E9.5,unsubmitted control,"excluded: raw values vs skill, one server candidate, seed pseudoreplication"
dev,endfree,20261019,de_score,0.0,evidence/t2_heart_extra_20261008/evaluation/dev_endfree_s20261019.json,52034554f03aec10193cb09baa2c78a1de04218ef678f327eb63acc58fa28add,E9.5,unsubmitted control,"excluded: raw values vs skill, one server candidate, seed pseudoreplication"
dev,endfree,20261019,de_direction,0.0267,evidence/t2_heart_extra_20261008/evaluation/dev_endfree_s20261019.json,52034554f03aec10193cb09baa2c78a1de04218ef678f327eb63acc58fa28add,E9.5,unsubmitted control,"excluded: raw values vs skill, one server candidate, seed pseudoreplication"
dev,endfree,20261019,energy_distance,2.35413,evidence/t2_heart_extra_20261008/evaluation/dev_endfree_s20261019.json,52034554f03aec10193cb09baa2c78a1de04218ef678f327eb63acc58fa28add,E9.5,unsubmitted control,"excluded: raw values vs skill, one server candidate, seed pseudoreplication"
dev,endfree,20261019,mmd_u,0.06119,evidence/t2_heart_extra_20261008/evaluation/dev_endfree_s20261019.json,52034554f03aec10193cb09baa2c78a1de04218ef678f327eb63acc58fa28add,E9.5,unsubmitted control,"excluded: raw values vs skill, one server candidate, seed pseudoreplication"
dev,endfree,20261019,variogram,0.049225,evidence/t2_heart_extra_20261008/evaluation/dev_endfree_s20261019.json,52034554f03aec10193cb09baa2c78a1de04218ef678f327eb63acc58fa28add,E9.5,unsubmitted control,"excluded: raw values vs skill, one server candidate, seed pseudoreplication"
dev,endfree,20261019,d2_shape,0.05002,evidence/t2_heart_extra_20261008/evaluation/dev_endfree_s20261019.json,52034554f03aec10193cb09baa2c78a1de04218ef678f327eb63acc58fa28add,E9.5,unsubmitted control,"excluded: raw values vs skill, one server candidate, seed pseudoreplication"
dev,endfree,20261019,sliced_wasserstein,0.05653,evidence/t2_heart_extra_20261008/evaluation/dev_endfree_s20261019.json,52034554f03aec10193cb09baa2c78a1de04218ef678f327eb63acc58fa28add,E9.5,unsubmitted control,"excluded: raw values vs skill, one server candidate, seed pseudoreplication"
dev,endfree,20261019,occupancy_dice,0.8088,evidence/t2_heart_extra_20261008/evaluation/dev_endfree_s20261019.json,52034554f03aec10193cb09baa2c78a1de04218ef678f327eb63acc58fa28add,E9.5,unsubmitted control,"excluded: raw values vs skill, one server candidate, seed pseudoreplication"
dev,endfree,20261019,scale_log_ratio,-0.4348,evidence/t2_heart_extra_20261008/evaluation/dev_endfree_s20261019.json,52034554f03aec10193cb09baa2c78a1de04218ef678f327eb63acc58fa28add,E9.5,unsubmitted control,"excluded: raw values vs skill, one server candidate, seed pseudoreplication"
dev,endfree,20261019,count_log_ratio,-0.0792,evidence/t2_heart_extra_20261008/evaluation/dev_endfree_s20261019.json,52034554f03aec10193cb09baa2c78a1de04218ef678f327eb63acc58fa28add,E9.5,unsubmitted control,"excluded: raw values vs skill, one server candidate, seed pseudoreplication"
dev,endfree,20261019,neighborhood_mmd,0.09937,evidence/t2_heart_extra_20261008/evaluation/dev_endfree_s20261019.json,52034554f03aec10193cb09baa2c78a1de04218ef678f327eb63acc58fa28add,E9.5,unsubmitted control,"excluded: raw values vs skill, one server candidate, seed pseudoreplication"
dev,endfree,20261019,pb_rel_err,0.5153,evidence/t2_heart_extra_20261008/evaluation/dev_endfree_s20261019.json,52034554f03aec10193cb09baa2c78a1de04218ef678f327eb63acc58fa28add,E9.5,unsubmitted control,"excluded: raw values vs skill, one server candidate, seed pseudoreplication"
dev,endfree,20261019,library_size_ratio,1.0,evidence/t2_heart_extra_20261008/evaluation/dev_endfree_s20261019.json,52034554f03aec10193cb09baa2c78a1de04218ef678f327eb63acc58fa28add,E9.5,unsubmitted control,"excluded: raw values vs skill, one server candidate, seed pseudoreplication"
dev,endfree,20261019,variance_ratio,0.813,evidence/t2_heart_extra_20261008/evaluation/dev_endfree_s20261019.json,52034554f03aec10193cb09baa2c78a1de04218ef678f327eb63acc58fa28add,E9.5,unsubmitted control,"excluded: raw values vs skill, one server candidate, seed pseudoreplication"
dev,endfree,20261019,composition_JSD,0.1138,evidence/t2_heart_extra_20261008/evaluation/dev_endfree_s20261019.json,52034554f03aec10193cb09baa2c78a1de04218ef678f327eb63acc58fa28add,E9.5,unsubmitted control,"excluded: raw values vs skill, one server candidate, seed pseudoreplication"
dev,endfree,20261019,pseudobulk_pearson,0.8059,evidence/t2_heart_extra_20261008/evaluation/dev_endfree_s20261019.json,52034554f03aec10193cb09baa2c78a1de04218ef678f327eb63acc58fa28add,E9.5,unsubmitted control,"excluded: raw values vs skill, one server candidate, seed pseudoreplication"
dev,endfree,20261019,morans_I_agreement,0.6774,evidence/t2_heart_extra_20261008/evaluation/dev_endfree_s20261019.json,52034554f03aec10193cb09baa2c78a1de04218ef678f327eb63acc58fa28add,E9.5,unsubmitted control,"excluded: raw values vs skill, one server candidate, seed pseudoreplication"
dev,endfree,20261019,_de_raw,0.4286,evidence/t2_heart_extra_20261008/evaluation/dev_endfree_s20261019.json,52034554f03aec10193cb09baa2c78a1de04218ef678f327eb63acc58fa28add,E9.5,unsubmitted control,"excluded: raw values vs skill, one server candidate, seed pseudoreplication"
dev,endfree,20261019,_de_chance,0.4286,evidence/t2_heart_extra_20261008/evaluation/dev_endfree_s20261019.json,52034554f03aec10193cb09baa2c78a1de04218ef678f327eb63acc58fa28add,E9.5,unsubmitted control,"excluded: raw values vs skill, one server candidate, seed pseudoreplication"
dev,endfree,20261019,_n_up,36,evidence/t2_heart_extra_20261008/evaluation/dev_endfree_s20261019.json,52034554f03aec10193cb09baa2c78a1de04218ef678f327eb63acc58fa28add,E9.5,unsubmitted control,"excluded: raw values vs skill, one server candidate, seed pseudoreplication"
dev,endfree,20261019,_n_dn,90,evidence/t2_heart_extra_20261008/evaluation/dev_endfree_s20261019.json,52034554f03aec10193cb09baa2c78a1de04218ef678f327eb63acc58fa28add,E9.5,unsubmitted control,"excluded: raw values vs skill, one server candidate, seed pseudoreplication"
dev,endfree,20261019,_sw_flip_spread,0.00496,evidence/t2_heart_extra_20261008/evaluation/dev_endfree_s20261019.json,52034554f03aec10193cb09baa2c78a1de04218ef678f327eb63acc58fa28add,E9.5,unsubmitted control,"excluded: raw values vs skill, one server candidate, seed pseudoreplication"
dev,endfree,20261019,_dice_voxel_over_nn,11.9,evidence/t2_heart_extra_20261008/evaluation/dev_endfree_s20261019.json,52034554f03aec10193cb09baa2c78a1de04218ef678f327eb63acc58fa28add,E9.5,unsubmitted control,"excluded: raw values vs skill, one server candidate, seed pseudoreplication"
dev,endmatched,20261003,de_score,0.0139,evidence/t2_heart_extra_20261008/evaluation/dev_endmatched_s20261003.json,52034554f03aec10193cb09baa2c78a1de04218ef678f327eb63acc58fa28add,E9.5,v0036 earlier-stage analog,"excluded: raw values vs skill, one server candidate, seed pseudoreplication"
dev,endmatched,20261003,de_direction,0.0598,evidence/t2_heart_extra_20261008/evaluation/dev_endmatched_s20261003.json,52034554f03aec10193cb09baa2c78a1de04218ef678f327eb63acc58fa28add,E9.5,v0036 earlier-stage analog,"excluded: raw values vs skill, one server candidate, seed pseudoreplication"
dev,endmatched,20261003,energy_distance,2.20263,evidence/t2_heart_extra_20261008/evaluation/dev_endmatched_s20261003.json,52034554f03aec10193cb09baa2c78a1de04218ef678f327eb63acc58fa28add,E9.5,v0036 earlier-stage analog,"excluded: raw values vs skill, one server candidate, seed pseudoreplication"
dev,endmatched,20261003,mmd_u,0.05779,evidence/t2_heart_extra_20261008/evaluation/dev_endmatched_s20261003.json,52034554f03aec10193cb09baa2c78a1de04218ef678f327eb63acc58fa28add,E9.5,v0036 earlier-stage analog,"excluded: raw values vs skill, one server candidate, seed pseudoreplication"
dev,endmatched,20261003,variogram,0.045901,evidence/t2_heart_extra_20261008/evaluation/dev_endmatched_s20261003.json,52034554f03aec10193cb09baa2c78a1de04218ef678f327eb63acc58fa28add,E9.5,v0036 earlier-stage analog,"excluded: raw values vs skill, one server candidate, seed pseudoreplication"
dev,endmatched,20261003,d2_shape,0.05134,evidence/t2_heart_extra_20261008/evaluation/dev_endmatched_s20261003.json,52034554f03aec10193cb09baa2c78a1de04218ef678f327eb63acc58fa28add,E9.5,v0036 earlier-stage analog,"excluded: raw values vs skill, one server candidate, seed pseudoreplication"
dev,endmatched,20261003,sliced_wasserstein,0.05597,evidence/t2_heart_extra_20261008/evaluation/dev_endmatched_s20261003.json,52034554f03aec10193cb09baa2c78a1de04218ef678f327eb63acc58fa28add,E9.5,v0036 earlier-stage analog,"excluded: raw values vs skill, one server candidate, seed pseudoreplication"
dev,endmatched,20261003,occupancy_dice,0.8158,evidence/t2_heart_extra_20261008/evaluation/dev_endmatched_s20261003.json,52034554f03aec10193cb09baa2c78a1de04218ef678f327eb63acc58fa28add,E9.5,v0036 earlier-stage analog,"excluded: raw values vs skill, one server candidate, seed pseudoreplication"
dev,endmatched,20261003,scale_log_ratio,-0.4348,evidence/t2_heart_extra_20261008/evaluation/dev_endmatched_s20261003.json,52034554f03aec10193cb09baa2c78a1de04218ef678f327eb63acc58fa28add,E9.5,v0036 earlier-stage analog,"excluded: raw values vs skill, one server candidate, seed pseudoreplication"
dev,endmatched,20261003,count_log_ratio,-0.0792,evidence/t2_heart_extra_20261008/evaluation/dev_endmatched_s20261003.json,52034554f03aec10193cb09baa2c78a1de04218ef678f327eb63acc58fa28add,E9.5,v0036 earlier-stage analog,"excluded: raw values vs skill, one server candidate, seed pseudoreplication"
dev,endmatched,20261003,neighborhood_mmd,0.09797,evidence/t2_heart_extra_20261008/evaluation/dev_endmatched_s20261003.json,52034554f03aec10193cb09baa2c78a1de04218ef678f327eb63acc58fa28add,E9.5,v0036 earlier-stage analog,"excluded: raw values vs skill, one server candidate, seed pseudoreplication"
dev,endmatched,20261003,pb_rel_err,0.5105,evidence/t2_heart_extra_20261008/evaluation/dev_endmatched_s20261003.json,52034554f03aec10193cb09baa2c78a1de04218ef678f327eb63acc58fa28add,E9.5,v0036 earlier-stage analog,"excluded: raw values vs skill, one server candidate, seed pseudoreplication"
dev,endmatched,20261003,library_size_ratio,1.0,evidence/t2_heart_extra_20261008/evaluation/dev_endmatched_s20261003.json,52034554f03aec10193cb09baa2c78a1de04218ef678f327eb63acc58fa28add,E9.5,v0036 earlier-stage analog,"excluded: raw values vs skill, one server candidate, seed pseudoreplication"
dev,endmatched,20261003,variance_ratio,0.825,evidence/t2_heart_extra_20261008/evaluation/dev_endmatched_s20261003.json,52034554f03aec10193cb09baa2c78a1de04218ef678f327eb63acc58fa28add,E9.5,v0036 earlier-stage analog,"excluded: raw values vs skill, one server candidate, seed pseudoreplication"
dev,endmatched,20261003,composition_JSD,0.1138,evidence/t2_heart_extra_20261008/evaluation/dev_endmatched_s20261003.json,52034554f03aec10193cb09baa2c78a1de04218ef678f327eb63acc58fa28add,E9.5,v0036 earlier-stage analog,"excluded: raw values vs skill, one server candidate, seed pseudoreplication"
dev,endmatched,20261003,pseudobulk_pearson,0.8105,evidence/t2_heart_extra_20261008/evaluation/dev_endmatched_s20261003.json,52034554f03aec10193cb09baa2c78a1de04218ef678f327eb63acc58fa28add,E9.5,v0036 earlier-stage analog,"excluded: raw values vs skill, one server candidate, seed pseudoreplication"
dev,endmatched,20261003,morans_I_agreement,0.6837,evidence/t2_heart_extra_20261008/evaluation/dev_endmatched_s20261003.json,52034554f03aec10193cb09baa2c78a1de04218ef678f327eb63acc58fa28add,E9.5,v0036 earlier-stage analog,"excluded: raw values vs skill, one server candidate, seed pseudoreplication"
dev,endmatched,20261003,_de_raw,0.4365,evidence/t2_heart_extra_20261008/evaluation/dev_endmatched_s20261003.json,52034554f03aec10193cb09baa2c78a1de04218ef678f327eb63acc58fa28add,E9.5,v0036 earlier-stage analog,"excluded: raw values vs skill, one server candidate, seed pseudoreplication"
dev,endmatched,20261003,_de_chance,0.4286,evidence/t2_heart_extra_20261008/evaluation/dev_endmatched_s20261003.json,52034554f03aec10193cb09baa2c78a1de04218ef678f327eb63acc58fa28add,E9.5,v0036 earlier-stage analog,"excluded: raw values vs skill, one server candidate, seed pseudoreplication"
dev,endmatched,20261003,_n_up,36,evidence/t2_heart_extra_20261008/evaluation/dev_endmatched_s20261003.json,52034554f03aec10193cb09baa2c78a1de04218ef678f327eb63acc58fa28add,E9.5,v0036 earlier-stage analog,"excluded: raw values vs skill, one server candidate, seed pseudoreplication"
dev,endmatched,20261003,_n_dn,90,evidence/t2_heart_extra_20261008/evaluation/dev_endmatched_s20261003.json,52034554f03aec10193cb09baa2c78a1de04218ef678f327eb63acc58fa28add,E9.5,v0036 earlier-stage analog,"excluded: raw values vs skill, one server candidate, seed pseudoreplication"
dev,endmatched,20261003,_sw_flip_spread,0.00494,evidence/t2_heart_extra_20261008/evaluation/dev_endmatched_s20261003.json,52034554f03aec10193cb09baa2c78a1de04218ef678f327eb63acc58fa28add,E9.5,v0036 earlier-stage analog,"excluded: raw values vs skill, one server candidate, seed pseudoreplication"
dev,endmatched,20261003,_dice_voxel_over_nn,11.9,evidence/t2_heart_extra_20261008/evaluation/dev_endmatched_s20261003.json,52034554f03aec10193cb09baa2c78a1de04218ef678f327eb63acc58fa28add,E9.5,v0036 earlier-stage analog,"excluded: raw values vs skill, one server candidate, seed pseudoreplication"
dev,endmatched,20261011,de_score,0.0139,evidence/t2_heart_extra_20261008/evaluation/dev_endmatched_s20261011.json,52034554f03aec10193cb09baa2c78a1de04218ef678f327eb63acc58fa28add,E9.5,v0036 earlier-stage analog,"excluded: raw values vs skill, one server candidate, seed pseudoreplication"
dev,endmatched,20261011,de_direction,0.0598,evidence/t2_heart_extra_20261008/evaluation/dev_endmatched_s20261011.json,52034554f03aec10193cb09baa2c78a1de04218ef678f327eb63acc58fa28add,E9.5,v0036 earlier-stage analog,"excluded: raw values vs skill, one server candidate, seed pseudoreplication"
dev,endmatched,20261011,energy_distance,2.42944,evidence/t2_heart_extra_20261008/evaluation/dev_endmatched_s20261011.json,52034554f03aec10193cb09baa2c78a1de04218ef678f327eb63acc58fa28add,E9.5,v0036 earlier-stage analog,"excluded: raw values vs skill, one server candidate, seed pseudoreplication"
dev,endmatched,20261011,mmd_u,0.06315,evidence/t2_heart_extra_20261008/evaluation/dev_endmatched_s20261011.json,52034554f03aec10193cb09baa2c78a1de04218ef678f327eb63acc58fa28add,E9.5,v0036 earlier-stage analog,"excluded: raw values vs skill, one server candidate, seed pseudoreplication"
dev,endmatched,20261011,variogram,0.050853,evidence/t2_heart_extra_20261008/evaluation/dev_endmatched_s20261011.json,52034554f03aec10193cb09baa2c78a1de04218ef678f327eb63acc58fa28add,E9.5,v0036 earlier-stage analog,"excluded: raw values vs skill, one server candidate, seed pseudoreplication"
dev,endmatched,20261011,d2_shape,0.05411,evidence/t2_heart_extra_20261008/evaluation/dev_endmatched_s20261011.json,52034554f03aec10193cb09baa2c78a1de04218ef678f327eb63acc58fa28add,E9.5,v0036 earlier-stage analog,"excluded: raw values vs skill, one server candidate, seed pseudoreplication"
dev,endmatched,20261011,sliced_wasserstein,0.05703,evidence/t2_heart_extra_20261008/evaluation/dev_endmatched_s20261011.json,52034554f03aec10193cb09baa2c78a1de04218ef678f327eb63acc58fa28add,E9.5,v0036 earlier-stage analog,"excluded: raw values vs skill, one server candidate, seed pseudoreplication"
dev,endmatched,20261011,occupancy_dice,0.8142,evidence/t2_heart_extra_20261008/evaluation/dev_endmatched_s20261011.json,52034554f03aec10193cb09baa2c78a1de04218ef678f327eb63acc58fa28add,E9.5,v0036 earlier-stage analog,"excluded: raw values vs skill, one server candidate, seed pseudoreplication"
dev,endmatched,20261011,scale_log_ratio,-0.4348,evidence/t2_heart_extra_20261008/evaluation/dev_endmatched_s20261011.json,52034554f03aec10193cb09baa2c78a1de04218ef678f327eb63acc58fa28add,E9.5,v0036 earlier-stage analog,"excluded: raw values vs skill, one server candidate, seed pseudoreplication"
dev,endmatched,20261011,count_log_ratio,-0.0792,evidence/t2_heart_extra_20261008/evaluation/dev_endmatched_s20261011.json,52034554f03aec10193cb09baa2c78a1de04218ef678f327eb63acc58fa28add,E9.5,v0036 earlier-stage analog,"excluded: raw values vs skill, one server candidate, seed pseudoreplication"
dev,endmatched,20261011,neighborhood_mmd,0.09797,evidence/t2_heart_extra_20261008/evaluation/dev_endmatched_s20261011.json,52034554f03aec10193cb09baa2c78a1de04218ef678f327eb63acc58fa28add,E9.5,v0036 earlier-stage analog,"excluded: raw values vs skill, one server candidate, seed pseudoreplication"
dev,endmatched,20261011,pb_rel_err,0.5105,evidence/t2_heart_extra_20261008/evaluation/dev_endmatched_s20261011.json,52034554f03aec10193cb09baa2c78a1de04218ef678f327eb63acc58fa28add,E9.5,v0036 earlier-stage analog,"excluded: raw values vs skill, one server candidate, seed pseudoreplication"
dev,endmatched,20261011,library_size_ratio,1.0,evidence/t2_heart_extra_20261008/evaluation/dev_endmatched_s20261011.json,52034554f03aec10193cb09baa2c78a1de04218ef678f327eb63acc58fa28add,E9.5,v0036 earlier-stage analog,"excluded: raw values vs skill, one server candidate, seed pseudoreplication"
dev,endmatched,20261011,variance_ratio,0.825,evidence/t2_heart_extra_20261008/evaluation/dev_endmatched_s20261011.json,52034554f03aec10193cb09baa2c78a1de04218ef678f327eb63acc58fa28add,E9.5,v0036 earlier-stage analog,"excluded: raw values vs skill, one server candidate, seed pseudoreplication"
dev,endmatched,20261011,composition_JSD,0.1138,evidence/t2_heart_extra_20261008/evaluation/dev_endmatched_s20261011.json,52034554f03aec10193cb09baa2c78a1de04218ef678f327eb63acc58fa28add,E9.5,v0036 earlier-stage analog,"excluded: raw values vs skill, one server candidate, seed pseudoreplication"
dev,endmatched,20261011,pseudobulk_pearson,0.8105,evidence/t2_heart_extra_20261008/evaluation/dev_endmatched_s20261011.json,52034554f03aec10193cb09baa2c78a1de04218ef678f327eb63acc58fa28add,E9.5,v0036 earlier-stage analog,"excluded: raw values vs skill, one server candidate, seed pseudoreplication"
dev,endmatched,20261011,morans_I_agreement,0.6837,evidence/t2_heart_extra_20261008/evaluation/dev_endmatched_s20261011.json,52034554f03aec10193cb09baa2c78a1de04218ef678f327eb63acc58fa28add,E9.5,v0036 earlier-stage analog,"excluded: raw values vs skill, one server candidate, seed pseudoreplication"
dev,endmatched,20261011,_de_raw,0.4365,evidence/t2_heart_extra_20261008/evaluation/dev_endmatched_s20261011.json,52034554f03aec10193cb09baa2c78a1de04218ef678f327eb63acc58fa28add,E9.5,v0036 earlier-stage analog,"excluded: raw values vs skill, one server candidate, seed pseudoreplication"
dev,endmatched,20261011,_de_chance,0.4286,evidence/t2_heart_extra_20261008/evaluation/dev_endmatched_s20261011.json,52034554f03aec10193cb09baa2c78a1de04218ef678f327eb63acc58fa28add,E9.5,v0036 earlier-stage analog,"excluded: raw values vs skill, one server candidate, seed pseudoreplication"
dev,endmatched,20261011,_n_up,36,evidence/t2_heart_extra_20261008/evaluation/dev_endmatched_s20261011.json,52034554f03aec10193cb09baa2c78a1de04218ef678f327eb63acc58fa28add,E9.5,v0036 earlier-stage analog,"excluded: raw values vs skill, one server candidate, seed pseudoreplication"
dev,endmatched,20261011,_n_dn,90,evidence/t2_heart_extra_20261008/evaluation/dev_endmatched_s20261011.json,52034554f03aec10193cb09baa2c78a1de04218ef678f327eb63acc58fa28add,E9.5,v0036 earlier-stage analog,"excluded: raw values vs skill, one server candidate, seed pseudoreplication"
dev,endmatched,20261011,_sw_flip_spread,0.00696,evidence/t2_heart_extra_20261008/evaluation/dev_endmatched_s20261011.json,52034554f03aec10193cb09baa2c78a1de04218ef678f327eb63acc58fa28add,E9.5,v0036 earlier-stage analog,"excluded: raw values vs skill, one server candidate, seed pseudoreplication"
dev,endmatched,20261011,_dice_voxel_over_nn,12.0,evidence/t2_heart_extra_20261008/evaluation/dev_endmatched_s20261011.json,52034554f03aec10193cb09baa2c78a1de04218ef678f327eb63acc58fa28add,E9.5,v0036 earlier-stage analog,"excluded: raw values vs skill, one server candidate, seed pseudoreplication"
dev,endmatched,20261019,de_score,0.0139,evidence/t2_heart_extra_20261008/evaluation/dev_endmatched_s20261019.json,52034554f03aec10193cb09baa2c78a1de04218ef678f327eb63acc58fa28add,E9.5,v0036 earlier-stage analog,"excluded: raw values vs skill, one server candidate, seed pseudoreplication"
dev,endmatched,20261019,de_direction,0.0598,evidence/t2_heart_extra_20261008/evaluation/dev_endmatched_s20261019.json,52034554f03aec10193cb09baa2c78a1de04218ef678f327eb63acc58fa28add,E9.5,v0036 earlier-stage analog,"excluded: raw values vs skill, one server candidate, seed pseudoreplication"
dev,endmatched,20261019,energy_distance,2.30364,evidence/t2_heart_extra_20261008/evaluation/dev_endmatched_s20261019.json,52034554f03aec10193cb09baa2c78a1de04218ef678f327eb63acc58fa28add,E9.5,v0036 earlier-stage analog,"excluded: raw values vs skill, one server candidate, seed pseudoreplication"
dev,endmatched,20261019,mmd_u,0.05995,evidence/t2_heart_extra_20261008/evaluation/dev_endmatched_s20261019.json,52034554f03aec10193cb09baa2c78a1de04218ef678f327eb63acc58fa28add,E9.5,v0036 earlier-stage analog,"excluded: raw values vs skill, one server candidate, seed pseudoreplication"
dev,endmatched,20261019,variogram,0.049442,evidence/t2_heart_extra_20261008/evaluation/dev_endmatched_s20261019.json,52034554f03aec10193cb09baa2c78a1de04218ef678f327eb63acc58fa28add,E9.5,v0036 earlier-stage analog,"excluded: raw values vs skill, one server candidate, seed pseudoreplication"
dev,endmatched,20261019,d2_shape,0.05002,evidence/t2_heart_extra_20261008/evaluation/dev_endmatched_s20261019.json,52034554f03aec10193cb09baa2c78a1de04218ef678f327eb63acc58fa28add,E9.5,v0036 earlier-stage analog,"excluded: raw values vs skill, one server candidate, seed pseudoreplication"
dev,endmatched,20261019,sliced_wasserstein,0.05653,evidence/t2_heart_extra_20261008/evaluation/dev_endmatched_s20261019.json,52034554f03aec10193cb09baa2c78a1de04218ef678f327eb63acc58fa28add,E9.5,v0036 earlier-stage analog,"excluded: raw values vs skill, one server candidate, seed pseudoreplication"
dev,endmatched,20261019,occupancy_dice,0.8088,evidence/t2_heart_extra_20261008/evaluation/dev_endmatched_s20261019.json,52034554f03aec10193cb09baa2c78a1de04218ef678f327eb63acc58fa28add,E9.5,v0036 earlier-stage analog,"excluded: raw values vs skill, one server candidate, seed pseudoreplication"
dev,endmatched,20261019,scale_log_ratio,-0.4348,evidence/t2_heart_extra_20261008/evaluation/dev_endmatched_s20261019.json,52034554f03aec10193cb09baa2c78a1de04218ef678f327eb63acc58fa28add,E9.5,v0036 earlier-stage analog,"excluded: raw values vs skill, one server candidate, seed pseudoreplication"
dev,endmatched,20261019,count_log_ratio,-0.0792,evidence/t2_heart_extra_20261008/evaluation/dev_endmatched_s20261019.json,52034554f03aec10193cb09baa2c78a1de04218ef678f327eb63acc58fa28add,E9.5,v0036 earlier-stage analog,"excluded: raw values vs skill, one server candidate, seed pseudoreplication"
dev,endmatched,20261019,neighborhood_mmd,0.09797,evidence/t2_heart_extra_20261008/evaluation/dev_endmatched_s20261019.json,52034554f03aec10193cb09baa2c78a1de04218ef678f327eb63acc58fa28add,E9.5,v0036 earlier-stage analog,"excluded: raw values vs skill, one server candidate, seed pseudoreplication"
dev,endmatched,20261019,pb_rel_err,0.5105,evidence/t2_heart_extra_20261008/evaluation/dev_endmatched_s20261019.json,52034554f03aec10193cb09baa2c78a1de04218ef678f327eb63acc58fa28add,E9.5,v0036 earlier-stage analog,"excluded: raw values vs skill, one server candidate, seed pseudoreplication"
dev,endmatched,20261019,library_size_ratio,1.0,evidence/t2_heart_extra_20261008/evaluation/dev_endmatched_s20261019.json,52034554f03aec10193cb09baa2c78a1de04218ef678f327eb63acc58fa28add,E9.5,v0036 earlier-stage analog,"excluded: raw values vs skill, one server candidate, seed pseudoreplication"
dev,endmatched,20261019,variance_ratio,0.825,evidence/t2_heart_extra_20261008/evaluation/dev_endmatched_s20261019.json,52034554f03aec10193cb09baa2c78a1de04218ef678f327eb63acc58fa28add,E9.5,v0036 earlier-stage analog,"excluded: raw values vs skill, one server candidate, seed pseudoreplication"
dev,endmatched,20261019,composition_JSD,0.1138,evidence/t2_heart_extra_20261008/evaluation/dev_endmatched_s20261019.json,52034554f03aec10193cb09baa2c78a1de04218ef678f327eb63acc58fa28add,E9.5,v0036 earlier-stage analog,"excluded: raw values vs skill, one server candidate, seed pseudoreplication"
dev,endmatched,20261019,pseudobulk_pearson,0.8105,evidence/t2_heart_extra_20261008/evaluation/dev_endmatched_s20261019.json,52034554f03aec10193cb09baa2c78a1de04218ef678f327eb63acc58fa28add,E9.5,v0036 earlier-stage analog,"excluded: raw values vs skill, one server candidate, seed pseudoreplication"
dev,endmatched,20261019,morans_I_agreement,0.6837,evidence/t2_heart_extra_20261008/evaluation/dev_endmatched_s20261019.json,52034554f03aec10193cb09baa2c78a1de04218ef678f327eb63acc58fa28add,E9.5,v0036 earlier-stage analog,"excluded: raw values vs skill, one server candidate, seed pseudoreplication"
dev,endmatched,20261019,_de_raw,0.4365,evidence/t2_heart_extra_20261008/evaluation/dev_endmatched_s20261019.json,52034554f03aec10193cb09baa2c78a1de04218ef678f327eb63acc58fa28add,E9.5,v0036 earlier-stage analog,"excluded: raw values vs skill, one server candidate, seed pseudoreplication"
dev,endmatched,20261019,_de_chance,0.4286,evidence/t2_heart_extra_20261008/evaluation/dev_endmatched_s20261019.json,52034554f03aec10193cb09baa2c78a1de04218ef678f327eb63acc58fa28add,E9.5,v0036 earlier-stage analog,"excluded: raw values vs skill, one server candidate, seed pseudoreplication"
dev,endmatched,20261019,_n_up,36,evidence/t2_heart_extra_20261008/evaluation/dev_endmatched_s20261019.json,52034554f03aec10193cb09baa2c78a1de04218ef678f327eb63acc58fa28add,E9.5,v0036 earlier-stage analog,"excluded: raw values vs skill, one server candidate, seed pseudoreplication"
dev,endmatched,20261019,_n_dn,90,evidence/t2_heart_extra_20261008/evaluation/dev_endmatched_s20261019.json,52034554f03aec10193cb09baa2c78a1de04218ef678f327eb63acc58fa28add,E9.5,v0036 earlier-stage analog,"excluded: raw values vs skill, one server candidate, seed pseudoreplication"
dev,endmatched,20261019,_sw_flip_spread,0.00496,evidence/t2_heart_extra_20261008/evaluation/dev_endmatched_s20261019.json,52034554f03aec10193cb09baa2c78a1de04218ef678f327eb63acc58fa28add,E9.5,v0036 earlier-stage analog,"excluded: raw values vs skill, one server candidate, seed pseudoreplication"
dev,endmatched,20261019,_dice_voxel_over_nn,11.9,evidence/t2_heart_extra_20261008/evaluation/dev_endmatched_s20261019.json,52034554f03aec10193cb09baa2c78a1de04218ef678f327eb63acc58fa28add,E9.5,v0036 earlier-stage analog,"excluded: raw values vs skill, one server candidate, seed pseudoreplication"
dev,endmatchedperm,20261003,de_score,0.0139,evidence/t2_heart_extra_20261008/evaluation/dev_endmatchedperm_s20261003.json,52034554f03aec10193cb09baa2c78a1de04218ef678f327eb63acc58fa28add,E9.5,unsubmitted control,"excluded: raw values vs skill, one server candidate, seed pseudoreplication"
dev,endmatchedperm,20261003,de_direction,0.0486,evidence/t2_heart_extra_20261008/evaluation/dev_endmatchedperm_s20261003.json,52034554f03aec10193cb09baa2c78a1de04218ef678f327eb63acc58fa28add,E9.5,unsubmitted control,"excluded: raw values vs skill, one server candidate, seed pseudoreplication"
dev,endmatchedperm,20261003,energy_distance,2.21457,evidence/t2_heart_extra_20261008/evaluation/dev_endmatchedperm_s20261003.json,52034554f03aec10193cb09baa2c78a1de04218ef678f327eb63acc58fa28add,E9.5,unsubmitted control,"excluded: raw values vs skill, one server candidate, seed pseudoreplication"
dev,endmatchedperm,20261003,mmd_u,0.05796,evidence/t2_heart_extra_20261008/evaluation/dev_endmatchedperm_s20261003.json,52034554f03aec10193cb09baa2c78a1de04218ef678f327eb63acc58fa28add,E9.5,unsubmitted control,"excluded: raw values vs skill, one server candidate, seed pseudoreplication"
dev,endmatchedperm,20261003,variogram,0.046912,evidence/t2_heart_extra_20261008/evaluation/dev_endmatchedperm_s20261003.json,52034554f03aec10193cb09baa2c78a1de04218ef678f327eb63acc58fa28add,E9.5,unsubmitted control,"excluded: raw values vs skill, one server candidate, seed pseudoreplication"
dev,endmatchedperm,20261003,d2_shape,0.05134,evidence/t2_heart_extra_20261008/evaluation/dev_endmatchedperm_s20261003.json,52034554f03aec10193cb09baa2c78a1de04218ef678f327eb63acc58fa28add,E9.5,unsubmitted control,"excluded: raw values vs skill, one server candidate, seed pseudoreplication"
dev,endmatchedperm,20261003,sliced_wasserstein,0.05597,evidence/t2_heart_extra_20261008/evaluation/dev_endmatchedperm_s20261003.json,52034554f03aec10193cb09baa2c78a1de04218ef678f327eb63acc58fa28add,E9.5,unsubmitted control,"excluded: raw values vs skill, one server candidate, seed pseudoreplication"
dev,endmatchedperm,20261003,occupancy_dice,0.8158,evidence/t2_heart_extra_20261008/evaluation/dev_endmatchedperm_s20261003.json,52034554f03aec10193cb09baa2c78a1de04218ef678f327eb63acc58fa28add,E9.5,unsubmitted control,"excluded: raw values vs skill, one server candidate, seed pseudoreplication"
dev,endmatchedperm,20261003,scale_log_ratio,-0.4348,evidence/t2_heart_extra_20261008/evaluation/dev_endmatchedperm_s20261003.json,52034554f03aec10193cb09baa2c78a1de04218ef678f327eb63acc58fa28add,E9.5,unsubmitted control,"excluded: raw values vs skill, one server candidate, seed pseudoreplication"
dev,endmatchedperm,20261003,count_log_ratio,-0.0792,evidence/t2_heart_extra_20261008/evaluation/dev_endmatchedperm_s20261003.json,52034554f03aec10193cb09baa2c78a1de04218ef678f327eb63acc58fa28add,E9.5,unsubmitted control,"excluded: raw values vs skill, one server candidate, seed pseudoreplication"
dev,endmatchedperm,20261003,neighborhood_mmd,0.09818,evidence/t2_heart_extra_20261008/evaluation/dev_endmatchedperm_s20261003.json,52034554f03aec10193cb09baa2c78a1de04218ef678f327eb63acc58fa28add,E9.5,unsubmitted control,"excluded: raw values vs skill, one server candidate, seed pseudoreplication"
dev,endmatchedperm,20261003,pb_rel_err,0.5124,evidence/t2_heart_extra_20261008/evaluation/dev_endmatchedperm_s20261003.json,52034554f03aec10193cb09baa2c78a1de04218ef678f327eb63acc58fa28add,E9.5,unsubmitted control,"excluded: raw values vs skill, one server candidate, seed pseudoreplication"
dev,endmatchedperm,20261003,library_size_ratio,1.0,evidence/t2_heart_extra_20261008/evaluation/dev_endmatchedperm_s20261003.json,52034554f03aec10193cb09baa2c78a1de04218ef678f327eb63acc58fa28add,E9.5,unsubmitted control,"excluded: raw values vs skill, one server candidate, seed pseudoreplication"
dev,endmatchedperm,20261003,variance_ratio,0.829,evidence/t2_heart_extra_20261008/evaluation/dev_endmatchedperm_s20261003.json,52034554f03aec10193cb09baa2c78a1de04218ef678f327eb63acc58fa28add,E9.5,unsubmitted control,"excluded: raw values vs skill, one server candidate, seed pseudoreplication"
dev,endmatchedperm,20261003,composition_JSD,0.1131,evidence/t2_heart_extra_20261008/evaluation/dev_endmatchedperm_s20261003.json,52034554f03aec10193cb09baa2c78a1de04218ef678f327eb63acc58fa28add,E9.5,unsubmitted control,"excluded: raw values vs skill, one server candidate, seed pseudoreplication"
dev,endmatchedperm,20261003,pseudobulk_pearson,0.8091,evidence/t2_heart_extra_20261008/evaluation/dev_endmatchedperm_s20261003.json,52034554f03aec10193cb09baa2c78a1de04218ef678f327eb63acc58fa28add,E9.5,unsubmitted control,"excluded: raw values vs skill, one server candidate, seed pseudoreplication"
dev,endmatchedperm,20261003,morans_I_agreement,0.6838,evidence/t2_heart_extra_20261008/evaluation/dev_endmatchedperm_s20261003.json,52034554f03aec10193cb09baa2c78a1de04218ef678f327eb63acc58fa28add,E9.5,unsubmitted control,"excluded: raw values vs skill, one server candidate, seed pseudoreplication"
dev,endmatchedperm,20261003,_de_raw,0.4365,evidence/t2_heart_extra_20261008/evaluation/dev_endmatchedperm_s20261003.json,52034554f03aec10193cb09baa2c78a1de04218ef678f327eb63acc58fa28add,E9.5,unsubmitted control,"excluded: raw values vs skill, one server candidate, seed pseudoreplication"
dev,endmatchedperm,20261003,_de_chance,0.4286,evidence/t2_heart_extra_20261008/evaluation/dev_endmatchedperm_s20261003.json,52034554f03aec10193cb09baa2c78a1de04218ef678f327eb63acc58fa28add,E9.5,unsubmitted control,"excluded: raw values vs skill, one server candidate, seed pseudoreplication"
dev,endmatchedperm,20261003,_n_up,36,evidence/t2_heart_extra_20261008/evaluation/dev_endmatchedperm_s20261003.json,52034554f03aec10193cb09baa2c78a1de04218ef678f327eb63acc58fa28add,E9.5,unsubmitted control,"excluded: raw values vs skill, one server candidate, seed pseudoreplication"
dev,endmatchedperm,20261003,_n_dn,90,evidence/t2_heart_extra_20261008/evaluation/dev_endmatchedperm_s20261003.json,52034554f03aec10193cb09baa2c78a1de04218ef678f327eb63acc58fa28add,E9.5,unsubmitted control,"excluded: raw values vs skill, one server candidate, seed pseudoreplication"
dev,endmatchedperm,20261003,_sw_flip_spread,0.00494,evidence/t2_heart_extra_20261008/evaluation/dev_endmatchedperm_s20261003.json,52034554f03aec10193cb09baa2c78a1de04218ef678f327eb63acc58fa28add,E9.5,unsubmitted control,"excluded: raw values vs skill, one server candidate, seed pseudoreplication"
dev,endmatchedperm,20261003,_dice_voxel_over_nn,11.9,evidence/t2_heart_extra_20261008/evaluation/dev_endmatchedperm_s20261003.json,52034554f03aec10193cb09baa2c78a1de04218ef678f327eb63acc58fa28add,E9.5,unsubmitted control,"excluded: raw values vs skill, one server candidate, seed pseudoreplication"
dev,endmatchedperm,20261011,de_score,0.0139,evidence/t2_heart_extra_20261008/evaluation/dev_endmatchedperm_s20261011.json,52034554f03aec10193cb09baa2c78a1de04218ef678f327eb63acc58fa28add,E9.5,unsubmitted control,"excluded: raw values vs skill, one server candidate, seed pseudoreplication"
dev,endmatchedperm,20261011,de_direction,0.0486,evidence/t2_heart_extra_20261008/evaluation/dev_endmatchedperm_s20261011.json,52034554f03aec10193cb09baa2c78a1de04218ef678f327eb63acc58fa28add,E9.5,unsubmitted control,"excluded: raw values vs skill, one server candidate, seed pseudoreplication"
dev,endmatchedperm,20261011,energy_distance,2.44142,evidence/t2_heart_extra_20261008/evaluation/dev_endmatchedperm_s20261011.json,52034554f03aec10193cb09baa2c78a1de04218ef678f327eb63acc58fa28add,E9.5,unsubmitted control,"excluded: raw values vs skill, one server candidate, seed pseudoreplication"
dev,endmatchedperm,20261011,mmd_u,0.06332,evidence/t2_heart_extra_20261008/evaluation/dev_endmatchedperm_s20261011.json,52034554f03aec10193cb09baa2c78a1de04218ef678f327eb63acc58fa28add,E9.5,unsubmitted control,"excluded: raw values vs skill, one server candidate, seed pseudoreplication"
dev,endmatchedperm,20261011,variogram,0.051835,evidence/t2_heart_extra_20261008/evaluation/dev_endmatchedperm_s20261011.json,52034554f03aec10193cb09baa2c78a1de04218ef678f327eb63acc58fa28add,E9.5,unsubmitted control,"excluded: raw values vs skill, one server candidate, seed pseudoreplication"
dev,endmatchedperm,20261011,d2_shape,0.05411,evidence/t2_heart_extra_20261008/evaluation/dev_endmatchedperm_s20261011.json,52034554f03aec10193cb09baa2c78a1de04218ef678f327eb63acc58fa28add,E9.5,unsubmitted control,"excluded: raw values vs skill, one server candidate, seed pseudoreplication"
dev,endmatchedperm,20261011,sliced_wasserstein,0.05703,evidence/t2_heart_extra_20261008/evaluation/dev_endmatchedperm_s20261011.json,52034554f03aec10193cb09baa2c78a1de04218ef678f327eb63acc58fa28add,E9.5,unsubmitted control,"excluded: raw values vs skill, one server candidate, seed pseudoreplication"
dev,endmatchedperm,20261011,occupancy_dice,0.8142,evidence/t2_heart_extra_20261008/evaluation/dev_endmatchedperm_s20261011.json,52034554f03aec10193cb09baa2c78a1de04218ef678f327eb63acc58fa28add,E9.5,unsubmitted control,"excluded: raw values vs skill, one server candidate, seed pseudoreplication"
dev,endmatchedperm,20261011,scale_log_ratio,-0.4348,evidence/t2_heart_extra_20261008/evaluation/dev_endmatchedperm_s20261011.json,52034554f03aec10193cb09baa2c78a1de04218ef678f327eb63acc58fa28add,E9.5,unsubmitted control,"excluded: raw values vs skill, one server candidate, seed pseudoreplication"
dev,endmatchedperm,20261011,count_log_ratio,-0.0792,evidence/t2_heart_extra_20261008/evaluation/dev_endmatchedperm_s20261011.json,52034554f03aec10193cb09baa2c78a1de04218ef678f327eb63acc58fa28add,E9.5,unsubmitted control,"excluded: raw values vs skill, one server candidate, seed pseudoreplication"
dev,endmatchedperm,20261011,neighborhood_mmd,0.09818,evidence/t2_heart_extra_20261008/evaluation/dev_endmatchedperm_s20261011.json,52034554f03aec10193cb09baa2c78a1de04218ef678f327eb63acc58fa28add,E9.5,unsubmitted control,"excluded: raw values vs skill, one server candidate, seed pseudoreplication"
dev,endmatchedperm,20261011,pb_rel_err,0.5124,evidence/t2_heart_extra_20261008/evaluation/dev_endmatchedperm_s20261011.json,52034554f03aec10193cb09baa2c78a1de04218ef678f327eb63acc58fa28add,E9.5,unsubmitted control,"excluded: raw values vs skill, one server candidate, seed pseudoreplication"
dev,endmatchedperm,20261011,library_size_ratio,1.0,evidence/t2_heart_extra_20261008/evaluation/dev_endmatchedperm_s20261011.json,52034554f03aec10193cb09baa2c78a1de04218ef678f327eb63acc58fa28add,E9.5,unsubmitted control,"excluded: raw values vs skill, one server candidate, seed pseudoreplication"
dev,endmatchedperm,20261011,variance_ratio,0.829,evidence/t2_heart_extra_20261008/evaluation/dev_endmatchedperm_s20261011.json,52034554f03aec10193cb09baa2c78a1de04218ef678f327eb63acc58fa28add,E9.5,unsubmitted control,"excluded: raw values vs skill, one server candidate, seed pseudoreplication"
dev,endmatchedperm,20261011,composition_JSD,0.1131,evidence/t2_heart_extra_20261008/evaluation/dev_endmatchedperm_s20261011.json,52034554f03aec10193cb09baa2c78a1de04218ef678f327eb63acc58fa28add,E9.5,unsubmitted control,"excluded: raw values vs skill, one server candidate, seed pseudoreplication"
dev,endmatchedperm,20261011,pseudobulk_pearson,0.8091,evidence/t2_heart_extra_20261008/evaluation/dev_endmatchedperm_s20261011.json,52034554f03aec10193cb09baa2c78a1de04218ef678f327eb63acc58fa28add,E9.5,unsubmitted control,"excluded: raw values vs skill, one server candidate, seed pseudoreplication"
dev,endmatchedperm,20261011,morans_I_agreement,0.6838,evidence/t2_heart_extra_20261008/evaluation/dev_endmatchedperm_s20261011.json,52034554f03aec10193cb09baa2c78a1de04218ef678f327eb63acc58fa28add,E9.5,unsubmitted control,"excluded: raw values vs skill, one server candidate, seed pseudoreplication"
dev,endmatchedperm,20261011,_de_raw,0.4365,evidence/t2_heart_extra_20261008/evaluation/dev_endmatchedperm_s20261011.json,52034554f03aec10193cb09baa2c78a1de04218ef678f327eb63acc58fa28add,E9.5,unsubmitted control,"excluded: raw values vs skill, one server candidate, seed pseudoreplication"
dev,endmatchedperm,20261011,_de_chance,0.4286,evidence/t2_heart_extra_20261008/evaluation/dev_endmatchedperm_s20261011.json,52034554f03aec10193cb09baa2c78a1de04218ef678f327eb63acc58fa28add,E9.5,unsubmitted control,"excluded: raw values vs skill, one server candidate, seed pseudoreplication"
dev,endmatchedperm,20261011,_n_up,36,evidence/t2_heart_extra_20261008/evaluation/dev_endmatchedperm_s20261011.json,52034554f03aec10193cb09baa2c78a1de04218ef678f327eb63acc58fa28add,E9.5,unsubmitted control,"excluded: raw values vs skill, one server candidate, seed pseudoreplication"
dev,endmatchedperm,20261011,_n_dn,90,evidence/t2_heart_extra_20261008/evaluation/dev_endmatchedperm_s20261011.json,52034554f03aec10193cb09baa2c78a1de04218ef678f327eb63acc58fa28add,E9.5,unsubmitted control,"excluded: raw values vs skill, one server candidate, seed pseudoreplication"
dev,endmatchedperm,20261011,_sw_flip_spread,0.00696,evidence/t2_heart_extra_20261008/evaluation/dev_endmatchedperm_s20261011.json,52034554f03aec10193cb09baa2c78a1de04218ef678f327eb63acc58fa28add,E9.5,unsubmitted control,"excluded: raw values vs skill, one server candidate, seed pseudoreplication"
dev,endmatchedperm,20261011,_dice_voxel_over_nn,12.0,evidence/t2_heart_extra_20261008/evaluation/dev_endmatchedperm_s20261011.json,52034554f03aec10193cb09baa2c78a1de04218ef678f327eb63acc58fa28add,E9.5,unsubmitted control,"excluded: raw values vs skill, one server candidate, seed pseudoreplication"
dev,endmatchedperm,20261019,de_score,0.0139,evidence/t2_heart_extra_20261008/evaluation/dev_endmatchedperm_s20261019.json,52034554f03aec10193cb09baa2c78a1de04218ef678f327eb63acc58fa28add,E9.5,unsubmitted control,"excluded: raw values vs skill, one server candidate, seed pseudoreplication"
dev,endmatchedperm,20261019,de_direction,0.0486,evidence/t2_heart_extra_20261008/evaluation/dev_endmatchedperm_s20261019.json,52034554f03aec10193cb09baa2c78a1de04218ef678f327eb63acc58fa28add,E9.5,unsubmitted control,"excluded: raw values vs skill, one server candidate, seed pseudoreplication"
dev,endmatchedperm,20261019,energy_distance,2.31539,evidence/t2_heart_extra_20261008/evaluation/dev_endmatchedperm_s20261019.json,52034554f03aec10193cb09baa2c78a1de04218ef678f327eb63acc58fa28add,E9.5,unsubmitted control,"excluded: raw values vs skill, one server candidate, seed pseudoreplication"
dev,endmatchedperm,20261019,mmd_u,0.06016,evidence/t2_heart_extra_20261008/evaluation/dev_endmatchedperm_s20261019.json,52034554f03aec10193cb09baa2c78a1de04218ef678f327eb63acc58fa28add,E9.5,unsubmitted control,"excluded: raw values vs skill, one server candidate, seed pseudoreplication"
dev,endmatchedperm,20261019,variogram,0.050174,evidence/t2_heart_extra_20261008/evaluation/dev_endmatchedperm_s20261019.json,52034554f03aec10193cb09baa2c78a1de04218ef678f327eb63acc58fa28add,E9.5,unsubmitted control,"excluded: raw values vs skill, one server candidate, seed pseudoreplication"
dev,endmatchedperm,20261019,d2_shape,0.05002,evidence/t2_heart_extra_20261008/evaluation/dev_endmatchedperm_s20261019.json,52034554f03aec10193cb09baa2c78a1de04218ef678f327eb63acc58fa28add,E9.5,unsubmitted control,"excluded: raw values vs skill, one server candidate, seed pseudoreplication"
dev,endmatchedperm,20261019,sliced_wasserstein,0.05653,evidence/t2_heart_extra_20261008/evaluation/dev_endmatchedperm_s20261019.json,52034554f03aec10193cb09baa2c78a1de04218ef678f327eb63acc58fa28add,E9.5,unsubmitted control,"excluded: raw values vs skill, one server candidate, seed pseudoreplication"
dev,endmatchedperm,20261019,occupancy_dice,0.8088,evidence/t2_heart_extra_20261008/evaluation/dev_endmatchedperm_s20261019.json,52034554f03aec10193cb09baa2c78a1de04218ef678f327eb63acc58fa28add,E9.5,unsubmitted control,"excluded: raw values vs skill, one server candidate, seed pseudoreplication"
dev,endmatchedperm,20261019,scale_log_ratio,-0.4348,evidence/t2_heart_extra_20261008/evaluation/dev_endmatchedperm_s20261019.json,52034554f03aec10193cb09baa2c78a1de04218ef678f327eb63acc58fa28add,E9.5,unsubmitted control,"excluded: raw values vs skill, one server candidate, seed pseudoreplication"
dev,endmatchedperm,20261019,count_log_ratio,-0.0792,evidence/t2_heart_extra_20261008/evaluation/dev_endmatchedperm_s20261019.json,52034554f03aec10193cb09baa2c78a1de04218ef678f327eb63acc58fa28add,E9.5,unsubmitted control,"excluded: raw values vs skill, one server candidate, seed pseudoreplication"
dev,endmatchedperm,20261019,neighborhood_mmd,0.09818,evidence/t2_heart_extra_20261008/evaluation/dev_endmatchedperm_s20261019.json,52034554f03aec10193cb09baa2c78a1de04218ef678f327eb63acc58fa28add,E9.5,unsubmitted control,"excluded: raw values vs skill, one server candidate, seed pseudoreplication"
dev,endmatchedperm,20261019,pb_rel_err,0.5124,evidence/t2_heart_extra_20261008/evaluation/dev_endmatchedperm_s20261019.json,52034554f03aec10193cb09baa2c78a1de04218ef678f327eb63acc58fa28add,E9.5,unsubmitted control,"excluded: raw values vs skill, one server candidate, seed pseudoreplication"
dev,endmatchedperm,20261019,library_size_ratio,1.0,evidence/t2_heart_extra_20261008/evaluation/dev_endmatchedperm_s20261019.json,52034554f03aec10193cb09baa2c78a1de04218ef678f327eb63acc58fa28add,E9.5,unsubmitted control,"excluded: raw values vs skill, one server candidate, seed pseudoreplication"
dev,endmatchedperm,20261019,variance_ratio,0.829,evidence/t2_heart_extra_20261008/evaluation/dev_endmatchedperm_s20261019.json,52034554f03aec10193cb09baa2c78a1de04218ef678f327eb63acc58fa28add,E9.5,unsubmitted control,"excluded: raw values vs skill, one server candidate, seed pseudoreplication"
dev,endmatchedperm,20261019,composition_JSD,0.1131,evidence/t2_heart_extra_20261008/evaluation/dev_endmatchedperm_s20261019.json,52034554f03aec10193cb09baa2c78a1de04218ef678f327eb63acc58fa28add,E9.5,unsubmitted control,"excluded: raw values vs skill, one server candidate, seed pseudoreplication"
dev,endmatchedperm,20261019,pseudobulk_pearson,0.8091,evidence/t2_heart_extra_20261008/evaluation/dev_endmatchedperm_s20261019.json,52034554f03aec10193cb09baa2c78a1de04218ef678f327eb63acc58fa28add,E9.5,unsubmitted control,"excluded: raw values vs skill, one server candidate, seed pseudoreplication"
dev,endmatchedperm,20261019,morans_I_agreement,0.6838,evidence/t2_heart_extra_20261008/evaluation/dev_endmatchedperm_s20261019.json,52034554f03aec10193cb09baa2c78a1de04218ef678f327eb63acc58fa28add,E9.5,unsubmitted control,"excluded: raw values vs skill, one server candidate, seed pseudoreplication"
dev,endmatchedperm,20261019,_de_raw,0.4365,evidence/t2_heart_extra_20261008/evaluation/dev_endmatchedperm_s20261019.json,52034554f03aec10193cb09baa2c78a1de04218ef678f327eb63acc58fa28add,E9.5,unsubmitted control,"excluded: raw values vs skill, one server candidate, seed pseudoreplication"
dev,endmatchedperm,20261019,_de_chance,0.4286,evidence/t2_heart_extra_20261008/evaluation/dev_endmatchedperm_s20261019.json,52034554f03aec10193cb09baa2c78a1de04218ef678f327eb63acc58fa28add,E9.5,unsubmitted control,"excluded: raw values vs skill, one server candidate, seed pseudoreplication"
dev,endmatchedperm,20261019,_n_up,36,evidence/t2_heart_extra_20261008/evaluation/dev_endmatchedperm_s20261019.json,52034554f03aec10193cb09baa2c78a1de04218ef678f327eb63acc58fa28add,E9.5,unsubmitted control,"excluded: raw values vs skill, one server candidate, seed pseudoreplication"
dev,endmatchedperm,20261019,_n_dn,90,evidence/t2_heart_extra_20261008/evaluation/dev_endmatchedperm_s20261019.json,52034554f03aec10193cb09baa2c78a1de04218ef678f327eb63acc58fa28add,E9.5,unsubmitted control,"excluded: raw values vs skill, one server candidate, seed pseudoreplication"
dev,endmatchedperm,20261019,_sw_flip_spread,0.00496,evidence/t2_heart_extra_20261008/evaluation/dev_endmatchedperm_s20261019.json,52034554f03aec10193cb09baa2c78a1de04218ef678f327eb63acc58fa28add,E9.5,unsubmitted control,"excluded: raw values vs skill, one server candidate, seed pseudoreplication"
dev,endmatchedperm,20261019,_dice_voxel_over_nn,11.9,evidence/t2_heart_extra_20261008/evaluation/dev_endmatchedperm_s20261019.json,52034554f03aec10193cb09baa2c78a1de04218ef678f327eb63acc58fa28add,E9.5,unsubmitted control,"excluded: raw values vs skill, one server candidate, seed pseudoreplication"
dev,endperm,20261003,de_score,0.0278,evidence/t2_heart_extra_20261008/evaluation/dev_endperm_s20261003.json,52034554f03aec10193cb09baa2c78a1de04218ef678f327eb63acc58fa28add,E9.5,unsubmitted control,"excluded: raw values vs skill, one server candidate, seed pseudoreplication"
dev,endperm,20261003,de_direction,0.0263,evidence/t2_heart_extra_20261008/evaluation/dev_endperm_s20261003.json,52034554f03aec10193cb09baa2c78a1de04218ef678f327eb63acc58fa28add,E9.5,unsubmitted control,"excluded: raw values vs skill, one server candidate, seed pseudoreplication"
dev,endperm,20261003,energy_distance,2.25277,evidence/t2_heart_extra_20261008/evaluation/dev_endperm_s20261003.json,52034554f03aec10193cb09baa2c78a1de04218ef678f327eb63acc58fa28add,E9.5,unsubmitted control,"excluded: raw values vs skill, one server candidate, seed pseudoreplication"
dev,endperm,20261003,mmd_u,0.05896,evidence/t2_heart_extra_20261008/evaluation/dev_endperm_s20261003.json,52034554f03aec10193cb09baa2c78a1de04218ef678f327eb63acc58fa28add,E9.5,unsubmitted control,"excluded: raw values vs skill, one server candidate, seed pseudoreplication"
dev,endperm,20261003,variogram,0.046548,evidence/t2_heart_extra_20261008/evaluation/dev_endperm_s20261003.json,52034554f03aec10193cb09baa2c78a1de04218ef678f327eb63acc58fa28add,E9.5,unsubmitted control,"excluded: raw values vs skill, one server candidate, seed pseudoreplication"
dev,endperm,20261003,d2_shape,0.05134,evidence/t2_heart_extra_20261008/evaluation/dev_endperm_s20261003.json,52034554f03aec10193cb09baa2c78a1de04218ef678f327eb63acc58fa28add,E9.5,unsubmitted control,"excluded: raw values vs skill, one server candidate, seed pseudoreplication"
dev,endperm,20261003,sliced_wasserstein,0.05597,evidence/t2_heart_extra_20261008/evaluation/dev_endperm_s20261003.json,52034554f03aec10193cb09baa2c78a1de04218ef678f327eb63acc58fa28add,E9.5,unsubmitted control,"excluded: raw values vs skill, one server candidate, seed pseudoreplication"
dev,endperm,20261003,occupancy_dice,0.8158,evidence/t2_heart_extra_20261008/evaluation/dev_endperm_s20261003.json,52034554f03aec10193cb09baa2c78a1de04218ef678f327eb63acc58fa28add,E9.5,unsubmitted control,"excluded: raw values vs skill, one server candidate, seed pseudoreplication"
dev,endperm,20261003,scale_log_ratio,-0.4348,evidence/t2_heart_extra_20261008/evaluation/dev_endperm_s20261003.json,52034554f03aec10193cb09baa2c78a1de04218ef678f327eb63acc58fa28add,E9.5,unsubmitted control,"excluded: raw values vs skill, one server candidate, seed pseudoreplication"
dev,endperm,20261003,count_log_ratio,-0.0792,evidence/t2_heart_extra_20261008/evaluation/dev_endperm_s20261003.json,52034554f03aec10193cb09baa2c78a1de04218ef678f327eb63acc58fa28add,E9.5,unsubmitted control,"excluded: raw values vs skill, one server candidate, seed pseudoreplication"
dev,endperm,20261003,neighborhood_mmd,0.09938,evidence/t2_heart_extra_20261008/evaluation/dev_endperm_s20261003.json,52034554f03aec10193cb09baa2c78a1de04218ef678f327eb63acc58fa28add,E9.5,unsubmitted control,"excluded: raw values vs skill, one server candidate, seed pseudoreplication"
dev,endperm,20261003,pb_rel_err,0.5157,evidence/t2_heart_extra_20261008/evaluation/dev_endperm_s20261003.json,52034554f03aec10193cb09baa2c78a1de04218ef678f327eb63acc58fa28add,E9.5,unsubmitted control,"excluded: raw values vs skill, one server candidate, seed pseudoreplication"
dev,endperm,20261003,library_size_ratio,1.0,evidence/t2_heart_extra_20261008/evaluation/dev_endperm_s20261003.json,52034554f03aec10193cb09baa2c78a1de04218ef678f327eb63acc58fa28add,E9.5,unsubmitted control,"excluded: raw values vs skill, one server candidate, seed pseudoreplication"
dev,endperm,20261003,variance_ratio,0.815,evidence/t2_heart_extra_20261008/evaluation/dev_endperm_s20261003.json,52034554f03aec10193cb09baa2c78a1de04218ef678f327eb63acc58fa28add,E9.5,unsubmitted control,"excluded: raw values vs skill, one server candidate, seed pseudoreplication"
dev,endperm,20261003,composition_JSD,0.1139,evidence/t2_heart_extra_20261008/evaluation/dev_endperm_s20261003.json,52034554f03aec10193cb09baa2c78a1de04218ef678f327eb63acc58fa28add,E9.5,unsubmitted control,"excluded: raw values vs skill, one server candidate, seed pseudoreplication"
dev,endperm,20261003,pseudobulk_pearson,0.8057,evidence/t2_heart_extra_20261008/evaluation/dev_endperm_s20261003.json,52034554f03aec10193cb09baa2c78a1de04218ef678f327eb63acc58fa28add,E9.5,unsubmitted control,"excluded: raw values vs skill, one server candidate, seed pseudoreplication"
dev,endperm,20261003,morans_I_agreement,0.6773,evidence/t2_heart_extra_20261008/evaluation/dev_endperm_s20261003.json,52034554f03aec10193cb09baa2c78a1de04218ef678f327eb63acc58fa28add,E9.5,unsubmitted control,"excluded: raw values vs skill, one server candidate, seed pseudoreplication"
dev,endperm,20261003,_de_raw,0.4444,evidence/t2_heart_extra_20261008/evaluation/dev_endperm_s20261003.json,52034554f03aec10193cb09baa2c78a1de04218ef678f327eb63acc58fa28add,E9.5,unsubmitted control,"excluded: raw values vs skill, one server candidate, seed pseudoreplication"
dev,endperm,20261003,_de_chance,0.4286,evidence/t2_heart_extra_20261008/evaluation/dev_endperm_s20261003.json,52034554f03aec10193cb09baa2c78a1de04218ef678f327eb63acc58fa28add,E9.5,unsubmitted control,"excluded: raw values vs skill, one server candidate, seed pseudoreplication"
dev,endperm,20261003,_n_up,36,evidence/t2_heart_extra_20261008/evaluation/dev_endperm_s20261003.json,52034554f03aec10193cb09baa2c78a1de04218ef678f327eb63acc58fa28add,E9.5,unsubmitted control,"excluded: raw values vs skill, one server candidate, seed pseudoreplication"
dev,endperm,20261003,_n_dn,90,evidence/t2_heart_extra_20261008/evaluation/dev_endperm_s20261003.json,52034554f03aec10193cb09baa2c78a1de04218ef678f327eb63acc58fa28add,E9.5,unsubmitted control,"excluded: raw values vs skill, one server candidate, seed pseudoreplication"
dev,endperm,20261003,_sw_flip_spread,0.00494,evidence/t2_heart_extra_20261008/evaluation/dev_endperm_s20261003.json,52034554f03aec10193cb09baa2c78a1de04218ef678f327eb63acc58fa28add,E9.5,unsubmitted control,"excluded: raw values vs skill, one server candidate, seed pseudoreplication"
dev,endperm,20261003,_dice_voxel_over_nn,11.9,evidence/t2_heart_extra_20261008/evaluation/dev_endperm_s20261003.json,52034554f03aec10193cb09baa2c78a1de04218ef678f327eb63acc58fa28add,E9.5,unsubmitted control,"excluded: raw values vs skill, one server candidate, seed pseudoreplication"
dev,endperm,20261011,de_score,0.0278,evidence/t2_heart_extra_20261008/evaluation/dev_endperm_s20261011.json,52034554f03aec10193cb09baa2c78a1de04218ef678f327eb63acc58fa28add,E9.5,unsubmitted control,"excluded: raw values vs skill, one server candidate, seed pseudoreplication"
dev,endperm,20261011,de_direction,0.0263,evidence/t2_heart_extra_20261008/evaluation/dev_endperm_s20261011.json,52034554f03aec10193cb09baa2c78a1de04218ef678f327eb63acc58fa28add,E9.5,unsubmitted control,"excluded: raw values vs skill, one server candidate, seed pseudoreplication"
dev,endperm,20261011,energy_distance,2.48275,evidence/t2_heart_extra_20261008/evaluation/dev_endperm_s20261011.json,52034554f03aec10193cb09baa2c78a1de04218ef678f327eb63acc58fa28add,E9.5,unsubmitted control,"excluded: raw values vs skill, one server candidate, seed pseudoreplication"
dev,endperm,20261011,mmd_u,0.0645,evidence/t2_heart_extra_20261008/evaluation/dev_endperm_s20261011.json,52034554f03aec10193cb09baa2c78a1de04218ef678f327eb63acc58fa28add,E9.5,unsubmitted control,"excluded: raw values vs skill, one server candidate, seed pseudoreplication"
dev,endperm,20261011,variogram,0.051495,evidence/t2_heart_extra_20261008/evaluation/dev_endperm_s20261011.json,52034554f03aec10193cb09baa2c78a1de04218ef678f327eb63acc58fa28add,E9.5,unsubmitted control,"excluded: raw values vs skill, one server candidate, seed pseudoreplication"
dev,endperm,20261011,d2_shape,0.05411,evidence/t2_heart_extra_20261008/evaluation/dev_endperm_s20261011.json,52034554f03aec10193cb09baa2c78a1de04218ef678f327eb63acc58fa28add,E9.5,unsubmitted control,"excluded: raw values vs skill, one server candidate, seed pseudoreplication"
dev,endperm,20261011,sliced_wasserstein,0.05703,evidence/t2_heart_extra_20261008/evaluation/dev_endperm_s20261011.json,52034554f03aec10193cb09baa2c78a1de04218ef678f327eb63acc58fa28add,E9.5,unsubmitted control,"excluded: raw values vs skill, one server candidate, seed pseudoreplication"
dev,endperm,20261011,occupancy_dice,0.8142,evidence/t2_heart_extra_20261008/evaluation/dev_endperm_s20261011.json,52034554f03aec10193cb09baa2c78a1de04218ef678f327eb63acc58fa28add,E9.5,unsubmitted control,"excluded: raw values vs skill, one server candidate, seed pseudoreplication"
dev,endperm,20261011,scale_log_ratio,-0.4348,evidence/t2_heart_extra_20261008/evaluation/dev_endperm_s20261011.json,52034554f03aec10193cb09baa2c78a1de04218ef678f327eb63acc58fa28add,E9.5,unsubmitted control,"excluded: raw values vs skill, one server candidate, seed pseudoreplication"
dev,endperm,20261011,count_log_ratio,-0.0792,evidence/t2_heart_extra_20261008/evaluation/dev_endperm_s20261011.json,52034554f03aec10193cb09baa2c78a1de04218ef678f327eb63acc58fa28add,E9.5,unsubmitted control,"excluded: raw values vs skill, one server candidate, seed pseudoreplication"
dev,endperm,20261011,neighborhood_mmd,0.09938,evidence/t2_heart_extra_20261008/evaluation/dev_endperm_s20261011.json,52034554f03aec10193cb09baa2c78a1de04218ef678f327eb63acc58fa28add,E9.5,unsubmitted control,"excluded: raw values vs skill, one server candidate, seed pseudoreplication"
dev,endperm,20261011,pb_rel_err,0.5157,evidence/t2_heart_extra_20261008/evaluation/dev_endperm_s20261011.json,52034554f03aec10193cb09baa2c78a1de04218ef678f327eb63acc58fa28add,E9.5,unsubmitted control,"excluded: raw values vs skill, one server candidate, seed pseudoreplication"
dev,endperm,20261011,library_size_ratio,1.0,evidence/t2_heart_extra_20261008/evaluation/dev_endperm_s20261011.json,52034554f03aec10193cb09baa2c78a1de04218ef678f327eb63acc58fa28add,E9.5,unsubmitted control,"excluded: raw values vs skill, one server candidate, seed pseudoreplication"
dev,endperm,20261011,variance_ratio,0.815,evidence/t2_heart_extra_20261008/evaluation/dev_endperm_s20261011.json,52034554f03aec10193cb09baa2c78a1de04218ef678f327eb63acc58fa28add,E9.5,unsubmitted control,"excluded: raw values vs skill, one server candidate, seed pseudoreplication"
dev,endperm,20261011,composition_JSD,0.1139,evidence/t2_heart_extra_20261008/evaluation/dev_endperm_s20261011.json,52034554f03aec10193cb09baa2c78a1de04218ef678f327eb63acc58fa28add,E9.5,unsubmitted control,"excluded: raw values vs skill, one server candidate, seed pseudoreplication"
dev,endperm,20261011,pseudobulk_pearson,0.8057,evidence/t2_heart_extra_20261008/evaluation/dev_endperm_s20261011.json,52034554f03aec10193cb09baa2c78a1de04218ef678f327eb63acc58fa28add,E9.5,unsubmitted control,"excluded: raw values vs skill, one server candidate, seed pseudoreplication"
dev,endperm,20261011,morans_I_agreement,0.6773,evidence/t2_heart_extra_20261008/evaluation/dev_endperm_s20261011.json,52034554f03aec10193cb09baa2c78a1de04218ef678f327eb63acc58fa28add,E9.5,unsubmitted control,"excluded: raw values vs skill, one server candidate, seed pseudoreplication"
dev,endperm,20261011,_de_raw,0.4444,evidence/t2_heart_extra_20261008/evaluation/dev_endperm_s20261011.json,52034554f03aec10193cb09baa2c78a1de04218ef678f327eb63acc58fa28add,E9.5,unsubmitted control,"excluded: raw values vs skill, one server candidate, seed pseudoreplication"
dev,endperm,20261011,_de_chance,0.4286,evidence/t2_heart_extra_20261008/evaluation/dev_endperm_s20261011.json,52034554f03aec10193cb09baa2c78a1de04218ef678f327eb63acc58fa28add,E9.5,unsubmitted control,"excluded: raw values vs skill, one server candidate, seed pseudoreplication"
dev,endperm,20261011,_n_up,36,evidence/t2_heart_extra_20261008/evaluation/dev_endperm_s20261011.json,52034554f03aec10193cb09baa2c78a1de04218ef678f327eb63acc58fa28add,E9.5,unsubmitted control,"excluded: raw values vs skill, one server candidate, seed pseudoreplication"
dev,endperm,20261011,_n_dn,90,evidence/t2_heart_extra_20261008/evaluation/dev_endperm_s20261011.json,52034554f03aec10193cb09baa2c78a1de04218ef678f327eb63acc58fa28add,E9.5,unsubmitted control,"excluded: raw values vs skill, one server candidate, seed pseudoreplication"
dev,endperm,20261011,_sw_flip_spread,0.00696,evidence/t2_heart_extra_20261008/evaluation/dev_endperm_s20261011.json,52034554f03aec10193cb09baa2c78a1de04218ef678f327eb63acc58fa28add,E9.5,unsubmitted control,"excluded: raw values vs skill, one server candidate, seed pseudoreplication"
dev,endperm,20261011,_dice_voxel_over_nn,12.0,evidence/t2_heart_extra_20261008/evaluation/dev_endperm_s20261011.json,52034554f03aec10193cb09baa2c78a1de04218ef678f327eb63acc58fa28add,E9.5,unsubmitted control,"excluded: raw values vs skill, one server candidate, seed pseudoreplication"
dev,endperm,20261019,de_score,0.0278,evidence/t2_heart_extra_20261008/evaluation/dev_endperm_s20261019.json,52034554f03aec10193cb09baa2c78a1de04218ef678f327eb63acc58fa28add,E9.5,unsubmitted control,"excluded: raw values vs skill, one server candidate, seed pseudoreplication"
dev,endperm,20261019,de_direction,0.0263,evidence/t2_heart_extra_20261008/evaluation/dev_endperm_s20261019.json,52034554f03aec10193cb09baa2c78a1de04218ef678f327eb63acc58fa28add,E9.5,unsubmitted control,"excluded: raw values vs skill, one server candidate, seed pseudoreplication"
dev,endperm,20261019,energy_distance,2.35516,evidence/t2_heart_extra_20261008/evaluation/dev_endperm_s20261019.json,52034554f03aec10193cb09baa2c78a1de04218ef678f327eb63acc58fa28add,E9.5,unsubmitted control,"excluded: raw values vs skill, one server candidate, seed pseudoreplication"
dev,endperm,20261019,mmd_u,0.06117,evidence/t2_heart_extra_20261008/evaluation/dev_endperm_s20261019.json,52034554f03aec10193cb09baa2c78a1de04218ef678f327eb63acc58fa28add,E9.5,unsubmitted control,"excluded: raw values vs skill, one server candidate, seed pseudoreplication"
dev,endperm,20261019,variogram,0.04986,evidence/t2_heart_extra_20261008/evaluation/dev_endperm_s20261019.json,52034554f03aec10193cb09baa2c78a1de04218ef678f327eb63acc58fa28add,E9.5,unsubmitted control,"excluded: raw values vs skill, one server candidate, seed pseudoreplication"
dev,endperm,20261019,d2_shape,0.05002,evidence/t2_heart_extra_20261008/evaluation/dev_endperm_s20261019.json,52034554f03aec10193cb09baa2c78a1de04218ef678f327eb63acc58fa28add,E9.5,unsubmitted control,"excluded: raw values vs skill, one server candidate, seed pseudoreplication"
dev,endperm,20261019,sliced_wasserstein,0.05653,evidence/t2_heart_extra_20261008/evaluation/dev_endperm_s20261019.json,52034554f03aec10193cb09baa2c78a1de04218ef678f327eb63acc58fa28add,E9.5,unsubmitted control,"excluded: raw values vs skill, one server candidate, seed pseudoreplication"
dev,endperm,20261019,occupancy_dice,0.8088,evidence/t2_heart_extra_20261008/evaluation/dev_endperm_s20261019.json,52034554f03aec10193cb09baa2c78a1de04218ef678f327eb63acc58fa28add,E9.5,unsubmitted control,"excluded: raw values vs skill, one server candidate, seed pseudoreplication"
dev,endperm,20261019,scale_log_ratio,-0.4348,evidence/t2_heart_extra_20261008/evaluation/dev_endperm_s20261019.json,52034554f03aec10193cb09baa2c78a1de04218ef678f327eb63acc58fa28add,E9.5,unsubmitted control,"excluded: raw values vs skill, one server candidate, seed pseudoreplication"
dev,endperm,20261019,count_log_ratio,-0.0792,evidence/t2_heart_extra_20261008/evaluation/dev_endperm_s20261019.json,52034554f03aec10193cb09baa2c78a1de04218ef678f327eb63acc58fa28add,E9.5,unsubmitted control,"excluded: raw values vs skill, one server candidate, seed pseudoreplication"
dev,endperm,20261019,neighborhood_mmd,0.09938,evidence/t2_heart_extra_20261008/evaluation/dev_endperm_s20261019.json,52034554f03aec10193cb09baa2c78a1de04218ef678f327eb63acc58fa28add,E9.5,unsubmitted control,"excluded: raw values vs skill, one server candidate, seed pseudoreplication"
dev,endperm,20261019,pb_rel_err,0.5157,evidence/t2_heart_extra_20261008/evaluation/dev_endperm_s20261019.json,52034554f03aec10193cb09baa2c78a1de04218ef678f327eb63acc58fa28add,E9.5,unsubmitted control,"excluded: raw values vs skill, one server candidate, seed pseudoreplication"
dev,endperm,20261019,library_size_ratio,1.0,evidence/t2_heart_extra_20261008/evaluation/dev_endperm_s20261019.json,52034554f03aec10193cb09baa2c78a1de04218ef678f327eb63acc58fa28add,E9.5,unsubmitted control,"excluded: raw values vs skill, one server candidate, seed pseudoreplication"
dev,endperm,20261019,variance_ratio,0.815,evidence/t2_heart_extra_20261008/evaluation/dev_endperm_s20261019.json,52034554f03aec10193cb09baa2c78a1de04218ef678f327eb63acc58fa28add,E9.5,unsubmitted control,"excluded: raw values vs skill, one server candidate, seed pseudoreplication"
dev,endperm,20261019,composition_JSD,0.1139,evidence/t2_heart_extra_20261008/evaluation/dev_endperm_s20261019.json,52034554f03aec10193cb09baa2c78a1de04218ef678f327eb63acc58fa28add,E9.5,unsubmitted control,"excluded: raw values vs skill, one server candidate, seed pseudoreplication"
dev,endperm,20261019,pseudobulk_pearson,0.8057,evidence/t2_heart_extra_20261008/evaluation/dev_endperm_s20261019.json,52034554f03aec10193cb09baa2c78a1de04218ef678f327eb63acc58fa28add,E9.5,unsubmitted control,"excluded: raw values vs skill, one server candidate, seed pseudoreplication"
dev,endperm,20261019,morans_I_agreement,0.6773,evidence/t2_heart_extra_20261008/evaluation/dev_endperm_s20261019.json,52034554f03aec10193cb09baa2c78a1de04218ef678f327eb63acc58fa28add,E9.5,unsubmitted control,"excluded: raw values vs skill, one server candidate, seed pseudoreplication"
dev,endperm,20261019,_de_raw,0.4444,evidence/t2_heart_extra_20261008/evaluation/dev_endperm_s20261019.json,52034554f03aec10193cb09baa2c78a1de04218ef678f327eb63acc58fa28add,E9.5,unsubmitted control,"excluded: raw values vs skill, one server candidate, seed pseudoreplication"
dev,endperm,20261019,_de_chance,0.4286,evidence/t2_heart_extra_20261008/evaluation/dev_endperm_s20261019.json,52034554f03aec10193cb09baa2c78a1de04218ef678f327eb63acc58fa28add,E9.5,unsubmitted control,"excluded: raw values vs skill, one server candidate, seed pseudoreplication"
dev,endperm,20261019,_n_up,36,evidence/t2_heart_extra_20261008/evaluation/dev_endperm_s20261019.json,52034554f03aec10193cb09baa2c78a1de04218ef678f327eb63acc58fa28add,E9.5,unsubmitted control,"excluded: raw values vs skill, one server candidate, seed pseudoreplication"
dev,endperm,20261019,_n_dn,90,evidence/t2_heart_extra_20261008/evaluation/dev_endperm_s20261019.json,52034554f03aec10193cb09baa2c78a1de04218ef678f327eb63acc58fa28add,E9.5,unsubmitted control,"excluded: raw values vs skill, one server candidate, seed pseudoreplication"
dev,endperm,20261019,_sw_flip_spread,0.00496,evidence/t2_heart_extra_20261008/evaluation/dev_endperm_s20261019.json,52034554f03aec10193cb09baa2c78a1de04218ef678f327eb63acc58fa28add,E9.5,unsubmitted control,"excluded: raw values vs skill, one server candidate, seed pseudoreplication"
dev,endperm,20261019,_dice_voxel_over_nn,11.9,evidence/t2_heart_extra_20261008/evaluation/dev_endperm_s20261019.json,52034554f03aec10193cb09baa2c78a1de04218ef678f327eb63acc58fa28add,E9.5,unsubmitted control,"excluded: raw values vs skill, one server candidate, seed pseudoreplication"
dev,endpoint,20261003,de_score,0.0,evidence/t2_heart_extra_20261008/evaluation/dev_endpoint_s20261003.json,52034554f03aec10193cb09baa2c78a1de04218ef678f327eb63acc58fa28add,E9.5,unsubmitted control,"excluded: raw values vs skill, one server candidate, seed pseudoreplication"
dev,endpoint,20261003,de_direction,0.0372,evidence/t2_heart_extra_20261008/evaluation/dev_endpoint_s20261003.json,52034554f03aec10193cb09baa2c78a1de04218ef678f327eb63acc58fa28add,E9.5,unsubmitted control,"excluded: raw values vs skill, one server candidate, seed pseudoreplication"
dev,endpoint,20261003,energy_distance,2.24444,evidence/t2_heart_extra_20261008/evaluation/dev_endpoint_s20261003.json,52034554f03aec10193cb09baa2c78a1de04218ef678f327eb63acc58fa28add,E9.5,unsubmitted control,"excluded: raw values vs skill, one server candidate, seed pseudoreplication"
dev,endpoint,20261003,mmd_u,0.05883,evidence/t2_heart_extra_20261008/evaluation/dev_endpoint_s20261003.json,52034554f03aec10193cb09baa2c78a1de04218ef678f327eb63acc58fa28add,E9.5,unsubmitted control,"excluded: raw values vs skill, one server candidate, seed pseudoreplication"
dev,endpoint,20261003,variogram,0.045794,evidence/t2_heart_extra_20261008/evaluation/dev_endpoint_s20261003.json,52034554f03aec10193cb09baa2c78a1de04218ef678f327eb63acc58fa28add,E9.5,unsubmitted control,"excluded: raw values vs skill, one server candidate, seed pseudoreplication"
dev,endpoint,20261003,d2_shape,0.05134,evidence/t2_heart_extra_20261008/evaluation/dev_endpoint_s20261003.json,52034554f03aec10193cb09baa2c78a1de04218ef678f327eb63acc58fa28add,E9.5,unsubmitted control,"excluded: raw values vs skill, one server candidate, seed pseudoreplication"
dev,endpoint,20261003,sliced_wasserstein,0.05597,evidence/t2_heart_extra_20261008/evaluation/dev_endpoint_s20261003.json,52034554f03aec10193cb09baa2c78a1de04218ef678f327eb63acc58fa28add,E9.5,unsubmitted control,"excluded: raw values vs skill, one server candidate, seed pseudoreplication"
dev,endpoint,20261003,occupancy_dice,0.8158,evidence/t2_heart_extra_20261008/evaluation/dev_endpoint_s20261003.json,52034554f03aec10193cb09baa2c78a1de04218ef678f327eb63acc58fa28add,E9.5,unsubmitted control,"excluded: raw values vs skill, one server candidate, seed pseudoreplication"
dev,endpoint,20261003,scale_log_ratio,-0.4348,evidence/t2_heart_extra_20261008/evaluation/dev_endpoint_s20261003.json,52034554f03aec10193cb09baa2c78a1de04218ef678f327eb63acc58fa28add,E9.5,unsubmitted control,"excluded: raw values vs skill, one server candidate, seed pseudoreplication"
dev,endpoint,20261003,count_log_ratio,-0.0792,evidence/t2_heart_extra_20261008/evaluation/dev_endpoint_s20261003.json,52034554f03aec10193cb09baa2c78a1de04218ef678f327eb63acc58fa28add,E9.5,unsubmitted control,"excluded: raw values vs skill, one server candidate, seed pseudoreplication"
dev,endpoint,20261003,neighborhood_mmd,0.09922,evidence/t2_heart_extra_20261008/evaluation/dev_endpoint_s20261003.json,52034554f03aec10193cb09baa2c78a1de04218ef678f327eb63acc58fa28add,E9.5,unsubmitted control,"excluded: raw values vs skill, one server candidate, seed pseudoreplication"
dev,endpoint,20261003,pb_rel_err,0.5142,evidence/t2_heart_extra_20261008/evaluation/dev_endpoint_s20261003.json,52034554f03aec10193cb09baa2c78a1de04218ef678f327eb63acc58fa28add,E9.5,unsubmitted control,"excluded: raw values vs skill, one server candidate, seed pseudoreplication"
dev,endpoint,20261003,library_size_ratio,1.0,evidence/t2_heart_extra_20261008/evaluation/dev_endpoint_s20261003.json,52034554f03aec10193cb09baa2c78a1de04218ef678f327eb63acc58fa28add,E9.5,unsubmitted control,"excluded: raw values vs skill, one server candidate, seed pseudoreplication"
dev,endpoint,20261003,variance_ratio,0.812,evidence/t2_heart_extra_20261008/evaluation/dev_endpoint_s20261003.json,52034554f03aec10193cb09baa2c78a1de04218ef678f327eb63acc58fa28add,E9.5,unsubmitted control,"excluded: raw values vs skill, one server candidate, seed pseudoreplication"
dev,endpoint,20261003,composition_JSD,0.1143,evidence/t2_heart_extra_20261008/evaluation/dev_endpoint_s20261003.json,52034554f03aec10193cb09baa2c78a1de04218ef678f327eb63acc58fa28add,E9.5,unsubmitted control,"excluded: raw values vs skill, one server candidate, seed pseudoreplication"
dev,endpoint,20261003,pseudobulk_pearson,0.8068,evidence/t2_heart_extra_20261008/evaluation/dev_endpoint_s20261003.json,52034554f03aec10193cb09baa2c78a1de04218ef678f327eb63acc58fa28add,E9.5,unsubmitted control,"excluded: raw values vs skill, one server candidate, seed pseudoreplication"
dev,endpoint,20261003,morans_I_agreement,0.6768,evidence/t2_heart_extra_20261008/evaluation/dev_endpoint_s20261003.json,52034554f03aec10193cb09baa2c78a1de04218ef678f327eb63acc58fa28add,E9.5,unsubmitted control,"excluded: raw values vs skill, one server candidate, seed pseudoreplication"
dev,endpoint,20261003,_de_raw,0.4286,evidence/t2_heart_extra_20261008/evaluation/dev_endpoint_s20261003.json,52034554f03aec10193cb09baa2c78a1de04218ef678f327eb63acc58fa28add,E9.5,unsubmitted control,"excluded: raw values vs skill, one server candidate, seed pseudoreplication"
dev,endpoint,20261003,_de_chance,0.4286,evidence/t2_heart_extra_20261008/evaluation/dev_endpoint_s20261003.json,52034554f03aec10193cb09baa2c78a1de04218ef678f327eb63acc58fa28add,E9.5,unsubmitted control,"excluded: raw values vs skill, one server candidate, seed pseudoreplication"
dev,endpoint,20261003,_n_up,36,evidence/t2_heart_extra_20261008/evaluation/dev_endpoint_s20261003.json,52034554f03aec10193cb09baa2c78a1de04218ef678f327eb63acc58fa28add,E9.5,unsubmitted control,"excluded: raw values vs skill, one server candidate, seed pseudoreplication"
dev,endpoint,20261003,_n_dn,90,evidence/t2_heart_extra_20261008/evaluation/dev_endpoint_s20261003.json,52034554f03aec10193cb09baa2c78a1de04218ef678f327eb63acc58fa28add,E9.5,unsubmitted control,"excluded: raw values vs skill, one server candidate, seed pseudoreplication"
dev,endpoint,20261003,_sw_flip_spread,0.00494,evidence/t2_heart_extra_20261008/evaluation/dev_endpoint_s20261003.json,52034554f03aec10193cb09baa2c78a1de04218ef678f327eb63acc58fa28add,E9.5,unsubmitted control,"excluded: raw values vs skill, one server candidate, seed pseudoreplication"
dev,endpoint,20261003,_dice_voxel_over_nn,11.9,evidence/t2_heart_extra_20261008/evaluation/dev_endpoint_s20261003.json,52034554f03aec10193cb09baa2c78a1de04218ef678f327eb63acc58fa28add,E9.5,unsubmitted control,"excluded: raw values vs skill, one server candidate, seed pseudoreplication"
dev,endpoint,20261011,de_score,0.0,evidence/t2_heart_extra_20261008/evaluation/dev_endpoint_s20261011.json,52034554f03aec10193cb09baa2c78a1de04218ef678f327eb63acc58fa28add,E9.5,unsubmitted control,"excluded: raw values vs skill, one server candidate, seed pseudoreplication"
dev,endpoint,20261011,de_direction,0.0372,evidence/t2_heart_extra_20261008/evaluation/dev_endpoint_s20261011.json,52034554f03aec10193cb09baa2c78a1de04218ef678f327eb63acc58fa28add,E9.5,unsubmitted control,"excluded: raw values vs skill, one server candidate, seed pseudoreplication"
dev,endpoint,20261011,energy_distance,2.47411,evidence/t2_heart_extra_20261008/evaluation/dev_endpoint_s20261011.json,52034554f03aec10193cb09baa2c78a1de04218ef678f327eb63acc58fa28add,E9.5,unsubmitted control,"excluded: raw values vs skill, one server candidate, seed pseudoreplication"
dev,endpoint,20261011,mmd_u,0.06438,evidence/t2_heart_extra_20261008/evaluation/dev_endpoint_s20261011.json,52034554f03aec10193cb09baa2c78a1de04218ef678f327eb63acc58fa28add,E9.5,unsubmitted control,"excluded: raw values vs skill, one server candidate, seed pseudoreplication"
dev,endpoint,20261011,variogram,0.05077,evidence/t2_heart_extra_20261008/evaluation/dev_endpoint_s20261011.json,52034554f03aec10193cb09baa2c78a1de04218ef678f327eb63acc58fa28add,E9.5,unsubmitted control,"excluded: raw values vs skill, one server candidate, seed pseudoreplication"
dev,endpoint,20261011,d2_shape,0.05411,evidence/t2_heart_extra_20261008/evaluation/dev_endpoint_s20261011.json,52034554f03aec10193cb09baa2c78a1de04218ef678f327eb63acc58fa28add,E9.5,unsubmitted control,"excluded: raw values vs skill, one server candidate, seed pseudoreplication"
dev,endpoint,20261011,sliced_wasserstein,0.05703,evidence/t2_heart_extra_20261008/evaluation/dev_endpoint_s20261011.json,52034554f03aec10193cb09baa2c78a1de04218ef678f327eb63acc58fa28add,E9.5,unsubmitted control,"excluded: raw values vs skill, one server candidate, seed pseudoreplication"
dev,endpoint,20261011,occupancy_dice,0.8142,evidence/t2_heart_extra_20261008/evaluation/dev_endpoint_s20261011.json,52034554f03aec10193cb09baa2c78a1de04218ef678f327eb63acc58fa28add,E9.5,unsubmitted control,"excluded: raw values vs skill, one server candidate, seed pseudoreplication"
dev,endpoint,20261011,scale_log_ratio,-0.4348,evidence/t2_heart_extra_20261008/evaluation/dev_endpoint_s20261011.json,52034554f03aec10193cb09baa2c78a1de04218ef678f327eb63acc58fa28add,E9.5,unsubmitted control,"excluded: raw values vs skill, one server candidate, seed pseudoreplication"
dev,endpoint,20261011,count_log_ratio,-0.0792,evidence/t2_heart_extra_20261008/evaluation/dev_endpoint_s20261011.json,52034554f03aec10193cb09baa2c78a1de04218ef678f327eb63acc58fa28add,E9.5,unsubmitted control,"excluded: raw values vs skill, one server candidate, seed pseudoreplication"
dev,endpoint,20261011,neighborhood_mmd,0.09922,evidence/t2_heart_extra_20261008/evaluation/dev_endpoint_s20261011.json,52034554f03aec10193cb09baa2c78a1de04218ef678f327eb63acc58fa28add,E9.5,unsubmitted control,"excluded: raw values vs skill, one server candidate, seed pseudoreplication"
dev,endpoint,20261011,pb_rel_err,0.5142,evidence/t2_heart_extra_20261008/evaluation/dev_endpoint_s20261011.json,52034554f03aec10193cb09baa2c78a1de04218ef678f327eb63acc58fa28add,E9.5,unsubmitted control,"excluded: raw values vs skill, one server candidate, seed pseudoreplication"
dev,endpoint,20261011,library_size_ratio,1.0,evidence/t2_heart_extra_20261008/evaluation/dev_endpoint_s20261011.json,52034554f03aec10193cb09baa2c78a1de04218ef678f327eb63acc58fa28add,E9.5,unsubmitted control,"excluded: raw values vs skill, one server candidate, seed pseudoreplication"
dev,endpoint,20261011,variance_ratio,0.812,evidence/t2_heart_extra_20261008/evaluation/dev_endpoint_s20261011.json,52034554f03aec10193cb09baa2c78a1de04218ef678f327eb63acc58fa28add,E9.5,unsubmitted control,"excluded: raw values vs skill, one server candidate, seed pseudoreplication"
dev,endpoint,20261011,composition_JSD,0.1143,evidence/t2_heart_extra_20261008/evaluation/dev_endpoint_s20261011.json,52034554f03aec10193cb09baa2c78a1de04218ef678f327eb63acc58fa28add,E9.5,unsubmitted control,"excluded: raw values vs skill, one server candidate, seed pseudoreplication"
dev,endpoint,20261011,pseudobulk_pearson,0.8068,evidence/t2_heart_extra_20261008/evaluation/dev_endpoint_s20261011.json,52034554f03aec10193cb09baa2c78a1de04218ef678f327eb63acc58fa28add,E9.5,unsubmitted control,"excluded: raw values vs skill, one server candidate, seed pseudoreplication"
dev,endpoint,20261011,morans_I_agreement,0.6768,evidence/t2_heart_extra_20261008/evaluation/dev_endpoint_s20261011.json,52034554f03aec10193cb09baa2c78a1de04218ef678f327eb63acc58fa28add,E9.5,unsubmitted control,"excluded: raw values vs skill, one server candidate, seed pseudoreplication"
dev,endpoint,20261011,_de_raw,0.4286,evidence/t2_heart_extra_20261008/evaluation/dev_endpoint_s20261011.json,52034554f03aec10193cb09baa2c78a1de04218ef678f327eb63acc58fa28add,E9.5,unsubmitted control,"excluded: raw values vs skill, one server candidate, seed pseudoreplication"
dev,endpoint,20261011,_de_chance,0.4286,evidence/t2_heart_extra_20261008/evaluation/dev_endpoint_s20261011.json,52034554f03aec10193cb09baa2c78a1de04218ef678f327eb63acc58fa28add,E9.5,unsubmitted control,"excluded: raw values vs skill, one server candidate, seed pseudoreplication"
dev,endpoint,20261011,_n_up,36,evidence/t2_heart_extra_20261008/evaluation/dev_endpoint_s20261011.json,52034554f03aec10193cb09baa2c78a1de04218ef678f327eb63acc58fa28add,E9.5,unsubmitted control,"excluded: raw values vs skill, one server candidate, seed pseudoreplication"
dev,endpoint,20261011,_n_dn,90,evidence/t2_heart_extra_20261008/evaluation/dev_endpoint_s20261011.json,52034554f03aec10193cb09baa2c78a1de04218ef678f327eb63acc58fa28add,E9.5,unsubmitted control,"excluded: raw values vs skill, one server candidate, seed pseudoreplication"
dev,endpoint,20261011,_sw_flip_spread,0.00696,evidence/t2_heart_extra_20261008/evaluation/dev_endpoint_s20261011.json,52034554f03aec10193cb09baa2c78a1de04218ef678f327eb63acc58fa28add,E9.5,unsubmitted control,"excluded: raw values vs skill, one server candidate, seed pseudoreplication"
dev,endpoint,20261011,_dice_voxel_over_nn,12.0,evidence/t2_heart_extra_20261008/evaluation/dev_endpoint_s20261011.json,52034554f03aec10193cb09baa2c78a1de04218ef678f327eb63acc58fa28add,E9.5,unsubmitted control,"excluded: raw values vs skill, one server candidate, seed pseudoreplication"
dev,endpoint,20261019,de_score,0.0,evidence/t2_heart_extra_20261008/evaluation/dev_endpoint_s20261019.json,52034554f03aec10193cb09baa2c78a1de04218ef678f327eb63acc58fa28add,E9.5,unsubmitted control,"excluded: raw values vs skill, one server candidate, seed pseudoreplication"
dev,endpoint,20261019,de_direction,0.0372,evidence/t2_heart_extra_20261008/evaluation/dev_endpoint_s20261019.json,52034554f03aec10193cb09baa2c78a1de04218ef678f327eb63acc58fa28add,E9.5,unsubmitted control,"excluded: raw values vs skill, one server candidate, seed pseudoreplication"
dev,endpoint,20261019,energy_distance,2.34673,evidence/t2_heart_extra_20261008/evaluation/dev_endpoint_s20261019.json,52034554f03aec10193cb09baa2c78a1de04218ef678f327eb63acc58fa28add,E9.5,unsubmitted control,"excluded: raw values vs skill, one server candidate, seed pseudoreplication"
dev,endpoint,20261019,mmd_u,0.06102,evidence/t2_heart_extra_20261008/evaluation/dev_endpoint_s20261019.json,52034554f03aec10193cb09baa2c78a1de04218ef678f327eb63acc58fa28add,E9.5,unsubmitted control,"excluded: raw values vs skill, one server candidate, seed pseudoreplication"
dev,endpoint,20261019,variogram,0.049302,evidence/t2_heart_extra_20261008/evaluation/dev_endpoint_s20261019.json,52034554f03aec10193cb09baa2c78a1de04218ef678f327eb63acc58fa28add,E9.5,unsubmitted control,"excluded: raw values vs skill, one server candidate, seed pseudoreplication"
dev,endpoint,20261019,d2_shape,0.05002,evidence/t2_heart_extra_20261008/evaluation/dev_endpoint_s20261019.json,52034554f03aec10193cb09baa2c78a1de04218ef678f327eb63acc58fa28add,E9.5,unsubmitted control,"excluded: raw values vs skill, one server candidate, seed pseudoreplication"
dev,endpoint,20261019,sliced_wasserstein,0.05653,evidence/t2_heart_extra_20261008/evaluation/dev_endpoint_s20261019.json,52034554f03aec10193cb09baa2c78a1de04218ef678f327eb63acc58fa28add,E9.5,unsubmitted control,"excluded: raw values vs skill, one server candidate, seed pseudoreplication"
dev,endpoint,20261019,occupancy_dice,0.8088,evidence/t2_heart_extra_20261008/evaluation/dev_endpoint_s20261019.json,52034554f03aec10193cb09baa2c78a1de04218ef678f327eb63acc58fa28add,E9.5,unsubmitted control,"excluded: raw values vs skill, one server candidate, seed pseudoreplication"
dev,endpoint,20261019,scale_log_ratio,-0.4348,evidence/t2_heart_extra_20261008/evaluation/dev_endpoint_s20261019.json,52034554f03aec10193cb09baa2c78a1de04218ef678f327eb63acc58fa28add,E9.5,unsubmitted control,"excluded: raw values vs skill, one server candidate, seed pseudoreplication"
dev,endpoint,20261019,count_log_ratio,-0.0792,evidence/t2_heart_extra_20261008/evaluation/dev_endpoint_s20261019.json,52034554f03aec10193cb09baa2c78a1de04218ef678f327eb63acc58fa28add,E9.5,unsubmitted control,"excluded: raw values vs skill, one server candidate, seed pseudoreplication"
dev,endpoint,20261019,neighborhood_mmd,0.09922,evidence/t2_heart_extra_20261008/evaluation/dev_endpoint_s20261019.json,52034554f03aec10193cb09baa2c78a1de04218ef678f327eb63acc58fa28add,E9.5,unsubmitted control,"excluded: raw values vs skill, one server candidate, seed pseudoreplication"
dev,endpoint,20261019,pb_rel_err,0.5142,evidence/t2_heart_extra_20261008/evaluation/dev_endpoint_s20261019.json,52034554f03aec10193cb09baa2c78a1de04218ef678f327eb63acc58fa28add,E9.5,unsubmitted control,"excluded: raw values vs skill, one server candidate, seed pseudoreplication"
dev,endpoint,20261019,library_size_ratio,1.0,evidence/t2_heart_extra_20261008/evaluation/dev_endpoint_s20261019.json,52034554f03aec10193cb09baa2c78a1de04218ef678f327eb63acc58fa28add,E9.5,unsubmitted control,"excluded: raw values vs skill, one server candidate, seed pseudoreplication"
dev,endpoint,20261019,variance_ratio,0.812,evidence/t2_heart_extra_20261008/evaluation/dev_endpoint_s20261019.json,52034554f03aec10193cb09baa2c78a1de04218ef678f327eb63acc58fa28add,E9.5,unsubmitted control,"excluded: raw values vs skill, one server candidate, seed pseudoreplication"
dev,endpoint,20261019,composition_JSD,0.1143,evidence/t2_heart_extra_20261008/evaluation/dev_endpoint_s20261019.json,52034554f03aec10193cb09baa2c78a1de04218ef678f327eb63acc58fa28add,E9.5,unsubmitted control,"excluded: raw values vs skill, one server candidate, seed pseudoreplication"
dev,endpoint,20261019,pseudobulk_pearson,0.8068,evidence/t2_heart_extra_20261008/evaluation/dev_endpoint_s20261019.json,52034554f03aec10193cb09baa2c78a1de04218ef678f327eb63acc58fa28add,E9.5,unsubmitted control,"excluded: raw values vs skill, one server candidate, seed pseudoreplication"
dev,endpoint,20261019,morans_I_agreement,0.6768,evidence/t2_heart_extra_20261008/evaluation/dev_endpoint_s20261019.json,52034554f03aec10193cb09baa2c78a1de04218ef678f327eb63acc58fa28add,E9.5,unsubmitted control,"excluded: raw values vs skill, one server candidate, seed pseudoreplication"
dev,endpoint,20261019,_de_raw,0.4286,evidence/t2_heart_extra_20261008/evaluation/dev_endpoint_s20261019.json,52034554f03aec10193cb09baa2c78a1de04218ef678f327eb63acc58fa28add,E9.5,unsubmitted control,"excluded: raw values vs skill, one server candidate, seed pseudoreplication"
dev,endpoint,20261019,_de_chance,0.4286,evidence/t2_heart_extra_20261008/evaluation/dev_endpoint_s20261019.json,52034554f03aec10193cb09baa2c78a1de04218ef678f327eb63acc58fa28add,E9.5,unsubmitted control,"excluded: raw values vs skill, one server candidate, seed pseudoreplication"
dev,endpoint,20261019,_n_up,36,evidence/t2_heart_extra_20261008/evaluation/dev_endpoint_s20261019.json,52034554f03aec10193cb09baa2c78a1de04218ef678f327eb63acc58fa28add,E9.5,unsubmitted control,"excluded: raw values vs skill, one server candidate, seed pseudoreplication"
dev,endpoint,20261019,_n_dn,90,evidence/t2_heart_extra_20261008/evaluation/dev_endpoint_s20261019.json,52034554f03aec10193cb09baa2c78a1de04218ef678f327eb63acc58fa28add,E9.5,unsubmitted control,"excluded: raw values vs skill, one server candidate, seed pseudoreplication"
dev,endpoint,20261019,_sw_flip_spread,0.00496,evidence/t2_heart_extra_20261008/evaluation/dev_endpoint_s20261019.json,52034554f03aec10193cb09baa2c78a1de04218ef678f327eb63acc58fa28add,E9.5,unsubmitted control,"excluded: raw values vs skill, one server candidate, seed pseudoreplication"
dev,endpoint,20261019,_dice_voxel_over_nn,11.9,evidence/t2_heart_extra_20261008/evaluation/dev_endpoint_s20261019.json,52034554f03aec10193cb09baa2c78a1de04218ef678f327eb63acc58fa28add,E9.5,unsubmitted control,"excluded: raw values vs skill, one server candidate, seed pseudoreplication"
dev,go,20261003,de_score,0.0,evidence/t2_heart_extra_20261008/evaluation/dev_go_s20261003.json,52034554f03aec10193cb09baa2c78a1de04218ef678f327eb63acc58fa28add,E9.5,unsubmitted control,"excluded: raw values vs skill, one server candidate, seed pseudoreplication"
dev,go,20261003,de_direction,0.0418,evidence/t2_heart_extra_20261008/evaluation/dev_go_s20261003.json,52034554f03aec10193cb09baa2c78a1de04218ef678f327eb63acc58fa28add,E9.5,unsubmitted control,"excluded: raw values vs skill, one server candidate, seed pseudoreplication"
dev,go,20261003,energy_distance,2.21465,evidence/t2_heart_extra_20261008/evaluation/dev_go_s20261003.json,52034554f03aec10193cb09baa2c78a1de04218ef678f327eb63acc58fa28add,E9.5,unsubmitted control,"excluded: raw values vs skill, one server candidate, seed pseudoreplication"
dev,go,20261003,mmd_u,0.05793,evidence/t2_heart_extra_20261008/evaluation/dev_go_s20261003.json,52034554f03aec10193cb09baa2c78a1de04218ef678f327eb63acc58fa28add,E9.5,unsubmitted control,"excluded: raw values vs skill, one server candidate, seed pseudoreplication"
dev,go,20261003,variogram,0.050187,evidence/t2_heart_extra_20261008/evaluation/dev_go_s20261003.json,52034554f03aec10193cb09baa2c78a1de04218ef678f327eb63acc58fa28add,E9.5,unsubmitted control,"excluded: raw values vs skill, one server candidate, seed pseudoreplication"
dev,go,20261003,d2_shape,0.05134,evidence/t2_heart_extra_20261008/evaluation/dev_go_s20261003.json,52034554f03aec10193cb09baa2c78a1de04218ef678f327eb63acc58fa28add,E9.5,unsubmitted control,"excluded: raw values vs skill, one server candidate, seed pseudoreplication"
dev,go,20261003,sliced_wasserstein,0.05597,evidence/t2_heart_extra_20261008/evaluation/dev_go_s20261003.json,52034554f03aec10193cb09baa2c78a1de04218ef678f327eb63acc58fa28add,E9.5,unsubmitted control,"excluded: raw values vs skill, one server candidate, seed pseudoreplication"
dev,go,20261003,occupancy_dice,0.8158,evidence/t2_heart_extra_20261008/evaluation/dev_go_s20261003.json,52034554f03aec10193cb09baa2c78a1de04218ef678f327eb63acc58fa28add,E9.5,unsubmitted control,"excluded: raw values vs skill, one server candidate, seed pseudoreplication"
dev,go,20261003,scale_log_ratio,-0.4348,evidence/t2_heart_extra_20261008/evaluation/dev_go_s20261003.json,52034554f03aec10193cb09baa2c78a1de04218ef678f327eb63acc58fa28add,E9.5,unsubmitted control,"excluded: raw values vs skill, one server candidate, seed pseudoreplication"
dev,go,20261003,count_log_ratio,-0.0792,evidence/t2_heart_extra_20261008/evaluation/dev_go_s20261003.json,52034554f03aec10193cb09baa2c78a1de04218ef678f327eb63acc58fa28add,E9.5,unsubmitted control,"excluded: raw values vs skill, one server candidate, seed pseudoreplication"
dev,go,20261003,neighborhood_mmd,0.09785,evidence/t2_heart_extra_20261008/evaluation/dev_go_s20261003.json,52034554f03aec10193cb09baa2c78a1de04218ef678f327eb63acc58fa28add,E9.5,unsubmitted control,"excluded: raw values vs skill, one server candidate, seed pseudoreplication"
dev,go,20261003,pb_rel_err,0.5105,evidence/t2_heart_extra_20261008/evaluation/dev_go_s20261003.json,52034554f03aec10193cb09baa2c78a1de04218ef678f327eb63acc58fa28add,E9.5,unsubmitted control,"excluded: raw values vs skill, one server candidate, seed pseudoreplication"
dev,go,20261003,library_size_ratio,1.0,evidence/t2_heart_extra_20261008/evaluation/dev_go_s20261003.json,52034554f03aec10193cb09baa2c78a1de04218ef678f327eb63acc58fa28add,E9.5,unsubmitted control,"excluded: raw values vs skill, one server candidate, seed pseudoreplication"
dev,go,20261003,variance_ratio,0.817,evidence/t2_heart_extra_20261008/evaluation/dev_go_s20261003.json,52034554f03aec10193cb09baa2c78a1de04218ef678f327eb63acc58fa28add,E9.5,unsubmitted control,"excluded: raw values vs skill, one server candidate, seed pseudoreplication"
dev,go,20261003,composition_JSD,0.1136,evidence/t2_heart_extra_20261008/evaluation/dev_go_s20261003.json,52034554f03aec10193cb09baa2c78a1de04218ef678f327eb63acc58fa28add,E9.5,unsubmitted control,"excluded: raw values vs skill, one server candidate, seed pseudoreplication"
dev,go,20261003,pseudobulk_pearson,0.8102,evidence/t2_heart_extra_20261008/evaluation/dev_go_s20261003.json,52034554f03aec10193cb09baa2c78a1de04218ef678f327eb63acc58fa28add,E9.5,unsubmitted control,"excluded: raw values vs skill, one server candidate, seed pseudoreplication"
dev,go,20261003,morans_I_agreement,0.6855,evidence/t2_heart_extra_20261008/evaluation/dev_go_s20261003.json,52034554f03aec10193cb09baa2c78a1de04218ef678f327eb63acc58fa28add,E9.5,unsubmitted control,"excluded: raw values vs skill, one server candidate, seed pseudoreplication"
dev,go,20261003,_de_raw,0.4286,evidence/t2_heart_extra_20261008/evaluation/dev_go_s20261003.json,52034554f03aec10193cb09baa2c78a1de04218ef678f327eb63acc58fa28add,E9.5,unsubmitted control,"excluded: raw values vs skill, one server candidate, seed pseudoreplication"
dev,go,20261003,_de_chance,0.4286,evidence/t2_heart_extra_20261008/evaluation/dev_go_s20261003.json,52034554f03aec10193cb09baa2c78a1de04218ef678f327eb63acc58fa28add,E9.5,unsubmitted control,"excluded: raw values vs skill, one server candidate, seed pseudoreplication"
dev,go,20261003,_n_up,36,evidence/t2_heart_extra_20261008/evaluation/dev_go_s20261003.json,52034554f03aec10193cb09baa2c78a1de04218ef678f327eb63acc58fa28add,E9.5,unsubmitted control,"excluded: raw values vs skill, one server candidate, seed pseudoreplication"
dev,go,20261003,_n_dn,90,evidence/t2_heart_extra_20261008/evaluation/dev_go_s20261003.json,52034554f03aec10193cb09baa2c78a1de04218ef678f327eb63acc58fa28add,E9.5,unsubmitted control,"excluded: raw values vs skill, one server candidate, seed pseudoreplication"
dev,go,20261003,_sw_flip_spread,0.00494,evidence/t2_heart_extra_20261008/evaluation/dev_go_s20261003.json,52034554f03aec10193cb09baa2c78a1de04218ef678f327eb63acc58fa28add,E9.5,unsubmitted control,"excluded: raw values vs skill, one server candidate, seed pseudoreplication"
dev,go,20261003,_dice_voxel_over_nn,11.9,evidence/t2_heart_extra_20261008/evaluation/dev_go_s20261003.json,52034554f03aec10193cb09baa2c78a1de04218ef678f327eb63acc58fa28add,E9.5,unsubmitted control,"excluded: raw values vs skill, one server candidate, seed pseudoreplication"
dev,go,20261011,de_score,0.0,evidence/t2_heart_extra_20261008/evaluation/dev_go_s20261011.json,52034554f03aec10193cb09baa2c78a1de04218ef678f327eb63acc58fa28add,E9.5,unsubmitted control,"excluded: raw values vs skill, one server candidate, seed pseudoreplication"
dev,go,20261011,de_direction,0.0418,evidence/t2_heart_extra_20261008/evaluation/dev_go_s20261011.json,52034554f03aec10193cb09baa2c78a1de04218ef678f327eb63acc58fa28add,E9.5,unsubmitted control,"excluded: raw values vs skill, one server candidate, seed pseudoreplication"
dev,go,20261011,energy_distance,2.44571,evidence/t2_heart_extra_20261008/evaluation/dev_go_s20261011.json,52034554f03aec10193cb09baa2c78a1de04218ef678f327eb63acc58fa28add,E9.5,unsubmitted control,"excluded: raw values vs skill, one server candidate, seed pseudoreplication"
dev,go,20261011,mmd_u,0.06347,evidence/t2_heart_extra_20261008/evaluation/dev_go_s20261011.json,52034554f03aec10193cb09baa2c78a1de04218ef678f327eb63acc58fa28add,E9.5,unsubmitted control,"excluded: raw values vs skill, one server candidate, seed pseudoreplication"
dev,go,20261011,variogram,0.054923,evidence/t2_heart_extra_20261008/evaluation/dev_go_s20261011.json,52034554f03aec10193cb09baa2c78a1de04218ef678f327eb63acc58fa28add,E9.5,unsubmitted control,"excluded: raw values vs skill, one server candidate, seed pseudoreplication"
dev,go,20261011,d2_shape,0.05411,evidence/t2_heart_extra_20261008/evaluation/dev_go_s20261011.json,52034554f03aec10193cb09baa2c78a1de04218ef678f327eb63acc58fa28add,E9.5,unsubmitted control,"excluded: raw values vs skill, one server candidate, seed pseudoreplication"
dev,go,20261011,sliced_wasserstein,0.05703,evidence/t2_heart_extra_20261008/evaluation/dev_go_s20261011.json,52034554f03aec10193cb09baa2c78a1de04218ef678f327eb63acc58fa28add,E9.5,unsubmitted control,"excluded: raw values vs skill, one server candidate, seed pseudoreplication"
dev,go,20261011,occupancy_dice,0.8142,evidence/t2_heart_extra_20261008/evaluation/dev_go_s20261011.json,52034554f03aec10193cb09baa2c78a1de04218ef678f327eb63acc58fa28add,E9.5,unsubmitted control,"excluded: raw values vs skill, one server candidate, seed pseudoreplication"
dev,go,20261011,scale_log_ratio,-0.4348,evidence/t2_heart_extra_20261008/evaluation/dev_go_s20261011.json,52034554f03aec10193cb09baa2c78a1de04218ef678f327eb63acc58fa28add,E9.5,unsubmitted control,"excluded: raw values vs skill, one server candidate, seed pseudoreplication"
dev,go,20261011,count_log_ratio,-0.0792,evidence/t2_heart_extra_20261008/evaluation/dev_go_s20261011.json,52034554f03aec10193cb09baa2c78a1de04218ef678f327eb63acc58fa28add,E9.5,unsubmitted control,"excluded: raw values vs skill, one server candidate, seed pseudoreplication"
dev,go,20261011,neighborhood_mmd,0.09785,evidence/t2_heart_extra_20261008/evaluation/dev_go_s20261011.json,52034554f03aec10193cb09baa2c78a1de04218ef678f327eb63acc58fa28add,E9.5,unsubmitted control,"excluded: raw values vs skill, one server candidate, seed pseudoreplication"
dev,go,20261011,pb_rel_err,0.5105,evidence/t2_heart_extra_20261008/evaluation/dev_go_s20261011.json,52034554f03aec10193cb09baa2c78a1de04218ef678f327eb63acc58fa28add,E9.5,unsubmitted control,"excluded: raw values vs skill, one server candidate, seed pseudoreplication"
dev,go,20261011,library_size_ratio,1.0,evidence/t2_heart_extra_20261008/evaluation/dev_go_s20261011.json,52034554f03aec10193cb09baa2c78a1de04218ef678f327eb63acc58fa28add,E9.5,unsubmitted control,"excluded: raw values vs skill, one server candidate, seed pseudoreplication"
dev,go,20261011,variance_ratio,0.817,evidence/t2_heart_extra_20261008/evaluation/dev_go_s20261011.json,52034554f03aec10193cb09baa2c78a1de04218ef678f327eb63acc58fa28add,E9.5,unsubmitted control,"excluded: raw values vs skill, one server candidate, seed pseudoreplication"
dev,go,20261011,composition_JSD,0.1136,evidence/t2_heart_extra_20261008/evaluation/dev_go_s20261011.json,52034554f03aec10193cb09baa2c78a1de04218ef678f327eb63acc58fa28add,E9.5,unsubmitted control,"excluded: raw values vs skill, one server candidate, seed pseudoreplication"
dev,go,20261011,pseudobulk_pearson,0.8102,evidence/t2_heart_extra_20261008/evaluation/dev_go_s20261011.json,52034554f03aec10193cb09baa2c78a1de04218ef678f327eb63acc58fa28add,E9.5,unsubmitted control,"excluded: raw values vs skill, one server candidate, seed pseudoreplication"
dev,go,20261011,morans_I_agreement,0.6855,evidence/t2_heart_extra_20261008/evaluation/dev_go_s20261011.json,52034554f03aec10193cb09baa2c78a1de04218ef678f327eb63acc58fa28add,E9.5,unsubmitted control,"excluded: raw values vs skill, one server candidate, seed pseudoreplication"
dev,go,20261011,_de_raw,0.4286,evidence/t2_heart_extra_20261008/evaluation/dev_go_s20261011.json,52034554f03aec10193cb09baa2c78a1de04218ef678f327eb63acc58fa28add,E9.5,unsubmitted control,"excluded: raw values vs skill, one server candidate, seed pseudoreplication"
dev,go,20261011,_de_chance,0.4286,evidence/t2_heart_extra_20261008/evaluation/dev_go_s20261011.json,52034554f03aec10193cb09baa2c78a1de04218ef678f327eb63acc58fa28add,E9.5,unsubmitted control,"excluded: raw values vs skill, one server candidate, seed pseudoreplication"
dev,go,20261011,_n_up,36,evidence/t2_heart_extra_20261008/evaluation/dev_go_s20261011.json,52034554f03aec10193cb09baa2c78a1de04218ef678f327eb63acc58fa28add,E9.5,unsubmitted control,"excluded: raw values vs skill, one server candidate, seed pseudoreplication"
dev,go,20261011,_n_dn,90,evidence/t2_heart_extra_20261008/evaluation/dev_go_s20261011.json,52034554f03aec10193cb09baa2c78a1de04218ef678f327eb63acc58fa28add,E9.5,unsubmitted control,"excluded: raw values vs skill, one server candidate, seed pseudoreplication"
dev,go,20261011,_sw_flip_spread,0.00696,evidence/t2_heart_extra_20261008/evaluation/dev_go_s20261011.json,52034554f03aec10193cb09baa2c78a1de04218ef678f327eb63acc58fa28add,E9.5,unsubmitted control,"excluded: raw values vs skill, one server candidate, seed pseudoreplication"
dev,go,20261011,_dice_voxel_over_nn,12.0,evidence/t2_heart_extra_20261008/evaluation/dev_go_s20261011.json,52034554f03aec10193cb09baa2c78a1de04218ef678f327eb63acc58fa28add,E9.5,unsubmitted control,"excluded: raw values vs skill, one server candidate, seed pseudoreplication"
dev,go,20261019,de_score,0.0,evidence/t2_heart_extra_20261008/evaluation/dev_go_s20261019.json,52034554f03aec10193cb09baa2c78a1de04218ef678f327eb63acc58fa28add,E9.5,unsubmitted control,"excluded: raw values vs skill, one server candidate, seed pseudoreplication"
dev,go,20261019,de_direction,0.0418,evidence/t2_heart_extra_20261008/evaluation/dev_go_s20261019.json,52034554f03aec10193cb09baa2c78a1de04218ef678f327eb63acc58fa28add,E9.5,unsubmitted control,"excluded: raw values vs skill, one server candidate, seed pseudoreplication"
dev,go,20261019,energy_distance,2.31667,evidence/t2_heart_extra_20261008/evaluation/dev_go_s20261019.json,52034554f03aec10193cb09baa2c78a1de04218ef678f327eb63acc58fa28add,E9.5,unsubmitted control,"excluded: raw values vs skill, one server candidate, seed pseudoreplication"
dev,go,20261019,mmd_u,0.06029,evidence/t2_heart_extra_20261008/evaluation/dev_go_s20261019.json,52034554f03aec10193cb09baa2c78a1de04218ef678f327eb63acc58fa28add,E9.5,unsubmitted control,"excluded: raw values vs skill, one server candidate, seed pseudoreplication"
dev,go,20261019,variogram,0.053784,evidence/t2_heart_extra_20261008/evaluation/dev_go_s20261019.json,52034554f03aec10193cb09baa2c78a1de04218ef678f327eb63acc58fa28add,E9.5,unsubmitted control,"excluded: raw values vs skill, one server candidate, seed pseudoreplication"
dev,go,20261019,d2_shape,0.05002,evidence/t2_heart_extra_20261008/evaluation/dev_go_s20261019.json,52034554f03aec10193cb09baa2c78a1de04218ef678f327eb63acc58fa28add,E9.5,unsubmitted control,"excluded: raw values vs skill, one server candidate, seed pseudoreplication"
dev,go,20261019,sliced_wasserstein,0.05653,evidence/t2_heart_extra_20261008/evaluation/dev_go_s20261019.json,52034554f03aec10193cb09baa2c78a1de04218ef678f327eb63acc58fa28add,E9.5,unsubmitted control,"excluded: raw values vs skill, one server candidate, seed pseudoreplication"
dev,go,20261019,occupancy_dice,0.8088,evidence/t2_heart_extra_20261008/evaluation/dev_go_s20261019.json,52034554f03aec10193cb09baa2c78a1de04218ef678f327eb63acc58fa28add,E9.5,unsubmitted control,"excluded: raw values vs skill, one server candidate, seed pseudoreplication"
dev,go,20261019,scale_log_ratio,-0.4348,evidence/t2_heart_extra_20261008/evaluation/dev_go_s20261019.json,52034554f03aec10193cb09baa2c78a1de04218ef678f327eb63acc58fa28add,E9.5,unsubmitted control,"excluded: raw values vs skill, one server candidate, seed pseudoreplication"
dev,go,20261019,count_log_ratio,-0.0792,evidence/t2_heart_extra_20261008/evaluation/dev_go_s20261019.json,52034554f03aec10193cb09baa2c78a1de04218ef678f327eb63acc58fa28add,E9.5,unsubmitted control,"excluded: raw values vs skill, one server candidate, seed pseudoreplication"
dev,go,20261019,neighborhood_mmd,0.09785,evidence/t2_heart_extra_20261008/evaluation/dev_go_s20261019.json,52034554f03aec10193cb09baa2c78a1de04218ef678f327eb63acc58fa28add,E9.5,unsubmitted control,"excluded: raw values vs skill, one server candidate, seed pseudoreplication"
dev,go,20261019,pb_rel_err,0.5105,evidence/t2_heart_extra_20261008/evaluation/dev_go_s20261019.json,52034554f03aec10193cb09baa2c78a1de04218ef678f327eb63acc58fa28add,E9.5,unsubmitted control,"excluded: raw values vs skill, one server candidate, seed pseudoreplication"
dev,go,20261019,library_size_ratio,1.0,evidence/t2_heart_extra_20261008/evaluation/dev_go_s20261019.json,52034554f03aec10193cb09baa2c78a1de04218ef678f327eb63acc58fa28add,E9.5,unsubmitted control,"excluded: raw values vs skill, one server candidate, seed pseudoreplication"
dev,go,20261019,variance_ratio,0.817,evidence/t2_heart_extra_20261008/evaluation/dev_go_s20261019.json,52034554f03aec10193cb09baa2c78a1de04218ef678f327eb63acc58fa28add,E9.5,unsubmitted control,"excluded: raw values vs skill, one server candidate, seed pseudoreplication"
dev,go,20261019,composition_JSD,0.1136,evidence/t2_heart_extra_20261008/evaluation/dev_go_s20261019.json,52034554f03aec10193cb09baa2c78a1de04218ef678f327eb63acc58fa28add,E9.5,unsubmitted control,"excluded: raw values vs skill, one server candidate, seed pseudoreplication"
dev,go,20261019,pseudobulk_pearson,0.8102,evidence/t2_heart_extra_20261008/evaluation/dev_go_s20261019.json,52034554f03aec10193cb09baa2c78a1de04218ef678f327eb63acc58fa28add,E9.5,unsubmitted control,"excluded: raw values vs skill, one server candidate, seed pseudoreplication"
dev,go,20261019,morans_I_agreement,0.6855,evidence/t2_heart_extra_20261008/evaluation/dev_go_s20261019.json,52034554f03aec10193cb09baa2c78a1de04218ef678f327eb63acc58fa28add,E9.5,unsubmitted control,"excluded: raw values vs skill, one server candidate, seed pseudoreplication"
dev,go,20261019,_de_raw,0.4286,evidence/t2_heart_extra_20261008/evaluation/dev_go_s20261019.json,52034554f03aec10193cb09baa2c78a1de04218ef678f327eb63acc58fa28add,E9.5,unsubmitted control,"excluded: raw values vs skill, one server candidate, seed pseudoreplication"
dev,go,20261019,_de_chance,0.4286,evidence/t2_heart_extra_20261008/evaluation/dev_go_s20261019.json,52034554f03aec10193cb09baa2c78a1de04218ef678f327eb63acc58fa28add,E9.5,unsubmitted control,"excluded: raw values vs skill, one server candidate, seed pseudoreplication"
dev,go,20261019,_n_up,36,evidence/t2_heart_extra_20261008/evaluation/dev_go_s20261019.json,52034554f03aec10193cb09baa2c78a1de04218ef678f327eb63acc58fa28add,E9.5,unsubmitted control,"excluded: raw values vs skill, one server candidate, seed pseudoreplication"
dev,go,20261019,_n_dn,90,evidence/t2_heart_extra_20261008/evaluation/dev_go_s20261019.json,52034554f03aec10193cb09baa2c78a1de04218ef678f327eb63acc58fa28add,E9.5,unsubmitted control,"excluded: raw values vs skill, one server candidate, seed pseudoreplication"
dev,go,20261019,_sw_flip_spread,0.00496,evidence/t2_heart_extra_20261008/evaluation/dev_go_s20261019.json,52034554f03aec10193cb09baa2c78a1de04218ef678f327eb63acc58fa28add,E9.5,unsubmitted control,"excluded: raw values vs skill, one server candidate, seed pseudoreplication"
dev,go,20261019,_dice_voxel_over_nn,11.9,evidence/t2_heart_extra_20261008/evaluation/dev_go_s20261019.json,52034554f03aec10193cb09baa2c78a1de04218ef678f327eb63acc58fa28add,E9.5,unsubmitted control,"excluded: raw values vs skill, one server candidate, seed pseudoreplication"
dev,graph,20261003,de_score,0.0139,evidence/t2_heart_extra_20261008/evaluation/dev_graph_s20261003.json,52034554f03aec10193cb09baa2c78a1de04218ef678f327eb63acc58fa28add,E9.5,unsubmitted control,"excluded: raw values vs skill, one server candidate, seed pseudoreplication"
dev,graph,20261003,de_direction,0.0477,evidence/t2_heart_extra_20261008/evaluation/dev_graph_s20261003.json,52034554f03aec10193cb09baa2c78a1de04218ef678f327eb63acc58fa28add,E9.5,unsubmitted control,"excluded: raw values vs skill, one server candidate, seed pseudoreplication"
dev,graph,20261003,energy_distance,2.20322,evidence/t2_heart_extra_20261008/evaluation/dev_graph_s20261003.json,52034554f03aec10193cb09baa2c78a1de04218ef678f327eb63acc58fa28add,E9.5,unsubmitted control,"excluded: raw values vs skill, one server candidate, seed pseudoreplication"
dev,graph,20261003,mmd_u,0.05757,evidence/t2_heart_extra_20261008/evaluation/dev_graph_s20261003.json,52034554f03aec10193cb09baa2c78a1de04218ef678f327eb63acc58fa28add,E9.5,unsubmitted control,"excluded: raw values vs skill, one server candidate, seed pseudoreplication"
dev,graph,20261003,variogram,0.046454,evidence/t2_heart_extra_20261008/evaluation/dev_graph_s20261003.json,52034554f03aec10193cb09baa2c78a1de04218ef678f327eb63acc58fa28add,E9.5,unsubmitted control,"excluded: raw values vs skill, one server candidate, seed pseudoreplication"
dev,graph,20261003,d2_shape,0.05134,evidence/t2_heart_extra_20261008/evaluation/dev_graph_s20261003.json,52034554f03aec10193cb09baa2c78a1de04218ef678f327eb63acc58fa28add,E9.5,unsubmitted control,"excluded: raw values vs skill, one server candidate, seed pseudoreplication"
dev,graph,20261003,sliced_wasserstein,0.05597,evidence/t2_heart_extra_20261008/evaluation/dev_graph_s20261003.json,52034554f03aec10193cb09baa2c78a1de04218ef678f327eb63acc58fa28add,E9.5,unsubmitted control,"excluded: raw values vs skill, one server candidate, seed pseudoreplication"
dev,graph,20261003,occupancy_dice,0.8158,evidence/t2_heart_extra_20261008/evaluation/dev_graph_s20261003.json,52034554f03aec10193cb09baa2c78a1de04218ef678f327eb63acc58fa28add,E9.5,unsubmitted control,"excluded: raw values vs skill, one server candidate, seed pseudoreplication"
dev,graph,20261003,scale_log_ratio,-0.4348,evidence/t2_heart_extra_20261008/evaluation/dev_graph_s20261003.json,52034554f03aec10193cb09baa2c78a1de04218ef678f327eb63acc58fa28add,E9.5,unsubmitted control,"excluded: raw values vs skill, one server candidate, seed pseudoreplication"
dev,graph,20261003,count_log_ratio,-0.0792,evidence/t2_heart_extra_20261008/evaluation/dev_graph_s20261003.json,52034554f03aec10193cb09baa2c78a1de04218ef678f327eb63acc58fa28add,E9.5,unsubmitted control,"excluded: raw values vs skill, one server candidate, seed pseudoreplication"
dev,graph,20261003,neighborhood_mmd,0.09778,evidence/t2_heart_extra_20261008/evaluation/dev_graph_s20261003.json,52034554f03aec10193cb09baa2c78a1de04218ef678f327eb63acc58fa28add,E9.5,unsubmitted control,"excluded: raw values vs skill, one server candidate, seed pseudoreplication"
dev,graph,20261003,pb_rel_err,0.5123,evidence/t2_heart_extra_20261008/evaluation/dev_graph_s20261003.json,52034554f03aec10193cb09baa2c78a1de04218ef678f327eb63acc58fa28add,E9.5,unsubmitted control,"excluded: raw values vs skill, one server candidate, seed pseudoreplication"
dev,graph,20261003,library_size_ratio,1.0,evidence/t2_heart_extra_20261008/evaluation/dev_graph_s20261003.json,52034554f03aec10193cb09baa2c78a1de04218ef678f327eb63acc58fa28add,E9.5,unsubmitted control,"excluded: raw values vs skill, one server candidate, seed pseudoreplication"
dev,graph,20261003,variance_ratio,0.833,evidence/t2_heart_extra_20261008/evaluation/dev_graph_s20261003.json,52034554f03aec10193cb09baa2c78a1de04218ef678f327eb63acc58fa28add,E9.5,unsubmitted control,"excluded: raw values vs skill, one server candidate, seed pseudoreplication"
dev,graph,20261003,composition_JSD,0.1133,evidence/t2_heart_extra_20261008/evaluation/dev_graph_s20261003.json,52034554f03aec10193cb09baa2c78a1de04218ef678f327eb63acc58fa28add,E9.5,unsubmitted control,"excluded: raw values vs skill, one server candidate, seed pseudoreplication"
dev,graph,20261003,pseudobulk_pearson,0.8097,evidence/t2_heart_extra_20261008/evaluation/dev_graph_s20261003.json,52034554f03aec10193cb09baa2c78a1de04218ef678f327eb63acc58fa28add,E9.5,unsubmitted control,"excluded: raw values vs skill, one server candidate, seed pseudoreplication"
dev,graph,20261003,morans_I_agreement,0.6844,evidence/t2_heart_extra_20261008/evaluation/dev_graph_s20261003.json,52034554f03aec10193cb09baa2c78a1de04218ef678f327eb63acc58fa28add,E9.5,unsubmitted control,"excluded: raw values vs skill, one server candidate, seed pseudoreplication"
dev,graph,20261003,_de_raw,0.4365,evidence/t2_heart_extra_20261008/evaluation/dev_graph_s20261003.json,52034554f03aec10193cb09baa2c78a1de04218ef678f327eb63acc58fa28add,E9.5,unsubmitted control,"excluded: raw values vs skill, one server candidate, seed pseudoreplication"
dev,graph,20261003,_de_chance,0.4286,evidence/t2_heart_extra_20261008/evaluation/dev_graph_s20261003.json,52034554f03aec10193cb09baa2c78a1de04218ef678f327eb63acc58fa28add,E9.5,unsubmitted control,"excluded: raw values vs skill, one server candidate, seed pseudoreplication"
dev,graph,20261003,_n_up,36,evidence/t2_heart_extra_20261008/evaluation/dev_graph_s20261003.json,52034554f03aec10193cb09baa2c78a1de04218ef678f327eb63acc58fa28add,E9.5,unsubmitted control,"excluded: raw values vs skill, one server candidate, seed pseudoreplication"
dev,graph,20261003,_n_dn,90,evidence/t2_heart_extra_20261008/evaluation/dev_graph_s20261003.json,52034554f03aec10193cb09baa2c78a1de04218ef678f327eb63acc58fa28add,E9.5,unsubmitted control,"excluded: raw values vs skill, one server candidate, seed pseudoreplication"
dev,graph,20261003,_sw_flip_spread,0.00494,evidence/t2_heart_extra_20261008/evaluation/dev_graph_s20261003.json,52034554f03aec10193cb09baa2c78a1de04218ef678f327eb63acc58fa28add,E9.5,unsubmitted control,"excluded: raw values vs skill, one server candidate, seed pseudoreplication"
dev,graph,20261003,_dice_voxel_over_nn,11.9,evidence/t2_heart_extra_20261008/evaluation/dev_graph_s20261003.json,52034554f03aec10193cb09baa2c78a1de04218ef678f327eb63acc58fa28add,E9.5,unsubmitted control,"excluded: raw values vs skill, one server candidate, seed pseudoreplication"
dev,graph,20261011,de_score,0.0139,evidence/t2_heart_extra_20261008/evaluation/dev_graph_s20261011.json,52034554f03aec10193cb09baa2c78a1de04218ef678f327eb63acc58fa28add,E9.5,unsubmitted control,"excluded: raw values vs skill, one server candidate, seed pseudoreplication"
dev,graph,20261011,de_direction,0.0477,evidence/t2_heart_extra_20261008/evaluation/dev_graph_s20261011.json,52034554f03aec10193cb09baa2c78a1de04218ef678f327eb63acc58fa28add,E9.5,unsubmitted control,"excluded: raw values vs skill, one server candidate, seed pseudoreplication"
dev,graph,20261011,energy_distance,2.42995,evidence/t2_heart_extra_20261008/evaluation/dev_graph_s20261011.json,52034554f03aec10193cb09baa2c78a1de04218ef678f327eb63acc58fa28add,E9.5,unsubmitted control,"excluded: raw values vs skill, one server candidate, seed pseudoreplication"
dev,graph,20261011,mmd_u,0.06291,evidence/t2_heart_extra_20261008/evaluation/dev_graph_s20261011.json,52034554f03aec10193cb09baa2c78a1de04218ef678f327eb63acc58fa28add,E9.5,unsubmitted control,"excluded: raw values vs skill, one server candidate, seed pseudoreplication"
dev,graph,20261011,variogram,0.051418,evidence/t2_heart_extra_20261008/evaluation/dev_graph_s20261011.json,52034554f03aec10193cb09baa2c78a1de04218ef678f327eb63acc58fa28add,E9.5,unsubmitted control,"excluded: raw values vs skill, one server candidate, seed pseudoreplication"
dev,graph,20261011,d2_shape,0.05411,evidence/t2_heart_extra_20261008/evaluation/dev_graph_s20261011.json,52034554f03aec10193cb09baa2c78a1de04218ef678f327eb63acc58fa28add,E9.5,unsubmitted control,"excluded: raw values vs skill, one server candidate, seed pseudoreplication"
dev,graph,20261011,sliced_wasserstein,0.05703,evidence/t2_heart_extra_20261008/evaluation/dev_graph_s20261011.json,52034554f03aec10193cb09baa2c78a1de04218ef678f327eb63acc58fa28add,E9.5,unsubmitted control,"excluded: raw values vs skill, one server candidate, seed pseudoreplication"
dev,graph,20261011,occupancy_dice,0.8142,evidence/t2_heart_extra_20261008/evaluation/dev_graph_s20261011.json,52034554f03aec10193cb09baa2c78a1de04218ef678f327eb63acc58fa28add,E9.5,unsubmitted control,"excluded: raw values vs skill, one server candidate, seed pseudoreplication"
dev,graph,20261011,scale_log_ratio,-0.4348,evidence/t2_heart_extra_20261008/evaluation/dev_graph_s20261011.json,52034554f03aec10193cb09baa2c78a1de04218ef678f327eb63acc58fa28add,E9.5,unsubmitted control,"excluded: raw values vs skill, one server candidate, seed pseudoreplication"
dev,graph,20261011,count_log_ratio,-0.0792,evidence/t2_heart_extra_20261008/evaluation/dev_graph_s20261011.json,52034554f03aec10193cb09baa2c78a1de04218ef678f327eb63acc58fa28add,E9.5,unsubmitted control,"excluded: raw values vs skill, one server candidate, seed pseudoreplication"
dev,graph,20261011,neighborhood_mmd,0.09778,evidence/t2_heart_extra_20261008/evaluation/dev_graph_s20261011.json,52034554f03aec10193cb09baa2c78a1de04218ef678f327eb63acc58fa28add,E9.5,unsubmitted control,"excluded: raw values vs skill, one server candidate, seed pseudoreplication"
dev,graph,20261011,pb_rel_err,0.5123,evidence/t2_heart_extra_20261008/evaluation/dev_graph_s20261011.json,52034554f03aec10193cb09baa2c78a1de04218ef678f327eb63acc58fa28add,E9.5,unsubmitted control,"excluded: raw values vs skill, one server candidate, seed pseudoreplication"
dev,graph,20261011,library_size_ratio,1.0,evidence/t2_heart_extra_20261008/evaluation/dev_graph_s20261011.json,52034554f03aec10193cb09baa2c78a1de04218ef678f327eb63acc58fa28add,E9.5,unsubmitted control,"excluded: raw values vs skill, one server candidate, seed pseudoreplication"
dev,graph,20261011,variance_ratio,0.833,evidence/t2_heart_extra_20261008/evaluation/dev_graph_s20261011.json,52034554f03aec10193cb09baa2c78a1de04218ef678f327eb63acc58fa28add,E9.5,unsubmitted control,"excluded: raw values vs skill, one server candidate, seed pseudoreplication"
dev,graph,20261011,composition_JSD,0.1133,evidence/t2_heart_extra_20261008/evaluation/dev_graph_s20261011.json,52034554f03aec10193cb09baa2c78a1de04218ef678f327eb63acc58fa28add,E9.5,unsubmitted control,"excluded: raw values vs skill, one server candidate, seed pseudoreplication"
dev,graph,20261011,pseudobulk_pearson,0.8097,evidence/t2_heart_extra_20261008/evaluation/dev_graph_s20261011.json,52034554f03aec10193cb09baa2c78a1de04218ef678f327eb63acc58fa28add,E9.5,unsubmitted control,"excluded: raw values vs skill, one server candidate, seed pseudoreplication"
dev,graph,20261011,morans_I_agreement,0.6844,evidence/t2_heart_extra_20261008/evaluation/dev_graph_s20261011.json,52034554f03aec10193cb09baa2c78a1de04218ef678f327eb63acc58fa28add,E9.5,unsubmitted control,"excluded: raw values vs skill, one server candidate, seed pseudoreplication"
dev,graph,20261011,_de_raw,0.4365,evidence/t2_heart_extra_20261008/evaluation/dev_graph_s20261011.json,52034554f03aec10193cb09baa2c78a1de04218ef678f327eb63acc58fa28add,E9.5,unsubmitted control,"excluded: raw values vs skill, one server candidate, seed pseudoreplication"
dev,graph,20261011,_de_chance,0.4286,evidence/t2_heart_extra_20261008/evaluation/dev_graph_s20261011.json,52034554f03aec10193cb09baa2c78a1de04218ef678f327eb63acc58fa28add,E9.5,unsubmitted control,"excluded: raw values vs skill, one server candidate, seed pseudoreplication"
dev,graph,20261011,_n_up,36,evidence/t2_heart_extra_20261008/evaluation/dev_graph_s20261011.json,52034554f03aec10193cb09baa2c78a1de04218ef678f327eb63acc58fa28add,E9.5,unsubmitted control,"excluded: raw values vs skill, one server candidate, seed pseudoreplication"
dev,graph,20261011,_n_dn,90,evidence/t2_heart_extra_20261008/evaluation/dev_graph_s20261011.json,52034554f03aec10193cb09baa2c78a1de04218ef678f327eb63acc58fa28add,E9.5,unsubmitted control,"excluded: raw values vs skill, one server candidate, seed pseudoreplication"
dev,graph,20261011,_sw_flip_spread,0.00696,evidence/t2_heart_extra_20261008/evaluation/dev_graph_s20261011.json,52034554f03aec10193cb09baa2c78a1de04218ef678f327eb63acc58fa28add,E9.5,unsubmitted control,"excluded: raw values vs skill, one server candidate, seed pseudoreplication"
dev,graph,20261011,_dice_voxel_over_nn,12.0,evidence/t2_heart_extra_20261008/evaluation/dev_graph_s20261011.json,52034554f03aec10193cb09baa2c78a1de04218ef678f327eb63acc58fa28add,E9.5,unsubmitted control,"excluded: raw values vs skill, one server candidate, seed pseudoreplication"
dev,graph,20261019,de_score,0.0139,evidence/t2_heart_extra_20261008/evaluation/dev_graph_s20261019.json,52034554f03aec10193cb09baa2c78a1de04218ef678f327eb63acc58fa28add,E9.5,unsubmitted control,"excluded: raw values vs skill, one server candidate, seed pseudoreplication"
dev,graph,20261019,de_direction,0.0477,evidence/t2_heart_extra_20261008/evaluation/dev_graph_s20261019.json,52034554f03aec10193cb09baa2c78a1de04218ef678f327eb63acc58fa28add,E9.5,unsubmitted control,"excluded: raw values vs skill, one server candidate, seed pseudoreplication"
dev,graph,20261019,energy_distance,2.30437,evidence/t2_heart_extra_20261008/evaluation/dev_graph_s20261019.json,52034554f03aec10193cb09baa2c78a1de04218ef678f327eb63acc58fa28add,E9.5,unsubmitted control,"excluded: raw values vs skill, one server candidate, seed pseudoreplication"
dev,graph,20261019,mmd_u,0.05974,evidence/t2_heart_extra_20261008/evaluation/dev_graph_s20261019.json,52034554f03aec10193cb09baa2c78a1de04218ef678f327eb63acc58fa28add,E9.5,unsubmitted control,"excluded: raw values vs skill, one server candidate, seed pseudoreplication"
dev,graph,20261019,variogram,0.049801,evidence/t2_heart_extra_20261008/evaluation/dev_graph_s20261019.json,52034554f03aec10193cb09baa2c78a1de04218ef678f327eb63acc58fa28add,E9.5,unsubmitted control,"excluded: raw values vs skill, one server candidate, seed pseudoreplication"
dev,graph,20261019,d2_shape,0.05002,evidence/t2_heart_extra_20261008/evaluation/dev_graph_s20261019.json,52034554f03aec10193cb09baa2c78a1de04218ef678f327eb63acc58fa28add,E9.5,unsubmitted control,"excluded: raw values vs skill, one server candidate, seed pseudoreplication"
dev,graph,20261019,sliced_wasserstein,0.05653,evidence/t2_heart_extra_20261008/evaluation/dev_graph_s20261019.json,52034554f03aec10193cb09baa2c78a1de04218ef678f327eb63acc58fa28add,E9.5,unsubmitted control,"excluded: raw values vs skill, one server candidate, seed pseudoreplication"
dev,graph,20261019,occupancy_dice,0.8088,evidence/t2_heart_extra_20261008/evaluation/dev_graph_s20261019.json,52034554f03aec10193cb09baa2c78a1de04218ef678f327eb63acc58fa28add,E9.5,unsubmitted control,"excluded: raw values vs skill, one server candidate, seed pseudoreplication"
dev,graph,20261019,scale_log_ratio,-0.4348,evidence/t2_heart_extra_20261008/evaluation/dev_graph_s20261019.json,52034554f03aec10193cb09baa2c78a1de04218ef678f327eb63acc58fa28add,E9.5,unsubmitted control,"excluded: raw values vs skill, one server candidate, seed pseudoreplication"
dev,graph,20261019,count_log_ratio,-0.0792,evidence/t2_heart_extra_20261008/evaluation/dev_graph_s20261019.json,52034554f03aec10193cb09baa2c78a1de04218ef678f327eb63acc58fa28add,E9.5,unsubmitted control,"excluded: raw values vs skill, one server candidate, seed pseudoreplication"
dev,graph,20261019,neighborhood_mmd,0.09778,evidence/t2_heart_extra_20261008/evaluation/dev_graph_s20261019.json,52034554f03aec10193cb09baa2c78a1de04218ef678f327eb63acc58fa28add,E9.5,unsubmitted control,"excluded: raw values vs skill, one server candidate, seed pseudoreplication"
dev,graph,20261019,pb_rel_err,0.5123,evidence/t2_heart_extra_20261008/evaluation/dev_graph_s20261019.json,52034554f03aec10193cb09baa2c78a1de04218ef678f327eb63acc58fa28add,E9.5,unsubmitted control,"excluded: raw values vs skill, one server candidate, seed pseudoreplication"
dev,graph,20261019,library_size_ratio,1.0,evidence/t2_heart_extra_20261008/evaluation/dev_graph_s20261019.json,52034554f03aec10193cb09baa2c78a1de04218ef678f327eb63acc58fa28add,E9.5,unsubmitted control,"excluded: raw values vs skill, one server candidate, seed pseudoreplication"
dev,graph,20261019,variance_ratio,0.833,evidence/t2_heart_extra_20261008/evaluation/dev_graph_s20261019.json,52034554f03aec10193cb09baa2c78a1de04218ef678f327eb63acc58fa28add,E9.5,unsubmitted control,"excluded: raw values vs skill, one server candidate, seed pseudoreplication"
dev,graph,20261019,composition_JSD,0.1133,evidence/t2_heart_extra_20261008/evaluation/dev_graph_s20261019.json,52034554f03aec10193cb09baa2c78a1de04218ef678f327eb63acc58fa28add,E9.5,unsubmitted control,"excluded: raw values vs skill, one server candidate, seed pseudoreplication"
dev,graph,20261019,pseudobulk_pearson,0.8097,evidence/t2_heart_extra_20261008/evaluation/dev_graph_s20261019.json,52034554f03aec10193cb09baa2c78a1de04218ef678f327eb63acc58fa28add,E9.5,unsubmitted control,"excluded: raw values vs skill, one server candidate, seed pseudoreplication"
dev,graph,20261019,morans_I_agreement,0.6844,evidence/t2_heart_extra_20261008/evaluation/dev_graph_s20261019.json,52034554f03aec10193cb09baa2c78a1de04218ef678f327eb63acc58fa28add,E9.5,unsubmitted control,"excluded: raw values vs skill, one server candidate, seed pseudoreplication"
dev,graph,20261019,_de_raw,0.4365,evidence/t2_heart_extra_20261008/evaluation/dev_graph_s20261019.json,52034554f03aec10193cb09baa2c78a1de04218ef678f327eb63acc58fa28add,E9.5,unsubmitted control,"excluded: raw values vs skill, one server candidate, seed pseudoreplication"
dev,graph,20261019,_de_chance,0.4286,evidence/t2_heart_extra_20261008/evaluation/dev_graph_s20261019.json,52034554f03aec10193cb09baa2c78a1de04218ef678f327eb63acc58fa28add,E9.5,unsubmitted control,"excluded: raw values vs skill, one server candidate, seed pseudoreplication"
dev,graph,20261019,_n_up,36,evidence/t2_heart_extra_20261008/evaluation/dev_graph_s20261019.json,52034554f03aec10193cb09baa2c78a1de04218ef678f327eb63acc58fa28add,E9.5,unsubmitted control,"excluded: raw values vs skill, one server candidate, seed pseudoreplication"
dev,graph,20261019,_n_dn,90,evidence/t2_heart_extra_20261008/evaluation/dev_graph_s20261019.json,52034554f03aec10193cb09baa2c78a1de04218ef678f327eb63acc58fa28add,E9.5,unsubmitted control,"excluded: raw values vs skill, one server candidate, seed pseudoreplication"
dev,graph,20261019,_sw_flip_spread,0.00496,evidence/t2_heart_extra_20261008/evaluation/dev_graph_s20261019.json,52034554f03aec10193cb09baa2c78a1de04218ef678f327eb63acc58fa28add,E9.5,unsubmitted control,"excluded: raw values vs skill, one server candidate, seed pseudoreplication"
dev,graph,20261019,_dice_voxel_over_nn,11.9,evidence/t2_heart_extra_20261008/evaluation/dev_graph_s20261019.json,52034554f03aec10193cb09baa2c78a1de04218ef678f327eb63acc58fa28add,E9.5,unsubmitted control,"excluded: raw values vs skill, one server candidate, seed pseudoreplication"
dev,incumbent_recipe,20261003,de_score,0.0139,evidence/t2_heart_extra_20261008/evaluation/dev_incumbent_recipe_s20261003.json,52034554f03aec10193cb09baa2c78a1de04218ef678f327eb63acc58fa28add,E9.5,"reconstructed recipe, NOT exact v0030","excluded: raw values vs skill, one server candidate, seed pseudoreplication"
dev,incumbent_recipe,20261003,de_direction,0.0507,evidence/t2_heart_extra_20261008/evaluation/dev_incumbent_recipe_s20261003.json,52034554f03aec10193cb09baa2c78a1de04218ef678f327eb63acc58fa28add,E9.5,"reconstructed recipe, NOT exact v0030","excluded: raw values vs skill, one server candidate, seed pseudoreplication"
dev,incumbent_recipe,20261003,energy_distance,2.21233,evidence/t2_heart_extra_20261008/evaluation/dev_incumbent_recipe_s20261003.json,52034554f03aec10193cb09baa2c78a1de04218ef678f327eb63acc58fa28add,E9.5,"reconstructed recipe, NOT exact v0030","excluded: raw values vs skill, one server candidate, seed pseudoreplication"
dev,incumbent_recipe,20261003,mmd_u,0.05797,evidence/t2_heart_extra_20261008/evaluation/dev_incumbent_recipe_s20261003.json,52034554f03aec10193cb09baa2c78a1de04218ef678f327eb63acc58fa28add,E9.5,"reconstructed recipe, NOT exact v0030","excluded: raw values vs skill, one server candidate, seed pseudoreplication"
dev,incumbent_recipe,20261003,variogram,0.045868,evidence/t2_heart_extra_20261008/evaluation/dev_incumbent_recipe_s20261003.json,52034554f03aec10193cb09baa2c78a1de04218ef678f327eb63acc58fa28add,E9.5,"reconstructed recipe, NOT exact v0030","excluded: raw values vs skill, one server candidate, seed pseudoreplication"
dev,incumbent_recipe,20261003,d2_shape,0.05134,evidence/t2_heart_extra_20261008/evaluation/dev_incumbent_recipe_s20261003.json,52034554f03aec10193cb09baa2c78a1de04218ef678f327eb63acc58fa28add,E9.5,"reconstructed recipe, NOT exact v0030","excluded: raw values vs skill, one server candidate, seed pseudoreplication"
dev,incumbent_recipe,20261003,sliced_wasserstein,0.05597,evidence/t2_heart_extra_20261008/evaluation/dev_incumbent_recipe_s20261003.json,52034554f03aec10193cb09baa2c78a1de04218ef678f327eb63acc58fa28add,E9.5,"reconstructed recipe, NOT exact v0030","excluded: raw values vs skill, one server candidate, seed pseudoreplication"
dev,incumbent_recipe,20261003,occupancy_dice,0.8158,evidence/t2_heart_extra_20261008/evaluation/dev_incumbent_recipe_s20261003.json,52034554f03aec10193cb09baa2c78a1de04218ef678f327eb63acc58fa28add,E9.5,"reconstructed recipe, NOT exact v0030","excluded: raw values vs skill, one server candidate, seed pseudoreplication"
dev,incumbent_recipe,20261003,scale_log_ratio,-0.4348,evidence/t2_heart_extra_20261008/evaluation/dev_incumbent_recipe_s20261003.json,52034554f03aec10193cb09baa2c78a1de04218ef678f327eb63acc58fa28add,E9.5,"reconstructed recipe, NOT exact v0030","excluded: raw values vs skill, one server candidate, seed pseudoreplication"
dev,incumbent_recipe,20261003,count_log_ratio,-0.0792,evidence/t2_heart_extra_20261008/evaluation/dev_incumbent_recipe_s20261003.json,52034554f03aec10193cb09baa2c78a1de04218ef678f327eb63acc58fa28add,E9.5,"reconstructed recipe, NOT exact v0030","excluded: raw values vs skill, one server candidate, seed pseudoreplication"
dev,incumbent_recipe,20261003,neighborhood_mmd,0.09814,evidence/t2_heart_extra_20261008/evaluation/dev_incumbent_recipe_s20261003.json,52034554f03aec10193cb09baa2c78a1de04218ef678f327eb63acc58fa28add,E9.5,"reconstructed recipe, NOT exact v0030","excluded: raw values vs skill, one server candidate, seed pseudoreplication"
dev,incumbent_recipe,20261003,pb_rel_err,0.5119,evidence/t2_heart_extra_20261008/evaluation/dev_incumbent_recipe_s20261003.json,52034554f03aec10193cb09baa2c78a1de04218ef678f327eb63acc58fa28add,E9.5,"reconstructed recipe, NOT exact v0030","excluded: raw values vs skill, one server candidate, seed pseudoreplication"
dev,incumbent_recipe,20261003,library_size_ratio,1.0,evidence/t2_heart_extra_20261008/evaluation/dev_incumbent_recipe_s20261003.json,52034554f03aec10193cb09baa2c78a1de04218ef678f327eb63acc58fa28add,E9.5,"reconstructed recipe, NOT exact v0030","excluded: raw values vs skill, one server candidate, seed pseudoreplication"
dev,incumbent_recipe,20261003,variance_ratio,0.827,evidence/t2_heart_extra_20261008/evaluation/dev_incumbent_recipe_s20261003.json,52034554f03aec10193cb09baa2c78a1de04218ef678f327eb63acc58fa28add,E9.5,"reconstructed recipe, NOT exact v0030","excluded: raw values vs skill, one server candidate, seed pseudoreplication"
dev,incumbent_recipe,20261003,composition_JSD,0.1131,evidence/t2_heart_extra_20261008/evaluation/dev_incumbent_recipe_s20261003.json,52034554f03aec10193cb09baa2c78a1de04218ef678f327eb63acc58fa28add,E9.5,"reconstructed recipe, NOT exact v0030","excluded: raw values vs skill, one server candidate, seed pseudoreplication"
dev,incumbent_recipe,20261003,pseudobulk_pearson,0.8094,evidence/t2_heart_extra_20261008/evaluation/dev_incumbent_recipe_s20261003.json,52034554f03aec10193cb09baa2c78a1de04218ef678f327eb63acc58fa28add,E9.5,"reconstructed recipe, NOT exact v0030","excluded: raw values vs skill, one server candidate, seed pseudoreplication"
dev,incumbent_recipe,20261003,morans_I_agreement,0.684,evidence/t2_heart_extra_20261008/evaluation/dev_incumbent_recipe_s20261003.json,52034554f03aec10193cb09baa2c78a1de04218ef678f327eb63acc58fa28add,E9.5,"reconstructed recipe, NOT exact v0030","excluded: raw values vs skill, one server candidate, seed pseudoreplication"
dev,incumbent_recipe,20261003,_de_raw,0.4365,evidence/t2_heart_extra_20261008/evaluation/dev_incumbent_recipe_s20261003.json,52034554f03aec10193cb09baa2c78a1de04218ef678f327eb63acc58fa28add,E9.5,"reconstructed recipe, NOT exact v0030","excluded: raw values vs skill, one server candidate, seed pseudoreplication"
dev,incumbent_recipe,20261003,_de_chance,0.4286,evidence/t2_heart_extra_20261008/evaluation/dev_incumbent_recipe_s20261003.json,52034554f03aec10193cb09baa2c78a1de04218ef678f327eb63acc58fa28add,E9.5,"reconstructed recipe, NOT exact v0030","excluded: raw values vs skill, one server candidate, seed pseudoreplication"
dev,incumbent_recipe,20261003,_n_up,36,evidence/t2_heart_extra_20261008/evaluation/dev_incumbent_recipe_s20261003.json,52034554f03aec10193cb09baa2c78a1de04218ef678f327eb63acc58fa28add,E9.5,"reconstructed recipe, NOT exact v0030","excluded: raw values vs skill, one server candidate, seed pseudoreplication"
dev,incumbent_recipe,20261003,_n_dn,90,evidence/t2_heart_extra_20261008/evaluation/dev_incumbent_recipe_s20261003.json,52034554f03aec10193cb09baa2c78a1de04218ef678f327eb63acc58fa28add,E9.5,"reconstructed recipe, NOT exact v0030","excluded: raw values vs skill, one server candidate, seed pseudoreplication"
dev,incumbent_recipe,20261003,_sw_flip_spread,0.00494,evidence/t2_heart_extra_20261008/evaluation/dev_incumbent_recipe_s20261003.json,52034554f03aec10193cb09baa2c78a1de04218ef678f327eb63acc58fa28add,E9.5,"reconstructed recipe, NOT exact v0030","excluded: raw values vs skill, one server candidate, seed pseudoreplication"
dev,incumbent_recipe,20261003,_dice_voxel_over_nn,11.9,evidence/t2_heart_extra_20261008/evaluation/dev_incumbent_recipe_s20261003.json,52034554f03aec10193cb09baa2c78a1de04218ef678f327eb63acc58fa28add,E9.5,"reconstructed recipe, NOT exact v0030","excluded: raw values vs skill, one server candidate, seed pseudoreplication"
dev,incumbent_recipe,20261011,de_score,0.0139,evidence/t2_heart_extra_20261008/evaluation/dev_incumbent_recipe_s20261011.json,52034554f03aec10193cb09baa2c78a1de04218ef678f327eb63acc58fa28add,E9.5,"reconstructed recipe, NOT exact v0030","excluded: raw values vs skill, one server candidate, seed pseudoreplication"
dev,incumbent_recipe,20261011,de_direction,0.0507,evidence/t2_heart_extra_20261008/evaluation/dev_incumbent_recipe_s20261011.json,52034554f03aec10193cb09baa2c78a1de04218ef678f327eb63acc58fa28add,E9.5,"reconstructed recipe, NOT exact v0030","excluded: raw values vs skill, one server candidate, seed pseudoreplication"
dev,incumbent_recipe,20261011,energy_distance,2.43854,evidence/t2_heart_extra_20261008/evaluation/dev_incumbent_recipe_s20261011.json,52034554f03aec10193cb09baa2c78a1de04218ef678f327eb63acc58fa28add,E9.5,"reconstructed recipe, NOT exact v0030","excluded: raw values vs skill, one server candidate, seed pseudoreplication"
dev,incumbent_recipe,20261011,mmd_u,0.06334,evidence/t2_heart_extra_20261008/evaluation/dev_incumbent_recipe_s20261011.json,52034554f03aec10193cb09baa2c78a1de04218ef678f327eb63acc58fa28add,E9.5,"reconstructed recipe, NOT exact v0030","excluded: raw values vs skill, one server candidate, seed pseudoreplication"
dev,incumbent_recipe,20261011,variogram,0.05078,evidence/t2_heart_extra_20261008/evaluation/dev_incumbent_recipe_s20261011.json,52034554f03aec10193cb09baa2c78a1de04218ef678f327eb63acc58fa28add,E9.5,"reconstructed recipe, NOT exact v0030","excluded: raw values vs skill, one server candidate, seed pseudoreplication"
dev,incumbent_recipe,20261011,d2_shape,0.05411,evidence/t2_heart_extra_20261008/evaluation/dev_incumbent_recipe_s20261011.json,52034554f03aec10193cb09baa2c78a1de04218ef678f327eb63acc58fa28add,E9.5,"reconstructed recipe, NOT exact v0030","excluded: raw values vs skill, one server candidate, seed pseudoreplication"
dev,incumbent_recipe,20261011,sliced_wasserstein,0.05703,evidence/t2_heart_extra_20261008/evaluation/dev_incumbent_recipe_s20261011.json,52034554f03aec10193cb09baa2c78a1de04218ef678f327eb63acc58fa28add,E9.5,"reconstructed recipe, NOT exact v0030","excluded: raw values vs skill, one server candidate, seed pseudoreplication"
dev,incumbent_recipe,20261011,occupancy_dice,0.8142,evidence/t2_heart_extra_20261008/evaluation/dev_incumbent_recipe_s20261011.json,52034554f03aec10193cb09baa2c78a1de04218ef678f327eb63acc58fa28add,E9.5,"reconstructed recipe, NOT exact v0030","excluded: raw values vs skill, one server candidate, seed pseudoreplication"
dev,incumbent_recipe,20261011,scale_log_ratio,-0.4348,evidence/t2_heart_extra_20261008/evaluation/dev_incumbent_recipe_s20261011.json,52034554f03aec10193cb09baa2c78a1de04218ef678f327eb63acc58fa28add,E9.5,"reconstructed recipe, NOT exact v0030","excluded: raw values vs skill, one server candidate, seed pseudoreplication"
dev,incumbent_recipe,20261011,count_log_ratio,-0.0792,evidence/t2_heart_extra_20261008/evaluation/dev_incumbent_recipe_s20261011.json,52034554f03aec10193cb09baa2c78a1de04218ef678f327eb63acc58fa28add,E9.5,"reconstructed recipe, NOT exact v0030","excluded: raw values vs skill, one server candidate, seed pseudoreplication"
dev,incumbent_recipe,20261011,neighborhood_mmd,0.09814,evidence/t2_heart_extra_20261008/evaluation/dev_incumbent_recipe_s20261011.json,52034554f03aec10193cb09baa2c78a1de04218ef678f327eb63acc58fa28add,E9.5,"reconstructed recipe, NOT exact v0030","excluded: raw values vs skill, one server candidate, seed pseudoreplication"
dev,incumbent_recipe,20261011,pb_rel_err,0.5119,evidence/t2_heart_extra_20261008/evaluation/dev_incumbent_recipe_s20261011.json,52034554f03aec10193cb09baa2c78a1de04218ef678f327eb63acc58fa28add,E9.5,"reconstructed recipe, NOT exact v0030","excluded: raw values vs skill, one server candidate, seed pseudoreplication"
dev,incumbent_recipe,20261011,library_size_ratio,1.0,evidence/t2_heart_extra_20261008/evaluation/dev_incumbent_recipe_s20261011.json,52034554f03aec10193cb09baa2c78a1de04218ef678f327eb63acc58fa28add,E9.5,"reconstructed recipe, NOT exact v0030","excluded: raw values vs skill, one server candidate, seed pseudoreplication"
dev,incumbent_recipe,20261011,variance_ratio,0.827,evidence/t2_heart_extra_20261008/evaluation/dev_incumbent_recipe_s20261011.json,52034554f03aec10193cb09baa2c78a1de04218ef678f327eb63acc58fa28add,E9.5,"reconstructed recipe, NOT exact v0030","excluded: raw values vs skill, one server candidate, seed pseudoreplication"
dev,incumbent_recipe,20261011,composition_JSD,0.1131,evidence/t2_heart_extra_20261008/evaluation/dev_incumbent_recipe_s20261011.json,52034554f03aec10193cb09baa2c78a1de04218ef678f327eb63acc58fa28add,E9.5,"reconstructed recipe, NOT exact v0030","excluded: raw values vs skill, one server candidate, seed pseudoreplication"
dev,incumbent_recipe,20261011,pseudobulk_pearson,0.8094,evidence/t2_heart_extra_20261008/evaluation/dev_incumbent_recipe_s20261011.json,52034554f03aec10193cb09baa2c78a1de04218ef678f327eb63acc58fa28add,E9.5,"reconstructed recipe, NOT exact v0030","excluded: raw values vs skill, one server candidate, seed pseudoreplication"
dev,incumbent_recipe,20261011,morans_I_agreement,0.684,evidence/t2_heart_extra_20261008/evaluation/dev_incumbent_recipe_s20261011.json,52034554f03aec10193cb09baa2c78a1de04218ef678f327eb63acc58fa28add,E9.5,"reconstructed recipe, NOT exact v0030","excluded: raw values vs skill, one server candidate, seed pseudoreplication"
dev,incumbent_recipe,20261011,_de_raw,0.4365,evidence/t2_heart_extra_20261008/evaluation/dev_incumbent_recipe_s20261011.json,52034554f03aec10193cb09baa2c78a1de04218ef678f327eb63acc58fa28add,E9.5,"reconstructed recipe, NOT exact v0030","excluded: raw values vs skill, one server candidate, seed pseudoreplication"
dev,incumbent_recipe,20261011,_de_chance,0.4286,evidence/t2_heart_extra_20261008/evaluation/dev_incumbent_recipe_s20261011.json,52034554f03aec10193cb09baa2c78a1de04218ef678f327eb63acc58fa28add,E9.5,"reconstructed recipe, NOT exact v0030","excluded: raw values vs skill, one server candidate, seed pseudoreplication"
dev,incumbent_recipe,20261011,_n_up,36,evidence/t2_heart_extra_20261008/evaluation/dev_incumbent_recipe_s20261011.json,52034554f03aec10193cb09baa2c78a1de04218ef678f327eb63acc58fa28add,E9.5,"reconstructed recipe, NOT exact v0030","excluded: raw values vs skill, one server candidate, seed pseudoreplication"
dev,incumbent_recipe,20261011,_n_dn,90,evidence/t2_heart_extra_20261008/evaluation/dev_incumbent_recipe_s20261011.json,52034554f03aec10193cb09baa2c78a1de04218ef678f327eb63acc58fa28add,E9.5,"reconstructed recipe, NOT exact v0030","excluded: raw values vs skill, one server candidate, seed pseudoreplication"
dev,incumbent_recipe,20261011,_sw_flip_spread,0.00696,evidence/t2_heart_extra_20261008/evaluation/dev_incumbent_recipe_s20261011.json,52034554f03aec10193cb09baa2c78a1de04218ef678f327eb63acc58fa28add,E9.5,"reconstructed recipe, NOT exact v0030","excluded: raw values vs skill, one server candidate, seed pseudoreplication"
dev,incumbent_recipe,20261011,_dice_voxel_over_nn,12.0,evidence/t2_heart_extra_20261008/evaluation/dev_incumbent_recipe_s20261011.json,52034554f03aec10193cb09baa2c78a1de04218ef678f327eb63acc58fa28add,E9.5,"reconstructed recipe, NOT exact v0030","excluded: raw values vs skill, one server candidate, seed pseudoreplication"
dev,incumbent_recipe,20261019,de_score,0.0139,evidence/t2_heart_extra_20261008/evaluation/dev_incumbent_recipe_s20261019.json,52034554f03aec10193cb09baa2c78a1de04218ef678f327eb63acc58fa28add,E9.5,"reconstructed recipe, NOT exact v0030","excluded: raw values vs skill, one server candidate, seed pseudoreplication"
dev,incumbent_recipe,20261019,de_direction,0.0507,evidence/t2_heart_extra_20261008/evaluation/dev_incumbent_recipe_s20261019.json,52034554f03aec10193cb09baa2c78a1de04218ef678f327eb63acc58fa28add,E9.5,"reconstructed recipe, NOT exact v0030","excluded: raw values vs skill, one server candidate, seed pseudoreplication"
dev,incumbent_recipe,20261019,energy_distance,2.31267,evidence/t2_heart_extra_20261008/evaluation/dev_incumbent_recipe_s20261019.json,52034554f03aec10193cb09baa2c78a1de04218ef678f327eb63acc58fa28add,E9.5,"reconstructed recipe, NOT exact v0030","excluded: raw values vs skill, one server candidate, seed pseudoreplication"
dev,incumbent_recipe,20261019,mmd_u,0.06015,evidence/t2_heart_extra_20261008/evaluation/dev_incumbent_recipe_s20261019.json,52034554f03aec10193cb09baa2c78a1de04218ef678f327eb63acc58fa28add,E9.5,"reconstructed recipe, NOT exact v0030","excluded: raw values vs skill, one server candidate, seed pseudoreplication"
dev,incumbent_recipe,20261019,variogram,0.049192,evidence/t2_heart_extra_20261008/evaluation/dev_incumbent_recipe_s20261019.json,52034554f03aec10193cb09baa2c78a1de04218ef678f327eb63acc58fa28add,E9.5,"reconstructed recipe, NOT exact v0030","excluded: raw values vs skill, one server candidate, seed pseudoreplication"
dev,incumbent_recipe,20261019,d2_shape,0.05002,evidence/t2_heart_extra_20261008/evaluation/dev_incumbent_recipe_s20261019.json,52034554f03aec10193cb09baa2c78a1de04218ef678f327eb63acc58fa28add,E9.5,"reconstructed recipe, NOT exact v0030","excluded: raw values vs skill, one server candidate, seed pseudoreplication"
dev,incumbent_recipe,20261019,sliced_wasserstein,0.05653,evidence/t2_heart_extra_20261008/evaluation/dev_incumbent_recipe_s20261019.json,52034554f03aec10193cb09baa2c78a1de04218ef678f327eb63acc58fa28add,E9.5,"reconstructed recipe, NOT exact v0030","excluded: raw values vs skill, one server candidate, seed pseudoreplication"
dev,incumbent_recipe,20261019,occupancy_dice,0.8088,evidence/t2_heart_extra_20261008/evaluation/dev_incumbent_recipe_s20261019.json,52034554f03aec10193cb09baa2c78a1de04218ef678f327eb63acc58fa28add,E9.5,"reconstructed recipe, NOT exact v0030","excluded: raw values vs skill, one server candidate, seed pseudoreplication"
dev,incumbent_recipe,20261019,scale_log_ratio,-0.4348,evidence/t2_heart_extra_20261008/evaluation/dev_incumbent_recipe_s20261019.json,52034554f03aec10193cb09baa2c78a1de04218ef678f327eb63acc58fa28add,E9.5,"reconstructed recipe, NOT exact v0030","excluded: raw values vs skill, one server candidate, seed pseudoreplication"
dev,incumbent_recipe,20261019,count_log_ratio,-0.0792,evidence/t2_heart_extra_20261008/evaluation/dev_incumbent_recipe_s20261019.json,52034554f03aec10193cb09baa2c78a1de04218ef678f327eb63acc58fa28add,E9.5,"reconstructed recipe, NOT exact v0030","excluded: raw values vs skill, one server candidate, seed pseudoreplication"
dev,incumbent_recipe,20261019,neighborhood_mmd,0.09814,evidence/t2_heart_extra_20261008/evaluation/dev_incumbent_recipe_s20261019.json,52034554f03aec10193cb09baa2c78a1de04218ef678f327eb63acc58fa28add,E9.5,"reconstructed recipe, NOT exact v0030","excluded: raw values vs skill, one server candidate, seed pseudoreplication"
dev,incumbent_recipe,20261019,pb_rel_err,0.5119,evidence/t2_heart_extra_20261008/evaluation/dev_incumbent_recipe_s20261019.json,52034554f03aec10193cb09baa2c78a1de04218ef678f327eb63acc58fa28add,E9.5,"reconstructed recipe, NOT exact v0030","excluded: raw values vs skill, one server candidate, seed pseudoreplication"
dev,incumbent_recipe,20261019,library_size_ratio,1.0,evidence/t2_heart_extra_20261008/evaluation/dev_incumbent_recipe_s20261019.json,52034554f03aec10193cb09baa2c78a1de04218ef678f327eb63acc58fa28add,E9.5,"reconstructed recipe, NOT exact v0030","excluded: raw values vs skill, one server candidate, seed pseudoreplication"
dev,incumbent_recipe,20261019,variance_ratio,0.827,evidence/t2_heart_extra_20261008/evaluation/dev_incumbent_recipe_s20261019.json,52034554f03aec10193cb09baa2c78a1de04218ef678f327eb63acc58fa28add,E9.5,"reconstructed recipe, NOT exact v0030","excluded: raw values vs skill, one server candidate, seed pseudoreplication"
dev,incumbent_recipe,20261019,composition_JSD,0.1131,evidence/t2_heart_extra_20261008/evaluation/dev_incumbent_recipe_s20261019.json,52034554f03aec10193cb09baa2c78a1de04218ef678f327eb63acc58fa28add,E9.5,"reconstructed recipe, NOT exact v0030","excluded: raw values vs skill, one server candidate, seed pseudoreplication"
dev,incumbent_recipe,20261019,pseudobulk_pearson,0.8094,evidence/t2_heart_extra_20261008/evaluation/dev_incumbent_recipe_s20261019.json,52034554f03aec10193cb09baa2c78a1de04218ef678f327eb63acc58fa28add,E9.5,"reconstructed recipe, NOT exact v0030","excluded: raw values vs skill, one server candidate, seed pseudoreplication"
dev,incumbent_recipe,20261019,morans_I_agreement,0.684,evidence/t2_heart_extra_20261008/evaluation/dev_incumbent_recipe_s20261019.json,52034554f03aec10193cb09baa2c78a1de04218ef678f327eb63acc58fa28add,E9.5,"reconstructed recipe, NOT exact v0030","excluded: raw values vs skill, one server candidate, seed pseudoreplication"
dev,incumbent_recipe,20261019,_de_raw,0.4365,evidence/t2_heart_extra_20261008/evaluation/dev_incumbent_recipe_s20261019.json,52034554f03aec10193cb09baa2c78a1de04218ef678f327eb63acc58fa28add,E9.5,"reconstructed recipe, NOT exact v0030","excluded: raw values vs skill, one server candidate, seed pseudoreplication"
dev,incumbent_recipe,20261019,_de_chance,0.4286,evidence/t2_heart_extra_20261008/evaluation/dev_incumbent_recipe_s20261019.json,52034554f03aec10193cb09baa2c78a1de04218ef678f327eb63acc58fa28add,E9.5,"reconstructed recipe, NOT exact v0030","excluded: raw values vs skill, one server candidate, seed pseudoreplication"
dev,incumbent_recipe,20261019,_n_up,36,evidence/t2_heart_extra_20261008/evaluation/dev_incumbent_recipe_s20261019.json,52034554f03aec10193cb09baa2c78a1de04218ef678f327eb63acc58fa28add,E9.5,"reconstructed recipe, NOT exact v0030","excluded: raw values vs skill, one server candidate, seed pseudoreplication"
dev,incumbent_recipe,20261019,_n_dn,90,evidence/t2_heart_extra_20261008/evaluation/dev_incumbent_recipe_s20261019.json,52034554f03aec10193cb09baa2c78a1de04218ef678f327eb63acc58fa28add,E9.5,"reconstructed recipe, NOT exact v0030","excluded: raw values vs skill, one server candidate, seed pseudoreplication"
dev,incumbent_recipe,20261019,_sw_flip_spread,0.00496,evidence/t2_heart_extra_20261008/evaluation/dev_incumbent_recipe_s20261019.json,52034554f03aec10193cb09baa2c78a1de04218ef678f327eb63acc58fa28add,E9.5,"reconstructed recipe, NOT exact v0030","excluded: raw values vs skill, one server candidate, seed pseudoreplication"
dev,incumbent_recipe,20261019,_dice_voxel_over_nn,11.9,evidence/t2_heart_extra_20261008/evaluation/dev_incumbent_recipe_s20261019.json,52034554f03aec10193cb09baa2c78a1de04218ef678f327eb63acc58fa28add,E9.5,"reconstructed recipe, NOT exact v0030","excluded: raw values vs skill, one server candidate, seed pseudoreplication"
dev,pca,20261003,de_score,0.0139,evidence/t2_heart_extra_20261008/evaluation/dev_pca_s20261003.json,52034554f03aec10193cb09baa2c78a1de04218ef678f327eb63acc58fa28add,E9.5,unsubmitted control,"excluded: raw values vs skill, one server candidate, seed pseudoreplication"
dev,pca,20261003,de_direction,0.0569,evidence/t2_heart_extra_20261008/evaluation/dev_pca_s20261003.json,52034554f03aec10193cb09baa2c78a1de04218ef678f327eb63acc58fa28add,E9.5,unsubmitted control,"excluded: raw values vs skill, one server candidate, seed pseudoreplication"
dev,pca,20261003,energy_distance,2.20646,evidence/t2_heart_extra_20261008/evaluation/dev_pca_s20261003.json,52034554f03aec10193cb09baa2c78a1de04218ef678f327eb63acc58fa28add,E9.5,unsubmitted control,"excluded: raw values vs skill, one server candidate, seed pseudoreplication"
dev,pca,20261003,mmd_u,0.0578,evidence/t2_heart_extra_20261008/evaluation/dev_pca_s20261003.json,52034554f03aec10193cb09baa2c78a1de04218ef678f327eb63acc58fa28add,E9.5,unsubmitted control,"excluded: raw values vs skill, one server candidate, seed pseudoreplication"
dev,pca,20261003,variogram,0.049063,evidence/t2_heart_extra_20261008/evaluation/dev_pca_s20261003.json,52034554f03aec10193cb09baa2c78a1de04218ef678f327eb63acc58fa28add,E9.5,unsubmitted control,"excluded: raw values vs skill, one server candidate, seed pseudoreplication"
dev,pca,20261003,d2_shape,0.05134,evidence/t2_heart_extra_20261008/evaluation/dev_pca_s20261003.json,52034554f03aec10193cb09baa2c78a1de04218ef678f327eb63acc58fa28add,E9.5,unsubmitted control,"excluded: raw values vs skill, one server candidate, seed pseudoreplication"
dev,pca,20261003,sliced_wasserstein,0.05597,evidence/t2_heart_extra_20261008/evaluation/dev_pca_s20261003.json,52034554f03aec10193cb09baa2c78a1de04218ef678f327eb63acc58fa28add,E9.5,unsubmitted control,"excluded: raw values vs skill, one server candidate, seed pseudoreplication"
dev,pca,20261003,occupancy_dice,0.8158,evidence/t2_heart_extra_20261008/evaluation/dev_pca_s20261003.json,52034554f03aec10193cb09baa2c78a1de04218ef678f327eb63acc58fa28add,E9.5,unsubmitted control,"excluded: raw values vs skill, one server candidate, seed pseudoreplication"
dev,pca,20261003,scale_log_ratio,-0.4348,evidence/t2_heart_extra_20261008/evaluation/dev_pca_s20261003.json,52034554f03aec10193cb09baa2c78a1de04218ef678f327eb63acc58fa28add,E9.5,unsubmitted control,"excluded: raw values vs skill, one server candidate, seed pseudoreplication"
dev,pca,20261003,count_log_ratio,-0.0792,evidence/t2_heart_extra_20261008/evaluation/dev_pca_s20261003.json,52034554f03aec10193cb09baa2c78a1de04218ef678f327eb63acc58fa28add,E9.5,unsubmitted control,"excluded: raw values vs skill, one server candidate, seed pseudoreplication"
dev,pca,20261003,neighborhood_mmd,0.09746,evidence/t2_heart_extra_20261008/evaluation/dev_pca_s20261003.json,52034554f03aec10193cb09baa2c78a1de04218ef678f327eb63acc58fa28add,E9.5,unsubmitted control,"excluded: raw values vs skill, one server candidate, seed pseudoreplication"
dev,pca,20261003,pb_rel_err,0.5096,evidence/t2_heart_extra_20261008/evaluation/dev_pca_s20261003.json,52034554f03aec10193cb09baa2c78a1de04218ef678f327eb63acc58fa28add,E9.5,unsubmitted control,"excluded: raw values vs skill, one server candidate, seed pseudoreplication"
dev,pca,20261003,library_size_ratio,1.0,evidence/t2_heart_extra_20261008/evaluation/dev_pca_s20261003.json,52034554f03aec10193cb09baa2c78a1de04218ef678f327eb63acc58fa28add,E9.5,unsubmitted control,"excluded: raw values vs skill, one server candidate, seed pseudoreplication"
dev,pca,20261003,variance_ratio,0.818,evidence/t2_heart_extra_20261008/evaluation/dev_pca_s20261003.json,52034554f03aec10193cb09baa2c78a1de04218ef678f327eb63acc58fa28add,E9.5,unsubmitted control,"excluded: raw values vs skill, one server candidate, seed pseudoreplication"
dev,pca,20261003,composition_JSD,0.1127,evidence/t2_heart_extra_20261008/evaluation/dev_pca_s20261003.json,52034554f03aec10193cb09baa2c78a1de04218ef678f327eb63acc58fa28add,E9.5,unsubmitted control,"excluded: raw values vs skill, one server candidate, seed pseudoreplication"
dev,pca,20261003,pseudobulk_pearson,0.8108,evidence/t2_heart_extra_20261008/evaluation/dev_pca_s20261003.json,52034554f03aec10193cb09baa2c78a1de04218ef678f327eb63acc58fa28add,E9.5,unsubmitted control,"excluded: raw values vs skill, one server candidate, seed pseudoreplication"
dev,pca,20261003,morans_I_agreement,0.6861,evidence/t2_heart_extra_20261008/evaluation/dev_pca_s20261003.json,52034554f03aec10193cb09baa2c78a1de04218ef678f327eb63acc58fa28add,E9.5,unsubmitted control,"excluded: raw values vs skill, one server candidate, seed pseudoreplication"
dev,pca,20261003,_de_raw,0.4365,evidence/t2_heart_extra_20261008/evaluation/dev_pca_s20261003.json,52034554f03aec10193cb09baa2c78a1de04218ef678f327eb63acc58fa28add,E9.5,unsubmitted control,"excluded: raw values vs skill, one server candidate, seed pseudoreplication"
dev,pca,20261003,_de_chance,0.4286,evidence/t2_heart_extra_20261008/evaluation/dev_pca_s20261003.json,52034554f03aec10193cb09baa2c78a1de04218ef678f327eb63acc58fa28add,E9.5,unsubmitted control,"excluded: raw values vs skill, one server candidate, seed pseudoreplication"
dev,pca,20261003,_n_up,36,evidence/t2_heart_extra_20261008/evaluation/dev_pca_s20261003.json,52034554f03aec10193cb09baa2c78a1de04218ef678f327eb63acc58fa28add,E9.5,unsubmitted control,"excluded: raw values vs skill, one server candidate, seed pseudoreplication"
dev,pca,20261003,_n_dn,90,evidence/t2_heart_extra_20261008/evaluation/dev_pca_s20261003.json,52034554f03aec10193cb09baa2c78a1de04218ef678f327eb63acc58fa28add,E9.5,unsubmitted control,"excluded: raw values vs skill, one server candidate, seed pseudoreplication"
dev,pca,20261003,_sw_flip_spread,0.00494,evidence/t2_heart_extra_20261008/evaluation/dev_pca_s20261003.json,52034554f03aec10193cb09baa2c78a1de04218ef678f327eb63acc58fa28add,E9.5,unsubmitted control,"excluded: raw values vs skill, one server candidate, seed pseudoreplication"
dev,pca,20261003,_dice_voxel_over_nn,11.9,evidence/t2_heart_extra_20261008/evaluation/dev_pca_s20261003.json,52034554f03aec10193cb09baa2c78a1de04218ef678f327eb63acc58fa28add,E9.5,unsubmitted control,"excluded: raw values vs skill, one server candidate, seed pseudoreplication"
dev,pca,20261011,de_score,0.0139,evidence/t2_heart_extra_20261008/evaluation/dev_pca_s20261011.json,52034554f03aec10193cb09baa2c78a1de04218ef678f327eb63acc58fa28add,E9.5,unsubmitted control,"excluded: raw values vs skill, one server candidate, seed pseudoreplication"
dev,pca,20261011,de_direction,0.0569,evidence/t2_heart_extra_20261008/evaluation/dev_pca_s20261011.json,52034554f03aec10193cb09baa2c78a1de04218ef678f327eb63acc58fa28add,E9.5,unsubmitted control,"excluded: raw values vs skill, one server candidate, seed pseudoreplication"
dev,pca,20261011,energy_distance,2.43763,evidence/t2_heart_extra_20261008/evaluation/dev_pca_s20261011.json,52034554f03aec10193cb09baa2c78a1de04218ef678f327eb63acc58fa28add,E9.5,unsubmitted control,"excluded: raw values vs skill, one server candidate, seed pseudoreplication"
dev,pca,20261011,mmd_u,0.06331,evidence/t2_heart_extra_20261008/evaluation/dev_pca_s20261011.json,52034554f03aec10193cb09baa2c78a1de04218ef678f327eb63acc58fa28add,E9.5,unsubmitted control,"excluded: raw values vs skill, one server candidate, seed pseudoreplication"
dev,pca,20261011,variogram,0.053755,evidence/t2_heart_extra_20261008/evaluation/dev_pca_s20261011.json,52034554f03aec10193cb09baa2c78a1de04218ef678f327eb63acc58fa28add,E9.5,unsubmitted control,"excluded: raw values vs skill, one server candidate, seed pseudoreplication"
dev,pca,20261011,d2_shape,0.05411,evidence/t2_heart_extra_20261008/evaluation/dev_pca_s20261011.json,52034554f03aec10193cb09baa2c78a1de04218ef678f327eb63acc58fa28add,E9.5,unsubmitted control,"excluded: raw values vs skill, one server candidate, seed pseudoreplication"
dev,pca,20261011,sliced_wasserstein,0.05703,evidence/t2_heart_extra_20261008/evaluation/dev_pca_s20261011.json,52034554f03aec10193cb09baa2c78a1de04218ef678f327eb63acc58fa28add,E9.5,unsubmitted control,"excluded: raw values vs skill, one server candidate, seed pseudoreplication"
dev,pca,20261011,occupancy_dice,0.8142,evidence/t2_heart_extra_20261008/evaluation/dev_pca_s20261011.json,52034554f03aec10193cb09baa2c78a1de04218ef678f327eb63acc58fa28add,E9.5,unsubmitted control,"excluded: raw values vs skill, one server candidate, seed pseudoreplication"
dev,pca,20261011,scale_log_ratio,-0.4348,evidence/t2_heart_extra_20261008/evaluation/dev_pca_s20261011.json,52034554f03aec10193cb09baa2c78a1de04218ef678f327eb63acc58fa28add,E9.5,unsubmitted control,"excluded: raw values vs skill, one server candidate, seed pseudoreplication"
dev,pca,20261011,count_log_ratio,-0.0792,evidence/t2_heart_extra_20261008/evaluation/dev_pca_s20261011.json,52034554f03aec10193cb09baa2c78a1de04218ef678f327eb63acc58fa28add,E9.5,unsubmitted control,"excluded: raw values vs skill, one server candidate, seed pseudoreplication"
dev,pca,20261011,neighborhood_mmd,0.09746,evidence/t2_heart_extra_20261008/evaluation/dev_pca_s20261011.json,52034554f03aec10193cb09baa2c78a1de04218ef678f327eb63acc58fa28add,E9.5,unsubmitted control,"excluded: raw values vs skill, one server candidate, seed pseudoreplication"
dev,pca,20261011,pb_rel_err,0.5096,evidence/t2_heart_extra_20261008/evaluation/dev_pca_s20261011.json,52034554f03aec10193cb09baa2c78a1de04218ef678f327eb63acc58fa28add,E9.5,unsubmitted control,"excluded: raw values vs skill, one server candidate, seed pseudoreplication"
dev,pca,20261011,library_size_ratio,1.0,evidence/t2_heart_extra_20261008/evaluation/dev_pca_s20261011.json,52034554f03aec10193cb09baa2c78a1de04218ef678f327eb63acc58fa28add,E9.5,unsubmitted control,"excluded: raw values vs skill, one server candidate, seed pseudoreplication"
dev,pca,20261011,variance_ratio,0.818,evidence/t2_heart_extra_20261008/evaluation/dev_pca_s20261011.json,52034554f03aec10193cb09baa2c78a1de04218ef678f327eb63acc58fa28add,E9.5,unsubmitted control,"excluded: raw values vs skill, one server candidate, seed pseudoreplication"
dev,pca,20261011,composition_JSD,0.1127,evidence/t2_heart_extra_20261008/evaluation/dev_pca_s20261011.json,52034554f03aec10193cb09baa2c78a1de04218ef678f327eb63acc58fa28add,E9.5,unsubmitted control,"excluded: raw values vs skill, one server candidate, seed pseudoreplication"
dev,pca,20261011,pseudobulk_pearson,0.8108,evidence/t2_heart_extra_20261008/evaluation/dev_pca_s20261011.json,52034554f03aec10193cb09baa2c78a1de04218ef678f327eb63acc58fa28add,E9.5,unsubmitted control,"excluded: raw values vs skill, one server candidate, seed pseudoreplication"
dev,pca,20261011,morans_I_agreement,0.6861,evidence/t2_heart_extra_20261008/evaluation/dev_pca_s20261011.json,52034554f03aec10193cb09baa2c78a1de04218ef678f327eb63acc58fa28add,E9.5,unsubmitted control,"excluded: raw values vs skill, one server candidate, seed pseudoreplication"
dev,pca,20261011,_de_raw,0.4365,evidence/t2_heart_extra_20261008/evaluation/dev_pca_s20261011.json,52034554f03aec10193cb09baa2c78a1de04218ef678f327eb63acc58fa28add,E9.5,unsubmitted control,"excluded: raw values vs skill, one server candidate, seed pseudoreplication"
dev,pca,20261011,_de_chance,0.4286,evidence/t2_heart_extra_20261008/evaluation/dev_pca_s20261011.json,52034554f03aec10193cb09baa2c78a1de04218ef678f327eb63acc58fa28add,E9.5,unsubmitted control,"excluded: raw values vs skill, one server candidate, seed pseudoreplication"
dev,pca,20261011,_n_up,36,evidence/t2_heart_extra_20261008/evaluation/dev_pca_s20261011.json,52034554f03aec10193cb09baa2c78a1de04218ef678f327eb63acc58fa28add,E9.5,unsubmitted control,"excluded: raw values vs skill, one server candidate, seed pseudoreplication"
dev,pca,20261011,_n_dn,90,evidence/t2_heart_extra_20261008/evaluation/dev_pca_s20261011.json,52034554f03aec10193cb09baa2c78a1de04218ef678f327eb63acc58fa28add,E9.5,unsubmitted control,"excluded: raw values vs skill, one server candidate, seed pseudoreplication"
dev,pca,20261011,_sw_flip_spread,0.00696,evidence/t2_heart_extra_20261008/evaluation/dev_pca_s20261011.json,52034554f03aec10193cb09baa2c78a1de04218ef678f327eb63acc58fa28add,E9.5,unsubmitted control,"excluded: raw values vs skill, one server candidate, seed pseudoreplication"
dev,pca,20261011,_dice_voxel_over_nn,12.0,evidence/t2_heart_extra_20261008/evaluation/dev_pca_s20261011.json,52034554f03aec10193cb09baa2c78a1de04218ef678f327eb63acc58fa28add,E9.5,unsubmitted control,"excluded: raw values vs skill, one server candidate, seed pseudoreplication"
dev,pca,20261019,de_score,0.0139,evidence/t2_heart_extra_20261008/evaluation/dev_pca_s20261019.json,52034554f03aec10193cb09baa2c78a1de04218ef678f327eb63acc58fa28add,E9.5,unsubmitted control,"excluded: raw values vs skill, one server candidate, seed pseudoreplication"
dev,pca,20261019,de_direction,0.0569,evidence/t2_heart_extra_20261008/evaluation/dev_pca_s20261019.json,52034554f03aec10193cb09baa2c78a1de04218ef678f327eb63acc58fa28add,E9.5,unsubmitted control,"excluded: raw values vs skill, one server candidate, seed pseudoreplication"
dev,pca,20261019,energy_distance,2.30938,evidence/t2_heart_extra_20261008/evaluation/dev_pca_s20261019.json,52034554f03aec10193cb09baa2c78a1de04218ef678f327eb63acc58fa28add,E9.5,unsubmitted control,"excluded: raw values vs skill, one server candidate, seed pseudoreplication"
dev,pca,20261019,mmd_u,0.0601,evidence/t2_heart_extra_20261008/evaluation/dev_pca_s20261019.json,52034554f03aec10193cb09baa2c78a1de04218ef678f327eb63acc58fa28add,E9.5,unsubmitted control,"excluded: raw values vs skill, one server candidate, seed pseudoreplication"
dev,pca,20261019,variogram,0.052562,evidence/t2_heart_extra_20261008/evaluation/dev_pca_s20261019.json,52034554f03aec10193cb09baa2c78a1de04218ef678f327eb63acc58fa28add,E9.5,unsubmitted control,"excluded: raw values vs skill, one server candidate, seed pseudoreplication"
dev,pca,20261019,d2_shape,0.05002,evidence/t2_heart_extra_20261008/evaluation/dev_pca_s20261019.json,52034554f03aec10193cb09baa2c78a1de04218ef678f327eb63acc58fa28add,E9.5,unsubmitted control,"excluded: raw values vs skill, one server candidate, seed pseudoreplication"
dev,pca,20261019,sliced_wasserstein,0.05653,evidence/t2_heart_extra_20261008/evaluation/dev_pca_s20261019.json,52034554f03aec10193cb09baa2c78a1de04218ef678f327eb63acc58fa28add,E9.5,unsubmitted control,"excluded: raw values vs skill, one server candidate, seed pseudoreplication"
dev,pca,20261019,occupancy_dice,0.8088,evidence/t2_heart_extra_20261008/evaluation/dev_pca_s20261019.json,52034554f03aec10193cb09baa2c78a1de04218ef678f327eb63acc58fa28add,E9.5,unsubmitted control,"excluded: raw values vs skill, one server candidate, seed pseudoreplication"
dev,pca,20261019,scale_log_ratio,-0.4348,evidence/t2_heart_extra_20261008/evaluation/dev_pca_s20261019.json,52034554f03aec10193cb09baa2c78a1de04218ef678f327eb63acc58fa28add,E9.5,unsubmitted control,"excluded: raw values vs skill, one server candidate, seed pseudoreplication"
dev,pca,20261019,count_log_ratio,-0.0792,evidence/t2_heart_extra_20261008/evaluation/dev_pca_s20261019.json,52034554f03aec10193cb09baa2c78a1de04218ef678f327eb63acc58fa28add,E9.5,unsubmitted control,"excluded: raw values vs skill, one server candidate, seed pseudoreplication"
dev,pca,20261019,neighborhood_mmd,0.09746,evidence/t2_heart_extra_20261008/evaluation/dev_pca_s20261019.json,52034554f03aec10193cb09baa2c78a1de04218ef678f327eb63acc58fa28add,E9.5,unsubmitted control,"excluded: raw values vs skill, one server candidate, seed pseudoreplication"
dev,pca,20261019,pb_rel_err,0.5096,evidence/t2_heart_extra_20261008/evaluation/dev_pca_s20261019.json,52034554f03aec10193cb09baa2c78a1de04218ef678f327eb63acc58fa28add,E9.5,unsubmitted control,"excluded: raw values vs skill, one server candidate, seed pseudoreplication"
dev,pca,20261019,library_size_ratio,1.0,evidence/t2_heart_extra_20261008/evaluation/dev_pca_s20261019.json,52034554f03aec10193cb09baa2c78a1de04218ef678f327eb63acc58fa28add,E9.5,unsubmitted control,"excluded: raw values vs skill, one server candidate, seed pseudoreplication"
dev,pca,20261019,variance_ratio,0.818,evidence/t2_heart_extra_20261008/evaluation/dev_pca_s20261019.json,52034554f03aec10193cb09baa2c78a1de04218ef678f327eb63acc58fa28add,E9.5,unsubmitted control,"excluded: raw values vs skill, one server candidate, seed pseudoreplication"
dev,pca,20261019,composition_JSD,0.1127,evidence/t2_heart_extra_20261008/evaluation/dev_pca_s20261019.json,52034554f03aec10193cb09baa2c78a1de04218ef678f327eb63acc58fa28add,E9.5,unsubmitted control,"excluded: raw values vs skill, one server candidate, seed pseudoreplication"
dev,pca,20261019,pseudobulk_pearson,0.8108,evidence/t2_heart_extra_20261008/evaluation/dev_pca_s20261019.json,52034554f03aec10193cb09baa2c78a1de04218ef678f327eb63acc58fa28add,E9.5,unsubmitted control,"excluded: raw values vs skill, one server candidate, seed pseudoreplication"
dev,pca,20261019,morans_I_agreement,0.6861,evidence/t2_heart_extra_20261008/evaluation/dev_pca_s20261019.json,52034554f03aec10193cb09baa2c78a1de04218ef678f327eb63acc58fa28add,E9.5,unsubmitted control,"excluded: raw values vs skill, one server candidate, seed pseudoreplication"
dev,pca,20261019,_de_raw,0.4365,evidence/t2_heart_extra_20261008/evaluation/dev_pca_s20261019.json,52034554f03aec10193cb09baa2c78a1de04218ef678f327eb63acc58fa28add,E9.5,unsubmitted control,"excluded: raw values vs skill, one server candidate, seed pseudoreplication"
dev,pca,20261019,_de_chance,0.4286,evidence/t2_heart_extra_20261008/evaluation/dev_pca_s20261019.json,52034554f03aec10193cb09baa2c78a1de04218ef678f327eb63acc58fa28add,E9.5,unsubmitted control,"excluded: raw values vs skill, one server candidate, seed pseudoreplication"
dev,pca,20261019,_n_up,36,evidence/t2_heart_extra_20261008/evaluation/dev_pca_s20261019.json,52034554f03aec10193cb09baa2c78a1de04218ef678f327eb63acc58fa28add,E9.5,unsubmitted control,"excluded: raw values vs skill, one server candidate, seed pseudoreplication"
dev,pca,20261019,_n_dn,90,evidence/t2_heart_extra_20261008/evaluation/dev_pca_s20261019.json,52034554f03aec10193cb09baa2c78a1de04218ef678f327eb63acc58fa28add,E9.5,unsubmitted control,"excluded: raw values vs skill, one server candidate, seed pseudoreplication"
dev,pca,20261019,_sw_flip_spread,0.00496,evidence/t2_heart_extra_20261008/evaluation/dev_pca_s20261019.json,52034554f03aec10193cb09baa2c78a1de04218ef678f327eb63acc58fa28add,E9.5,unsubmitted control,"excluded: raw values vs skill, one server candidate, seed pseudoreplication"
dev,pca,20261019,_dice_voxel_over_nn,11.9,evidence/t2_heart_extra_20261008/evaluation/dev_pca_s20261019.json,52034554f03aec10193cb09baa2c78a1de04218ef678f327eb63acc58fa28add,E9.5,unsubmitted control,"excluded: raw values vs skill, one server candidate, seed pseudoreplication"
dev,perm,20261003,de_score,0.0139,evidence/t2_heart_extra_20261008/evaluation/dev_perm_s20261003.json,52034554f03aec10193cb09baa2c78a1de04218ef678f327eb63acc58fa28add,E9.5,unsubmitted control,"excluded: raw values vs skill, one server candidate, seed pseudoreplication"
dev,perm,20261003,de_direction,0.0499,evidence/t2_heart_extra_20261008/evaluation/dev_perm_s20261003.json,52034554f03aec10193cb09baa2c78a1de04218ef678f327eb63acc58fa28add,E9.5,unsubmitted control,"excluded: raw values vs skill, one server candidate, seed pseudoreplication"
dev,perm,20261003,energy_distance,2.20176,evidence/t2_heart_extra_20261008/evaluation/dev_perm_s20261003.json,52034554f03aec10193cb09baa2c78a1de04218ef678f327eb63acc58fa28add,E9.5,unsubmitted control,"excluded: raw values vs skill, one server candidate, seed pseudoreplication"
dev,perm,20261003,mmd_u,0.05756,evidence/t2_heart_extra_20261008/evaluation/dev_perm_s20261003.json,52034554f03aec10193cb09baa2c78a1de04218ef678f327eb63acc58fa28add,E9.5,unsubmitted control,"excluded: raw values vs skill, one server candidate, seed pseudoreplication"
dev,perm,20261003,variogram,0.046602,evidence/t2_heart_extra_20261008/evaluation/dev_perm_s20261003.json,52034554f03aec10193cb09baa2c78a1de04218ef678f327eb63acc58fa28add,E9.5,unsubmitted control,"excluded: raw values vs skill, one server candidate, seed pseudoreplication"
dev,perm,20261003,d2_shape,0.05134,evidence/t2_heart_extra_20261008/evaluation/dev_perm_s20261003.json,52034554f03aec10193cb09baa2c78a1de04218ef678f327eb63acc58fa28add,E9.5,unsubmitted control,"excluded: raw values vs skill, one server candidate, seed pseudoreplication"
dev,perm,20261003,sliced_wasserstein,0.05597,evidence/t2_heart_extra_20261008/evaluation/dev_perm_s20261003.json,52034554f03aec10193cb09baa2c78a1de04218ef678f327eb63acc58fa28add,E9.5,unsubmitted control,"excluded: raw values vs skill, one server candidate, seed pseudoreplication"
dev,perm,20261003,occupancy_dice,0.8158,evidence/t2_heart_extra_20261008/evaluation/dev_perm_s20261003.json,52034554f03aec10193cb09baa2c78a1de04218ef678f327eb63acc58fa28add,E9.5,unsubmitted control,"excluded: raw values vs skill, one server candidate, seed pseudoreplication"
dev,perm,20261003,scale_log_ratio,-0.4348,evidence/t2_heart_extra_20261008/evaluation/dev_perm_s20261003.json,52034554f03aec10193cb09baa2c78a1de04218ef678f327eb63acc58fa28add,E9.5,unsubmitted control,"excluded: raw values vs skill, one server candidate, seed pseudoreplication"
dev,perm,20261003,count_log_ratio,-0.0792,evidence/t2_heart_extra_20261008/evaluation/dev_perm_s20261003.json,52034554f03aec10193cb09baa2c78a1de04218ef678f327eb63acc58fa28add,E9.5,unsubmitted control,"excluded: raw values vs skill, one server candidate, seed pseudoreplication"
dev,perm,20261003,neighborhood_mmd,0.09778,evidence/t2_heart_extra_20261008/evaluation/dev_perm_s20261003.json,52034554f03aec10193cb09baa2c78a1de04218ef678f327eb63acc58fa28add,E9.5,unsubmitted control,"excluded: raw values vs skill, one server candidate, seed pseudoreplication"
dev,perm,20261003,pb_rel_err,0.512,evidence/t2_heart_extra_20261008/evaluation/dev_perm_s20261003.json,52034554f03aec10193cb09baa2c78a1de04218ef678f327eb63acc58fa28add,E9.5,unsubmitted control,"excluded: raw values vs skill, one server candidate, seed pseudoreplication"
dev,perm,20261003,library_size_ratio,1.0,evidence/t2_heart_extra_20261008/evaluation/dev_perm_s20261003.json,52034554f03aec10193cb09baa2c78a1de04218ef678f327eb63acc58fa28add,E9.5,unsubmitted control,"excluded: raw values vs skill, one server candidate, seed pseudoreplication"
dev,perm,20261003,variance_ratio,0.833,evidence/t2_heart_extra_20261008/evaluation/dev_perm_s20261003.json,52034554f03aec10193cb09baa2c78a1de04218ef678f327eb63acc58fa28add,E9.5,unsubmitted control,"excluded: raw values vs skill, one server candidate, seed pseudoreplication"
dev,perm,20261003,composition_JSD,0.1131,evidence/t2_heart_extra_20261008/evaluation/dev_perm_s20261003.json,52034554f03aec10193cb09baa2c78a1de04218ef678f327eb63acc58fa28add,E9.5,unsubmitted control,"excluded: raw values vs skill, one server candidate, seed pseudoreplication"
dev,perm,20261003,pseudobulk_pearson,0.8099,evidence/t2_heart_extra_20261008/evaluation/dev_perm_s20261003.json,52034554f03aec10193cb09baa2c78a1de04218ef678f327eb63acc58fa28add,E9.5,unsubmitted control,"excluded: raw values vs skill, one server candidate, seed pseudoreplication"
dev,perm,20261003,morans_I_agreement,0.6847,evidence/t2_heart_extra_20261008/evaluation/dev_perm_s20261003.json,52034554f03aec10193cb09baa2c78a1de04218ef678f327eb63acc58fa28add,E9.5,unsubmitted control,"excluded: raw values vs skill, one server candidate, seed pseudoreplication"
dev,perm,20261003,_de_raw,0.4365,evidence/t2_heart_extra_20261008/evaluation/dev_perm_s20261003.json,52034554f03aec10193cb09baa2c78a1de04218ef678f327eb63acc58fa28add,E9.5,unsubmitted control,"excluded: raw values vs skill, one server candidate, seed pseudoreplication"
dev,perm,20261003,_de_chance,0.4286,evidence/t2_heart_extra_20261008/evaluation/dev_perm_s20261003.json,52034554f03aec10193cb09baa2c78a1de04218ef678f327eb63acc58fa28add,E9.5,unsubmitted control,"excluded: raw values vs skill, one server candidate, seed pseudoreplication"
dev,perm,20261003,_n_up,36,evidence/t2_heart_extra_20261008/evaluation/dev_perm_s20261003.json,52034554f03aec10193cb09baa2c78a1de04218ef678f327eb63acc58fa28add,E9.5,unsubmitted control,"excluded: raw values vs skill, one server candidate, seed pseudoreplication"
dev,perm,20261003,_n_dn,90,evidence/t2_heart_extra_20261008/evaluation/dev_perm_s20261003.json,52034554f03aec10193cb09baa2c78a1de04218ef678f327eb63acc58fa28add,E9.5,unsubmitted control,"excluded: raw values vs skill, one server candidate, seed pseudoreplication"
dev,perm,20261003,_sw_flip_spread,0.00494,evidence/t2_heart_extra_20261008/evaluation/dev_perm_s20261003.json,52034554f03aec10193cb09baa2c78a1de04218ef678f327eb63acc58fa28add,E9.5,unsubmitted control,"excluded: raw values vs skill, one server candidate, seed pseudoreplication"
dev,perm,20261003,_dice_voxel_over_nn,11.9,evidence/t2_heart_extra_20261008/evaluation/dev_perm_s20261003.json,52034554f03aec10193cb09baa2c78a1de04218ef678f327eb63acc58fa28add,E9.5,unsubmitted control,"excluded: raw values vs skill, one server candidate, seed pseudoreplication"
dev,perm,20261011,de_score,0.0139,evidence/t2_heart_extra_20261008/evaluation/dev_perm_s20261011.json,52034554f03aec10193cb09baa2c78a1de04218ef678f327eb63acc58fa28add,E9.5,unsubmitted control,"excluded: raw values vs skill, one server candidate, seed pseudoreplication"
dev,perm,20261011,de_direction,0.0499,evidence/t2_heart_extra_20261008/evaluation/dev_perm_s20261011.json,52034554f03aec10193cb09baa2c78a1de04218ef678f327eb63acc58fa28add,E9.5,unsubmitted control,"excluded: raw values vs skill, one server candidate, seed pseudoreplication"
dev,perm,20261011,energy_distance,2.42673,evidence/t2_heart_extra_20261008/evaluation/dev_perm_s20261011.json,52034554f03aec10193cb09baa2c78a1de04218ef678f327eb63acc58fa28add,E9.5,unsubmitted control,"excluded: raw values vs skill, one server candidate, seed pseudoreplication"
dev,perm,20261011,mmd_u,0.06286,evidence/t2_heart_extra_20261008/evaluation/dev_perm_s20261011.json,52034554f03aec10193cb09baa2c78a1de04218ef678f327eb63acc58fa28add,E9.5,unsubmitted control,"excluded: raw values vs skill, one server candidate, seed pseudoreplication"
dev,perm,20261011,variogram,0.051514,evidence/t2_heart_extra_20261008/evaluation/dev_perm_s20261011.json,52034554f03aec10193cb09baa2c78a1de04218ef678f327eb63acc58fa28add,E9.5,unsubmitted control,"excluded: raw values vs skill, one server candidate, seed pseudoreplication"
dev,perm,20261011,d2_shape,0.05411,evidence/t2_heart_extra_20261008/evaluation/dev_perm_s20261011.json,52034554f03aec10193cb09baa2c78a1de04218ef678f327eb63acc58fa28add,E9.5,unsubmitted control,"excluded: raw values vs skill, one server candidate, seed pseudoreplication"
dev,perm,20261011,sliced_wasserstein,0.05703,evidence/t2_heart_extra_20261008/evaluation/dev_perm_s20261011.json,52034554f03aec10193cb09baa2c78a1de04218ef678f327eb63acc58fa28add,E9.5,unsubmitted control,"excluded: raw values vs skill, one server candidate, seed pseudoreplication"
dev,perm,20261011,occupancy_dice,0.8142,evidence/t2_heart_extra_20261008/evaluation/dev_perm_s20261011.json,52034554f03aec10193cb09baa2c78a1de04218ef678f327eb63acc58fa28add,E9.5,unsubmitted control,"excluded: raw values vs skill, one server candidate, seed pseudoreplication"
dev,perm,20261011,scale_log_ratio,-0.4348,evidence/t2_heart_extra_20261008/evaluation/dev_perm_s20261011.json,52034554f03aec10193cb09baa2c78a1de04218ef678f327eb63acc58fa28add,E9.5,unsubmitted control,"excluded: raw values vs skill, one server candidate, seed pseudoreplication"
dev,perm,20261011,count_log_ratio,-0.0792,evidence/t2_heart_extra_20261008/evaluation/dev_perm_s20261011.json,52034554f03aec10193cb09baa2c78a1de04218ef678f327eb63acc58fa28add,E9.5,unsubmitted control,"excluded: raw values vs skill, one server candidate, seed pseudoreplication"
dev,perm,20261011,neighborhood_mmd,0.09778,evidence/t2_heart_extra_20261008/evaluation/dev_perm_s20261011.json,52034554f03aec10193cb09baa2c78a1de04218ef678f327eb63acc58fa28add,E9.5,unsubmitted control,"excluded: raw values vs skill, one server candidate, seed pseudoreplication"
dev,perm,20261011,pb_rel_err,0.512,evidence/t2_heart_extra_20261008/evaluation/dev_perm_s20261011.json,52034554f03aec10193cb09baa2c78a1de04218ef678f327eb63acc58fa28add,E9.5,unsubmitted control,"excluded: raw values vs skill, one server candidate, seed pseudoreplication"
dev,perm,20261011,library_size_ratio,1.0,evidence/t2_heart_extra_20261008/evaluation/dev_perm_s20261011.json,52034554f03aec10193cb09baa2c78a1de04218ef678f327eb63acc58fa28add,E9.5,unsubmitted control,"excluded: raw values vs skill, one server candidate, seed pseudoreplication"
dev,perm,20261011,variance_ratio,0.833,evidence/t2_heart_extra_20261008/evaluation/dev_perm_s20261011.json,52034554f03aec10193cb09baa2c78a1de04218ef678f327eb63acc58fa28add,E9.5,unsubmitted control,"excluded: raw values vs skill, one server candidate, seed pseudoreplication"
dev,perm,20261011,composition_JSD,0.1131,evidence/t2_heart_extra_20261008/evaluation/dev_perm_s20261011.json,52034554f03aec10193cb09baa2c78a1de04218ef678f327eb63acc58fa28add,E9.5,unsubmitted control,"excluded: raw values vs skill, one server candidate, seed pseudoreplication"
dev,perm,20261011,pseudobulk_pearson,0.8099,evidence/t2_heart_extra_20261008/evaluation/dev_perm_s20261011.json,52034554f03aec10193cb09baa2c78a1de04218ef678f327eb63acc58fa28add,E9.5,unsubmitted control,"excluded: raw values vs skill, one server candidate, seed pseudoreplication"
dev,perm,20261011,morans_I_agreement,0.6847,evidence/t2_heart_extra_20261008/evaluation/dev_perm_s20261011.json,52034554f03aec10193cb09baa2c78a1de04218ef678f327eb63acc58fa28add,E9.5,unsubmitted control,"excluded: raw values vs skill, one server candidate, seed pseudoreplication"
dev,perm,20261011,_de_raw,0.4365,evidence/t2_heart_extra_20261008/evaluation/dev_perm_s20261011.json,52034554f03aec10193cb09baa2c78a1de04218ef678f327eb63acc58fa28add,E9.5,unsubmitted control,"excluded: raw values vs skill, one server candidate, seed pseudoreplication"
dev,perm,20261011,_de_chance,0.4286,evidence/t2_heart_extra_20261008/evaluation/dev_perm_s20261011.json,52034554f03aec10193cb09baa2c78a1de04218ef678f327eb63acc58fa28add,E9.5,unsubmitted control,"excluded: raw values vs skill, one server candidate, seed pseudoreplication"
dev,perm,20261011,_n_up,36,evidence/t2_heart_extra_20261008/evaluation/dev_perm_s20261011.json,52034554f03aec10193cb09baa2c78a1de04218ef678f327eb63acc58fa28add,E9.5,unsubmitted control,"excluded: raw values vs skill, one server candidate, seed pseudoreplication"
dev,perm,20261011,_n_dn,90,evidence/t2_heart_extra_20261008/evaluation/dev_perm_s20261011.json,52034554f03aec10193cb09baa2c78a1de04218ef678f327eb63acc58fa28add,E9.5,unsubmitted control,"excluded: raw values vs skill, one server candidate, seed pseudoreplication"
dev,perm,20261011,_sw_flip_spread,0.00696,evidence/t2_heart_extra_20261008/evaluation/dev_perm_s20261011.json,52034554f03aec10193cb09baa2c78a1de04218ef678f327eb63acc58fa28add,E9.5,unsubmitted control,"excluded: raw values vs skill, one server candidate, seed pseudoreplication"
dev,perm,20261011,_dice_voxel_over_nn,12.0,evidence/t2_heart_extra_20261008/evaluation/dev_perm_s20261011.json,52034554f03aec10193cb09baa2c78a1de04218ef678f327eb63acc58fa28add,E9.5,unsubmitted control,"excluded: raw values vs skill, one server candidate, seed pseudoreplication"
dev,perm,20261019,de_score,0.0139,evidence/t2_heart_extra_20261008/evaluation/dev_perm_s20261019.json,52034554f03aec10193cb09baa2c78a1de04218ef678f327eb63acc58fa28add,E9.5,unsubmitted control,"excluded: raw values vs skill, one server candidate, seed pseudoreplication"
dev,perm,20261019,de_direction,0.0499,evidence/t2_heart_extra_20261008/evaluation/dev_perm_s20261019.json,52034554f03aec10193cb09baa2c78a1de04218ef678f327eb63acc58fa28add,E9.5,unsubmitted control,"excluded: raw values vs skill, one server candidate, seed pseudoreplication"
dev,perm,20261019,energy_distance,2.3029,evidence/t2_heart_extra_20261008/evaluation/dev_perm_s20261019.json,52034554f03aec10193cb09baa2c78a1de04218ef678f327eb63acc58fa28add,E9.5,unsubmitted control,"excluded: raw values vs skill, one server candidate, seed pseudoreplication"
dev,perm,20261019,mmd_u,0.05974,evidence/t2_heart_extra_20261008/evaluation/dev_perm_s20261019.json,52034554f03aec10193cb09baa2c78a1de04218ef678f327eb63acc58fa28add,E9.5,unsubmitted control,"excluded: raw values vs skill, one server candidate, seed pseudoreplication"
dev,perm,20261019,variogram,0.049952,evidence/t2_heart_extra_20261008/evaluation/dev_perm_s20261019.json,52034554f03aec10193cb09baa2c78a1de04218ef678f327eb63acc58fa28add,E9.5,unsubmitted control,"excluded: raw values vs skill, one server candidate, seed pseudoreplication"
dev,perm,20261019,d2_shape,0.05002,evidence/t2_heart_extra_20261008/evaluation/dev_perm_s20261019.json,52034554f03aec10193cb09baa2c78a1de04218ef678f327eb63acc58fa28add,E9.5,unsubmitted control,"excluded: raw values vs skill, one server candidate, seed pseudoreplication"
dev,perm,20261019,sliced_wasserstein,0.05653,evidence/t2_heart_extra_20261008/evaluation/dev_perm_s20261019.json,52034554f03aec10193cb09baa2c78a1de04218ef678f327eb63acc58fa28add,E9.5,unsubmitted control,"excluded: raw values vs skill, one server candidate, seed pseudoreplication"
dev,perm,20261019,occupancy_dice,0.8088,evidence/t2_heart_extra_20261008/evaluation/dev_perm_s20261019.json,52034554f03aec10193cb09baa2c78a1de04218ef678f327eb63acc58fa28add,E9.5,unsubmitted control,"excluded: raw values vs skill, one server candidate, seed pseudoreplication"
dev,perm,20261019,scale_log_ratio,-0.4348,evidence/t2_heart_extra_20261008/evaluation/dev_perm_s20261019.json,52034554f03aec10193cb09baa2c78a1de04218ef678f327eb63acc58fa28add,E9.5,unsubmitted control,"excluded: raw values vs skill, one server candidate, seed pseudoreplication"
dev,perm,20261019,count_log_ratio,-0.0792,evidence/t2_heart_extra_20261008/evaluation/dev_perm_s20261019.json,52034554f03aec10193cb09baa2c78a1de04218ef678f327eb63acc58fa28add,E9.5,unsubmitted control,"excluded: raw values vs skill, one server candidate, seed pseudoreplication"
dev,perm,20261019,neighborhood_mmd,0.09778,evidence/t2_heart_extra_20261008/evaluation/dev_perm_s20261019.json,52034554f03aec10193cb09baa2c78a1de04218ef678f327eb63acc58fa28add,E9.5,unsubmitted control,"excluded: raw values vs skill, one server candidate, seed pseudoreplication"
dev,perm,20261019,pb_rel_err,0.512,evidence/t2_heart_extra_20261008/evaluation/dev_perm_s20261019.json,52034554f03aec10193cb09baa2c78a1de04218ef678f327eb63acc58fa28add,E9.5,unsubmitted control,"excluded: raw values vs skill, one server candidate, seed pseudoreplication"
dev,perm,20261019,library_size_ratio,1.0,evidence/t2_heart_extra_20261008/evaluation/dev_perm_s20261019.json,52034554f03aec10193cb09baa2c78a1de04218ef678f327eb63acc58fa28add,E9.5,unsubmitted control,"excluded: raw values vs skill, one server candidate, seed pseudoreplication"
dev,perm,20261019,variance_ratio,0.833,evidence/t2_heart_extra_20261008/evaluation/dev_perm_s20261019.json,52034554f03aec10193cb09baa2c78a1de04218ef678f327eb63acc58fa28add,E9.5,unsubmitted control,"excluded: raw values vs skill, one server candidate, seed pseudoreplication"
dev,perm,20261019,composition_JSD,0.1131,evidence/t2_heart_extra_20261008/evaluation/dev_perm_s20261019.json,52034554f03aec10193cb09baa2c78a1de04218ef678f327eb63acc58fa28add,E9.5,unsubmitted control,"excluded: raw values vs skill, one server candidate, seed pseudoreplication"
dev,perm,20261019,pseudobulk_pearson,0.8099,evidence/t2_heart_extra_20261008/evaluation/dev_perm_s20261019.json,52034554f03aec10193cb09baa2c78a1de04218ef678f327eb63acc58fa28add,E9.5,unsubmitted control,"excluded: raw values vs skill, one server candidate, seed pseudoreplication"
dev,perm,20261019,morans_I_agreement,0.6847,evidence/t2_heart_extra_20261008/evaluation/dev_perm_s20261019.json,52034554f03aec10193cb09baa2c78a1de04218ef678f327eb63acc58fa28add,E9.5,unsubmitted control,"excluded: raw values vs skill, one server candidate, seed pseudoreplication"
dev,perm,20261019,_de_raw,0.4365,evidence/t2_heart_extra_20261008/evaluation/dev_perm_s20261019.json,52034554f03aec10193cb09baa2c78a1de04218ef678f327eb63acc58fa28add,E9.5,unsubmitted control,"excluded: raw values vs skill, one server candidate, seed pseudoreplication"
dev,perm,20261019,_de_chance,0.4286,evidence/t2_heart_extra_20261008/evaluation/dev_perm_s20261019.json,52034554f03aec10193cb09baa2c78a1de04218ef678f327eb63acc58fa28add,E9.5,unsubmitted control,"excluded: raw values vs skill, one server candidate, seed pseudoreplication"
dev,perm,20261019,_n_up,36,evidence/t2_heart_extra_20261008/evaluation/dev_perm_s20261019.json,52034554f03aec10193cb09baa2c78a1de04218ef678f327eb63acc58fa28add,E9.5,unsubmitted control,"excluded: raw values vs skill, one server candidate, seed pseudoreplication"
dev,perm,20261019,_n_dn,90,evidence/t2_heart_extra_20261008/evaluation/dev_perm_s20261019.json,52034554f03aec10193cb09baa2c78a1de04218ef678f327eb63acc58fa28add,E9.5,unsubmitted control,"excluded: raw values vs skill, one server candidate, seed pseudoreplication"
dev,perm,20261019,_sw_flip_spread,0.00496,evidence/t2_heart_extra_20261008/evaluation/dev_perm_s20261019.json,52034554f03aec10193cb09baa2c78a1de04218ef678f327eb63acc58fa28add,E9.5,unsubmitted control,"excluded: raw values vs skill, one server candidate, seed pseudoreplication"
dev,perm,20261019,_dice_voxel_over_nn,11.9,evidence/t2_heart_extra_20261008/evaluation/dev_perm_s20261019.json,52034554f03aec10193cb09baa2c78a1de04218ef678f327eb63acc58fa28add,E9.5,unsubmitted control,"excluded: raw values vs skill, one server candidate, seed pseudoreplication"
reserve,endmatched,20261003,de_score,0.027,evidence/t2_heart_extra_20261008/evaluation/reserve_endmatched_s20261003.json,52034554f03aec10193cb09baa2c78a1de04218ef678f327eb63acc58fa28add,E9.5,v0036 earlier-stage analog,"excluded: raw values vs skill, one server candidate, seed pseudoreplication"
reserve,endmatched,20261003,de_direction,0.0582,evidence/t2_heart_extra_20261008/evaluation/reserve_endmatched_s20261003.json,52034554f03aec10193cb09baa2c78a1de04218ef678f327eb63acc58fa28add,E9.5,v0036 earlier-stage analog,"excluded: raw values vs skill, one server candidate, seed pseudoreplication"
reserve,endmatched,20261003,energy_distance,2.12159,evidence/t2_heart_extra_20261008/evaluation/reserve_endmatched_s20261003.json,52034554f03aec10193cb09baa2c78a1de04218ef678f327eb63acc58fa28add,E9.5,v0036 earlier-stage analog,"excluded: raw values vs skill, one server candidate, seed pseudoreplication"
reserve,endmatched,20261003,mmd_u,0.05473,evidence/t2_heart_extra_20261008/evaluation/reserve_endmatched_s20261003.json,52034554f03aec10193cb09baa2c78a1de04218ef678f327eb63acc58fa28add,E9.5,v0036 earlier-stage analog,"excluded: raw values vs skill, one server candidate, seed pseudoreplication"
reserve,endmatched,20261003,variogram,0.04551,evidence/t2_heart_extra_20261008/evaluation/reserve_endmatched_s20261003.json,52034554f03aec10193cb09baa2c78a1de04218ef678f327eb63acc58fa28add,E9.5,v0036 earlier-stage analog,"excluded: raw values vs skill, one server candidate, seed pseudoreplication"
reserve,endmatched,20261003,d2_shape,0.05166,evidence/t2_heart_extra_20261008/evaluation/reserve_endmatched_s20261003.json,52034554f03aec10193cb09baa2c78a1de04218ef678f327eb63acc58fa28add,E9.5,v0036 earlier-stage analog,"excluded: raw values vs skill, one server candidate, seed pseudoreplication"
reserve,endmatched,20261003,sliced_wasserstein,0.05459,evidence/t2_heart_extra_20261008/evaluation/reserve_endmatched_s20261003.json,52034554f03aec10193cb09baa2c78a1de04218ef678f327eb63acc58fa28add,E9.5,v0036 earlier-stage analog,"excluded: raw values vs skill, one server candidate, seed pseudoreplication"
reserve,endmatched,20261003,occupancy_dice,0.8119,evidence/t2_heart_extra_20261008/evaluation/reserve_endmatched_s20261003.json,52034554f03aec10193cb09baa2c78a1de04218ef678f327eb63acc58fa28add,E9.5,v0036 earlier-stage analog,"excluded: raw values vs skill, one server candidate, seed pseudoreplication"
reserve,endmatched,20261003,scale_log_ratio,-0.4346,evidence/t2_heart_extra_20261008/evaluation/reserve_endmatched_s20261003.json,52034554f03aec10193cb09baa2c78a1de04218ef678f327eb63acc58fa28add,E9.5,v0036 earlier-stage analog,"excluded: raw values vs skill, one server candidate, seed pseudoreplication"
reserve,endmatched,20261003,count_log_ratio,-0.0792,evidence/t2_heart_extra_20261008/evaluation/reserve_endmatched_s20261003.json,52034554f03aec10193cb09baa2c78a1de04218ef678f327eb63acc58fa28add,E9.5,v0036 earlier-stage analog,"excluded: raw values vs skill, one server candidate, seed pseudoreplication"
reserve,endmatched,20261003,neighborhood_mmd,0.09511,evidence/t2_heart_extra_20261008/evaluation/reserve_endmatched_s20261003.json,52034554f03aec10193cb09baa2c78a1de04218ef678f327eb63acc58fa28add,E9.5,v0036 earlier-stage analog,"excluded: raw values vs skill, one server candidate, seed pseudoreplication"
reserve,endmatched,20261003,pb_rel_err,0.5099,evidence/t2_heart_extra_20261008/evaluation/reserve_endmatched_s20261003.json,52034554f03aec10193cb09baa2c78a1de04218ef678f327eb63acc58fa28add,E9.5,v0036 earlier-stage analog,"excluded: raw values vs skill, one server candidate, seed pseudoreplication"
reserve,endmatched,20261003,library_size_ratio,1.0,evidence/t2_heart_extra_20261008/evaluation/reserve_endmatched_s20261003.json,52034554f03aec10193cb09baa2c78a1de04218ef678f327eb63acc58fa28add,E9.5,v0036 earlier-stage analog,"excluded: raw values vs skill, one server candidate, seed pseudoreplication"
reserve,endmatched,20261003,variance_ratio,0.825,evidence/t2_heart_extra_20261008/evaluation/reserve_endmatched_s20261003.json,52034554f03aec10193cb09baa2c78a1de04218ef678f327eb63acc58fa28add,E9.5,v0036 earlier-stage analog,"excluded: raw values vs skill, one server candidate, seed pseudoreplication"
reserve,endmatched,20261003,composition_JSD,0.1095,evidence/t2_heart_extra_20261008/evaluation/reserve_endmatched_s20261003.json,52034554f03aec10193cb09baa2c78a1de04218ef678f327eb63acc58fa28add,E9.5,v0036 earlier-stage analog,"excluded: raw values vs skill, one server candidate, seed pseudoreplication"
reserve,endmatched,20261003,pseudobulk_pearson,0.8109,evidence/t2_heart_extra_20261008/evaluation/reserve_endmatched_s20261003.json,52034554f03aec10193cb09baa2c78a1de04218ef678f327eb63acc58fa28add,E9.5,v0036 earlier-stage analog,"excluded: raw values vs skill, one server candidate, seed pseudoreplication"
reserve,endmatched,20261003,morans_I_agreement,0.6851,evidence/t2_heart_extra_20261008/evaluation/reserve_endmatched_s20261003.json,52034554f03aec10193cb09baa2c78a1de04218ef678f327eb63acc58fa28add,E9.5,v0036 earlier-stage analog,"excluded: raw values vs skill, one server candidate, seed pseudoreplication"
reserve,endmatched,20261003,_de_raw,0.4375,evidence/t2_heart_extra_20261008/evaluation/reserve_endmatched_s20261003.json,52034554f03aec10193cb09baa2c78a1de04218ef678f327eb63acc58fa28add,E9.5,v0036 earlier-stage analog,"excluded: raw values vs skill, one server candidate, seed pseudoreplication"
reserve,endmatched,20261003,_de_chance,0.4219,evidence/t2_heart_extra_20261008/evaluation/reserve_endmatched_s20261003.json,52034554f03aec10193cb09baa2c78a1de04218ef678f327eb63acc58fa28add,E9.5,v0036 earlier-stage analog,"excluded: raw values vs skill, one server candidate, seed pseudoreplication"
reserve,endmatched,20261003,_n_up,38,evidence/t2_heart_extra_20261008/evaluation/reserve_endmatched_s20261003.json,52034554f03aec10193cb09baa2c78a1de04218ef678f327eb63acc58fa28add,E9.5,v0036 earlier-stage analog,"excluded: raw values vs skill, one server candidate, seed pseudoreplication"
reserve,endmatched,20261003,_n_dn,90,evidence/t2_heart_extra_20261008/evaluation/reserve_endmatched_s20261003.json,52034554f03aec10193cb09baa2c78a1de04218ef678f327eb63acc58fa28add,E9.5,v0036 earlier-stage analog,"excluded: raw values vs skill, one server candidate, seed pseudoreplication"
reserve,endmatched,20261003,_sw_flip_spread,0.00581,evidence/t2_heart_extra_20261008/evaluation/reserve_endmatched_s20261003.json,52034554f03aec10193cb09baa2c78a1de04218ef678f327eb63acc58fa28add,E9.5,v0036 earlier-stage analog,"excluded: raw values vs skill, one server candidate, seed pseudoreplication"
reserve,endmatched,20261003,_dice_voxel_over_nn,11.9,evidence/t2_heart_extra_20261008/evaluation/reserve_endmatched_s20261003.json,52034554f03aec10193cb09baa2c78a1de04218ef678f327eb63acc58fa28add,E9.5,v0036 earlier-stage analog,"excluded: raw values vs skill, one server candidate, seed pseudoreplication"
reserve,endmatched,20261011,de_score,0.027,evidence/t2_heart_extra_20261008/evaluation/reserve_endmatched_s20261011.json,52034554f03aec10193cb09baa2c78a1de04218ef678f327eb63acc58fa28add,E9.5,v0036 earlier-stage analog,"excluded: raw values vs skill, one server candidate, seed pseudoreplication"
reserve,endmatched,20261011,de_direction,0.0582,evidence/t2_heart_extra_20261008/evaluation/reserve_endmatched_s20261011.json,52034554f03aec10193cb09baa2c78a1de04218ef678f327eb63acc58fa28add,E9.5,v0036 earlier-stage analog,"excluded: raw values vs skill, one server candidate, seed pseudoreplication"
reserve,endmatched,20261011,energy_distance,2.41367,evidence/t2_heart_extra_20261008/evaluation/reserve_endmatched_s20261011.json,52034554f03aec10193cb09baa2c78a1de04218ef678f327eb63acc58fa28add,E9.5,v0036 earlier-stage analog,"excluded: raw values vs skill, one server candidate, seed pseudoreplication"
reserve,endmatched,20261011,mmd_u,0.06236,evidence/t2_heart_extra_20261008/evaluation/reserve_endmatched_s20261011.json,52034554f03aec10193cb09baa2c78a1de04218ef678f327eb63acc58fa28add,E9.5,v0036 earlier-stage analog,"excluded: raw values vs skill, one server candidate, seed pseudoreplication"
reserve,endmatched,20261011,variogram,0.05141,evidence/t2_heart_extra_20261008/evaluation/reserve_endmatched_s20261011.json,52034554f03aec10193cb09baa2c78a1de04218ef678f327eb63acc58fa28add,E9.5,v0036 earlier-stage analog,"excluded: raw values vs skill, one server candidate, seed pseudoreplication"
reserve,endmatched,20261011,d2_shape,0.05076,evidence/t2_heart_extra_20261008/evaluation/reserve_endmatched_s20261011.json,52034554f03aec10193cb09baa2c78a1de04218ef678f327eb63acc58fa28add,E9.5,v0036 earlier-stage analog,"excluded: raw values vs skill, one server candidate, seed pseudoreplication"
reserve,endmatched,20261011,sliced_wasserstein,0.05886,evidence/t2_heart_extra_20261008/evaluation/reserve_endmatched_s20261011.json,52034554f03aec10193cb09baa2c78a1de04218ef678f327eb63acc58fa28add,E9.5,v0036 earlier-stage analog,"excluded: raw values vs skill, one server candidate, seed pseudoreplication"
reserve,endmatched,20261011,occupancy_dice,0.8224,evidence/t2_heart_extra_20261008/evaluation/reserve_endmatched_s20261011.json,52034554f03aec10193cb09baa2c78a1de04218ef678f327eb63acc58fa28add,E9.5,v0036 earlier-stage analog,"excluded: raw values vs skill, one server candidate, seed pseudoreplication"
reserve,endmatched,20261011,scale_log_ratio,-0.4346,evidence/t2_heart_extra_20261008/evaluation/reserve_endmatched_s20261011.json,52034554f03aec10193cb09baa2c78a1de04218ef678f327eb63acc58fa28add,E9.5,v0036 earlier-stage analog,"excluded: raw values vs skill, one server candidate, seed pseudoreplication"
reserve,endmatched,20261011,count_log_ratio,-0.0792,evidence/t2_heart_extra_20261008/evaluation/reserve_endmatched_s20261011.json,52034554f03aec10193cb09baa2c78a1de04218ef678f327eb63acc58fa28add,E9.5,v0036 earlier-stage analog,"excluded: raw values vs skill, one server candidate, seed pseudoreplication"
reserve,endmatched,20261011,neighborhood_mmd,0.09511,evidence/t2_heart_extra_20261008/evaluation/reserve_endmatched_s20261011.json,52034554f03aec10193cb09baa2c78a1de04218ef678f327eb63acc58fa28add,E9.5,v0036 earlier-stage analog,"excluded: raw values vs skill, one server candidate, seed pseudoreplication"
reserve,endmatched,20261011,pb_rel_err,0.5099,evidence/t2_heart_extra_20261008/evaluation/reserve_endmatched_s20261011.json,52034554f03aec10193cb09baa2c78a1de04218ef678f327eb63acc58fa28add,E9.5,v0036 earlier-stage analog,"excluded: raw values vs skill, one server candidate, seed pseudoreplication"
reserve,endmatched,20261011,library_size_ratio,1.0,evidence/t2_heart_extra_20261008/evaluation/reserve_endmatched_s20261011.json,52034554f03aec10193cb09baa2c78a1de04218ef678f327eb63acc58fa28add,E9.5,v0036 earlier-stage analog,"excluded: raw values vs skill, one server candidate, seed pseudoreplication"
reserve,endmatched,20261011,variance_ratio,0.825,evidence/t2_heart_extra_20261008/evaluation/reserve_endmatched_s20261011.json,52034554f03aec10193cb09baa2c78a1de04218ef678f327eb63acc58fa28add,E9.5,v0036 earlier-stage analog,"excluded: raw values vs skill, one server candidate, seed pseudoreplication"
reserve,endmatched,20261011,composition_JSD,0.1095,evidence/t2_heart_extra_20261008/evaluation/reserve_endmatched_s20261011.json,52034554f03aec10193cb09baa2c78a1de04218ef678f327eb63acc58fa28add,E9.5,v0036 earlier-stage analog,"excluded: raw values vs skill, one server candidate, seed pseudoreplication"
reserve,endmatched,20261011,pseudobulk_pearson,0.8109,evidence/t2_heart_extra_20261008/evaluation/reserve_endmatched_s20261011.json,52034554f03aec10193cb09baa2c78a1de04218ef678f327eb63acc58fa28add,E9.5,v0036 earlier-stage analog,"excluded: raw values vs skill, one server candidate, seed pseudoreplication"
reserve,endmatched,20261011,morans_I_agreement,0.6851,evidence/t2_heart_extra_20261008/evaluation/reserve_endmatched_s20261011.json,52034554f03aec10193cb09baa2c78a1de04218ef678f327eb63acc58fa28add,E9.5,v0036 earlier-stage analog,"excluded: raw values vs skill, one server candidate, seed pseudoreplication"
reserve,endmatched,20261011,_de_raw,0.4375,evidence/t2_heart_extra_20261008/evaluation/reserve_endmatched_s20261011.json,52034554f03aec10193cb09baa2c78a1de04218ef678f327eb63acc58fa28add,E9.5,v0036 earlier-stage analog,"excluded: raw values vs skill, one server candidate, seed pseudoreplication"
reserve,endmatched,20261011,_de_chance,0.4219,evidence/t2_heart_extra_20261008/evaluation/reserve_endmatched_s20261011.json,52034554f03aec10193cb09baa2c78a1de04218ef678f327eb63acc58fa28add,E9.5,v0036 earlier-stage analog,"excluded: raw values vs skill, one server candidate, seed pseudoreplication"
reserve,endmatched,20261011,_n_up,38,evidence/t2_heart_extra_20261008/evaluation/reserve_endmatched_s20261011.json,52034554f03aec10193cb09baa2c78a1de04218ef678f327eb63acc58fa28add,E9.5,v0036 earlier-stage analog,"excluded: raw values vs skill, one server candidate, seed pseudoreplication"
reserve,endmatched,20261011,_n_dn,90,evidence/t2_heart_extra_20261008/evaluation/reserve_endmatched_s20261011.json,52034554f03aec10193cb09baa2c78a1de04218ef678f327eb63acc58fa28add,E9.5,v0036 earlier-stage analog,"excluded: raw values vs skill, one server candidate, seed pseudoreplication"
reserve,endmatched,20261011,_sw_flip_spread,0.00529,evidence/t2_heart_extra_20261008/evaluation/reserve_endmatched_s20261011.json,52034554f03aec10193cb09baa2c78a1de04218ef678f327eb63acc58fa28add,E9.5,v0036 earlier-stage analog,"excluded: raw values vs skill, one server candidate, seed pseudoreplication"
reserve,endmatched,20261011,_dice_voxel_over_nn,11.9,evidence/t2_heart_extra_20261008/evaluation/reserve_endmatched_s20261011.json,52034554f03aec10193cb09baa2c78a1de04218ef678f327eb63acc58fa28add,E9.5,v0036 earlier-stage analog,"excluded: raw values vs skill, one server candidate, seed pseudoreplication"
reserve,endmatched,20261019,de_score,0.027,evidence/t2_heart_extra_20261008/evaluation/reserve_endmatched_s20261019.json,52034554f03aec10193cb09baa2c78a1de04218ef678f327eb63acc58fa28add,E9.5,v0036 earlier-stage analog,"excluded: raw values vs skill, one server candidate, seed pseudoreplication"
reserve,endmatched,20261019,de_direction,0.0582,evidence/t2_heart_extra_20261008/evaluation/reserve_endmatched_s20261019.json,52034554f03aec10193cb09baa2c78a1de04218ef678f327eb63acc58fa28add,E9.5,v0036 earlier-stage analog,"excluded: raw values vs skill, one server candidate, seed pseudoreplication"
reserve,endmatched,20261019,energy_distance,2.16394,evidence/t2_heart_extra_20261008/evaluation/reserve_endmatched_s20261019.json,52034554f03aec10193cb09baa2c78a1de04218ef678f327eb63acc58fa28add,E9.5,v0036 earlier-stage analog,"excluded: raw values vs skill, one server candidate, seed pseudoreplication"
reserve,endmatched,20261019,mmd_u,0.05754,evidence/t2_heart_extra_20261008/evaluation/reserve_endmatched_s20261019.json,52034554f03aec10193cb09baa2c78a1de04218ef678f327eb63acc58fa28add,E9.5,v0036 earlier-stage analog,"excluded: raw values vs skill, one server candidate, seed pseudoreplication"
reserve,endmatched,20261019,variogram,0.046432,evidence/t2_heart_extra_20261008/evaluation/reserve_endmatched_s20261019.json,52034554f03aec10193cb09baa2c78a1de04218ef678f327eb63acc58fa28add,E9.5,v0036 earlier-stage analog,"excluded: raw values vs skill, one server candidate, seed pseudoreplication"
reserve,endmatched,20261019,d2_shape,0.05123,evidence/t2_heart_extra_20261008/evaluation/reserve_endmatched_s20261019.json,52034554f03aec10193cb09baa2c78a1de04218ef678f327eb63acc58fa28add,E9.5,v0036 earlier-stage analog,"excluded: raw values vs skill, one server candidate, seed pseudoreplication"
reserve,endmatched,20261019,sliced_wasserstein,0.05956,evidence/t2_heart_extra_20261008/evaluation/reserve_endmatched_s20261019.json,52034554f03aec10193cb09baa2c78a1de04218ef678f327eb63acc58fa28add,E9.5,v0036 earlier-stage analog,"excluded: raw values vs skill, one server candidate, seed pseudoreplication"
reserve,endmatched,20261019,occupancy_dice,0.8087,evidence/t2_heart_extra_20261008/evaluation/reserve_endmatched_s20261019.json,52034554f03aec10193cb09baa2c78a1de04218ef678f327eb63acc58fa28add,E9.5,v0036 earlier-stage analog,"excluded: raw values vs skill, one server candidate, seed pseudoreplication"
reserve,endmatched,20261019,scale_log_ratio,-0.4346,evidence/t2_heart_extra_20261008/evaluation/reserve_endmatched_s20261019.json,52034554f03aec10193cb09baa2c78a1de04218ef678f327eb63acc58fa28add,E9.5,v0036 earlier-stage analog,"excluded: raw values vs skill, one server candidate, seed pseudoreplication"
reserve,endmatched,20261019,count_log_ratio,-0.0792,evidence/t2_heart_extra_20261008/evaluation/reserve_endmatched_s20261019.json,52034554f03aec10193cb09baa2c78a1de04218ef678f327eb63acc58fa28add,E9.5,v0036 earlier-stage analog,"excluded: raw values vs skill, one server candidate, seed pseudoreplication"
reserve,endmatched,20261019,neighborhood_mmd,0.09511,evidence/t2_heart_extra_20261008/evaluation/reserve_endmatched_s20261019.json,52034554f03aec10193cb09baa2c78a1de04218ef678f327eb63acc58fa28add,E9.5,v0036 earlier-stage analog,"excluded: raw values vs skill, one server candidate, seed pseudoreplication"
reserve,endmatched,20261019,pb_rel_err,0.5099,evidence/t2_heart_extra_20261008/evaluation/reserve_endmatched_s20261019.json,52034554f03aec10193cb09baa2c78a1de04218ef678f327eb63acc58fa28add,E9.5,v0036 earlier-stage analog,"excluded: raw values vs skill, one server candidate, seed pseudoreplication"
reserve,endmatched,20261019,library_size_ratio,1.0,evidence/t2_heart_extra_20261008/evaluation/reserve_endmatched_s20261019.json,52034554f03aec10193cb09baa2c78a1de04218ef678f327eb63acc58fa28add,E9.5,v0036 earlier-stage analog,"excluded: raw values vs skill, one server candidate, seed pseudoreplication"
reserve,endmatched,20261019,variance_ratio,0.825,evidence/t2_heart_extra_20261008/evaluation/reserve_endmatched_s20261019.json,52034554f03aec10193cb09baa2c78a1de04218ef678f327eb63acc58fa28add,E9.5,v0036 earlier-stage analog,"excluded: raw values vs skill, one server candidate, seed pseudoreplication"
reserve,endmatched,20261019,composition_JSD,0.1095,evidence/t2_heart_extra_20261008/evaluation/reserve_endmatched_s20261019.json,52034554f03aec10193cb09baa2c78a1de04218ef678f327eb63acc58fa28add,E9.5,v0036 earlier-stage analog,"excluded: raw values vs skill, one server candidate, seed pseudoreplication"
reserve,endmatched,20261019,pseudobulk_pearson,0.8109,evidence/t2_heart_extra_20261008/evaluation/reserve_endmatched_s20261019.json,52034554f03aec10193cb09baa2c78a1de04218ef678f327eb63acc58fa28add,E9.5,v0036 earlier-stage analog,"excluded: raw values vs skill, one server candidate, seed pseudoreplication"
reserve,endmatched,20261019,morans_I_agreement,0.6851,evidence/t2_heart_extra_20261008/evaluation/reserve_endmatched_s20261019.json,52034554f03aec10193cb09baa2c78a1de04218ef678f327eb63acc58fa28add,E9.5,v0036 earlier-stage analog,"excluded: raw values vs skill, one server candidate, seed pseudoreplication"
reserve,endmatched,20261019,_de_raw,0.4375,evidence/t2_heart_extra_20261008/evaluation/reserve_endmatched_s20261019.json,52034554f03aec10193cb09baa2c78a1de04218ef678f327eb63acc58fa28add,E9.5,v0036 earlier-stage analog,"excluded: raw values vs skill, one server candidate, seed pseudoreplication"
reserve,endmatched,20261019,_de_chance,0.4219,evidence/t2_heart_extra_20261008/evaluation/reserve_endmatched_s20261019.json,52034554f03aec10193cb09baa2c78a1de04218ef678f327eb63acc58fa28add,E9.5,v0036 earlier-stage analog,"excluded: raw values vs skill, one server candidate, seed pseudoreplication"
reserve,endmatched,20261019,_n_up,38,evidence/t2_heart_extra_20261008/evaluation/reserve_endmatched_s20261019.json,52034554f03aec10193cb09baa2c78a1de04218ef678f327eb63acc58fa28add,E9.5,v0036 earlier-stage analog,"excluded: raw values vs skill, one server candidate, seed pseudoreplication"
reserve,endmatched,20261019,_n_dn,90,evidence/t2_heart_extra_20261008/evaluation/reserve_endmatched_s20261019.json,52034554f03aec10193cb09baa2c78a1de04218ef678f327eb63acc58fa28add,E9.5,v0036 earlier-stage analog,"excluded: raw values vs skill, one server candidate, seed pseudoreplication"
reserve,endmatched,20261019,_sw_flip_spread,0.00278,evidence/t2_heart_extra_20261008/evaluation/reserve_endmatched_s20261019.json,52034554f03aec10193cb09baa2c78a1de04218ef678f327eb63acc58fa28add,E9.5,v0036 earlier-stage analog,"excluded: raw values vs skill, one server candidate, seed pseudoreplication"
reserve,endmatched,20261019,_dice_voxel_over_nn,11.9,evidence/t2_heart_extra_20261008/evaluation/reserve_endmatched_s20261019.json,52034554f03aec10193cb09baa2c78a1de04218ef678f327eb63acc58fa28add,E9.5,v0036 earlier-stage analog,"excluded: raw values vs skill, one server candidate, seed pseudoreplication"
reserve,endmatchedperm,20261003,de_score,0.027,evidence/t2_heart_extra_20261008/evaluation/reserve_endmatchedperm_s20261003.json,52034554f03aec10193cb09baa2c78a1de04218ef678f327eb63acc58fa28add,E9.5,unsubmitted control,"excluded: raw values vs skill, one server candidate, seed pseudoreplication"
reserve,endmatchedperm,20261003,de_direction,0.0462,evidence/t2_heart_extra_20261008/evaluation/reserve_endmatchedperm_s20261003.json,52034554f03aec10193cb09baa2c78a1de04218ef678f327eb63acc58fa28add,E9.5,unsubmitted control,"excluded: raw values vs skill, one server candidate, seed pseudoreplication"
reserve,endmatchedperm,20261003,energy_distance,2.13359,evidence/t2_heart_extra_20261008/evaluation/reserve_endmatchedperm_s20261003.json,52034554f03aec10193cb09baa2c78a1de04218ef678f327eb63acc58fa28add,E9.5,unsubmitted control,"excluded: raw values vs skill, one server candidate, seed pseudoreplication"
reserve,endmatchedperm,20261003,mmd_u,0.05487,evidence/t2_heart_extra_20261008/evaluation/reserve_endmatchedperm_s20261003.json,52034554f03aec10193cb09baa2c78a1de04218ef678f327eb63acc58fa28add,E9.5,unsubmitted control,"excluded: raw values vs skill, one server candidate, seed pseudoreplication"
reserve,endmatchedperm,20261003,variogram,0.046515,evidence/t2_heart_extra_20261008/evaluation/reserve_endmatchedperm_s20261003.json,52034554f03aec10193cb09baa2c78a1de04218ef678f327eb63acc58fa28add,E9.5,unsubmitted control,"excluded: raw values vs skill, one server candidate, seed pseudoreplication"
reserve,endmatchedperm,20261003,d2_shape,0.05166,evidence/t2_heart_extra_20261008/evaluation/reserve_endmatchedperm_s20261003.json,52034554f03aec10193cb09baa2c78a1de04218ef678f327eb63acc58fa28add,E9.5,unsubmitted control,"excluded: raw values vs skill, one server candidate, seed pseudoreplication"
reserve,endmatchedperm,20261003,sliced_wasserstein,0.05459,evidence/t2_heart_extra_20261008/evaluation/reserve_endmatchedperm_s20261003.json,52034554f03aec10193cb09baa2c78a1de04218ef678f327eb63acc58fa28add,E9.5,unsubmitted control,"excluded: raw values vs skill, one server candidate, seed pseudoreplication"
reserve,endmatchedperm,20261003,occupancy_dice,0.8119,evidence/t2_heart_extra_20261008/evaluation/reserve_endmatchedperm_s20261003.json,52034554f03aec10193cb09baa2c78a1de04218ef678f327eb63acc58fa28add,E9.5,unsubmitted control,"excluded: raw values vs skill, one server candidate, seed pseudoreplication"
reserve,endmatchedperm,20261003,scale_log_ratio,-0.4346,evidence/t2_heart_extra_20261008/evaluation/reserve_endmatchedperm_s20261003.json,52034554f03aec10193cb09baa2c78a1de04218ef678f327eb63acc58fa28add,E9.5,unsubmitted control,"excluded: raw values vs skill, one server candidate, seed pseudoreplication"
reserve,endmatchedperm,20261003,count_log_ratio,-0.0792,evidence/t2_heart_extra_20261008/evaluation/reserve_endmatchedperm_s20261003.json,52034554f03aec10193cb09baa2c78a1de04218ef678f327eb63acc58fa28add,E9.5,unsubmitted control,"excluded: raw values vs skill, one server candidate, seed pseudoreplication"
reserve,endmatchedperm,20261003,neighborhood_mmd,0.0953,evidence/t2_heart_extra_20261008/evaluation/reserve_endmatchedperm_s20261003.json,52034554f03aec10193cb09baa2c78a1de04218ef678f327eb63acc58fa28add,E9.5,unsubmitted control,"excluded: raw values vs skill, one server candidate, seed pseudoreplication"
reserve,endmatchedperm,20261003,pb_rel_err,0.5118,evidence/t2_heart_extra_20261008/evaluation/reserve_endmatchedperm_s20261003.json,52034554f03aec10193cb09baa2c78a1de04218ef678f327eb63acc58fa28add,E9.5,unsubmitted control,"excluded: raw values vs skill, one server candidate, seed pseudoreplication"
reserve,endmatchedperm,20261003,library_size_ratio,1.0,evidence/t2_heart_extra_20261008/evaluation/reserve_endmatchedperm_s20261003.json,52034554f03aec10193cb09baa2c78a1de04218ef678f327eb63acc58fa28add,E9.5,unsubmitted control,"excluded: raw values vs skill, one server candidate, seed pseudoreplication"
reserve,endmatchedperm,20261003,variance_ratio,0.829,evidence/t2_heart_extra_20261008/evaluation/reserve_endmatchedperm_s20261003.json,52034554f03aec10193cb09baa2c78a1de04218ef678f327eb63acc58fa28add,E9.5,unsubmitted control,"excluded: raw values vs skill, one server candidate, seed pseudoreplication"
reserve,endmatchedperm,20261003,composition_JSD,0.1097,evidence/t2_heart_extra_20261008/evaluation/reserve_endmatchedperm_s20261003.json,52034554f03aec10193cb09baa2c78a1de04218ef678f327eb63acc58fa28add,E9.5,unsubmitted control,"excluded: raw values vs skill, one server candidate, seed pseudoreplication"
reserve,endmatchedperm,20261003,pseudobulk_pearson,0.8095,evidence/t2_heart_extra_20261008/evaluation/reserve_endmatchedperm_s20261003.json,52034554f03aec10193cb09baa2c78a1de04218ef678f327eb63acc58fa28add,E9.5,unsubmitted control,"excluded: raw values vs skill, one server candidate, seed pseudoreplication"
reserve,endmatchedperm,20261003,morans_I_agreement,0.6852,evidence/t2_heart_extra_20261008/evaluation/reserve_endmatchedperm_s20261003.json,52034554f03aec10193cb09baa2c78a1de04218ef678f327eb63acc58fa28add,E9.5,unsubmitted control,"excluded: raw values vs skill, one server candidate, seed pseudoreplication"
reserve,endmatchedperm,20261003,_de_raw,0.4375,evidence/t2_heart_extra_20261008/evaluation/reserve_endmatchedperm_s20261003.json,52034554f03aec10193cb09baa2c78a1de04218ef678f327eb63acc58fa28add,E9.5,unsubmitted control,"excluded: raw values vs skill, one server candidate, seed pseudoreplication"
reserve,endmatchedperm,20261003,_de_chance,0.4219,evidence/t2_heart_extra_20261008/evaluation/reserve_endmatchedperm_s20261003.json,52034554f03aec10193cb09baa2c78a1de04218ef678f327eb63acc58fa28add,E9.5,unsubmitted control,"excluded: raw values vs skill, one server candidate, seed pseudoreplication"
reserve,endmatchedperm,20261003,_n_up,38,evidence/t2_heart_extra_20261008/evaluation/reserve_endmatchedperm_s20261003.json,52034554f03aec10193cb09baa2c78a1de04218ef678f327eb63acc58fa28add,E9.5,unsubmitted control,"excluded: raw values vs skill, one server candidate, seed pseudoreplication"
reserve,endmatchedperm,20261003,_n_dn,90,evidence/t2_heart_extra_20261008/evaluation/reserve_endmatchedperm_s20261003.json,52034554f03aec10193cb09baa2c78a1de04218ef678f327eb63acc58fa28add,E9.5,unsubmitted control,"excluded: raw values vs skill, one server candidate, seed pseudoreplication"
reserve,endmatchedperm,20261003,_sw_flip_spread,0.00581,evidence/t2_heart_extra_20261008/evaluation/reserve_endmatchedperm_s20261003.json,52034554f03aec10193cb09baa2c78a1de04218ef678f327eb63acc58fa28add,E9.5,unsubmitted control,"excluded: raw values vs skill, one server candidate, seed pseudoreplication"
reserve,endmatchedperm,20261003,_dice_voxel_over_nn,11.9,evidence/t2_heart_extra_20261008/evaluation/reserve_endmatchedperm_s20261003.json,52034554f03aec10193cb09baa2c78a1de04218ef678f327eb63acc58fa28add,E9.5,unsubmitted control,"excluded: raw values vs skill, one server candidate, seed pseudoreplication"
reserve,endmatchedperm,20261011,de_score,0.027,evidence/t2_heart_extra_20261008/evaluation/reserve_endmatchedperm_s20261011.json,52034554f03aec10193cb09baa2c78a1de04218ef678f327eb63acc58fa28add,E9.5,unsubmitted control,"excluded: raw values vs skill, one server candidate, seed pseudoreplication"
reserve,endmatchedperm,20261011,de_direction,0.0462,evidence/t2_heart_extra_20261008/evaluation/reserve_endmatchedperm_s20261011.json,52034554f03aec10193cb09baa2c78a1de04218ef678f327eb63acc58fa28add,E9.5,unsubmitted control,"excluded: raw values vs skill, one server candidate, seed pseudoreplication"
reserve,endmatchedperm,20261011,energy_distance,2.4255,evidence/t2_heart_extra_20261008/evaluation/reserve_endmatchedperm_s20261011.json,52034554f03aec10193cb09baa2c78a1de04218ef678f327eb63acc58fa28add,E9.5,unsubmitted control,"excluded: raw values vs skill, one server candidate, seed pseudoreplication"
reserve,endmatchedperm,20261011,mmd_u,0.06252,evidence/t2_heart_extra_20261008/evaluation/reserve_endmatchedperm_s20261011.json,52034554f03aec10193cb09baa2c78a1de04218ef678f327eb63acc58fa28add,E9.5,unsubmitted control,"excluded: raw values vs skill, one server candidate, seed pseudoreplication"
reserve,endmatchedperm,20261011,variogram,0.052386,evidence/t2_heart_extra_20261008/evaluation/reserve_endmatchedperm_s20261011.json,52034554f03aec10193cb09baa2c78a1de04218ef678f327eb63acc58fa28add,E9.5,unsubmitted control,"excluded: raw values vs skill, one server candidate, seed pseudoreplication"
reserve,endmatchedperm,20261011,d2_shape,0.05076,evidence/t2_heart_extra_20261008/evaluation/reserve_endmatchedperm_s20261011.json,52034554f03aec10193cb09baa2c78a1de04218ef678f327eb63acc58fa28add,E9.5,unsubmitted control,"excluded: raw values vs skill, one server candidate, seed pseudoreplication"
reserve,endmatchedperm,20261011,sliced_wasserstein,0.05886,evidence/t2_heart_extra_20261008/evaluation/reserve_endmatchedperm_s20261011.json,52034554f03aec10193cb09baa2c78a1de04218ef678f327eb63acc58fa28add,E9.5,unsubmitted control,"excluded: raw values vs skill, one server candidate, seed pseudoreplication"
reserve,endmatchedperm,20261011,occupancy_dice,0.8224,evidence/t2_heart_extra_20261008/evaluation/reserve_endmatchedperm_s20261011.json,52034554f03aec10193cb09baa2c78a1de04218ef678f327eb63acc58fa28add,E9.5,unsubmitted control,"excluded: raw values vs skill, one server candidate, seed pseudoreplication"
reserve,endmatchedperm,20261011,scale_log_ratio,-0.4346,evidence/t2_heart_extra_20261008/evaluation/reserve_endmatchedperm_s20261011.json,52034554f03aec10193cb09baa2c78a1de04218ef678f327eb63acc58fa28add,E9.5,unsubmitted control,"excluded: raw values vs skill, one server candidate, seed pseudoreplication"
reserve,endmatchedperm,20261011,count_log_ratio,-0.0792,evidence/t2_heart_extra_20261008/evaluation/reserve_endmatchedperm_s20261011.json,52034554f03aec10193cb09baa2c78a1de04218ef678f327eb63acc58fa28add,E9.5,unsubmitted control,"excluded: raw values vs skill, one server candidate, seed pseudoreplication"
reserve,endmatchedperm,20261011,neighborhood_mmd,0.0953,evidence/t2_heart_extra_20261008/evaluation/reserve_endmatchedperm_s20261011.json,52034554f03aec10193cb09baa2c78a1de04218ef678f327eb63acc58fa28add,E9.5,unsubmitted control,"excluded: raw values vs skill, one server candidate, seed pseudoreplication"
reserve,endmatchedperm,20261011,pb_rel_err,0.5118,evidence/t2_heart_extra_20261008/evaluation/reserve_endmatchedperm_s20261011.json,52034554f03aec10193cb09baa2c78a1de04218ef678f327eb63acc58fa28add,E9.5,unsubmitted control,"excluded: raw values vs skill, one server candidate, seed pseudoreplication"
reserve,endmatchedperm,20261011,library_size_ratio,1.0,evidence/t2_heart_extra_20261008/evaluation/reserve_endmatchedperm_s20261011.json,52034554f03aec10193cb09baa2c78a1de04218ef678f327eb63acc58fa28add,E9.5,unsubmitted control,"excluded: raw values vs skill, one server candidate, seed pseudoreplication"
reserve,endmatchedperm,20261011,variance_ratio,0.829,evidence/t2_heart_extra_20261008/evaluation/reserve_endmatchedperm_s20261011.json,52034554f03aec10193cb09baa2c78a1de04218ef678f327eb63acc58fa28add,E9.5,unsubmitted control,"excluded: raw values vs skill, one server candidate, seed pseudoreplication"
reserve,endmatchedperm,20261011,composition_JSD,0.1097,evidence/t2_heart_extra_20261008/evaluation/reserve_endmatchedperm_s20261011.json,52034554f03aec10193cb09baa2c78a1de04218ef678f327eb63acc58fa28add,E9.5,unsubmitted control,"excluded: raw values vs skill, one server candidate, seed pseudoreplication"
reserve,endmatchedperm,20261011,pseudobulk_pearson,0.8095,evidence/t2_heart_extra_20261008/evaluation/reserve_endmatchedperm_s20261011.json,52034554f03aec10193cb09baa2c78a1de04218ef678f327eb63acc58fa28add,E9.5,unsubmitted control,"excluded: raw values vs skill, one server candidate, seed pseudoreplication"
reserve,endmatchedperm,20261011,morans_I_agreement,0.6852,evidence/t2_heart_extra_20261008/evaluation/reserve_endmatchedperm_s20261011.json,52034554f03aec10193cb09baa2c78a1de04218ef678f327eb63acc58fa28add,E9.5,unsubmitted control,"excluded: raw values vs skill, one server candidate, seed pseudoreplication"
reserve,endmatchedperm,20261011,_de_raw,0.4375,evidence/t2_heart_extra_20261008/evaluation/reserve_endmatchedperm_s20261011.json,52034554f03aec10193cb09baa2c78a1de04218ef678f327eb63acc58fa28add,E9.5,unsubmitted control,"excluded: raw values vs skill, one server candidate, seed pseudoreplication"
reserve,endmatchedperm,20261011,_de_chance,0.4219,evidence/t2_heart_extra_20261008/evaluation/reserve_endmatchedperm_s20261011.json,52034554f03aec10193cb09baa2c78a1de04218ef678f327eb63acc58fa28add,E9.5,unsubmitted control,"excluded: raw values vs skill, one server candidate, seed pseudoreplication"
reserve,endmatchedperm,20261011,_n_up,38,evidence/t2_heart_extra_20261008/evaluation/reserve_endmatchedperm_s20261011.json,52034554f03aec10193cb09baa2c78a1de04218ef678f327eb63acc58fa28add,E9.5,unsubmitted control,"excluded: raw values vs skill, one server candidate, seed pseudoreplication"
reserve,endmatchedperm,20261011,_n_dn,90,evidence/t2_heart_extra_20261008/evaluation/reserve_endmatchedperm_s20261011.json,52034554f03aec10193cb09baa2c78a1de04218ef678f327eb63acc58fa28add,E9.5,unsubmitted control,"excluded: raw values vs skill, one server candidate, seed pseudoreplication"
reserve,endmatchedperm,20261011,_sw_flip_spread,0.00529,evidence/t2_heart_extra_20261008/evaluation/reserve_endmatchedperm_s20261011.json,52034554f03aec10193cb09baa2c78a1de04218ef678f327eb63acc58fa28add,E9.5,unsubmitted control,"excluded: raw values vs skill, one server candidate, seed pseudoreplication"
reserve,endmatchedperm,20261011,_dice_voxel_over_nn,11.9,evidence/t2_heart_extra_20261008/evaluation/reserve_endmatchedperm_s20261011.json,52034554f03aec10193cb09baa2c78a1de04218ef678f327eb63acc58fa28add,E9.5,unsubmitted control,"excluded: raw values vs skill, one server candidate, seed pseudoreplication"
reserve,endmatchedperm,20261019,de_score,0.027,evidence/t2_heart_extra_20261008/evaluation/reserve_endmatchedperm_s20261019.json,52034554f03aec10193cb09baa2c78a1de04218ef678f327eb63acc58fa28add,E9.5,unsubmitted control,"excluded: raw values vs skill, one server candidate, seed pseudoreplication"
reserve,endmatchedperm,20261019,de_direction,0.0462,evidence/t2_heart_extra_20261008/evaluation/reserve_endmatchedperm_s20261019.json,52034554f03aec10193cb09baa2c78a1de04218ef678f327eb63acc58fa28add,E9.5,unsubmitted control,"excluded: raw values vs skill, one server candidate, seed pseudoreplication"
reserve,endmatchedperm,20261019,energy_distance,2.17641,evidence/t2_heart_extra_20261008/evaluation/reserve_endmatchedperm_s20261019.json,52034554f03aec10193cb09baa2c78a1de04218ef678f327eb63acc58fa28add,E9.5,unsubmitted control,"excluded: raw values vs skill, one server candidate, seed pseudoreplication"
reserve,endmatchedperm,20261019,mmd_u,0.05774,evidence/t2_heart_extra_20261008/evaluation/reserve_endmatchedperm_s20261019.json,52034554f03aec10193cb09baa2c78a1de04218ef678f327eb63acc58fa28add,E9.5,unsubmitted control,"excluded: raw values vs skill, one server candidate, seed pseudoreplication"
reserve,endmatchedperm,20261019,variogram,0.047194,evidence/t2_heart_extra_20261008/evaluation/reserve_endmatchedperm_s20261019.json,52034554f03aec10193cb09baa2c78a1de04218ef678f327eb63acc58fa28add,E9.5,unsubmitted control,"excluded: raw values vs skill, one server candidate, seed pseudoreplication"
reserve,endmatchedperm,20261019,d2_shape,0.05123,evidence/t2_heart_extra_20261008/evaluation/reserve_endmatchedperm_s20261019.json,52034554f03aec10193cb09baa2c78a1de04218ef678f327eb63acc58fa28add,E9.5,unsubmitted control,"excluded: raw values vs skill, one server candidate, seed pseudoreplication"
reserve,endmatchedperm,20261019,sliced_wasserstein,0.05956,evidence/t2_heart_extra_20261008/evaluation/reserve_endmatchedperm_s20261019.json,52034554f03aec10193cb09baa2c78a1de04218ef678f327eb63acc58fa28add,E9.5,unsubmitted control,"excluded: raw values vs skill, one server candidate, seed pseudoreplication"
reserve,endmatchedperm,20261019,occupancy_dice,0.8087,evidence/t2_heart_extra_20261008/evaluation/reserve_endmatchedperm_s20261019.json,52034554f03aec10193cb09baa2c78a1de04218ef678f327eb63acc58fa28add,E9.5,unsubmitted control,"excluded: raw values vs skill, one server candidate, seed pseudoreplication"
reserve,endmatchedperm,20261019,scale_log_ratio,-0.4346,evidence/t2_heart_extra_20261008/evaluation/reserve_endmatchedperm_s20261019.json,52034554f03aec10193cb09baa2c78a1de04218ef678f327eb63acc58fa28add,E9.5,unsubmitted control,"excluded: raw values vs skill, one server candidate, seed pseudoreplication"
reserve,endmatchedperm,20261019,count_log_ratio,-0.0792,evidence/t2_heart_extra_20261008/evaluation/reserve_endmatchedperm_s20261019.json,52034554f03aec10193cb09baa2c78a1de04218ef678f327eb63acc58fa28add,E9.5,unsubmitted control,"excluded: raw values vs skill, one server candidate, seed pseudoreplication"
reserve,endmatchedperm,20261019,neighborhood_mmd,0.0953,evidence/t2_heart_extra_20261008/evaluation/reserve_endmatchedperm_s20261019.json,52034554f03aec10193cb09baa2c78a1de04218ef678f327eb63acc58fa28add,E9.5,unsubmitted control,"excluded: raw values vs skill, one server candidate, seed pseudoreplication"
reserve,endmatchedperm,20261019,pb_rel_err,0.5118,evidence/t2_heart_extra_20261008/evaluation/reserve_endmatchedperm_s20261019.json,52034554f03aec10193cb09baa2c78a1de04218ef678f327eb63acc58fa28add,E9.5,unsubmitted control,"excluded: raw values vs skill, one server candidate, seed pseudoreplication"
reserve,endmatchedperm,20261019,library_size_ratio,1.0,evidence/t2_heart_extra_20261008/evaluation/reserve_endmatchedperm_s20261019.json,52034554f03aec10193cb09baa2c78a1de04218ef678f327eb63acc58fa28add,E9.5,unsubmitted control,"excluded: raw values vs skill, one server candidate, seed pseudoreplication"
reserve,endmatchedperm,20261019,variance_ratio,0.829,evidence/t2_heart_extra_20261008/evaluation/reserve_endmatchedperm_s20261019.json,52034554f03aec10193cb09baa2c78a1de04218ef678f327eb63acc58fa28add,E9.5,unsubmitted control,"excluded: raw values vs skill, one server candidate, seed pseudoreplication"
reserve,endmatchedperm,20261019,composition_JSD,0.1097,evidence/t2_heart_extra_20261008/evaluation/reserve_endmatchedperm_s20261019.json,52034554f03aec10193cb09baa2c78a1de04218ef678f327eb63acc58fa28add,E9.5,unsubmitted control,"excluded: raw values vs skill, one server candidate, seed pseudoreplication"
reserve,endmatchedperm,20261019,pseudobulk_pearson,0.8095,evidence/t2_heart_extra_20261008/evaluation/reserve_endmatchedperm_s20261019.json,52034554f03aec10193cb09baa2c78a1de04218ef678f327eb63acc58fa28add,E9.5,unsubmitted control,"excluded: raw values vs skill, one server candidate, seed pseudoreplication"
reserve,endmatchedperm,20261019,morans_I_agreement,0.6852,evidence/t2_heart_extra_20261008/evaluation/reserve_endmatchedperm_s20261019.json,52034554f03aec10193cb09baa2c78a1de04218ef678f327eb63acc58fa28add,E9.5,unsubmitted control,"excluded: raw values vs skill, one server candidate, seed pseudoreplication"
reserve,endmatchedperm,20261019,_de_raw,0.4375,evidence/t2_heart_extra_20261008/evaluation/reserve_endmatchedperm_s20261019.json,52034554f03aec10193cb09baa2c78a1de04218ef678f327eb63acc58fa28add,E9.5,unsubmitted control,"excluded: raw values vs skill, one server candidate, seed pseudoreplication"
reserve,endmatchedperm,20261019,_de_chance,0.4219,evidence/t2_heart_extra_20261008/evaluation/reserve_endmatchedperm_s20261019.json,52034554f03aec10193cb09baa2c78a1de04218ef678f327eb63acc58fa28add,E9.5,unsubmitted control,"excluded: raw values vs skill, one server candidate, seed pseudoreplication"
reserve,endmatchedperm,20261019,_n_up,38,evidence/t2_heart_extra_20261008/evaluation/reserve_endmatchedperm_s20261019.json,52034554f03aec10193cb09baa2c78a1de04218ef678f327eb63acc58fa28add,E9.5,unsubmitted control,"excluded: raw values vs skill, one server candidate, seed pseudoreplication"
reserve,endmatchedperm,20261019,_n_dn,90,evidence/t2_heart_extra_20261008/evaluation/reserve_endmatchedperm_s20261019.json,52034554f03aec10193cb09baa2c78a1de04218ef678f327eb63acc58fa28add,E9.5,unsubmitted control,"excluded: raw values vs skill, one server candidate, seed pseudoreplication"
reserve,endmatchedperm,20261019,_sw_flip_spread,0.00278,evidence/t2_heart_extra_20261008/evaluation/reserve_endmatchedperm_s20261019.json,52034554f03aec10193cb09baa2c78a1de04218ef678f327eb63acc58fa28add,E9.5,unsubmitted control,"excluded: raw values vs skill, one server candidate, seed pseudoreplication"
reserve,endmatchedperm,20261019,_dice_voxel_over_nn,11.9,evidence/t2_heart_extra_20261008/evaluation/reserve_endmatchedperm_s20261019.json,52034554f03aec10193cb09baa2c78a1de04218ef678f327eb63acc58fa28add,E9.5,unsubmitted control,"excluded: raw values vs skill, one server candidate, seed pseudoreplication"
reserve,incumbent_recipe,20261003,de_score,0.027,evidence/t2_heart_extra_20261008/evaluation/reserve_incumbent_recipe_s20261003.json,52034554f03aec10193cb09baa2c78a1de04218ef678f327eb63acc58fa28add,E9.5,"reconstructed recipe, NOT exact v0030","excluded: raw values vs skill, one server candidate, seed pseudoreplication"
reserve,incumbent_recipe,20261003,de_direction,0.0485,evidence/t2_heart_extra_20261008/evaluation/reserve_incumbent_recipe_s20261003.json,52034554f03aec10193cb09baa2c78a1de04218ef678f327eb63acc58fa28add,E9.5,"reconstructed recipe, NOT exact v0030","excluded: raw values vs skill, one server candidate, seed pseudoreplication"
reserve,incumbent_recipe,20261003,energy_distance,2.13012,evidence/t2_heart_extra_20261008/evaluation/reserve_incumbent_recipe_s20261003.json,52034554f03aec10193cb09baa2c78a1de04218ef678f327eb63acc58fa28add,E9.5,"reconstructed recipe, NOT exact v0030","excluded: raw values vs skill, one server candidate, seed pseudoreplication"
reserve,incumbent_recipe,20261003,mmd_u,0.05489,evidence/t2_heart_extra_20261008/evaluation/reserve_incumbent_recipe_s20261003.json,52034554f03aec10193cb09baa2c78a1de04218ef678f327eb63acc58fa28add,E9.5,"reconstructed recipe, NOT exact v0030","excluded: raw values vs skill, one server candidate, seed pseudoreplication"
reserve,incumbent_recipe,20261003,variogram,0.045365,evidence/t2_heart_extra_20261008/evaluation/reserve_incumbent_recipe_s20261003.json,52034554f03aec10193cb09baa2c78a1de04218ef678f327eb63acc58fa28add,E9.5,"reconstructed recipe, NOT exact v0030","excluded: raw values vs skill, one server candidate, seed pseudoreplication"
reserve,incumbent_recipe,20261003,d2_shape,0.05166,evidence/t2_heart_extra_20261008/evaluation/reserve_incumbent_recipe_s20261003.json,52034554f03aec10193cb09baa2c78a1de04218ef678f327eb63acc58fa28add,E9.5,"reconstructed recipe, NOT exact v0030","excluded: raw values vs skill, one server candidate, seed pseudoreplication"
reserve,incumbent_recipe,20261003,sliced_wasserstein,0.05459,evidence/t2_heart_extra_20261008/evaluation/reserve_incumbent_recipe_s20261003.json,52034554f03aec10193cb09baa2c78a1de04218ef678f327eb63acc58fa28add,E9.5,"reconstructed recipe, NOT exact v0030","excluded: raw values vs skill, one server candidate, seed pseudoreplication"
reserve,incumbent_recipe,20261003,occupancy_dice,0.8119,evidence/t2_heart_extra_20261008/evaluation/reserve_incumbent_recipe_s20261003.json,52034554f03aec10193cb09baa2c78a1de04218ef678f327eb63acc58fa28add,E9.5,"reconstructed recipe, NOT exact v0030","excluded: raw values vs skill, one server candidate, seed pseudoreplication"
reserve,incumbent_recipe,20261003,scale_log_ratio,-0.4346,evidence/t2_heart_extra_20261008/evaluation/reserve_incumbent_recipe_s20261003.json,52034554f03aec10193cb09baa2c78a1de04218ef678f327eb63acc58fa28add,E9.5,"reconstructed recipe, NOT exact v0030","excluded: raw values vs skill, one server candidate, seed pseudoreplication"
reserve,incumbent_recipe,20261003,count_log_ratio,-0.0792,evidence/t2_heart_extra_20261008/evaluation/reserve_incumbent_recipe_s20261003.json,52034554f03aec10193cb09baa2c78a1de04218ef678f327eb63acc58fa28add,E9.5,"reconstructed recipe, NOT exact v0030","excluded: raw values vs skill, one server candidate, seed pseudoreplication"
reserve,incumbent_recipe,20261003,neighborhood_mmd,0.09524,evidence/t2_heart_extra_20261008/evaluation/reserve_incumbent_recipe_s20261003.json,52034554f03aec10193cb09baa2c78a1de04218ef678f327eb63acc58fa28add,E9.5,"reconstructed recipe, NOT exact v0030","excluded: raw values vs skill, one server candidate, seed pseudoreplication"
reserve,incumbent_recipe,20261003,pb_rel_err,0.5112,evidence/t2_heart_extra_20261008/evaluation/reserve_incumbent_recipe_s20261003.json,52034554f03aec10193cb09baa2c78a1de04218ef678f327eb63acc58fa28add,E9.5,"reconstructed recipe, NOT exact v0030","excluded: raw values vs skill, one server candidate, seed pseudoreplication"
reserve,incumbent_recipe,20261003,library_size_ratio,1.0,evidence/t2_heart_extra_20261008/evaluation/reserve_incumbent_recipe_s20261003.json,52034554f03aec10193cb09baa2c78a1de04218ef678f327eb63acc58fa28add,E9.5,"reconstructed recipe, NOT exact v0030","excluded: raw values vs skill, one server candidate, seed pseudoreplication"
reserve,incumbent_recipe,20261003,variance_ratio,0.827,evidence/t2_heart_extra_20261008/evaluation/reserve_incumbent_recipe_s20261003.json,52034554f03aec10193cb09baa2c78a1de04218ef678f327eb63acc58fa28add,E9.5,"reconstructed recipe, NOT exact v0030","excluded: raw values vs skill, one server candidate, seed pseudoreplication"
reserve,incumbent_recipe,20261003,composition_JSD,0.1093,evidence/t2_heart_extra_20261008/evaluation/reserve_incumbent_recipe_s20261003.json,52034554f03aec10193cb09baa2c78a1de04218ef678f327eb63acc58fa28add,E9.5,"reconstructed recipe, NOT exact v0030","excluded: raw values vs skill, one server candidate, seed pseudoreplication"
reserve,incumbent_recipe,20261003,pseudobulk_pearson,0.8098,evidence/t2_heart_extra_20261008/evaluation/reserve_incumbent_recipe_s20261003.json,52034554f03aec10193cb09baa2c78a1de04218ef678f327eb63acc58fa28add,E9.5,"reconstructed recipe, NOT exact v0030","excluded: raw values vs skill, one server candidate, seed pseudoreplication"
reserve,incumbent_recipe,20261003,morans_I_agreement,0.6855,evidence/t2_heart_extra_20261008/evaluation/reserve_incumbent_recipe_s20261003.json,52034554f03aec10193cb09baa2c78a1de04218ef678f327eb63acc58fa28add,E9.5,"reconstructed recipe, NOT exact v0030","excluded: raw values vs skill, one server candidate, seed pseudoreplication"
reserve,incumbent_recipe,20261003,_de_raw,0.4375,evidence/t2_heart_extra_20261008/evaluation/reserve_incumbent_recipe_s20261003.json,52034554f03aec10193cb09baa2c78a1de04218ef678f327eb63acc58fa28add,E9.5,"reconstructed recipe, NOT exact v0030","excluded: raw values vs skill, one server candidate, seed pseudoreplication"
reserve,incumbent_recipe,20261003,_de_chance,0.4219,evidence/t2_heart_extra_20261008/evaluation/reserve_incumbent_recipe_s20261003.json,52034554f03aec10193cb09baa2c78a1de04218ef678f327eb63acc58fa28add,E9.5,"reconstructed recipe, NOT exact v0030","excluded: raw values vs skill, one server candidate, seed pseudoreplication"
reserve,incumbent_recipe,20261003,_n_up,38,evidence/t2_heart_extra_20261008/evaluation/reserve_incumbent_recipe_s20261003.json,52034554f03aec10193cb09baa2c78a1de04218ef678f327eb63acc58fa28add,E9.5,"reconstructed recipe, NOT exact v0030","excluded: raw values vs skill, one server candidate, seed pseudoreplication"
reserve,incumbent_recipe,20261003,_n_dn,90,evidence/t2_heart_extra_20261008/evaluation/reserve_incumbent_recipe_s20261003.json,52034554f03aec10193cb09baa2c78a1de04218ef678f327eb63acc58fa28add,E9.5,"reconstructed recipe, NOT exact v0030","excluded: raw values vs skill, one server candidate, seed pseudoreplication"
reserve,incumbent_recipe,20261003,_sw_flip_spread,0.00581,evidence/t2_heart_extra_20261008/evaluation/reserve_incumbent_recipe_s20261003.json,52034554f03aec10193cb09baa2c78a1de04218ef678f327eb63acc58fa28add,E9.5,"reconstructed recipe, NOT exact v0030","excluded: raw values vs skill, one server candidate, seed pseudoreplication"
reserve,incumbent_recipe,20261003,_dice_voxel_over_nn,11.9,evidence/t2_heart_extra_20261008/evaluation/reserve_incumbent_recipe_s20261003.json,52034554f03aec10193cb09baa2c78a1de04218ef678f327eb63acc58fa28add,E9.5,"reconstructed recipe, NOT exact v0030","excluded: raw values vs skill, one server candidate, seed pseudoreplication"
reserve,incumbent_recipe,20261011,de_score,0.027,evidence/t2_heart_extra_20261008/evaluation/reserve_incumbent_recipe_s20261011.json,52034554f03aec10193cb09baa2c78a1de04218ef678f327eb63acc58fa28add,E9.5,"reconstructed recipe, NOT exact v0030","excluded: raw values vs skill, one server candidate, seed pseudoreplication"
reserve,incumbent_recipe,20261011,de_direction,0.0485,evidence/t2_heart_extra_20261008/evaluation/reserve_incumbent_recipe_s20261011.json,52034554f03aec10193cb09baa2c78a1de04218ef678f327eb63acc58fa28add,E9.5,"reconstructed recipe, NOT exact v0030","excluded: raw values vs skill, one server candidate, seed pseudoreplication"
reserve,incumbent_recipe,20261011,energy_distance,2.42278,evidence/t2_heart_extra_20261008/evaluation/reserve_incumbent_recipe_s20261011.json,52034554f03aec10193cb09baa2c78a1de04218ef678f327eb63acc58fa28add,E9.5,"reconstructed recipe, NOT exact v0030","excluded: raw values vs skill, one server candidate, seed pseudoreplication"
reserve,incumbent_recipe,20261011,mmd_u,0.0625,evidence/t2_heart_extra_20261008/evaluation/reserve_incumbent_recipe_s20261011.json,52034554f03aec10193cb09baa2c78a1de04218ef678f327eb63acc58fa28add,E9.5,"reconstructed recipe, NOT exact v0030","excluded: raw values vs skill, one server candidate, seed pseudoreplication"
reserve,incumbent_recipe,20261011,variogram,0.051328,evidence/t2_heart_extra_20261008/evaluation/reserve_incumbent_recipe_s20261011.json,52034554f03aec10193cb09baa2c78a1de04218ef678f327eb63acc58fa28add,E9.5,"reconstructed recipe, NOT exact v0030","excluded: raw values vs skill, one server candidate, seed pseudoreplication"
reserve,incumbent_recipe,20261011,d2_shape,0.05076,evidence/t2_heart_extra_20261008/evaluation/reserve_incumbent_recipe_s20261011.json,52034554f03aec10193cb09baa2c78a1de04218ef678f327eb63acc58fa28add,E9.5,"reconstructed recipe, NOT exact v0030","excluded: raw values vs skill, one server candidate, seed pseudoreplication"
reserve,incumbent_recipe,20261011,sliced_wasserstein,0.05886,evidence/t2_heart_extra_20261008/evaluation/reserve_incumbent_recipe_s20261011.json,52034554f03aec10193cb09baa2c78a1de04218ef678f327eb63acc58fa28add,E9.5,"reconstructed recipe, NOT exact v0030","excluded: raw values vs skill, one server candidate, seed pseudoreplication"
reserve,incumbent_recipe,20261011,occupancy_dice,0.8224,evidence/t2_heart_extra_20261008/evaluation/reserve_incumbent_recipe_s20261011.json,52034554f03aec10193cb09baa2c78a1de04218ef678f327eb63acc58fa28add,E9.5,"reconstructed recipe, NOT exact v0030","excluded: raw values vs skill, one server candidate, seed pseudoreplication"
reserve,incumbent_recipe,20261011,scale_log_ratio,-0.4346,evidence/t2_heart_extra_20261008/evaluation/reserve_incumbent_recipe_s20261011.json,52034554f03aec10193cb09baa2c78a1de04218ef678f327eb63acc58fa28add,E9.5,"reconstructed recipe, NOT exact v0030","excluded: raw values vs skill, one server candidate, seed pseudoreplication"
reserve,incumbent_recipe,20261011,count_log_ratio,-0.0792,evidence/t2_heart_extra_20261008/evaluation/reserve_incumbent_recipe_s20261011.json,52034554f03aec10193cb09baa2c78a1de04218ef678f327eb63acc58fa28add,E9.5,"reconstructed recipe, NOT exact v0030","excluded: raw values vs skill, one server candidate, seed pseudoreplication"
reserve,incumbent_recipe,20261011,neighborhood_mmd,0.09524,evidence/t2_heart_extra_20261008/evaluation/reserve_incumbent_recipe_s20261011.json,52034554f03aec10193cb09baa2c78a1de04218ef678f327eb63acc58fa28add,E9.5,"reconstructed recipe, NOT exact v0030","excluded: raw values vs skill, one server candidate, seed pseudoreplication"
reserve,incumbent_recipe,20261011,pb_rel_err,0.5112,evidence/t2_heart_extra_20261008/evaluation/reserve_incumbent_recipe_s20261011.json,52034554f03aec10193cb09baa2c78a1de04218ef678f327eb63acc58fa28add,E9.5,"reconstructed recipe, NOT exact v0030","excluded: raw values vs skill, one server candidate, seed pseudoreplication"
reserve,incumbent_recipe,20261011,library_size_ratio,1.0,evidence/t2_heart_extra_20261008/evaluation/reserve_incumbent_recipe_s20261011.json,52034554f03aec10193cb09baa2c78a1de04218ef678f327eb63acc58fa28add,E9.5,"reconstructed recipe, NOT exact v0030","excluded: raw values vs skill, one server candidate, seed pseudoreplication"
reserve,incumbent_recipe,20261011,variance_ratio,0.827,evidence/t2_heart_extra_20261008/evaluation/reserve_incumbent_recipe_s20261011.json,52034554f03aec10193cb09baa2c78a1de04218ef678f327eb63acc58fa28add,E9.5,"reconstructed recipe, NOT exact v0030","excluded: raw values vs skill, one server candidate, seed pseudoreplication"
reserve,incumbent_recipe,20261011,composition_JSD,0.1093,evidence/t2_heart_extra_20261008/evaluation/reserve_incumbent_recipe_s20261011.json,52034554f03aec10193cb09baa2c78a1de04218ef678f327eb63acc58fa28add,E9.5,"reconstructed recipe, NOT exact v0030","excluded: raw values vs skill, one server candidate, seed pseudoreplication"
reserve,incumbent_recipe,20261011,pseudobulk_pearson,0.8098,evidence/t2_heart_extra_20261008/evaluation/reserve_incumbent_recipe_s20261011.json,52034554f03aec10193cb09baa2c78a1de04218ef678f327eb63acc58fa28add,E9.5,"reconstructed recipe, NOT exact v0030","excluded: raw values vs skill, one server candidate, seed pseudoreplication"
reserve,incumbent_recipe,20261011,morans_I_agreement,0.6855,evidence/t2_heart_extra_20261008/evaluation/reserve_incumbent_recipe_s20261011.json,52034554f03aec10193cb09baa2c78a1de04218ef678f327eb63acc58fa28add,E9.5,"reconstructed recipe, NOT exact v0030","excluded: raw values vs skill, one server candidate, seed pseudoreplication"
reserve,incumbent_recipe,20261011,_de_raw,0.4375,evidence/t2_heart_extra_20261008/evaluation/reserve_incumbent_recipe_s20261011.json,52034554f03aec10193cb09baa2c78a1de04218ef678f327eb63acc58fa28add,E9.5,"reconstructed recipe, NOT exact v0030","excluded: raw values vs skill, one server candidate, seed pseudoreplication"
reserve,incumbent_recipe,20261011,_de_chance,0.4219,evidence/t2_heart_extra_20261008/evaluation/reserve_incumbent_recipe_s20261011.json,52034554f03aec10193cb09baa2c78a1de04218ef678f327eb63acc58fa28add,E9.5,"reconstructed recipe, NOT exact v0030","excluded: raw values vs skill, one server candidate, seed pseudoreplication"
reserve,incumbent_recipe,20261011,_n_up,38,evidence/t2_heart_extra_20261008/evaluation/reserve_incumbent_recipe_s20261011.json,52034554f03aec10193cb09baa2c78a1de04218ef678f327eb63acc58fa28add,E9.5,"reconstructed recipe, NOT exact v0030","excluded: raw values vs skill, one server candidate, seed pseudoreplication"
reserve,incumbent_recipe,20261011,_n_dn,90,evidence/t2_heart_extra_20261008/evaluation/reserve_incumbent_recipe_s20261011.json,52034554f03aec10193cb09baa2c78a1de04218ef678f327eb63acc58fa28add,E9.5,"reconstructed recipe, NOT exact v0030","excluded: raw values vs skill, one server candidate, seed pseudoreplication"
reserve,incumbent_recipe,20261011,_sw_flip_spread,0.00529,evidence/t2_heart_extra_20261008/evaluation/reserve_incumbent_recipe_s20261011.json,52034554f03aec10193cb09baa2c78a1de04218ef678f327eb63acc58fa28add,E9.5,"reconstructed recipe, NOT exact v0030","excluded: raw values vs skill, one server candidate, seed pseudoreplication"
reserve,incumbent_recipe,20261011,_dice_voxel_over_nn,11.9,evidence/t2_heart_extra_20261008/evaluation/reserve_incumbent_recipe_s20261011.json,52034554f03aec10193cb09baa2c78a1de04218ef678f327eb63acc58fa28add,E9.5,"reconstructed recipe, NOT exact v0030","excluded: raw values vs skill, one server candidate, seed pseudoreplication"
reserve,incumbent_recipe,20261019,de_score,0.027,evidence/t2_heart_extra_20261008/evaluation/reserve_incumbent_recipe_s20261019.json,52034554f03aec10193cb09baa2c78a1de04218ef678f327eb63acc58fa28add,E9.5,"reconstructed recipe, NOT exact v0030","excluded: raw values vs skill, one server candidate, seed pseudoreplication"
reserve,incumbent_recipe,20261019,de_direction,0.0485,evidence/t2_heart_extra_20261008/evaluation/reserve_incumbent_recipe_s20261019.json,52034554f03aec10193cb09baa2c78a1de04218ef678f327eb63acc58fa28add,E9.5,"reconstructed recipe, NOT exact v0030","excluded: raw values vs skill, one server candidate, seed pseudoreplication"
reserve,incumbent_recipe,20261019,energy_distance,2.17371,evidence/t2_heart_extra_20261008/evaluation/reserve_incumbent_recipe_s20261019.json,52034554f03aec10193cb09baa2c78a1de04218ef678f327eb63acc58fa28add,E9.5,"reconstructed recipe, NOT exact v0030","excluded: raw values vs skill, one server candidate, seed pseudoreplication"
reserve,incumbent_recipe,20261019,mmd_u,0.05776,evidence/t2_heart_extra_20261008/evaluation/reserve_incumbent_recipe_s20261019.json,52034554f03aec10193cb09baa2c78a1de04218ef678f327eb63acc58fa28add,E9.5,"reconstructed recipe, NOT exact v0030","excluded: raw values vs skill, one server candidate, seed pseudoreplication"
reserve,incumbent_recipe,20261019,variogram,0.046204,evidence/t2_heart_extra_20261008/evaluation/reserve_incumbent_recipe_s20261019.json,52034554f03aec10193cb09baa2c78a1de04218ef678f327eb63acc58fa28add,E9.5,"reconstructed recipe, NOT exact v0030","excluded: raw values vs skill, one server candidate, seed pseudoreplication"
reserve,incumbent_recipe,20261019,d2_shape,0.05123,evidence/t2_heart_extra_20261008/evaluation/reserve_incumbent_recipe_s20261019.json,52034554f03aec10193cb09baa2c78a1de04218ef678f327eb63acc58fa28add,E9.5,"reconstructed recipe, NOT exact v0030","excluded: raw values vs skill, one server candidate, seed pseudoreplication"
reserve,incumbent_recipe,20261019,sliced_wasserstein,0.05956,evidence/t2_heart_extra_20261008/evaluation/reserve_incumbent_recipe_s20261019.json,52034554f03aec10193cb09baa2c78a1de04218ef678f327eb63acc58fa28add,E9.5,"reconstructed recipe, NOT exact v0030","excluded: raw values vs skill, one server candidate, seed pseudoreplication"
reserve,incumbent_recipe,20261019,occupancy_dice,0.8087,evidence/t2_heart_extra_20261008/evaluation/reserve_incumbent_recipe_s20261019.json,52034554f03aec10193cb09baa2c78a1de04218ef678f327eb63acc58fa28add,E9.5,"reconstructed recipe, NOT exact v0030","excluded: raw values vs skill, one server candidate, seed pseudoreplication"
reserve,incumbent_recipe,20261019,scale_log_ratio,-0.4346,evidence/t2_heart_extra_20261008/evaluation/reserve_incumbent_recipe_s20261019.json,52034554f03aec10193cb09baa2c78a1de04218ef678f327eb63acc58fa28add,E9.5,"reconstructed recipe, NOT exact v0030","excluded: raw values vs skill, one server candidate, seed pseudoreplication"
reserve,incumbent_recipe,20261019,count_log_ratio,-0.0792,evidence/t2_heart_extra_20261008/evaluation/reserve_incumbent_recipe_s20261019.json,52034554f03aec10193cb09baa2c78a1de04218ef678f327eb63acc58fa28add,E9.5,"reconstructed recipe, NOT exact v0030","excluded: raw values vs skill, one server candidate, seed pseudoreplication"
reserve,incumbent_recipe,20261019,neighborhood_mmd,0.09524,evidence/t2_heart_extra_20261008/evaluation/reserve_incumbent_recipe_s20261019.json,52034554f03aec10193cb09baa2c78a1de04218ef678f327eb63acc58fa28add,E9.5,"reconstructed recipe, NOT exact v0030","excluded: raw values vs skill, one server candidate, seed pseudoreplication"
reserve,incumbent_recipe,20261019,pb_rel_err,0.5112,evidence/t2_heart_extra_20261008/evaluation/reserve_incumbent_recipe_s20261019.json,52034554f03aec10193cb09baa2c78a1de04218ef678f327eb63acc58fa28add,E9.5,"reconstructed recipe, NOT exact v0030","excluded: raw values vs skill, one server candidate, seed pseudoreplication"
reserve,incumbent_recipe,20261019,library_size_ratio,1.0,evidence/t2_heart_extra_20261008/evaluation/reserve_incumbent_recipe_s20261019.json,52034554f03aec10193cb09baa2c78a1de04218ef678f327eb63acc58fa28add,E9.5,"reconstructed recipe, NOT exact v0030","excluded: raw values vs skill, one server candidate, seed pseudoreplication"
reserve,incumbent_recipe,20261019,variance_ratio,0.827,evidence/t2_heart_extra_20261008/evaluation/reserve_incumbent_recipe_s20261019.json,52034554f03aec10193cb09baa2c78a1de04218ef678f327eb63acc58fa28add,E9.5,"reconstructed recipe, NOT exact v0030","excluded: raw values vs skill, one server candidate, seed pseudoreplication"
reserve,incumbent_recipe,20261019,composition_JSD,0.1093,evidence/t2_heart_extra_20261008/evaluation/reserve_incumbent_recipe_s20261019.json,52034554f03aec10193cb09baa2c78a1de04218ef678f327eb63acc58fa28add,E9.5,"reconstructed recipe, NOT exact v0030","excluded: raw values vs skill, one server candidate, seed pseudoreplication"
reserve,incumbent_recipe,20261019,pseudobulk_pearson,0.8098,evidence/t2_heart_extra_20261008/evaluation/reserve_incumbent_recipe_s20261019.json,52034554f03aec10193cb09baa2c78a1de04218ef678f327eb63acc58fa28add,E9.5,"reconstructed recipe, NOT exact v0030","excluded: raw values vs skill, one server candidate, seed pseudoreplication"
reserve,incumbent_recipe,20261019,morans_I_agreement,0.6855,evidence/t2_heart_extra_20261008/evaluation/reserve_incumbent_recipe_s20261019.json,52034554f03aec10193cb09baa2c78a1de04218ef678f327eb63acc58fa28add,E9.5,"reconstructed recipe, NOT exact v0030","excluded: raw values vs skill, one server candidate, seed pseudoreplication"
reserve,incumbent_recipe,20261019,_de_raw,0.4375,evidence/t2_heart_extra_20261008/evaluation/reserve_incumbent_recipe_s20261019.json,52034554f03aec10193cb09baa2c78a1de04218ef678f327eb63acc58fa28add,E9.5,"reconstructed recipe, NOT exact v0030","excluded: raw values vs skill, one server candidate, seed pseudoreplication"
reserve,incumbent_recipe,20261019,_de_chance,0.4219,evidence/t2_heart_extra_20261008/evaluation/reserve_incumbent_recipe_s20261019.json,52034554f03aec10193cb09baa2c78a1de04218ef678f327eb63acc58fa28add,E9.5,"reconstructed recipe, NOT exact v0030","excluded: raw values vs skill, one server candidate, seed pseudoreplication"
reserve,incumbent_recipe,20261019,_n_up,38,evidence/t2_heart_extra_20261008/evaluation/reserve_incumbent_recipe_s20261019.json,52034554f03aec10193cb09baa2c78a1de04218ef678f327eb63acc58fa28add,E9.5,"reconstructed recipe, NOT exact v0030","excluded: raw values vs skill, one server candidate, seed pseudoreplication"
reserve,incumbent_recipe,20261019,_n_dn,90,evidence/t2_heart_extra_20261008/evaluation/reserve_incumbent_recipe_s20261019.json,52034554f03aec10193cb09baa2c78a1de04218ef678f327eb63acc58fa28add,E9.5,"reconstructed recipe, NOT exact v0030","excluded: raw values vs skill, one server candidate, seed pseudoreplication"
reserve,incumbent_recipe,20261019,_sw_flip_spread,0.00278,evidence/t2_heart_extra_20261008/evaluation/reserve_incumbent_recipe_s20261019.json,52034554f03aec10193cb09baa2c78a1de04218ef678f327eb63acc58fa28add,E9.5,"reconstructed recipe, NOT exact v0030","excluded: raw values vs skill, one server candidate, seed pseudoreplication"
reserve,incumbent_recipe,20261019,_dice_voxel_over_nn,11.9,evidence/t2_heart_extra_20261008/evaluation/reserve_incumbent_recipe_s20261019.json,52034554f03aec10193cb09baa2c78a1de04218ef678f327eb63acc58fa28add,E9.5,"reconstructed recipe, NOT exact v0030","excluded: raw values vs skill, one server candidate, seed pseudoreplication"
