database	id	gene	relation	go_id	reference	evidence	with_from	aspect	name	synonyms	type	taxon	date	assigned_by	extension	product_form
UniProtKB	A0A0A6YY83	Pcdh7	enables	GO:0005509	GO_REF:0000002	IEA	InterPro:IPR002126|InterPro:IPR015919	F	Cadherin domain-containing protein	Pcdh7	protein	taxon:10090	20260727	InterPro		UniProtKB:A0A0A6YY83
UniProtKB	A0A0A6YY83	Pcdh7	involved_in	GO:0007155	GO_REF:0000002	IEA	InterPro:IPR020894	P	Cadherin domain-containing protein	Pcdh7	protein	taxon:10090	20260727	InterPro		UniProtKB:A0A0A6YY83
UniProtKB	A0A0A6YY83	Pcdh7	involved_in	GO:0007156	GO_REF:0000002	IEA	InterPro:IPR002126	P	Cadherin domain-containing protein	Pcdh7	protein	taxon:10090	20260727	InterPro		UniProtKB:A0A0A6YY83
UniProtKB	A0A0A6YY83	Pcdh7	located_in	GO:0005886	GO_REF:0000002	IEA	InterPro:IPR020894	C	Cadherin domain-containing protein	Pcdh7	protein	taxon:10090	20260727	InterPro		UniProtKB:A0A0A6YY83
UniProtKB	A0A0A6YY83	Pcdh7	located_in	GO:0016020	GO_REF:0000002	IEA	InterPro:IPR002126|InterPro:IPR015919	C	Cadherin domain-containing protein	Pcdh7	protein	taxon:10090	20260727	InterPro		UniProtKB:A0A0A6YY83
UniProtKB	A2AGL3	Ryr3	enables	GO:0005216	GO_REF:0000002	IEA	InterPro:IPR005821	F	Ryanodine receptor 3	Ryr3	protein	taxon:10090	20260727	InterPro		UniProtKB:A2AGL3
UniProtKB	A2AGL3	Ryr3	enables	GO:0005219	GO_REF:0000002	IEA	InterPro:IPR009460|InterPro:IPR013333	F	Ryanodine receptor 3	Ryr3	protein	taxon:10090	20260727	InterPro		UniProtKB:A2AGL3
UniProtKB	A2AGL3	Ryr3	enables	GO:0005262	GO_REF:0000002	IEA	InterPro:IPR000699	F	Ryanodine receptor 3	Ryr3	protein	taxon:10090	20260727	InterPro		UniProtKB:A2AGL3
UniProtKB	A2AGL3	Ryr3	enables	GO:0005509	GO_REF:0000002	IEA	InterPro:IPR002048	F	Ryanodine receptor 3	Ryr3	protein	taxon:10090	20260727	InterPro		UniProtKB:A2AGL3
UniProtKB	A2AGL3	Ryr3	involved_in	GO:0006811	GO_REF:0000002	IEA	InterPro:IPR005821	P	Ryanodine receptor 3	Ryr3	protein	taxon:10090	20260727	InterPro		UniProtKB:A2AGL3
UniProtKB	A2AGL3	Ryr3	involved_in	GO:0006816	GO_REF:0000002	IEA	InterPro:IPR013333|InterPro:IPR015925	P	Ryanodine receptor 3	Ryr3	protein	taxon:10090	20260727	InterPro		UniProtKB:A2AGL3
UniProtKB	A2AGL3	Ryr3	involved_in	GO:0006874	GO_REF:0000002	IEA	InterPro:IPR009460	P	Ryanodine receptor 3	Ryr3	protein	taxon:10090	20260727	InterPro		UniProtKB:A2AGL3
UniProtKB	A2AGL3	Ryr3	involved_in	GO:0055085	GO_REF:0000002	IEA	InterPro:IPR005821	P	Ryanodine receptor 3	Ryr3	protein	taxon:10090	20260727	InterPro		UniProtKB:A2AGL3
UniProtKB	A2AGL3	Ryr3	involved_in	GO:0070588	GO_REF:0000002	IEA	InterPro:IPR000699	P	Ryanodine receptor 3	Ryr3	protein	taxon:10090	20260727	InterPro		UniProtKB:A2AGL3
UniProtKB	A2AGL3	Ryr3	located_in	GO:0016020	GO_REF:0000002	IEA	InterPro:IPR000699|InterPro:IPR005821|InterPro:IPR009460	C	Ryanodine receptor 3	Ryr3	protein	taxon:10090	20260727	InterPro		UniProtKB:A2AGL3
UniProtKB	A2ARA8	Itga8	involved_in	GO:0007155	GO_REF:0000002	IEA	InterPro:IPR000413	P	Integrin alpha-8	Itga8	protein	taxon:10090	20260727	InterPro		UniProtKB:A2ARA8
UniProtKB	A2ARA8	Itga8	part_of	GO:0008305	GO_REF:0000002	IEA	InterPro:IPR000413	C	Integrin alpha-8	Itga8	protein	taxon:10090	20260727	InterPro		UniProtKB:A2ARA8
UniProtKB	A2ASI5	Scn3a	enables	GO:0005216	GO_REF:0000002	IEA	InterPro:IPR005821	F	Sodium channel protein type 3 subunit alpha	Scn3a	protein	taxon:10090	20260727	InterPro		UniProtKB:A2ASI5
UniProtKB	A2ASI5	Scn3a	enables	GO:0005248	GO_REF:0000002	IEA	InterPro:IPR001696|InterPro:IPR010526	F	Sodium channel protein type 3 subunit alpha	Scn3a	protein	taxon:10090	20260727	InterPro		UniProtKB:A2ASI5
UniProtKB	A2ASI5	Scn3a	enables	GO:0005261	GO_REF:0000002	IEA	InterPro:IPR043203	F	Sodium channel protein type 3 subunit alpha	Scn3a	protein	taxon:10090	20260727	InterPro		UniProtKB:A2ASI5
UniProtKB	A2ASI5	Scn3a	involved_in	GO:0006811	GO_REF:0000002	IEA	InterPro:IPR005821	P	Sodium channel protein type 3 subunit alpha	Scn3a	protein	taxon:10090	20260727	InterPro		UniProtKB:A2ASI5
UniProtKB	A2ASI5	Scn3a	involved_in	GO:0006814	GO_REF:0000002	IEA	InterPro:IPR001696|InterPro:IPR010526	P	Sodium channel protein type 3 subunit alpha	Scn3a	protein	taxon:10090	20260727	InterPro		UniProtKB:A2ASI5
UniProtKB	A2ASI5	Scn3a	involved_in	GO:0055085	GO_REF:0000002	IEA	InterPro:IPR005821	P	Sodium channel protein type 3 subunit alpha	Scn3a	protein	taxon:10090	20260727	InterPro		UniProtKB:A2ASI5
UniProtKB	A2ASI5	Scn3a	located_in	GO:0005886	GO_REF:0000002	IEA	InterPro:IPR043203	C	Sodium channel protein type 3 subunit alpha	Scn3a	protein	taxon:10090	20260727	InterPro		UniProtKB:A2ASI5
UniProtKB	A2ASI5	Scn3a	located_in	GO:0016020	GO_REF:0000002	IEA	InterPro:IPR005821	C	Sodium channel protein type 3 subunit alpha	Scn3a	protein	taxon:10090	20260727	InterPro		UniProtKB:A2ASI5
UniProtKB	A2ASI5	Scn3a	part_of	GO:0001518	GO_REF:0000002	IEA	InterPro:IPR001696|InterPro:IPR010526	C	Sodium channel protein type 3 subunit alpha	Scn3a	protein	taxon:10090	20260727	InterPro		UniProtKB:A2ASI5
UniProtKB	A2ASS6	Ttn	enables	GO:0004672	GO_REF:0000002	IEA	InterPro:IPR008266	F	Titin	Ttn	protein	taxon:10090	20260727	InterPro		UniProtKB:A2ASS6
UniProtKB	A2ASS6	Ttn	enables	GO:0005524	GO_REF:0000002	IEA	InterPro:IPR000719	F	Titin	Ttn	protein	taxon:10090	20260727	InterPro		UniProtKB:A2ASS6
UniProtKB	A2AVA0	Svep1	enables	GO:0005509	GO_REF:0000002	IEA	InterPro:IPR001881|InterPro:IPR018097	F	Sushi, von Willebrand factor type A, EGF and pentraxin domain-containing protein 1	Svep1	protein	taxon:10090	20260727	InterPro		UniProtKB:A2AVA0
UniProtKB	A6H8H5	Kcnb2	enables	GO:0005216	GO_REF:0000002	IEA	InterPro:IPR005821	F	Potassium voltage-gated channel subfamily B member 2	Kcnb2	protein	taxon:10090	20260727	InterPro		UniProtKB:A6H8H5
UniProtKB	A6H8H5	Kcnb2	enables	GO:0005249	GO_REF:0000002	IEA	InterPro:IPR003968|InterPro:IPR003973|InterPro:IPR005826|InterPro:IPR028325	F	Potassium voltage-gated channel subfamily B member 2	Kcnb2	protein	taxon:10090	20260727	InterPro		UniProtKB:A6H8H5
UniProtKB	A6H8H5	Kcnb2	involved_in	GO:0006811	GO_REF:0000002	IEA	InterPro:IPR005821	P	Potassium voltage-gated channel subfamily B member 2	Kcnb2	protein	taxon:10090	20260727	InterPro		UniProtKB:A6H8H5
UniProtKB	A6H8H5	Kcnb2	involved_in	GO:0006813	GO_REF:0000002	IEA	InterPro:IPR003968|InterPro:IPR003973|InterPro:IPR005826|InterPro:IPR028325	P	Potassium voltage-gated channel subfamily B member 2	Kcnb2	protein	taxon:10090	20260727	InterPro		UniProtKB:A6H8H5
UniProtKB	A6H8H5	Kcnb2	involved_in	GO:0051260	GO_REF:0000002	IEA	InterPro:IPR003131	P	Potassium voltage-gated channel subfamily B member 2	Kcnb2	protein	taxon:10090	20260727	InterPro		UniProtKB:A6H8H5
UniProtKB	A6H8H5	Kcnb2	involved_in	GO:0055085	GO_REF:0000002	IEA	InterPro:IPR005821	P	Potassium voltage-gated channel subfamily B member 2	Kcnb2	protein	taxon:10090	20260727	InterPro		UniProtKB:A6H8H5
UniProtKB	A6H8H5	Kcnb2	located_in	GO:0016020	GO_REF:0000002	IEA	InterPro:IPR005821	C	Potassium voltage-gated channel subfamily B member 2	Kcnb2	protein	taxon:10090	20260727	InterPro		UniProtKB:A6H8H5
UniProtKB	A6H8H5	Kcnb2	part_of	GO:0008076	GO_REF:0000002	IEA	InterPro:IPR003968|InterPro:IPR003973|InterPro:IPR005826|InterPro:IPR028325	C	Potassium voltage-gated channel subfamily B member 2	Kcnb2	protein	taxon:10090	20260727	InterPro		UniProtKB:A6H8H5
UniProtKB	A6X8Z5	Arhgap31	involved_in	GO:0007165	GO_REF:0000002	IEA	InterPro:IPR000198	P	Rho GTPase-activating protein 31	Arhgap31|Cdgap|Kiaa1204	protein	taxon:10090	20260727	InterPro		UniProtKB:A6X8Z5
UniProtKB	B2RY83	Hpse2	enables	GO:0016798	GO_REF:0000002	IEA	InterPro:IPR005199	F	Inactive heparanase-2	Hpse2|Hpa2	protein	taxon:10090	20260727	InterPro		UniProtKB:B2RY83
UniProtKB	B2RY83	Hpse2	located_in	GO:0016020	GO_REF:0000002	IEA	InterPro:IPR005199	C	Inactive heparanase-2	Hpse2|Hpa2	protein	taxon:10090	20260727	InterPro		UniProtKB:B2RY83
UniProtKB	B9EKR1	Ptprz1	enables	GO:0004725	GO_REF:0000002	IEA	InterPro:IPR000242	F	Receptor-type tyrosine-protein phosphatase zeta	Ptprz1	protein	taxon:10090	20260727	InterPro		UniProtKB:B9EKR1
UniProtKB	D3YVV6	Hs3st4	enables	GO:0008146	GO_REF:0000002	IEA	InterPro:IPR000863|InterPro:IPR037359	F	Sulfotransferase	Hs3st4	protein	taxon:10090	20260727	InterPro		UniProtKB:D3YVV6
UniProtKB	D3Z1A5	Adamts6	enables	GO:0004222	GO_REF:0000002	IEA	InterPro:IPR001590	F	ADAM metallopeptidase with thrombospondin type 1 motif 6	Adamts6	protein	taxon:10090	20260727	InterPro		UniProtKB:D3Z1A5
UniProtKB	D3Z1A5	Adamts6	enables	GO:0008237	GO_REF:0000002	IEA	InterPro:IPR024079	F	ADAM metallopeptidase with thrombospondin type 1 motif 6	Adamts6	protein	taxon:10090	20260727	InterPro		UniProtKB:D3Z1A5
UniProtKB	D3Z1A5	Adamts6	involved_in	GO:0006508	GO_REF:0000002	IEA	InterPro:IPR001590	P	ADAM metallopeptidase with thrombospondin type 1 motif 6	Adamts6	protein	taxon:10090	20260727	InterPro		UniProtKB:D3Z1A5
UniProtKB	D3Z1A5	Adamts6	involved_in	GO:0030198	GO_REF:0000002	IEA	InterPro:IPR013273	P	ADAM metallopeptidase with thrombospondin type 1 motif 6	Adamts6	protein	taxon:10090	20260727	InterPro		UniProtKB:D3Z1A5
UniProtKB	D3Z4I3	Rbm24	enables	GO:0003676	GO_REF:0000002	IEA	InterPro:IPR035979	F	RNA-binding protein 24	Rbm24	protein	taxon:10090	20260727	InterPro		UniProtKB:D3Z4I3
UniProtKB	D3Z4I3	Rbm24	enables	GO:0003723	GO_REF:0000002	IEA	InterPro:IPR000504	F	RNA-binding protein 24	Rbm24	protein	taxon:10090	20260727	InterPro		UniProtKB:D3Z4I3
UniProtKB	E9PXF0	Pcdh17	enables	GO:0005509	GO_REF:0000002	IEA	InterPro:IPR002126|InterPro:IPR015919	F	Cadherin domain-containing protein	Pcdh17	protein	taxon:10090	20260727	InterPro		UniProtKB:E9PXF0
UniProtKB	E9PXF0	Pcdh17	involved_in	GO:0007155	GO_REF:0000002	IEA	InterPro:IPR020894	P	Cadherin domain-containing protein	Pcdh17	protein	taxon:10090	20260727	InterPro		UniProtKB:E9PXF0
UniProtKB	E9PXF0	Pcdh17	involved_in	GO:0007156	GO_REF:0000002	IEA	InterPro:IPR002126	P	Cadherin domain-containing protein	Pcdh17	protein	taxon:10090	20260727	InterPro		UniProtKB:E9PXF0
UniProtKB	E9PXF0	Pcdh17	located_in	GO:0005886	GO_REF:0000002	IEA	InterPro:IPR020894	C	Cadherin domain-containing protein	Pcdh17	protein	taxon:10090	20260727	InterPro		UniProtKB:E9PXF0
UniProtKB	E9PXF0	Pcdh17	located_in	GO:0016020	GO_REF:0000002	IEA	InterPro:IPR002126|InterPro:IPR015919	C	Cadherin domain-containing protein	Pcdh17	protein	taxon:10090	20260727	InterPro		UniProtKB:E9PXF0
UniProtKB	E9Q0X2	Apold1	enables	GO:0008289	GO_REF:0000002	IEA	InterPro:IPR008405	F	Apolipoprotein L domain containing 1	Apold1	protein	taxon:10090	20260727	InterPro		UniProtKB:E9Q0X2
UniProtKB	E9Q0X2	Apold1	involved_in	GO:0006869	GO_REF:0000002	IEA	InterPro:IPR008405	P	Apolipoprotein L domain containing 1	Apold1	protein	taxon:10090	20260727	InterPro		UniProtKB:E9Q0X2
UniProtKB	E9Q0X2	Apold1	involved_in	GO:0042157	GO_REF:0000002	IEA	InterPro:IPR008405	P	Apolipoprotein L domain containing 1	Apold1	protein	taxon:10090	20260727	InterPro		UniProtKB:E9Q0X2
UniProtKB	E9Q0X2	Apold1	located_in	GO:0005576	GO_REF:0000002	IEA	InterPro:IPR008405	C	Apolipoprotein L domain containing 1	Apold1	protein	taxon:10090	20260727	InterPro		UniProtKB:E9Q0X2
UniProtKB	E9Q3P4	Cenpf	enables	GO:0008017	GO_REF:0000002	IEA	InterPro:IPR043513	F	Centromere protein F	Cenpf	protein	taxon:10090	20260727	InterPro		UniProtKB:E9Q3P4
UniProtKB	E9Q3P4	Cenpf	enables	GO:0042803	GO_REF:0000002	IEA	InterPro:IPR019513	F	Centromere protein F	Cenpf	protein	taxon:10090	20260727	InterPro		UniProtKB:E9Q3P4
UniProtKB	E9Q3P4	Cenpf	enables	GO:0070840	GO_REF:0000002	IEA	InterPro:IPR019513	F	Centromere protein F	Cenpf	protein	taxon:10090	20260727	InterPro		UniProtKB:E9Q3P4
UniProtKB	E9Q3P4	Cenpf	located_in	GO:0000775	GO_REF:0000002	IEA	InterPro:IPR043513	C	Centromere protein F	Cenpf	protein	taxon:10090	20260727	InterPro		UniProtKB:E9Q3P4
UniProtKB	E9Q414	Apob	enables	GO:0005319	GO_REF:0000002	IEA	InterPro:IPR001747|InterPro:IPR009454|InterPro:IPR015255|InterPro:IPR015816|InterPro:IPR015819	F	Apolipoprotein B-100	Apob	protein	taxon:10090	20260727	InterPro		UniProtKB:E9Q414
UniProtKB	E9Q414	Apob	involved_in	GO:0006869	GO_REF:0000002	IEA	InterPro:IPR001747|InterPro:IPR009454|InterPro:IPR015255|InterPro:IPR015816|InterPro:IPR015819	P	Apolipoprotein B-100	Apob	protein	taxon:10090	20260727	InterPro		UniProtKB:E9Q414
UniProtKB	E9Q9Q6	Cdh18	enables	GO:0005509	GO_REF:0000002	IEA	InterPro:IPR000233|InterPro:IPR002126|InterPro:IPR015919	F	Cadherin domain-containing protein	Cdh18	protein	taxon:10090	20260727	InterPro		UniProtKB:E9Q9Q6
UniProtKB	E9Q9Q6	Cdh18	involved_in	GO:0007155	GO_REF:0000002	IEA	InterPro:IPR020894	P	Cadherin domain-containing protein	Cdh18	protein	taxon:10090	20260727	InterPro		UniProtKB:E9Q9Q6
UniProtKB	E9Q9Q6	Cdh18	involved_in	GO:0007156	GO_REF:0000002	IEA	InterPro:IPR000233|InterPro:IPR002126	P	Cadherin domain-containing protein	Cdh18	protein	taxon:10090	20260727	InterPro		UniProtKB:E9Q9Q6
UniProtKB	E9Q9Q6	Cdh18	involved_in	GO:0098609	GO_REF:0000002	IEA	InterPro:IPR039808	P	Cadherin domain-containing protein	Cdh18	protein	taxon:10090	20260727	InterPro		UniProtKB:E9Q9Q6
UniProtKB	E9Q9Q6	Cdh18	located_in	GO:0005886	GO_REF:0000002	IEA	InterPro:IPR020894	C	Cadherin domain-containing protein	Cdh18	protein	taxon:10090	20260727	InterPro		UniProtKB:E9Q9Q6
UniProtKB	E9Q9Q6	Cdh18	located_in	GO:0016020	GO_REF:0000002	IEA	InterPro:IPR002126|InterPro:IPR015919	C	Cadherin domain-containing protein	Cdh18	protein	taxon:10090	20260727	InterPro		UniProtKB:E9Q9Q6
UniProtKB	F7BVC1	Plcb4	enables	GO:0004435	GO_REF:0000002	IEA	InterPro:IPR001711|InterPro:IPR014815|InterPro:IPR016280	F	1-phosphatidylinositol 4,5-bisphosphate phosphodiesterase	Plcb4	protein	taxon:10090	20260727	InterPro		UniProtKB:F7BVC1
UniProtKB	F7BVC1	Plcb4	enables	GO:0005509	GO_REF:0000002	IEA	InterPro:IPR014815|InterPro:IPR016280	F	1-phosphatidylinositol 4,5-bisphosphate phosphodiesterase	Plcb4	protein	taxon:10090	20260727	InterPro		UniProtKB:F7BVC1
UniProtKB	F7BVC1	Plcb4	enables	GO:0008081	GO_REF:0000002	IEA	InterPro:IPR017946	F	1-phosphatidylinositol 4,5-bisphosphate phosphodiesterase	Plcb4	protein	taxon:10090	20260727	InterPro		UniProtKB:F7BVC1
UniProtKB	F7BVC1	Plcb4	involved_in	GO:0006629	GO_REF:0000002	IEA	InterPro:IPR001711|InterPro:IPR017946	P	1-phosphatidylinositol 4,5-bisphosphate phosphodiesterase	Plcb4	protein	taxon:10090	20260727	InterPro		UniProtKB:F7BVC1
UniProtKB	F7BVC1	Plcb4	involved_in	GO:0007165	GO_REF:0000002	IEA	InterPro:IPR001711	P	1-phosphatidylinositol 4,5-bisphosphate phosphodiesterase	Plcb4	protein	taxon:10090	20260727	InterPro		UniProtKB:F7BVC1
UniProtKB	F7BVC1	Plcb4	involved_in	GO:0016042	GO_REF:0000002	IEA	InterPro:IPR014815	P	1-phosphatidylinositol 4,5-bisphosphate phosphodiesterase	Plcb4	protein	taxon:10090	20260727	InterPro		UniProtKB:F7BVC1
UniProtKB	F7BVC1	Plcb4	involved_in	GO:0035556	GO_REF:0000002	IEA	InterPro:IPR001192|InterPro:IPR001711	P	1-phosphatidylinositol 4,5-bisphosphate phosphodiesterase	Plcb4	protein	taxon:10090	20260727	InterPro		UniProtKB:F7BVC1
UniProtKB	F7CSU7	Nxf3	enables	GO:0003676	GO_REF:0000002	IEA	InterPro:IPR035979	F	Tip-associated protein	Nxf3	protein	taxon:10090	20260727	InterPro		UniProtKB:F7CSU7
UniProtKB	F7CSU7	Nxf3	enables	GO:0003723	GO_REF:0000002	IEA	InterPro:IPR015245	F	Tip-associated protein	Nxf3	protein	taxon:10090	20260727	InterPro		UniProtKB:F7CSU7
UniProtKB	F7CSU7	Nxf3	involved_in	GO:0006406	GO_REF:0000002	IEA	InterPro:IPR015245	P	Tip-associated protein	Nxf3	protein	taxon:10090	20260727	InterPro		UniProtKB:F7CSU7
UniProtKB	F7CSU7	Nxf3	involved_in	GO:0051028	GO_REF:0000002	IEA	InterPro:IPR005637	P	Tip-associated protein	Nxf3	protein	taxon:10090	20260727	InterPro		UniProtKB:F7CSU7
UniProtKB	F7CSU7	Nxf3	located_in	GO:0005634	GO_REF:0000002	IEA	InterPro:IPR005637	C	Tip-associated protein	Nxf3	protein	taxon:10090	20260727	InterPro		UniProtKB:F7CSU7
UniProtKB	F7CSU7	Nxf3	located_in	GO:0005737	GO_REF:0000002	IEA	InterPro:IPR015245	C	Tip-associated protein	Nxf3	protein	taxon:10090	20260727	InterPro		UniProtKB:F7CSU7
UniProtKB	G3X9Y6	Akr1c19	enables	GO:0016491	GO_REF:0000002	IEA	InterPro:IPR018170|InterPro:IPR020471	F	NADP-dependent oxidoreductase domain-containing protein	Akr1c19	protein	taxon:10090	20260727	InterPro		UniProtKB:G3X9Y6
UniProtKB	G5E8Q8	Adgrf5	enables	GO:0004888	GO_REF:0000002	IEA	InterPro:IPR017981	F	Adhesion G protein-coupled receptor F5	Adgrf5|Gpr116	protein	taxon:10090	20260727	InterPro		UniProtKB:G5E8Q8
UniProtKB	G5E8Q8	Adgrf5	enables	GO:0004930	GO_REF:0000002	IEA	InterPro:IPR000832|InterPro:IPR008078|InterPro:IPR017983	F	Adhesion G protein-coupled receptor F5	Adgrf5|Gpr116	protein	taxon:10090	20260727	InterPro		UniProtKB:G5E8Q8
UniProtKB	G5E8Q8	Adgrf5	involved_in	GO:0007166	GO_REF:0000002	IEA	InterPro:IPR017981	P	Adhesion G protein-coupled receptor F5	Adgrf5|Gpr116	protein	taxon:10090	20260727	InterPro		UniProtKB:G5E8Q8
UniProtKB	G5E8Q8	Adgrf5	involved_in	GO:0007186	GO_REF:0000002	IEA	InterPro:IPR000832|InterPro:IPR008078|InterPro:IPR017983	P	Adhesion G protein-coupled receptor F5	Adgrf5|Gpr116	protein	taxon:10090	20260727	InterPro		UniProtKB:G5E8Q8
UniProtKB	G5E8Q8	Adgrf5	located_in	GO:0016020	GO_REF:0000002	IEA	InterPro:IPR000832|InterPro:IPR008078|InterPro:IPR017981	C	Adhesion G protein-coupled receptor F5	Adgrf5|Gpr116	protein	taxon:10090	20260727	InterPro		UniProtKB:G5E8Q8
UniProtKB	O08538	Angpt1	involved_in	GO:0007596	GO_REF:0000002	IEA	InterPro:IPR037579	P	Angiopoietin-1	Angpt1|Agpt	protein	taxon:10090	20260727	InterPro		UniProtKB:O08538
UniProtKB	O08543	Efna5	enables	GO:0046875	GO_REF:0000002	IEA	InterPro:IPR034252	F	Ephrin-A5	Efna5|Epl7|Eplg7|Lerk7	protein	taxon:10090	20260727	InterPro		UniProtKB:O08543
UniProtKB	O08543	Efna5	involved_in	GO:0048013	GO_REF:0000002	IEA	InterPro:IPR034252	P	Ephrin-A5	Efna5|Epl7|Eplg7|Lerk7	protein	taxon:10090	20260727	InterPro		UniProtKB:O08543
UniProtKB	O08543	Efna5	located_in	GO:0016020	GO_REF:0000002	IEA	InterPro:IPR001799|InterPro:IPR019765	C	Ephrin-A5	Efna5|Epl7|Eplg7|Lerk7	protein	taxon:10090	20260727	InterPro		UniProtKB:O08543
UniProtKB	O08638	Myh11	enables	GO:0003774	GO_REF:0000002	IEA	InterPro:IPR001609|InterPro:IPR004009|InterPro:IPR008989	F	Myosin-11	Myh11	protein	taxon:10090	20260727	InterPro		UniProtKB:O08638
UniProtKB	O08638	Myh11	enables	GO:0005524	GO_REF:0000002	IEA	InterPro:IPR001609|InterPro:IPR004009|InterPro:IPR008989	F	Myosin-11	Myh11	protein	taxon:10090	20260727	InterPro		UniProtKB:O08638
UniProtKB	O08638	Myh11	enables	GO:0051015	GO_REF:0000002	IEA	InterPro:IPR008989	F	Myosin-11	Myh11	protein	taxon:10090	20260727	InterPro		UniProtKB:O08638
UniProtKB	O08638	Myh11	part_of	GO:0016459	GO_REF:0000002	IEA	InterPro:IPR001609|InterPro:IPR002928|InterPro:IPR004009	C	Myosin-11	Myh11	protein	taxon:10090	20260727	InterPro		UniProtKB:O08638
UniProtKB	O08665	Sema3a	enables	GO:0030215	GO_REF:0000002	IEA	InterPro:IPR027231	F	Semaphorin-3A	Sema3a|SemD|Semad	protein	taxon:10090	20260727	InterPro		UniProtKB:O08665
UniProtKB	O08791	Ebf3	enables	GO:0003677	GO_REF:0000002	IEA	InterPro:IPR003523|InterPro:IPR032200|InterPro:IPR038173	F	Transcription factor COE3	Ebf3|Coe3	protein	taxon:10090	20260727	InterPro		UniProtKB:O08791
UniProtKB	O08791	Ebf3	enables	GO:0003700	GO_REF:0000002	IEA	InterPro:IPR038006	F	Transcription factor COE3	Ebf3|Coe3	protein	taxon:10090	20260727	InterPro		UniProtKB:O08791
UniProtKB	O08791	Ebf3	involved_in	GO:0006355	GO_REF:0000002	IEA	InterPro:IPR003523|InterPro:IPR038006	P	Transcription factor COE3	Ebf3|Coe3	protein	taxon:10090	20260727	InterPro		UniProtKB:O08791
UniProtKB	O08792	Ebf2	enables	GO:0003677	GO_REF:0000002	IEA	InterPro:IPR003523|InterPro:IPR032200|InterPro:IPR038173	F	Transcription factor COE2	Ebf2|Coe2|Mmot1	protein	taxon:10090	20260727	InterPro		UniProtKB:O08792
UniProtKB	O08792	Ebf2	enables	GO:0003700	GO_REF:0000002	IEA	InterPro:IPR038006	F	Transcription factor COE2	Ebf2|Coe2|Mmot1	protein	taxon:10090	20260727	InterPro		UniProtKB:O08792
UniProtKB	O08792	Ebf2	involved_in	GO:0006355	GO_REF:0000002	IEA	InterPro:IPR003523|InterPro:IPR038006	P	Transcription factor COE2	Ebf2|Coe2|Mmot1	protein	taxon:10090	20260727	InterPro		UniProtKB:O08792
UniProtKB	O08863	Birc3	involved_in	GO:0042981	GO_REF:0000002	IEA	InterPro:IPR001315	P	Baculoviral IAP repeat-containing protein 3	Birc3	protein	taxon:10090	20260727	InterPro		UniProtKB:O08863
UniProtKB	O08966	Slc22a1	enables	GO:0022857	GO_REF:0000002	IEA	InterPro:IPR005828|InterPro:IPR005829|InterPro:IPR020846	F	Solute carrier family 22 member 1	Slc22a1|Lx1|Oct1	protein	taxon:10090	20260727	InterPro		UniProtKB:O08966
UniProtKB	O08966	Slc22a1	involved_in	GO:0055085	GO_REF:0000002	IEA	InterPro:IPR005828|InterPro:IPR005829	P	Solute carrier family 22 member 1	Slc22a1|Lx1|Oct1	protein	taxon:10090	20260727	InterPro		UniProtKB:O08966
UniProtKB	O08966	Slc22a1	located_in	GO:0016020	GO_REF:0000002	IEA	InterPro:IPR004749|InterPro:IPR005828|InterPro:IPR005829	C	Solute carrier family 22 member 1	Slc22a1|Lx1|Oct1	protein	taxon:10090	20260727	InterPro		UniProtKB:O08966
UniProtKB	O08969	Phlda2	enables	GO:1901981	GO_REF:0000002	IEA	InterPro:IPR042832	F	Pleckstrin homology-like domain family A member 2	Phlda2|Ipl|Tssc3	protein	taxon:10090	20260727	InterPro		UniProtKB:O08969
UniProtKB	O08969	Phlda2	involved_in	GO:0043065	GO_REF:0000002	IEA	InterPro:IPR042832	P	Pleckstrin homology-like domain family A member 2	Phlda2|Ipl|Tssc3	protein	taxon:10090	20260727	InterPro		UniProtKB:O08969
UniProtKB	O08999	Ltbp2	enables	GO:0005509	GO_REF:0000002	IEA	InterPro:IPR001881|InterPro:IPR018097	F	Latent-transforming growth factor beta-binding protein 2	Ltbp2	protein	taxon:10090	20260727	InterPro		UniProtKB:O08999
UniProtKB	O09100	Gata2	enables	GO:0000981	GO_REF:0000002	IEA	InterPro:IPR016374	F	Endothelial transcription factor GATA-2	Gata2	protein	taxon:10090	20260727	InterPro		UniProtKB:O09100
UniProtKB	O09100	Gata2	enables	GO:0003700	GO_REF:0000002	IEA	InterPro:IPR039355	F	Endothelial transcription factor GATA-2	Gata2	protein	taxon:10090	20260727	InterPro		UniProtKB:O09100
UniProtKB	O09100	Gata2	enables	GO:0008270	GO_REF:0000002	IEA	InterPro:IPR013088	F	Endothelial transcription factor GATA-2	Gata2	protein	taxon:10090	20260727	InterPro		UniProtKB:O09100
UniProtKB	O09100	Gata2	enables	GO:0043565	GO_REF:0000002	IEA	InterPro:IPR000679	F	Endothelial transcription factor GATA-2	Gata2	protein	taxon:10090	20260727	InterPro		UniProtKB:O09100
UniProtKB	O09100	Gata2	involved_in	GO:0006355	GO_REF:0000002	IEA	InterPro:IPR000679|InterPro:IPR013088	P	Endothelial transcription factor GATA-2	Gata2	protein	taxon:10090	20260727	InterPro		UniProtKB:O09100
UniProtKB	O09100	Gata2	involved_in	GO:0006357	GO_REF:0000002	IEA	InterPro:IPR039355	P	Endothelial transcription factor GATA-2	Gata2	protein	taxon:10090	20260727	InterPro		UniProtKB:O09100
UniProtKB	O09100	Gata2	located_in	GO:0005634	GO_REF:0000002	IEA	InterPro:IPR016374	C	Endothelial transcription factor GATA-2	Gata2	protein	taxon:10090	20260727	InterPro		UniProtKB:O09100
UniProtKB	O09114	Ptgds	enables	GO:0036094	GO_REF:0000002	IEA	InterPro:IPR002345	F	Prostaglandin-H2 D-isomerase	Ptgds	protein	taxon:10090	20260727	InterPro		UniProtKB:O09114
UniProtKB	O09165	Casq1	enables	GO:0005509	GO_REF:0000002	IEA	InterPro:IPR001393|InterPro:IPR018233	F	Calsequestrin-1	Casq1	protein	taxon:10090	20260727	InterPro		UniProtKB:O09165
UniProtKB	O35054	Cldn4	enables	GO:0005198	GO_REF:0000002	IEA	InterPro:IPR003550|InterPro:IPR006187	F	Claudin-4	Cldn4|Cper|Cpetr1	protein	taxon:10090	20260727	InterPro		UniProtKB:O35054
UniProtKB	O35054	Cldn4	located_in	GO:0005923	GO_REF:0000002	IEA	InterPro:IPR003550|InterPro:IPR006187	C	Claudin-4	Cldn4|Cper|Cpetr1	protein	taxon:10090	20260727	InterPro		UniProtKB:O35054
UniProtKB	O35054	Cldn4	located_in	GO:0016020	GO_REF:0000002	IEA	InterPro:IPR004031	C	Claudin-4	Cldn4|Cper|Cpetr1	protein	taxon:10090	20260727	InterPro		UniProtKB:O35054
UniProtKB	O35368	Ifi203	involved_in	GO:0002218	GO_REF:0000002	IEA	InterPro:IPR040205	P	Interferon-activable protein 203	Ifi203	protein	taxon:10090	20260727	InterPro		UniProtKB:O35368
UniProtKB	O35368	Ifi203	involved_in	GO:0035458	GO_REF:0000002	IEA	InterPro:IPR040205	P	Interferon-activable protein 203	Ifi203	protein	taxon:10090	20260727	InterPro		UniProtKB:O35368
UniProtKB	O35375	Nrp2	enables	GO:0005021	GO_REF:0000002	IEA	InterPro:IPR014648	F	Neuropilin-2	Nrp2	protein	taxon:10090	20260727	InterPro		UniProtKB:O35375
UniProtKB	O35375	Nrp2	enables	GO:0017154	GO_REF:0000002	IEA	InterPro:IPR014648	F	Neuropilin-2	Nrp2	protein	taxon:10090	20260727	InterPro		UniProtKB:O35375
UniProtKB	O35375	Nrp2	involved_in	GO:0001525	GO_REF:0000002	IEA	InterPro:IPR014648	P	Neuropilin-2	Nrp2	protein	taxon:10090	20260727	InterPro		UniProtKB:O35375
UniProtKB	O35375	Nrp2	involved_in	GO:0007411	GO_REF:0000002	IEA	InterPro:IPR014648	P	Neuropilin-2	Nrp2	protein	taxon:10090	20260727	InterPro		UniProtKB:O35375
UniProtKB	O35375	Nrp2	involved_in	GO:0038084	GO_REF:0000002	IEA	InterPro:IPR014648	P	Neuropilin-2	Nrp2	protein	taxon:10090	20260727	InterPro		UniProtKB:O35375
UniProtKB	O35375	Nrp2	located_in	GO:0016020	GO_REF:0000002	IEA	InterPro:IPR000998	C	Neuropilin-2	Nrp2	protein	taxon:10090	20260727	InterPro		UniProtKB:O35375
UniProtKB	O35392	Foxd2	enables	GO:0003700	GO_REF:0000002	IEA	InterPro:IPR001766|InterPro:IPR018122|InterPro:IPR030456	F	Forkhead box protein D2	Foxd2|Mf2	protein	taxon:10090	20260727	InterPro		UniProtKB:O35392
UniProtKB	O35392	Foxd2	enables	GO:0043565	GO_REF:0000002	IEA	InterPro:IPR001766|InterPro:IPR018122|InterPro:IPR030456	F	Forkhead box protein D2	Foxd2|Mf2	protein	taxon:10090	20260727	InterPro		UniProtKB:O35392
UniProtKB	O35392	Foxd2	involved_in	GO:0006355	GO_REF:0000002	IEA	InterPro:IPR001766|InterPro:IPR018122|InterPro:IPR030456	P	Forkhead box protein D2	Foxd2|Mf2	protein	taxon:10090	20260727	InterPro		UniProtKB:O35392
UniProtKB	O35437	Tcf21	enables	GO:0046983	GO_REF:0000002	IEA	InterPro:IPR011598|InterPro:IPR036638	F	Transcription factor 21	Tcf21|Pod1	protein	taxon:10090	20260727	InterPro		UniProtKB:O35437
UniProtKB	O35474	Edil3	enables	GO:0005509	GO_REF:0000002	IEA	InterPro:IPR001881|InterPro:IPR018097	F	EGF-like repeat and discoidin I-like domain-containing protein 3	Edil3|Del1	protein	taxon:10090	20260727	InterPro		UniProtKB:O35474
UniProtKB	O35565	Fgf10	enables	GO:0008083	GO_REF:0000002	IEA	InterPro:IPR002209	F	Fibroblast growth factor 10	Fgf10	protein	taxon:10090	20260727	InterPro		UniProtKB:O35565
UniProtKB	O35690	Phox2b	enables	GO:0000981	GO_REF:0000002	IEA	InterPro:IPR017970	F	Paired mesoderm homeobox protein 2B	Phox2b|Pmx2b	protein	taxon:10090	20260727	InterPro		UniProtKB:O35690
UniProtKB	O35690	Phox2b	enables	GO:0003677	GO_REF:0000002	IEA	InterPro:IPR001356	F	Paired mesoderm homeobox protein 2B	Phox2b|Pmx2b	protein	taxon:10090	20260727	InterPro		UniProtKB:O35690
UniProtKB	O35690	Phox2b	involved_in	GO:0006355	GO_REF:0000002	IEA	InterPro:IPR017970	P	Paired mesoderm homeobox protein 2B	Phox2b|Pmx2b	protein	taxon:10090	20260727	InterPro		UniProtKB:O35690
UniProtKB	O54908	Dkk1	involved_in	GO:0030178	GO_REF:0000002	IEA	InterPro:IPR006796	P	Dickkopf-related protein 1	Dkk1	protein	taxon:10090	20260727	InterPro		UniProtKB:O54908
UniProtKB	O54908	Dkk1	located_in	GO:0005576	GO_REF:0000002	IEA	InterPro:IPR006796	C	Dickkopf-related protein 1	Dkk1	protein	taxon:10090	20260727	InterPro		UniProtKB:O54908
UniProtKB	O54942	Cldn5	enables	GO:0005198	GO_REF:0000002	IEA	InterPro:IPR003551|InterPro:IPR006187	F	Claudin-5	Cldn5|Bec1	protein	taxon:10090	20260727	InterPro		UniProtKB:O54942
UniProtKB	O54942	Cldn5	located_in	GO:0005923	GO_REF:0000002	IEA	InterPro:IPR003551|InterPro:IPR006187	C	Claudin-5	Cldn5|Bec1	protein	taxon:10090	20260727	InterPro		UniProtKB:O54942
UniProtKB	O54942	Cldn5	located_in	GO:0016020	GO_REF:0000002	IEA	InterPro:IPR004031	C	Claudin-5	Cldn5|Bec1	protein	taxon:10090	20260727	InterPro		UniProtKB:O54942
UniProtKB	O55038	Cxcl13	enables	GO:0008009	GO_REF:0000002	IEA	InterPro:IPR001089|InterPro:IPR001811|InterPro:IPR018048|InterPro:IPR033899|InterPro:IPR036048|InterPro:IPR039809	F	C-X-C motif chemokine 13	Cxcl13|Blc|Scyb13	protein	taxon:10090	20260727	InterPro		UniProtKB:O55038
UniProtKB	O55038	Cxcl13	involved_in	GO:0006935	GO_REF:0000002	IEA	InterPro:IPR033899	P	C-X-C motif chemokine 13	Cxcl13|Blc|Scyb13	protein	taxon:10090	20260727	InterPro		UniProtKB:O55038
UniProtKB	O55038	Cxcl13	involved_in	GO:0006952	GO_REF:0000002	IEA	InterPro:IPR033899	P	C-X-C motif chemokine 13	Cxcl13|Blc|Scyb13	protein	taxon:10090	20260727	InterPro		UniProtKB:O55038
UniProtKB	O55038	Cxcl13	involved_in	GO:0006955	GO_REF:0000002	IEA	InterPro:IPR001089|InterPro:IPR001811|InterPro:IPR018048|InterPro:IPR036048	P	C-X-C motif chemokine 13	Cxcl13|Blc|Scyb13	protein	taxon:10090	20260727	InterPro		UniProtKB:O55038
UniProtKB	O55038	Cxcl13	located_in	GO:0005576	GO_REF:0000002	IEA	InterPro:IPR001089|InterPro:IPR001811|InterPro:IPR018048|InterPro:IPR036048	C	C-X-C motif chemokine 13	Cxcl13|Blc|Scyb13	protein	taxon:10090	20260727	InterPro		UniProtKB:O55038
UniProtKB	O55127	Cyp26a1	enables	GO:0004497	GO_REF:0000002	IEA	InterPro:IPR001128|InterPro:IPR002403|InterPro:IPR036396	F	Cytochrome P450 26A1	Cyp26a1|Cyp26|P450ra	protein	taxon:10090	20260727	InterPro		UniProtKB:O55127
UniProtKB	O55127	Cyp26a1	enables	GO:0005506	GO_REF:0000002	IEA	InterPro:IPR001128|InterPro:IPR002403|InterPro:IPR017972|InterPro:IPR036396	F	Cytochrome P450 26A1	Cyp26a1|Cyp26|P450ra	protein	taxon:10090	20260727	InterPro		UniProtKB:O55127
UniProtKB	O55127	Cyp26a1	enables	GO:0016705	GO_REF:0000002	IEA	InterPro:IPR001128|InterPro:IPR002403|InterPro:IPR017972|InterPro:IPR036396	F	Cytochrome P450 26A1	Cyp26a1|Cyp26|P450ra	protein	taxon:10090	20260727	InterPro		UniProtKB:O55127
UniProtKB	O55127	Cyp26a1	enables	GO:0020037	GO_REF:0000002	IEA	InterPro:IPR001128|InterPro:IPR002403|InterPro:IPR036396	F	Cytochrome P450 26A1	Cyp26a1|Cyp26|P450ra	protein	taxon:10090	20260727	InterPro		UniProtKB:O55127
UniProtKB	O70324	Slc16a2	enables	GO:0022857	GO_REF:0000002	IEA	InterPro:IPR011701|InterPro:IPR020846	F	Monocarboxylate transporter 8	Slc16a2|Mct8|Xpct	protein	taxon:10090	20260727	InterPro		UniProtKB:O70324
UniProtKB	O70324	Slc16a2	involved_in	GO:0055085	GO_REF:0000002	IEA	InterPro:IPR011701	P	Monocarboxylate transporter 8	Slc16a2|Mct8|Xpct	protein	taxon:10090	20260727	InterPro		UniProtKB:O70324
UniProtKB	O70404	Vamp8	involved_in	GO:0016192	GO_REF:0000002	IEA	InterPro:IPR001388	P	Vesicle-associated membrane protein 8	Vamp8	protein	taxon:10090	20260727	InterPro		UniProtKB:O70404
UniProtKB	O70404	Vamp8	located_in	GO:0016020	GO_REF:0000002	IEA	InterPro:IPR001388	C	Vesicle-associated membrane protein 8	Vamp8	protein	taxon:10090	20260727	InterPro		UniProtKB:O70404
UniProtKB	O70507	Hcn4	enables	GO:0005216	GO_REF:0000002	IEA	InterPro:IPR005821	F	Potassium/sodium hyperpolarization-activated cyclic nucleotide-gated channel 4	Hcn4|Bcng3	protein	taxon:10090	20260727	InterPro		UniProtKB:O70507
UniProtKB	O70507	Hcn4	enables	GO:0005249	GO_REF:0000002	IEA	InterPro:IPR003938	F	Potassium/sodium hyperpolarization-activated cyclic nucleotide-gated channel 4	Hcn4|Bcng3	protein	taxon:10090	20260727	InterPro		UniProtKB:O70507
UniProtKB	O70507	Hcn4	involved_in	GO:0006811	GO_REF:0000002	IEA	InterPro:IPR005821	P	Potassium/sodium hyperpolarization-activated cyclic nucleotide-gated channel 4	Hcn4|Bcng3	protein	taxon:10090	20260727	InterPro		UniProtKB:O70507
UniProtKB	O70507	Hcn4	involved_in	GO:0006813	GO_REF:0000002	IEA	InterPro:IPR003938	P	Potassium/sodium hyperpolarization-activated cyclic nucleotide-gated channel 4	Hcn4|Bcng3	protein	taxon:10090	20260727	InterPro		UniProtKB:O70507
UniProtKB	O70507	Hcn4	involved_in	GO:0055085	GO_REF:0000002	IEA	InterPro:IPR005821	P	Potassium/sodium hyperpolarization-activated cyclic nucleotide-gated channel 4	Hcn4|Bcng3	protein	taxon:10090	20260727	InterPro		UniProtKB:O70507
UniProtKB	O70507	Hcn4	located_in	GO:0016020	GO_REF:0000002	IEA	InterPro:IPR003938|InterPro:IPR005821	C	Potassium/sodium hyperpolarization-activated cyclic nucleotide-gated channel 4	Hcn4|Bcng3	protein	taxon:10090	20260727	InterPro		UniProtKB:O70507
UniProtKB	O70583	Mid1	enables	GO:0008270	GO_REF:0000002	IEA	InterPro:IPR000315	F	E3 ubiquitin-protein ligase MID1	Mid1|Fxy|Trim18	protein	taxon:10090	20260727	InterPro		UniProtKB:O70583
UniProtKB	O88207	Col5a1	enables	GO:0005201	GO_REF:0000002	IEA	InterPro:IPR000885	F	Collagen alpha-1(V) chain	Col5a1	protein	taxon:10090	20260727	InterPro		UniProtKB:O88207
UniProtKB	O88470	Foxl2	enables	GO:0003700	GO_REF:0000002	IEA	InterPro:IPR001766|InterPro:IPR018122|InterPro:IPR030456	F	Forkhead box protein L2	Foxl2|Pfrk	protein	taxon:10090	20260727	InterPro		UniProtKB:O88470
UniProtKB	O88470	Foxl2	enables	GO:0043565	GO_REF:0000002	IEA	InterPro:IPR001766|InterPro:IPR018122|InterPro:IPR030456	F	Forkhead box protein L2	Foxl2|Pfrk	protein	taxon:10090	20260727	InterPro		UniProtKB:O88470
UniProtKB	O88470	Foxl2	involved_in	GO:0006355	GO_REF:0000002	IEA	InterPro:IPR001766|InterPro:IPR018122|InterPro:IPR030456	P	Forkhead box protein L2	Foxl2|Pfrk	protein	taxon:10090	20260727	InterPro		UniProtKB:O88470
UniProtKB	O88942	Nfatc1	enables	GO:0003677	GO_REF:0000002	IEA	InterPro:IPR011539|InterPro:IPR037059	F	Nuclear factor of activated T-cells, cytoplasmic 1	Nfatc1|Nfat2|Nfatc	protein	taxon:10090	20260727	InterPro		UniProtKB:O88942
UniProtKB	O88942	Nfatc1	enables	GO:0003700	GO_REF:0000002	IEA	InterPro:IPR008366|InterPro:IPR008967|InterPro:IPR011539|InterPro:IPR037059	F	Nuclear factor of activated T-cells, cytoplasmic 1	Nfatc1|Nfat2|Nfatc	protein	taxon:10090	20260727	InterPro		UniProtKB:O88942
UniProtKB	O88942	Nfatc1	involved_in	GO:0006355	GO_REF:0000002	IEA	InterPro:IPR008366|InterPro:IPR008967|InterPro:IPR011539|InterPro:IPR037059	P	Nuclear factor of activated T-cells, cytoplasmic 1	Nfatc1|Nfat2|Nfatc	protein	taxon:10090	20260727	InterPro		UniProtKB:O88942
UniProtKB	O89103	Cd93	enables	GO:0005509	GO_REF:0000002	IEA	InterPro:IPR001881|InterPro:IPR018097	F	Complement component C1q receptor	Cd93|Aa4|C1qr1|C1qrp|Ly68	protein	taxon:10090	20260727	InterPro		UniProtKB:O89103
UniProtKB	P02772	Afp	located_in	GO:0005576	GO_REF:0000002	IEA	InterPro:IPR000264|InterPro:IPR014760|InterPro:IPR020858|InterPro:IPR021177	C	Alpha-fetoprotein	Afp	protein	taxon:10090	20260727	InterPro		UniProtKB:P02772
UniProtKB	P02830	Hoxa7	enables	GO:0000981	GO_REF:0000002	IEA	InterPro:IPR017970	F	Homeobox protein Hox-A7	Hoxa7|Hox-1.1|Hoxa-7	protein	taxon:10090	20260727	InterPro		UniProtKB:P02830
UniProtKB	P02830	Hoxa7	enables	GO:0003677	GO_REF:0000002	IEA	InterPro:IPR001356|InterPro:IPR001827|InterPro:IPR017995|InterPro:IPR020479	F	Homeobox protein Hox-A7	Hoxa7|Hox-1.1|Hoxa-7	protein	taxon:10090	20260727	InterPro		UniProtKB:P02830
UniProtKB	P02830	Hoxa7	enables	GO:0003700	GO_REF:0000002	IEA	InterPro:IPR001827|InterPro:IPR017995	F	Homeobox protein Hox-A7	Hoxa7|Hox-1.1|Hoxa-7	protein	taxon:10090	20260727	InterPro		UniProtKB:P02830
UniProtKB	P02830	Hoxa7	involved_in	GO:0006355	GO_REF:0000002	IEA	InterPro:IPR001827|InterPro:IPR017970|InterPro:IPR017995	P	Homeobox protein Hox-A7	Hoxa7|Hox-1.1|Hoxa-7	protein	taxon:10090	20260727	InterPro		UniProtKB:P02830
UniProtKB	P02830	Hoxa7	located_in	GO:0005634	GO_REF:0000002	IEA	InterPro:IPR017995	C	Homeobox protein Hox-A7	Hoxa7|Hox-1.1|Hoxa-7	protein	taxon:10090	20260727	InterPro		UniProtKB:P02830
UniProtKB	P02831	Hoxa3	enables	GO:0000981	GO_REF:0000002	IEA	InterPro:IPR017970	F	Homeobox protein Hox-A3	Hoxa3|Hox-1.5|Hoxa-3	protein	taxon:10090	20260727	InterPro		UniProtKB:P02831
UniProtKB	P02831	Hoxa3	enables	GO:0003677	GO_REF:0000002	IEA	InterPro:IPR001356|InterPro:IPR001827|InterPro:IPR020479	F	Homeobox protein Hox-A3	Hoxa3|Hox-1.5|Hoxa-3	protein	taxon:10090	20260727	InterPro		UniProtKB:P02831
UniProtKB	P02831	Hoxa3	enables	GO:0003700	GO_REF:0000002	IEA	InterPro:IPR001827	F	Homeobox protein Hox-A3	Hoxa3|Hox-1.5|Hoxa-3	protein	taxon:10090	20260727	InterPro		UniProtKB:P02831
UniProtKB	P02831	Hoxa3	involved_in	GO:0006355	GO_REF:0000002	IEA	InterPro:IPR001827|InterPro:IPR017970	P	Homeobox protein Hox-A3	Hoxa3|Hox-1.5|Hoxa-3	protein	taxon:10090	20260727	InterPro		UniProtKB:P02831
UniProtKB	P05125	Nppa	enables	GO:0005179	GO_REF:0000002	IEA	InterPro:IPR000663|InterPro:IPR002407	F	Natriuretic peptides A	Nppa|Pnd	protein	taxon:10090	20260727	InterPro		UniProtKB:P05125
UniProtKB	P05125	Nppa	located_in	GO:0005576	GO_REF:0000002	IEA	InterPro:IPR000663|InterPro:IPR002407	C	Natriuretic peptides A	Nppa|Pnd	protein	taxon:10090	20260727	InterPro		UniProtKB:P05125
UniProtKB	P05622	Pdgfrb	enables	GO:0004672	GO_REF:0000002	IEA	InterPro:IPR001245|InterPro:IPR008266	F	Platelet-derived growth factor receptor beta	Pdgfrb|Pdgfr|Pdgfr1	protein	taxon:10090	20260727	InterPro		UniProtKB:P05622
UniProtKB	P05622	Pdgfrb	enables	GO:0004713	GO_REF:0000002	IEA	InterPro:IPR020635	F	Platelet-derived growth factor receptor beta	Pdgfrb|Pdgfr|Pdgfr1	protein	taxon:10090	20260727	InterPro		UniProtKB:P05622
UniProtKB	P05622	Pdgfrb	enables	GO:0004714	GO_REF:0000002	IEA	InterPro:IPR001824	F	Platelet-derived growth factor receptor beta	Pdgfrb|Pdgfr|Pdgfr1	protein	taxon:10090	20260727	InterPro		UniProtKB:P05622
UniProtKB	P05622	Pdgfrb	enables	GO:0005019	GO_REF:0000002	IEA	InterPro:IPR027288	F	Platelet-derived growth factor receptor beta	Pdgfrb|Pdgfr|Pdgfr1	protein	taxon:10090	20260727	InterPro		UniProtKB:P05622
UniProtKB	P05622	Pdgfrb	enables	GO:0005524	GO_REF:0000002	IEA	InterPro:IPR000719|InterPro:IPR001824|InterPro:IPR017441	F	Platelet-derived growth factor receptor beta	Pdgfrb|Pdgfr|Pdgfr1	protein	taxon:10090	20260727	InterPro		UniProtKB:P05622
UniProtKB	P05622	Pdgfrb	involved_in	GO:0007169	GO_REF:0000002	IEA	InterPro:IPR001824	P	Platelet-derived growth factor receptor beta	Pdgfrb|Pdgfr|Pdgfr1	protein	taxon:10090	20260727	InterPro		UniProtKB:P05622
UniProtKB	P05622	Pdgfrb	involved_in	GO:0048008	GO_REF:0000002	IEA	InterPro:IPR027288	P	Platelet-derived growth factor receptor beta	Pdgfrb|Pdgfr|Pdgfr1	protein	taxon:10090	20260727	InterPro		UniProtKB:P05622
UniProtKB	P08030	Aprt	enables	GO:0003999	GO_REF:0000002	IEA	InterPro:IPR005764	F	Adenine phosphoribosyltransferase	Aprt	protein	taxon:10090	20260727	InterPro		UniProtKB:P08030
UniProtKB	P08030	Aprt	involved_in	GO:0006168	GO_REF:0000002	IEA	InterPro:IPR005764	P	Adenine phosphoribosyltransferase	Aprt	protein	taxon:10090	20260727	InterPro		UniProtKB:P08030
UniProtKB	P08030	Aprt	located_in	GO:0005737	GO_REF:0000002	IEA	InterPro:IPR005764	C	Adenine phosphoribosyltransferase	Aprt	protein	taxon:10090	20260727	InterPro		UniProtKB:P08030
UniProtKB	P08121	Col3a1	enables	GO:0005201	GO_REF:0000002	IEA	InterPro:IPR000885	F	Collagen alpha-1(III) chain	Col3a1	protein	taxon:10090	20260727	InterPro		UniProtKB:P08121
UniProtKB	P08207	S100a10	enables	GO:0005509	GO_REF:0000002	IEA	InterPro:IPR002048	F	Protein S100-A10	S100a10|Cal1l	protein	taxon:10090	20260727	InterPro		UniProtKB:P08207
UniProtKB	P08226	Apoe	enables	GO:0008289	GO_REF:0000002	IEA	InterPro:IPR000074	F	Apolipoprotein E	Apoe	protein	taxon:10090	20260727	InterPro		UniProtKB:P08226
UniProtKB	P08226	Apoe	involved_in	GO:0006869	GO_REF:0000002	IEA	InterPro:IPR000074	P	Apolipoprotein E	Apoe	protein	taxon:10090	20260727	InterPro		UniProtKB:P08226
UniProtKB	P08226	Apoe	involved_in	GO:0042157	GO_REF:0000002	IEA	InterPro:IPR000074	P	Apolipoprotein E	Apoe	protein	taxon:10090	20260727	InterPro		UniProtKB:P08226
UniProtKB	P08226	Apoe	located_in	GO:0005576	GO_REF:0000002	IEA	InterPro:IPR000074	C	Apolipoprotein E	Apoe	protein	taxon:10090	20260727	InterPro		UniProtKB:P08226
UniProtKB	P09022	Hoxa1	enables	GO:0000981	GO_REF:0000002	IEA	InterPro:IPR017970	F	Homeobox protein Hox-A1	Hoxa1|Era-1|Hox-1.6|Hoxa-1	protein	taxon:10090	20260727	InterPro		UniProtKB:P09022
UniProtKB	P09022	Hoxa1	enables	GO:0003677	GO_REF:0000002	IEA	InterPro:IPR001356|InterPro:IPR020479	F	Homeobox protein Hox-A1	Hoxa1|Era-1|Hox-1.6|Hoxa-1	protein	taxon:10090	20260727	InterPro		UniProtKB:P09022
UniProtKB	P09022	Hoxa1	enables	GO:0003700	GO_REF:0000002	IEA	InterPro:IPR046327	F	Homeobox protein Hox-A1	Hoxa1|Era-1|Hox-1.6|Hoxa-1	protein	taxon:10090	20260727	InterPro		UniProtKB:P09022
UniProtKB	P09022	Hoxa1	enables	GO:0043565	GO_REF:0000002	IEA	InterPro:IPR046327	F	Homeobox protein Hox-A1	Hoxa1|Era-1|Hox-1.6|Hoxa-1	protein	taxon:10090	20260727	InterPro		UniProtKB:P09022
UniProtKB	P09022	Hoxa1	involved_in	GO:0006355	GO_REF:0000002	IEA	InterPro:IPR017970	P	Homeobox protein Hox-A1	Hoxa1|Era-1|Hox-1.6|Hoxa-1	protein	taxon:10090	20260727	InterPro		UniProtKB:P09022
UniProtKB	P09022	Hoxa1	involved_in	GO:0006357	GO_REF:0000002	IEA	InterPro:IPR046327	P	Homeobox protein Hox-A1	Hoxa1|Era-1|Hox-1.6|Hoxa-1	protein	taxon:10090	20260727	InterPro		UniProtKB:P09022
UniProtKB	P09025	Hoxc8	enables	GO:0000981	GO_REF:0000002	IEA	InterPro:IPR017970	F	Homeobox protein Hox-C8	Hoxc8|Hox-3.1|Hoxc-8	protein	taxon:10090	20260727	InterPro		UniProtKB:P09025
UniProtKB	P09025	Hoxc8	enables	GO:0003677	GO_REF:0000002	IEA	InterPro:IPR000047|InterPro:IPR001356|InterPro:IPR001827|InterPro:IPR020479	F	Homeobox protein Hox-C8	Hoxc8|Hox-3.1|Hoxc-8	protein	taxon:10090	20260727	InterPro		UniProtKB:P09025
UniProtKB	P09025	Hoxc8	enables	GO:0003700	GO_REF:0000002	IEA	InterPro:IPR001827	F	Homeobox protein Hox-C8	Hoxc8|Hox-3.1|Hoxc-8	protein	taxon:10090	20260727	InterPro		UniProtKB:P09025
UniProtKB	P09025	Hoxc8	involved_in	GO:0006355	GO_REF:0000002	IEA	InterPro:IPR001827|InterPro:IPR017970	P	Homeobox protein Hox-C8	Hoxc8|Hox-3.1|Hoxc-8	protein	taxon:10090	20260727	InterPro		UniProtKB:P09025
UniProtKB	P09240	Cck	enables	GO:0005179	GO_REF:0000002	IEA	InterPro:IPR001651	F	Cholecystokinin	Cck	protein	taxon:10090	20260727	InterPro		UniProtKB:P09240
UniProtKB	P09240	Cck	enables	GO:0005184	GO_REF:0000002	IEA	InterPro:IPR015499	F	Cholecystokinin	Cck	protein	taxon:10090	20260727	InterPro		UniProtKB:P09240
UniProtKB	P09240	Cck	involved_in	GO:0007586	GO_REF:0000002	IEA	InterPro:IPR015499	P	Cholecystokinin	Cck	protein	taxon:10090	20260727	InterPro		UniProtKB:P09240
UniProtKB	P09240	Cck	located_in	GO:0005576	GO_REF:0000002	IEA	InterPro:IPR001651	C	Cholecystokinin	Cck	protein	taxon:10090	20260727	InterPro		UniProtKB:P09240
UniProtKB	P09541	Myl4	enables	GO:0005509	GO_REF:0000002	IEA	InterPro:IPR002048	F	Myosin light chain 4	Myl4|Mlc1a|Myla	protein	taxon:10090	20260727	InterPro		UniProtKB:P09541
UniProtKB	P09633	Hoxc9	enables	GO:0000981	GO_REF:0000002	IEA	InterPro:IPR017970	F	Homeobox protein Hox-C9	Hoxc9|Hox-3.2|Hoxc-9	protein	taxon:10090	20260727	InterPro		UniProtKB:P09633
UniProtKB	P09633	Hoxc9	enables	GO:0003677	GO_REF:0000002	IEA	InterPro:IPR001356|InterPro:IPR020479	F	Homeobox protein Hox-C9	Hoxc9|Hox-3.2|Hoxc-9	protein	taxon:10090	20260727	InterPro		UniProtKB:P09633
UniProtKB	P09633	Hoxc9	involved_in	GO:0006351	GO_REF:0000002	IEA	InterPro:IPR006711	P	Homeobox protein Hox-C9	Hoxc9|Hox-3.2|Hoxc-9	protein	taxon:10090	20260727	InterPro		UniProtKB:P09633
UniProtKB	P09633	Hoxc9	involved_in	GO:0006355	GO_REF:0000002	IEA	InterPro:IPR017112|InterPro:IPR017970	P	Homeobox protein Hox-C9	Hoxc9|Hox-3.2|Hoxc-9	protein	taxon:10090	20260727	InterPro		UniProtKB:P09633
UniProtKB	P09633	Hoxc9	located_in	GO:0005634	GO_REF:0000002	IEA	InterPro:IPR006711	C	Homeobox protein Hox-C9	Hoxc9|Hox-3.2|Hoxc-9	protein	taxon:10090	20260727	InterPro		UniProtKB:P09633
UniProtKB	P0C5K1	Sbk2	enables	GO:0004672	GO_REF:0000002	IEA	InterPro:IPR008271	F	Serine/threonine-protein kinase SBK2	Sbk2|Sgk069	protein	taxon:10090	20260727	InterPro		UniProtKB:P0C5K1
UniProtKB	P0C5K1	Sbk2	enables	GO:0005524	GO_REF:0000002	IEA	InterPro:IPR000719|InterPro:IPR017441	F	Serine/threonine-protein kinase SBK2	Sbk2|Sgk069	protein	taxon:10090	20260727	InterPro		UniProtKB:P0C5K1
UniProtKB	P0C7L0	Wipf3	enables	GO:0003779	GO_REF:0000002	IEA	InterPro:IPR003124	F	WAS/WASL-interacting protein family member 3	Wipf3|Cr16	protein	taxon:10090	20260727	InterPro		UniProtKB:P0C7L0
UniProtKB	P0C7L0	Wipf3	enables	GO:0043014	GO_REF:0000002	IEA	InterPro:IPR028290	F	WAS/WASL-interacting protein family member 3	Wipf3|Cr16	protein	taxon:10090	20260727	InterPro		UniProtKB:P0C7L0
UniProtKB	P0C7L0	Wipf3	involved_in	GO:0034314	GO_REF:0000002	IEA	InterPro:IPR028290	P	WAS/WASL-interacting protein family member 3	Wipf3|Cr16	protein	taxon:10090	20260727	InterPro		UniProtKB:P0C7L0
UniProtKB	P0C7L0	Wipf3	located_in	GO:0005769	GO_REF:0000002	IEA	InterPro:IPR028290	C	WAS/WASL-interacting protein family member 3	Wipf3|Cr16	protein	taxon:10090	20260727	InterPro		UniProtKB:P0C7L0
UniProtKB	P0C7L0	Wipf3	part_of	GO:0071203	GO_REF:0000002	IEA	InterPro:IPR028290	C	WAS/WASL-interacting protein family member 3	Wipf3|Cr16	protein	taxon:10090	20260727	InterPro		UniProtKB:P0C7L0
UniProtKB	P0DOV2	Ifi204	involved_in	GO:0002218	GO_REF:0000002	IEA	InterPro:IPR040205	P	Interferon-activable protein 204	Ifi204	protein	taxon:10090	20260727	InterPro		UniProtKB:P0DOV2
UniProtKB	P0DOV2	Ifi204	involved_in	GO:0035458	GO_REF:0000002	IEA	InterPro:IPR040205	P	Interferon-activable protein 204	Ifi204	protein	taxon:10090	20260727	InterPro		UniProtKB:P0DOV2
UniProtKB	P10107	Anxa1	enables	GO:0004859	GO_REF:0000002	IEA	InterPro:IPR002388	F	Annexin A1	Anxa1|Anx1|Lpc-1|Lpc1	protein	taxon:10090	20260727	InterPro		UniProtKB:P10107
UniProtKB	P10107	Anxa1	enables	GO:0005509	GO_REF:0000002	IEA	InterPro:IPR001464|InterPro:IPR002388|InterPro:IPR018252|InterPro:IPR018502|InterPro:IPR037104	F	Annexin A1	Anxa1|Anx1|Lpc-1|Lpc1	protein	taxon:10090	20260727	InterPro		UniProtKB:P10107
UniProtKB	P10107	Anxa1	enables	GO:0005544	GO_REF:0000002	IEA	InterPro:IPR001464|InterPro:IPR002388|InterPro:IPR018252|InterPro:IPR018502|InterPro:IPR037104	F	Annexin A1	Anxa1|Anx1|Lpc-1|Lpc1	protein	taxon:10090	20260727	InterPro		UniProtKB:P10107
UniProtKB	P11087	Col1a1	enables	GO:0005201	GO_REF:0000002	IEA	InterPro:IPR000885	F	Collagen alpha-1(I) chain	Col1a1|Cola1	protein	taxon:10090	20260727	InterPro		UniProtKB:P11087
UniProtKB	P11440	Cdk1	enables	GO:0004672	GO_REF:0000002	IEA	InterPro:IPR008271	F	Cyclin-dependent kinase 1	Cdk1|Cdc2|Cdc2a|Cdkn1	protein	taxon:10090	20260727	InterPro		UniProtKB:P11440
UniProtKB	P11440	Cdk1	enables	GO:0005524	GO_REF:0000002	IEA	InterPro:IPR000719|InterPro:IPR017441	F	Cyclin-dependent kinase 1	Cdk1|Cdc2|Cdc2a|Cdkn1	protein	taxon:10090	20260727	InterPro		UniProtKB:P11440
UniProtKB	P12850	Cxcl1	enables	GO:0008009	GO_REF:0000002	IEA	InterPro:IPR001089|InterPro:IPR001811|InterPro:IPR018048|InterPro:IPR033899|InterPro:IPR036048|InterPro:IPR039809	F	Growth-regulated alpha protein	Cxcl1|Gro|Gro1|Mgsa|Scyb1	protein	taxon:10090	20260727	InterPro		UniProtKB:P12850
UniProtKB	P12850	Cxcl1	involved_in	GO:0006935	GO_REF:0000002	IEA	InterPro:IPR033899	P	Growth-regulated alpha protein	Cxcl1|Gro|Gro1|Mgsa|Scyb1	protein	taxon:10090	20260727	InterPro		UniProtKB:P12850
UniProtKB	P12850	Cxcl1	involved_in	GO:0006952	GO_REF:0000002	IEA	InterPro:IPR033899	P	Growth-regulated alpha protein	Cxcl1|Gro|Gro1|Mgsa|Scyb1	protein	taxon:10090	20260727	InterPro		UniProtKB:P12850
UniProtKB	P12850	Cxcl1	involved_in	GO:0006955	GO_REF:0000002	IEA	InterPro:IPR001089|InterPro:IPR001811|InterPro:IPR018048|InterPro:IPR036048	P	Growth-regulated alpha protein	Cxcl1|Gro|Gro1|Mgsa|Scyb1	protein	taxon:10090	20260727	InterPro		UniProtKB:P12850
UniProtKB	P12850	Cxcl1	located_in	GO:0005576	GO_REF:0000002	IEA	InterPro:IPR001089|InterPro:IPR001811|InterPro:IPR018048|InterPro:IPR036048	C	Growth-regulated alpha protein	Cxcl1|Gro|Gro1|Mgsa|Scyb1	protein	taxon:10090	20260727	InterPro		UniProtKB:P12850
UniProtKB	P13541	Myh3	enables	GO:0003774	GO_REF:0000002	IEA	InterPro:IPR001609|InterPro:IPR004009|InterPro:IPR008989	F	Myosin-3	Myh3|Myhse	protein	taxon:10090	20260727	InterPro		UniProtKB:P13541
UniProtKB	P13541	Myh3	enables	GO:0005524	GO_REF:0000002	IEA	InterPro:IPR001609|InterPro:IPR004009|InterPro:IPR008989	F	Myosin-3	Myh3|Myhse	protein	taxon:10090	20260727	InterPro		UniProtKB:P13541
UniProtKB	P13541	Myh3	enables	GO:0051015	GO_REF:0000002	IEA	InterPro:IPR008989	F	Myosin-3	Myh3|Myhse	protein	taxon:10090	20260727	InterPro		UniProtKB:P13541
UniProtKB	P13541	Myh3	part_of	GO:0016459	GO_REF:0000002	IEA	InterPro:IPR001609|InterPro:IPR002928|InterPro:IPR004009	C	Myosin-3	Myh3|Myhse	protein	taxon:10090	20260727	InterPro		UniProtKB:P13541
UniProtKB	P13542	Myh8	enables	GO:0003774	GO_REF:0000002	IEA	InterPro:IPR001609|InterPro:IPR004009|InterPro:IPR008989	F	Myosin-8	Myh8|Myhsp	protein	taxon:10090	20260727	InterPro		UniProtKB:P13542
UniProtKB	P13542	Myh8	enables	GO:0005524	GO_REF:0000002	IEA	InterPro:IPR001609|InterPro:IPR004009|InterPro:IPR008989	F	Myosin-8	Myh8|Myhsp	protein	taxon:10090	20260727	InterPro		UniProtKB:P13542
UniProtKB	P13542	Myh8	enables	GO:0051015	GO_REF:0000002	IEA	InterPro:IPR008989	F	Myosin-8	Myh8|Myhsp	protein	taxon:10090	20260727	InterPro		UniProtKB:P13542
UniProtKB	P13542	Myh8	part_of	GO:0016459	GO_REF:0000002	IEA	InterPro:IPR001609|InterPro:IPR002928|InterPro:IPR004009	C	Myosin-8	Myh8|Myhsp	protein	taxon:10090	20260727	InterPro		UniProtKB:P13542
UniProtKB	P14873	Map1b	enables	GO:0008017	GO_REF:0000002	IEA	InterPro:IPR026074	F	Microtubule-associated protein 1B	Map1b|Mtap1b|Mtap5	protein	taxon:10090	20260727	InterPro		UniProtKB:P14873
UniProtKB	P14873	Map1b	involved_in	GO:0000226	GO_REF:0000002	IEA	InterPro:IPR026074	P	Microtubule-associated protein 1B	Map1b|Mtap1b|Mtap5	protein	taxon:10090	20260727	InterPro		UniProtKB:P14873
UniProtKB	P14873	Map1b	located_in	GO:0005874	GO_REF:0000002	IEA	InterPro:IPR026074	C	Microtubule-associated protein 1B	Map1b|Mtap1b|Mtap5	protein	taxon:10090	20260727	InterPro		UniProtKB:P14873
UniProtKB	P16045	Lgals1	enables	GO:0030246	GO_REF:0000002	IEA	InterPro:IPR001079	F	Galectin-1	Lgals1|Gbp	protein	taxon:10090	20260727	InterPro		UniProtKB:P16045
UniProtKB	P16646	Pmp22	located_in	GO:0016020	GO_REF:0000002	IEA	InterPro:IPR003936|InterPro:IPR004031|InterPro:IPR004032	C	Peripheral myelin protein 22	Pmp22|Gas-3|Gas3|Pmp-22	protein	taxon:10090	20260727	InterPro		UniProtKB:P16646
UniProtKB	P17433	Spi1	enables	GO:0003700	GO_REF:0000002	IEA	InterPro:IPR000418|InterPro:IPR046328	F	Transcription factor PU.1	Spi1|Sfpi-1|Sfpi1	protein	taxon:10090	20260727	InterPro		UniProtKB:P17433
UniProtKB	P17433	Spi1	enables	GO:0043565	GO_REF:0000002	IEA	InterPro:IPR000418	F	Transcription factor PU.1	Spi1|Sfpi-1|Sfpi1	protein	taxon:10090	20260727	InterPro		UniProtKB:P17433
UniProtKB	P17433	Spi1	involved_in	GO:0006355	GO_REF:0000002	IEA	InterPro:IPR000418	P	Transcription factor PU.1	Spi1|Sfpi-1|Sfpi1	protein	taxon:10090	20260727	InterPro		UniProtKB:P17433
UniProtKB	P17433	Spi1	involved_in	GO:0006357	GO_REF:0000002	IEA	InterPro:IPR046328	P	Transcription factor PU.1	Spi1|Sfpi-1|Sfpi1	protein	taxon:10090	20260727	InterPro		UniProtKB:P17433
UniProtKB	P17679	Gata1	enables	GO:0003700	GO_REF:0000002	IEA	InterPro:IPR039355	F	Erythroid transcription factor	Gata1|Gf-1	protein	taxon:10090	20260727	InterPro		UniProtKB:P17679
UniProtKB	P17679	Gata1	enables	GO:0008270	GO_REF:0000002	IEA	InterPro:IPR013088	F	Erythroid transcription factor	Gata1|Gf-1	protein	taxon:10090	20260727	InterPro		UniProtKB:P17679
UniProtKB	P17679	Gata1	enables	GO:0043565	GO_REF:0000002	IEA	InterPro:IPR000679	F	Erythroid transcription factor	Gata1|Gf-1	protein	taxon:10090	20260727	InterPro		UniProtKB:P17679
UniProtKB	P17679	Gata1	involved_in	GO:0006355	GO_REF:0000002	IEA	InterPro:IPR000679|InterPro:IPR013088	P	Erythroid transcription factor	Gata1|Gf-1	protein	taxon:10090	20260727	InterPro		UniProtKB:P17679
UniProtKB	P17679	Gata1	involved_in	GO:0006357	GO_REF:0000002	IEA	InterPro:IPR039355	P	Erythroid transcription factor	Gata1|Gf-1	protein	taxon:10090	20260727	InterPro		UniProtKB:P17679
UniProtKB	P17809	Slc2a1	enables	GO:0022857	GO_REF:0000002	IEA	InterPro:IPR003663|InterPro:IPR005828|InterPro:IPR005829|InterPro:IPR020846	F	Solute carrier family 2, facilitated glucose transporter member 1	Slc2a1|Glut1	protein	taxon:10090	20260727	InterPro		UniProtKB:P17809
UniProtKB	P17809	Slc2a1	enables	GO:0055056	GO_REF:0000002	IEA	InterPro:IPR002439	F	Solute carrier family 2, facilitated glucose transporter member 1	Slc2a1|Glut1	protein	taxon:10090	20260727	InterPro		UniProtKB:P17809
UniProtKB	P17809	Slc2a1	involved_in	GO:0055085	GO_REF:0000002	IEA	InterPro:IPR003663|InterPro:IPR005828|InterPro:IPR005829	P	Solute carrier family 2, facilitated glucose transporter member 1	Slc2a1|Glut1	protein	taxon:10090	20260727	InterPro		UniProtKB:P17809
UniProtKB	P17809	Slc2a1	involved_in	GO:1904659	GO_REF:0000002	IEA	InterPro:IPR002439	P	Solute carrier family 2, facilitated glucose transporter member 1	Slc2a1|Glut1	protein	taxon:10090	20260727	InterPro		UniProtKB:P17809
UniProtKB	P17809	Slc2a1	located_in	GO:0016020	GO_REF:0000002	IEA	InterPro:IPR002439|InterPro:IPR003663|InterPro:IPR005828|InterPro:IPR005829	C	Solute carrier family 2, facilitated glucose transporter member 1	Slc2a1|Glut1	protein	taxon:10090	20260727	InterPro		UniProtKB:P17809
UniProtKB	P17919	Hoxb1	enables	GO:0000981	GO_REF:0000002	IEA	InterPro:IPR017970	F	Homeobox protein Hox-B1	Hoxb1|Hox-2.9|Hoxb-1	protein	taxon:10090	20260727	InterPro		UniProtKB:P17919
UniProtKB	P17919	Hoxb1	enables	GO:0003677	GO_REF:0000002	IEA	InterPro:IPR001356|InterPro:IPR020479	F	Homeobox protein Hox-B1	Hoxb1|Hox-2.9|Hoxb-1	protein	taxon:10090	20260727	InterPro		UniProtKB:P17919
UniProtKB	P17919	Hoxb1	enables	GO:0003700	GO_REF:0000002	IEA	InterPro:IPR046327	F	Homeobox protein Hox-B1	Hoxb1|Hox-2.9|Hoxb-1	protein	taxon:10090	20260727	InterPro		UniProtKB:P17919
UniProtKB	P17919	Hoxb1	enables	GO:0043565	GO_REF:0000002	IEA	InterPro:IPR046327	F	Homeobox protein Hox-B1	Hoxb1|Hox-2.9|Hoxb-1	protein	taxon:10090	20260727	InterPro		UniProtKB:P17919
UniProtKB	P17919	Hoxb1	involved_in	GO:0006355	GO_REF:0000002	IEA	InterPro:IPR017970	P	Homeobox protein Hox-B1	Hoxb1|Hox-2.9|Hoxb-1	protein	taxon:10090	20260727	InterPro		UniProtKB:P17919
UniProtKB	P17919	Hoxb1	involved_in	GO:0006357	GO_REF:0000002	IEA	InterPro:IPR046327	P	Homeobox protein Hox-B1	Hoxb1|Hox-2.9|Hoxb-1	protein	taxon:10090	20260727	InterPro		UniProtKB:P17919
UniProtKB	P20065	Tmsb4x	enables	GO:0003785	GO_REF:0000002	IEA	InterPro:IPR001152	F	Thymosin beta-4	Tmsb4x|Ptmb4|Tmsb4	protein	taxon:10090	20260727	InterPro		UniProtKB:P20065
UniProtKB	P20065	Tmsb4x	involved_in	GO:0007015	GO_REF:0000002	IEA	InterPro:IPR001152	P	Thymosin beta-4	Tmsb4x|Ptmb4|Tmsb4	protein	taxon:10090	20260727	InterPro		UniProtKB:P20065
UniProtKB	P20615	Hoxb9	enables	GO:0000981	GO_REF:0000002	IEA	InterPro:IPR017970	F	Homeobox protein Hox-B9	Hoxb9|Hox-2.5|Hoxb-9	protein	taxon:10090	20260727	InterPro		UniProtKB:P20615
UniProtKB	P20615	Hoxb9	enables	GO:0003677	GO_REF:0000002	IEA	InterPro:IPR001356|InterPro:IPR020479	F	Homeobox protein Hox-B9	Hoxb9|Hox-2.5|Hoxb-9	protein	taxon:10090	20260727	InterPro		UniProtKB:P20615
UniProtKB	P20615	Hoxb9	involved_in	GO:0006351	GO_REF:0000002	IEA	InterPro:IPR006711	P	Homeobox protein Hox-B9	Hoxb9|Hox-2.5|Hoxb-9	protein	taxon:10090	20260727	InterPro		UniProtKB:P20615
UniProtKB	P20615	Hoxb9	involved_in	GO:0006355	GO_REF:0000002	IEA	InterPro:IPR017112|InterPro:IPR017970	P	Homeobox protein Hox-B9	Hoxb9|Hox-2.5|Hoxb-9	protein	taxon:10090	20260727	InterPro		UniProtKB:P20615
UniProtKB	P20615	Hoxb9	located_in	GO:0005634	GO_REF:0000002	IEA	InterPro:IPR006711	C	Homeobox protein Hox-B9	Hoxb9|Hox-2.5|Hoxb-9	protein	taxon:10090	20260727	InterPro		UniProtKB:P20615
UniProtKB	P21274	Bmp2	enables	GO:0008083	GO_REF:0000002	IEA	InterPro:IPR001839|InterPro:IPR017948	F	Bone morphogenetic protein 2	Bmp2|Bmp-2	protein	taxon:10090	20260727	InterPro		UniProtKB:P21274
UniProtKB	P21274	Bmp2	located_in	GO:0005576	GO_REF:0000002	IEA	InterPro:IPR015615	C	Bone morphogenetic protein 2	Bmp2|Bmp-2	protein	taxon:10090	20260727	InterPro		UniProtKB:P21274
UniProtKB	P21275	Bmp4	enables	GO:0008083	GO_REF:0000002	IEA	InterPro:IPR001839|InterPro:IPR017948	F	Bone morphogenetic protein 4	Bmp4|Bmp-4|Dvr-4	protein	taxon:10090	20260727	InterPro		UniProtKB:P21275
UniProtKB	P21275	Bmp4	located_in	GO:0005576	GO_REF:0000002	IEA	InterPro:IPR015615	C	Bone morphogenetic protein 4	Bmp4|Bmp-4|Dvr-4	protein	taxon:10090	20260727	InterPro		UniProtKB:P21275
UniProtKB	P21552	Wnt2	enables	GO:0005102	GO_REF:0000002	IEA	InterPro:IPR005817|InterPro:IPR009140	F	Protein Wnt-2	Wnt2|Irp|Wnt-2	protein	taxon:10090	20260727	InterPro		UniProtKB:P21552
UniProtKB	P21552	Wnt2	involved_in	GO:0016055	GO_REF:0000002	IEA	InterPro:IPR005817|InterPro:IPR009140	P	Protein Wnt-2	Wnt2|Irp|Wnt-2	protein	taxon:10090	20260727	InterPro		UniProtKB:P21552
UniProtKB	P21552	Wnt2	located_in	GO:0005576	GO_REF:0000002	IEA	InterPro:IPR005817|InterPro:IPR009140	C	Protein Wnt-2	Wnt2|Irp|Wnt-2	protein	taxon:10090	20260727	InterPro		UniProtKB:P21552
UniProtKB	P22091	Tal1	enables	GO:0000981	GO_REF:0000002	IEA	InterPro:IPR040238	F	T-cell acute lymphocytic leukemia protein 1 homolog	Tal1|Scl|Tal-1	protein	taxon:10090	20260727	InterPro		UniProtKB:P22091
UniProtKB	P22091	Tal1	enables	GO:0046983	GO_REF:0000002	IEA	InterPro:IPR011598|InterPro:IPR036638	F	T-cell acute lymphocytic leukemia protein 1 homolog	Tal1|Scl|Tal-1	protein	taxon:10090	20260727	InterPro		UniProtKB:P22091
UniProtKB	P22091	Tal1	involved_in	GO:0006357	GO_REF:0000002	IEA	InterPro:IPR040238	P	T-cell acute lymphocytic leukemia protein 1 homolog	Tal1|Scl|Tal-1	protein	taxon:10090	20260727	InterPro		UniProtKB:P22091
UniProtKB	P22387	Edn1	involved_in	GO:0019229	GO_REF:0000002	IEA	InterPro:IPR001928|InterPro:IPR019764	P	Endothelin-1	Edn1	protein	taxon:10090	20260727	InterPro		UniProtKB:P22387
UniProtKB	P22387	Edn1	located_in	GO:0005576	GO_REF:0000002	IEA	InterPro:IPR001928|InterPro:IPR019764	C	Endothelin-1	Edn1	protein	taxon:10090	20260727	InterPro		UniProtKB:P22387
UniProtKB	P22561	Wt1	involved_in	GO:0006355	GO_REF:0000002	IEA	InterPro:IPR000976	P	Wilms tumor protein homolog	Wt1|Wt-1	protein	taxon:10090	20260727	InterPro		UniProtKB:P22561
UniProtKB	P22561	Wt1	located_in	GO:0005634	GO_REF:0000002	IEA	InterPro:IPR000976	C	Wilms tumor protein homolog	Wt1|Wt-1	protein	taxon:10090	20260727	InterPro		UniProtKB:P22561
UniProtKB	P22599	Serpina1b	enables	GO:0004867	GO_REF:0000002	IEA	InterPro:IPR000215	F	Alpha-1-antitrypsin 1-2	Serpina1b|Aat2|Dom2|Spi1-2	protein	taxon:10090	20260727	InterPro		UniProtKB:P22599
UniProtKB	P22599	Serpina1b	located_in	GO:0005576	GO_REF:0000002	IEA	InterPro:IPR000215	C	Alpha-1-antitrypsin 1-2	Serpina1b|Aat2|Dom2|Spi1-2	protein	taxon:10090	20260727	InterPro		UniProtKB:P22599
UniProtKB	P22725	Wnt5a	enables	GO:0005102	GO_REF:0000002	IEA	InterPro:IPR005817	F	Protein Wnt-5a	Wnt5a|Wnt-5a	protein	taxon:10090	20260727	InterPro		UniProtKB:P22725
UniProtKB	P22725	Wnt5a	involved_in	GO:0016055	GO_REF:0000002	IEA	InterPro:IPR005817	P	Protein Wnt-5a	Wnt5a|Wnt-5a	protein	taxon:10090	20260727	InterPro		UniProtKB:P22725
UniProtKB	P22725	Wnt5a	located_in	GO:0005576	GO_REF:0000002	IEA	InterPro:IPR005817	C	Protein Wnt-5a	Wnt5a|Wnt-5a	protein	taxon:10090	20260727	InterPro		UniProtKB:P22725
UniProtKB	P22727	Wnt6	enables	GO:0005102	GO_REF:0000002	IEA	InterPro:IPR005817|InterPro:IPR009143	F	Protein Wnt-6	Wnt6|Wnt-6	protein	taxon:10090	20260727	InterPro		UniProtKB:P22727
UniProtKB	P22727	Wnt6	involved_in	GO:0016055	GO_REF:0000002	IEA	InterPro:IPR005817|InterPro:IPR009143	P	Protein Wnt-6	Wnt6|Wnt-6	protein	taxon:10090	20260727	InterPro		UniProtKB:P22727
UniProtKB	P22727	Wnt6	located_in	GO:0005576	GO_REF:0000002	IEA	InterPro:IPR005817|InterPro:IPR009143	C	Protein Wnt-6	Wnt6|Wnt-6	protein	taxon:10090	20260727	InterPro		UniProtKB:P22727
UniProtKB	P22935	Crabp2	enables	GO:0008289	GO_REF:0000002	IEA	InterPro:IPR000463|InterPro:IPR031259	F	Cellular retinoic acid-binding protein 2	Crabp2	protein	taxon:10090	20260727	InterPro		UniProtKB:P22935
UniProtKB	P23242	Gja1	enables	GO:0022857	GO_REF:0000002	IEA	InterPro:IPR002261	F	Gap junction alpha-1 protein	Gja1|Cxn-43	protein	taxon:10090	20260727	InterPro		UniProtKB:P23242
UniProtKB	P23242	Gja1	involved_in	GO:0007154	GO_REF:0000002	IEA	InterPro:IPR000500|InterPro:IPR017990	P	Gap junction alpha-1 protein	Gja1|Cxn-43	protein	taxon:10090	20260727	InterPro		UniProtKB:P23242
UniProtKB	P23242	Gja1	involved_in	GO:0007267	GO_REF:0000002	IEA	InterPro:IPR002261	P	Gap junction alpha-1 protein	Gja1|Cxn-43	protein	taxon:10090	20260727	InterPro		UniProtKB:P23242
UniProtKB	P23242	Gja1	involved_in	GO:0007507	GO_REF:0000002	IEA	InterPro:IPR002261	P	Gap junction alpha-1 protein	Gja1|Cxn-43	protein	taxon:10090	20260727	InterPro		UniProtKB:P23242
UniProtKB	P23242	Gja1	part_of	GO:0005922	GO_REF:0000002	IEA	InterPro:IPR000500|InterPro:IPR002261|InterPro:IPR017990	C	Gap junction alpha-1 protein	Gja1|Cxn-43	protein	taxon:10090	20260727	InterPro		UniProtKB:P23242
UniProtKB	P23298	Prkch	enables	GO:0004672	GO_REF:0000002	IEA	InterPro:IPR008271	F	Protein kinase C eta type	Prkch|Pkch	protein	taxon:10090	20260727	InterPro		UniProtKB:P23298
UniProtKB	P23298	Prkch	enables	GO:0004674	GO_REF:0000002	IEA	InterPro:IPR000961|InterPro:IPR017892	F	Protein kinase C eta type	Prkch|Pkch	protein	taxon:10090	20260727	InterPro		UniProtKB:P23298
UniProtKB	P23298	Prkch	enables	GO:0004697	GO_REF:0000002	IEA	InterPro:IPR014376|InterPro:IPR027431|InterPro:IPR034665	F	Protein kinase C eta type	Prkch|Pkch	protein	taxon:10090	20260727	InterPro		UniProtKB:P23298
UniProtKB	P23298	Prkch	enables	GO:0005524	GO_REF:0000002	IEA	InterPro:IPR000719|InterPro:IPR000961|InterPro:IPR017441|InterPro:IPR017892	F	Protein kinase C eta type	Prkch|Pkch	protein	taxon:10090	20260727	InterPro		UniProtKB:P23298
UniProtKB	P23818	Gria1	enables	GO:0005216	GO_REF:0000002	IEA	InterPro:IPR001508	F	Glutamate receptor 1	Gria1|Glur1	protein	taxon:10090	20260727	InterPro		UniProtKB:P23818
UniProtKB	P23818	Gria1	enables	GO:0015276	GO_REF:0000002	IEA	InterPro:IPR001320|InterPro:IPR019594	F	Glutamate receptor 1	Gria1|Glur1	protein	taxon:10090	20260727	InterPro		UniProtKB:P23818
UniProtKB	P23818	Gria1	enables	GO:0038023	GO_REF:0000002	IEA	InterPro:IPR001508	F	Glutamate receptor 1	Gria1|Glur1	protein	taxon:10090	20260727	InterPro		UniProtKB:P23818
UniProtKB	P23818	Gria1	involved_in	GO:0006811	GO_REF:0000002	IEA	InterPro:IPR001508	P	Glutamate receptor 1	Gria1|Glur1	protein	taxon:10090	20260727	InterPro		UniProtKB:P23818
UniProtKB	P23818	Gria1	located_in	GO:0016020	GO_REF:0000002	IEA	InterPro:IPR001320|InterPro:IPR001508|InterPro:IPR019594	C	Glutamate receptor 1	Gria1|Glur1	protein	taxon:10090	20260727	InterPro		UniProtKB:P23818
UniProtKB	P24610	Pax3	enables	GO:0000981	GO_REF:0000002	IEA	InterPro:IPR017970	F	Paired box protein Pax-3	Pax3|Pax-3	protein	taxon:10090	20260727	InterPro		UniProtKB:P24610
UniProtKB	P24610	Pax3	enables	GO:0003677	GO_REF:0000002	IEA	InterPro:IPR001356|InterPro:IPR001523|InterPro:IPR043182|InterPro:IPR043565	F	Paired box protein Pax-3	Pax3|Pax-3	protein	taxon:10090	20260727	InterPro		UniProtKB:P24610
UniProtKB	P24610	Pax3	involved_in	GO:0006355	GO_REF:0000002	IEA	InterPro:IPR001523|InterPro:IPR017970|InterPro:IPR043565	P	Paired box protein Pax-3	Pax3|Pax-3	protein	taxon:10090	20260727	InterPro		UniProtKB:P24610
UniProtKB	P26040	Ezr	enables	GO:0003779	GO_REF:0000002	IEA	InterPro:IPR008954|InterPro:IPR011174	F	Ezrin	Ezr|Vil2	protein	taxon:10090	20260727	InterPro		UniProtKB:P26040
UniProtKB	P26040	Ezr	enables	GO:0008092	GO_REF:0000002	IEA	InterPro:IPR000798	F	Ezrin	Ezr|Vil2	protein	taxon:10090	20260727	InterPro		UniProtKB:P26040
UniProtKB	P26043	Rdx	enables	GO:0003779	GO_REF:0000002	IEA	InterPro:IPR008954|InterPro:IPR011174	F	Radixin	Rdx	protein	taxon:10090	20260727	InterPro		UniProtKB:P26043
UniProtKB	P26043	Rdx	enables	GO:0008092	GO_REF:0000002	IEA	InterPro:IPR000798	F	Radixin	Rdx	protein	taxon:10090	20260727	InterPro		UniProtKB:P26043
UniProtKB	P26687	Twist1	enables	GO:0000981	GO_REF:0000002	IEA	InterPro:IPR047093	F	Twist-related protein 1	Twist1|Twist	protein	taxon:10090	20260727	InterPro		UniProtKB:P26687
UniProtKB	P26687	Twist1	enables	GO:0046983	GO_REF:0000002	IEA	InterPro:IPR011598|InterPro:IPR036638	F	Twist-related protein 1	Twist1|Twist	protein	taxon:10090	20260727	InterPro		UniProtKB:P26687
UniProtKB	P26955	Csf2rb	enables	GO:0004896	GO_REF:0000002	IEA	InterPro:IPR003531|InterPro:IPR011365	F	Cytokine receptor common subunit beta	Csf2rb|Aic2b|Csf2rb1|Il3rb1	protein	taxon:10090	20260727	InterPro		UniProtKB:P26955
UniProtKB	P26955	Csf2rb	involved_in	GO:0019221	GO_REF:0000002	IEA	InterPro:IPR011365	P	Cytokine receptor common subunit beta	Csf2rb|Aic2b|Csf2rb1|Il3rb1	protein	taxon:10090	20260727	InterPro		UniProtKB:P26955
UniProtKB	P26955	Csf2rb	located_in	GO:0016020	GO_REF:0000002	IEA	InterPro:IPR003531|InterPro:IPR011365	C	Cytokine receptor common subunit beta	Csf2rb|Aic2b|Csf2rb1|Il3rb1	protein	taxon:10090	20260727	InterPro		UniProtKB:P26955
UniProtKB	P27090	Tgfb2	enables	GO:0005160	GO_REF:0000002	IEA	InterPro:IPR003940	F	Transforming growth factor beta-2 proprotein	Tgfb2	protein	taxon:10090	20260727	InterPro		UniProtKB:P27090
UniProtKB	P27090	Tgfb2	enables	GO:0008083	GO_REF:0000002	IEA	InterPro:IPR001839|InterPro:IPR017948	F	Transforming growth factor beta-2 proprotein	Tgfb2	protein	taxon:10090	20260727	InterPro		UniProtKB:P27090
UniProtKB	P27090	Tgfb2	located_in	GO:0005576	GO_REF:0000002	IEA	InterPro:IPR015615|InterPro:IPR016319	C	Transforming growth factor beta-2 proprotein	Tgfb2	protein	taxon:10090	20260727	InterPro		UniProtKB:P27090
UniProtKB	P27467	Wnt3a	enables	GO:0005102	GO_REF:0000002	IEA	InterPro:IPR005817|InterPro:IPR009141	F	Protein Wnt-3a	Wnt3a|Wnt-3a	protein	taxon:10090	20260727	InterPro		UniProtKB:P27467
UniProtKB	P27467	Wnt3a	involved_in	GO:0016055	GO_REF:0000002	IEA	InterPro:IPR005817|InterPro:IPR009141	P	Protein Wnt-3a	Wnt3a|Wnt-3a	protein	taxon:10090	20260727	InterPro		UniProtKB:P27467
UniProtKB	P27467	Wnt3a	located_in	GO:0005576	GO_REF:0000002	IEA	InterPro:IPR005817|InterPro:IPR009141	C	Protein Wnt-3a	Wnt3a|Wnt-3a	protein	taxon:10090	20260727	InterPro		UniProtKB:P27467
UniProtKB	P27573	Mpz	located_in	GO:0016020	GO_REF:0000002	IEA	InterPro:IPR000920	C	Myelin protein P0	Mpz|P0	protein	taxon:10090	20260727	InterPro		UniProtKB:P27573
UniProtKB	P28235	Gja4	involved_in	GO:0007154	GO_REF:0000002	IEA	InterPro:IPR000500|InterPro:IPR002263|InterPro:IPR017990	P	Gap junction alpha-4 protein	Gja4|Cxn-37	protein	taxon:10090	20260727	InterPro		UniProtKB:P28235
UniProtKB	P28235	Gja4	part_of	GO:0005922	GO_REF:0000002	IEA	InterPro:IPR000500|InterPro:IPR002263|InterPro:IPR017990	C	Gap junction alpha-4 protein	Gja4|Cxn-37	protein	taxon:10090	20260727	InterPro		UniProtKB:P28235
UniProtKB	P28301	Lox	enables	GO:0005507	GO_REF:0000002	IEA	InterPro:IPR001695|InterPro:IPR019828	F	Protein-lysine 6-oxidase	Lox|Rrg	protein	taxon:10090	20260727	InterPro		UniProtKB:P28301
UniProtKB	P28301	Lox	enables	GO:0016641	GO_REF:0000002	IEA	InterPro:IPR001695|InterPro:IPR019828	F	Protein-lysine 6-oxidase	Lox|Rrg	protein	taxon:10090	20260727	InterPro		UniProtKB:P28301
UniProtKB	P28357	Hoxd9	enables	GO:0000981	GO_REF:0000002	IEA	InterPro:IPR017970	F	Homeobox protein Hox-D9	Hoxd9|Hox-4.4|Hoxd-9	protein	taxon:10090	20260727	InterPro		UniProtKB:P28357
UniProtKB	P28357	Hoxd9	enables	GO:0003677	GO_REF:0000002	IEA	InterPro:IPR001356|InterPro:IPR020479	F	Homeobox protein Hox-D9	Hoxd9|Hox-4.4|Hoxd-9	protein	taxon:10090	20260727	InterPro		UniProtKB:P28357
UniProtKB	P28357	Hoxd9	involved_in	GO:0006351	GO_REF:0000002	IEA	InterPro:IPR006711	P	Homeobox protein Hox-D9	Hoxd9|Hox-4.4|Hoxd-9	protein	taxon:10090	20260727	InterPro		UniProtKB:P28357
UniProtKB	P28357	Hoxd9	involved_in	GO:0006355	GO_REF:0000002	IEA	InterPro:IPR017112|InterPro:IPR017970	P	Homeobox protein Hox-D9	Hoxd9|Hox-4.4|Hoxd-9	protein	taxon:10090	20260727	InterPro		UniProtKB:P28357
UniProtKB	P28357	Hoxd9	located_in	GO:0005634	GO_REF:0000002	IEA	InterPro:IPR006711	C	Homeobox protein Hox-D9	Hoxd9|Hox-4.4|Hoxd-9	protein	taxon:10090	20260727	InterPro		UniProtKB:P28357
UniProtKB	P29699	Ahsg	enables	GO:0004869	GO_REF:0000002	IEA	InterPro:IPR000010	F	Alpha-2-HS-glycoprotein	Ahsg|Fetua	protein	taxon:10090	20260727	InterPro		UniProtKB:P29699
UniProtKB	P29699	Ahsg	located_in	GO:0005576	GO_REF:0000002	IEA	InterPro:IPR001363	C	Alpha-2-HS-glycoprotein	Ahsg|Fetua	protein	taxon:10090	20260727	InterPro		UniProtKB:P29699
UniProtKB	P30355	Alox5ap	enables	GO:0008047	GO_REF:0000002	IEA	InterPro:IPR001446|InterPro:IPR018295	F	Arachidonate 5-lipoxygenase-activating protein	Alox5ap|Flap	protein	taxon:10090	20260727	InterPro		UniProtKB:P30355
UniProtKB	P30355	Alox5ap	involved_in	GO:0006691	GO_REF:0000002	IEA	InterPro:IPR001446|InterPro:IPR018295	P	Arachidonate 5-lipoxygenase-activating protein	Alox5ap|Flap	protein	taxon:10090	20260727	InterPro		UniProtKB:P30355
UniProtKB	P30355	Alox5ap	located_in	GO:0016020	GO_REF:0000002	IEA	InterPro:IPR001129|InterPro:IPR001446|InterPro:IPR018295	C	Arachidonate 5-lipoxygenase-activating protein	Alox5ap|Flap	protein	taxon:10090	20260727	InterPro		UniProtKB:P30355
UniProtKB	P31240	Pdgfb	enables	GO:0008083	GO_REF:0000002	IEA	InterPro:IPR000072|InterPro:IPR006782	F	Platelet-derived growth factor subunit B	Pdgfb|Sis	protein	taxon:10090	20260727	InterPro		UniProtKB:P31240
UniProtKB	P31240	Pdgfb	located_in	GO:0016020	GO_REF:0000002	IEA	InterPro:IPR000072|InterPro:IPR006782	C	Platelet-derived growth factor subunit B	Pdgfb|Sis	protein	taxon:10090	20260727	InterPro		UniProtKB:P31240
UniProtKB	P31310	Hoxa10	enables	GO:0000981	GO_REF:0000002	IEA	InterPro:IPR017970	F	Homeobox protein Hox-A10	Hoxa10|Hox-1.8|Hoxa-10	protein	taxon:10090	20260727	InterPro		UniProtKB:P31310
UniProtKB	P31310	Hoxa10	enables	GO:0003677	GO_REF:0000002	IEA	InterPro:IPR001356|InterPro:IPR020479	F	Homeobox protein Hox-A10	Hoxa10|Hox-1.8|Hoxa-10	protein	taxon:10090	20260727	InterPro		UniProtKB:P31310
UniProtKB	P31310	Hoxa10	involved_in	GO:0006355	GO_REF:0000002	IEA	InterPro:IPR017970	P	Homeobox protein Hox-A10	Hoxa10|Hox-1.8|Hoxa-10	protein	taxon:10090	20260727	InterPro		UniProtKB:P31310
UniProtKB	P31311	Hoxa11	enables	GO:0000981	GO_REF:0000002	IEA	InterPro:IPR017970	F	Homeobox protein Hox-A11	Hoxa11|Hox-1.9|Hoxa-11	protein	taxon:10090	20260727	InterPro		UniProtKB:P31311
UniProtKB	P31311	Hoxa11	enables	GO:0003677	GO_REF:0000002	IEA	InterPro:IPR001356|InterPro:IPR020479	F	Homeobox protein Hox-A11	Hoxa11|Hox-1.9|Hoxa-11	protein	taxon:10090	20260727	InterPro		UniProtKB:P31311
UniProtKB	P31311	Hoxa11	involved_in	GO:0006355	GO_REF:0000002	IEA	InterPro:IPR017970	P	Homeobox protein Hox-A11	Hoxa11|Hox-1.9|Hoxa-11	protein	taxon:10090	20260727	InterPro		UniProtKB:P31311
UniProtKB	P32442	Meox1	enables	GO:0000981	GO_REF:0000002	IEA	InterPro:IPR017970	F	Homeobox protein MOX-1	Meox1|Mox-1|Mox1	protein	taxon:10090	20260727	InterPro		UniProtKB:P32442
UniProtKB	P32442	Meox1	enables	GO:0003677	GO_REF:0000002	IEA	InterPro:IPR001356|InterPro:IPR020479	F	Homeobox protein MOX-1	Meox1|Mox-1|Mox1	protein	taxon:10090	20260727	InterPro		UniProtKB:P32442
UniProtKB	P32442	Meox1	enables	GO:0003700	GO_REF:0000002	IEA	InterPro:IPR042634	F	Homeobox protein MOX-1	Meox1|Mox-1|Mox1	protein	taxon:10090	20260727	InterPro		UniProtKB:P32442
UniProtKB	P32442	Meox1	involved_in	GO:0006355	GO_REF:0000002	IEA	InterPro:IPR017970	P	Homeobox protein MOX-1	Meox1|Mox-1|Mox1	protein	taxon:10090	20260727	InterPro		UniProtKB:P32442
UniProtKB	P32442	Meox1	involved_in	GO:0045944	GO_REF:0000002	IEA	InterPro:IPR042634	P	Homeobox protein MOX-1	Meox1|Mox-1|Mox1	protein	taxon:10090	20260727	InterPro		UniProtKB:P32442
UniProtKB	P32443	Meox2	enables	GO:0000981	GO_REF:0000002	IEA	InterPro:IPR017970	F	Homeobox protein MOX-2	Meox2|Gax|Mox-2|Mox2	protein	taxon:10090	20260727	InterPro		UniProtKB:P32443
UniProtKB	P32443	Meox2	enables	GO:0003677	GO_REF:0000002	IEA	InterPro:IPR001356|InterPro:IPR020479	F	Homeobox protein MOX-2	Meox2|Gax|Mox-2|Mox2	protein	taxon:10090	20260727	InterPro		UniProtKB:P32443
UniProtKB	P32443	Meox2	enables	GO:0003700	GO_REF:0000002	IEA	InterPro:IPR042634	F	Homeobox protein MOX-2	Meox2|Gax|Mox-2|Mox2	protein	taxon:10090	20260727	InterPro		UniProtKB:P32443
UniProtKB	P32443	Meox2	involved_in	GO:0006355	GO_REF:0000002	IEA	InterPro:IPR017970	P	Homeobox protein MOX-2	Meox2|Gax|Mox-2|Mox2	protein	taxon:10090	20260727	InterPro		UniProtKB:P32443
UniProtKB	P32443	Meox2	involved_in	GO:0045944	GO_REF:0000002	IEA	InterPro:IPR042634	P	Homeobox protein MOX-2	Meox2|Gax|Mox-2|Mox2	protein	taxon:10090	20260727	InterPro		UniProtKB:P32443
UniProtKB	P32848	Pvalb	enables	GO:0005509	GO_REF:0000002	IEA	InterPro:IPR002048|InterPro:IPR008080	F	Parvalbumin alpha	Pvalb|Pva	protein	taxon:10090	20260727	InterPro		UniProtKB:P32848
UniProtKB	P34056	Tfap2a	enables	GO:0003700	GO_REF:0000002	IEA	InterPro:IPR004979|InterPro:IPR008121	F	Transcription factor AP-2-alpha	Tfap2a|Ap2tf|Tcfap2a	protein	taxon:10090	20260727	InterPro		UniProtKB:P34056
UniProtKB	P34056	Tfap2a	involved_in	GO:0006355	GO_REF:0000002	IEA	InterPro:IPR004979|InterPro:IPR008121	P	Transcription factor AP-2-alpha	Tfap2a|Ap2tf|Tcfap2a	protein	taxon:10090	20260727	InterPro		UniProtKB:P34056
UniProtKB	P34056	Tfap2a	located_in	GO:0005634	GO_REF:0000002	IEA	InterPro:IPR004979|InterPro:IPR008121	C	Transcription factor AP-2-alpha	Tfap2a|Ap2tf|Tcfap2a	protein	taxon:10090	20260727	InterPro		UniProtKB:P34056
UniProtKB	P35330	Icam2	enables	GO:0005178	GO_REF:0000002	IEA	InterPro:IPR047012	F	Intercellular adhesion molecule 2	Icam2	protein	taxon:10090	20260727	InterPro		UniProtKB:P35330
UniProtKB	P35330	Icam2	involved_in	GO:0007155	GO_REF:0000002	IEA	InterPro:IPR047012	P	Intercellular adhesion molecule 2	Icam2	protein	taxon:10090	20260727	InterPro		UniProtKB:P35330
UniProtKB	P35330	Icam2	involved_in	GO:0098609	GO_REF:0000002	IEA	InterPro:IPR003987	P	Intercellular adhesion molecule 2	Icam2	protein	taxon:10090	20260727	InterPro		UniProtKB:P35330
UniProtKB	P35330	Icam2	located_in	GO:0016020	GO_REF:0000002	IEA	InterPro:IPR003987	C	Intercellular adhesion molecule 2	Icam2	protein	taxon:10090	20260727	InterPro		UniProtKB:P35330
UniProtKB	P35374	Agtr2	enables	GO:0004930	GO_REF:0000002	IEA	InterPro:IPR000276	F	Type-2 angiotensin II receptor	Agtr2	protein	taxon:10090	20260727	InterPro		UniProtKB:P35374
UniProtKB	P35374	Agtr2	enables	GO:0004945	GO_REF:0000002	IEA	InterPro:IPR000147	F	Type-2 angiotensin II receptor	Agtr2	protein	taxon:10090	20260727	InterPro		UniProtKB:P35374
UniProtKB	P35374	Agtr2	involved_in	GO:0006954	GO_REF:0000002	IEA	InterPro:IPR000147	P	Type-2 angiotensin II receptor	Agtr2	protein	taxon:10090	20260727	InterPro		UniProtKB:P35374
UniProtKB	P35374	Agtr2	involved_in	GO:0007186	GO_REF:0000002	IEA	InterPro:IPR000147|InterPro:IPR000248|InterPro:IPR000276	P	Type-2 angiotensin II receptor	Agtr2	protein	taxon:10090	20260727	InterPro		UniProtKB:P35374
UniProtKB	P35374	Agtr2	involved_in	GO:0042981	GO_REF:0000002	IEA	InterPro:IPR000147	P	Type-2 angiotensin II receptor	Agtr2	protein	taxon:10090	20260727	InterPro		UniProtKB:P35374
UniProtKB	P35374	Agtr2	involved_in	GO:0097746	GO_REF:0000002	IEA	InterPro:IPR000147	P	Type-2 angiotensin II receptor	Agtr2	protein	taxon:10090	20260727	InterPro		UniProtKB:P35374
UniProtKB	P35374	Agtr2	located_in	GO:0016020	GO_REF:0000002	IEA	InterPro:IPR000147|InterPro:IPR000248|InterPro:IPR000276|InterPro:IPR017452	C	Type-2 angiotensin II receptor	Agtr2	protein	taxon:10090	20260727	InterPro		UniProtKB:P35374
UniProtKB	P35583	Foxa2	enables	GO:0003700	GO_REF:0000002	IEA	InterPro:IPR001766|InterPro:IPR018122|InterPro:IPR030456	F	Hepatocyte nuclear factor 3-beta	Foxa2|Hnf3b|Tcf-3b|Tcf3b	protein	taxon:10090	20260727	InterPro		UniProtKB:P35583
UniProtKB	P35583	Foxa2	enables	GO:0019904	GO_REF:0000002	IEA	InterPro:IPR013638	F	Hepatocyte nuclear factor 3-beta	Foxa2|Hnf3b|Tcf-3b|Tcf3b	protein	taxon:10090	20260727	InterPro		UniProtKB:P35583
UniProtKB	P35583	Foxa2	enables	GO:0043565	GO_REF:0000002	IEA	InterPro:IPR001766|InterPro:IPR018122|InterPro:IPR030456	F	Hepatocyte nuclear factor 3-beta	Foxa2|Hnf3b|Tcf-3b|Tcf3b	protein	taxon:10090	20260727	InterPro		UniProtKB:P35583
UniProtKB	P35583	Foxa2	involved_in	GO:0006355	GO_REF:0000002	IEA	InterPro:IPR001766|InterPro:IPR018122|InterPro:IPR030456	P	Hepatocyte nuclear factor 3-beta	Foxa2|Hnf3b|Tcf-3b|Tcf3b	protein	taxon:10090	20260727	InterPro		UniProtKB:P35583
UniProtKB	P35802	Gpm6a	located_in	GO:0016020	GO_REF:0000002	IEA	InterPro:IPR001614	C	Neuronal membrane glycoprotein M6-a	Gpm6a|M6a	protein	taxon:10090	20260727	InterPro		UniProtKB:P35802
UniProtKB	P37237	Fgf8	enables	GO:0008083	GO_REF:0000002	IEA	InterPro:IPR002209	F	Fibroblast growth factor 8	Fgf8|Aigf	protein	taxon:10090	20260727	InterPro		UniProtKB:P37237
UniProtKB	P37238	Pparg	enables	GO:0003677	GO_REF:0000002	IEA	InterPro:IPR003074|InterPro:IPR003077	F	Peroxisome proliferator-activated receptor gamma	Pparg|Nr1c3	protein	taxon:10090	20260727	InterPro		UniProtKB:P37238
UniProtKB	P37238	Pparg	enables	GO:0003700	GO_REF:0000002	IEA	InterPro:IPR001628	F	Peroxisome proliferator-activated receptor gamma	Pparg|Nr1c3	protein	taxon:10090	20260727	InterPro		UniProtKB:P37238
UniProtKB	P37238	Pparg	enables	GO:0004879	GO_REF:0000002	IEA	InterPro:IPR003074|InterPro:IPR003077	F	Peroxisome proliferator-activated receptor gamma	Pparg|Nr1c3	protein	taxon:10090	20260727	InterPro		UniProtKB:P37238
UniProtKB	P37238	Pparg	enables	GO:0008270	GO_REF:0000002	IEA	InterPro:IPR001628|InterPro:IPR013088	F	Peroxisome proliferator-activated receptor gamma	Pparg|Nr1c3	protein	taxon:10090	20260727	InterPro		UniProtKB:P37238
UniProtKB	P37238	Pparg	enables	GO:0043565	GO_REF:0000002	IEA	InterPro:IPR001628	F	Peroxisome proliferator-activated receptor gamma	Pparg|Nr1c3	protein	taxon:10090	20260727	InterPro		UniProtKB:P37238
UniProtKB	P37238	Pparg	involved_in	GO:0006355	GO_REF:0000002	IEA	InterPro:IPR001628|InterPro:IPR003074|InterPro:IPR003077|InterPro:IPR013088	P	Peroxisome proliferator-activated receptor gamma	Pparg|Nr1c3	protein	taxon:10090	20260727	InterPro		UniProtKB:P37238
UniProtKB	P37238	Pparg	located_in	GO:0005634	GO_REF:0000002	IEA	InterPro:IPR003074|InterPro:IPR003077	C	Peroxisome proliferator-activated receptor gamma	Pparg|Nr1c3	protein	taxon:10090	20260727	InterPro		UniProtKB:P37238
UniProtKB	P37889	Fbln2	enables	GO:0005509	GO_REF:0000002	IEA	InterPro:IPR001881|InterPro:IPR018097	F	Fibulin-2	Fbln2	protein	taxon:10090	20260727	InterPro		UniProtKB:P37889
UniProtKB	P37889	Fbln2	located_in	GO:0005576	GO_REF:0000002	IEA	InterPro:IPR000020	C	Fibulin-2	Fbln2	protein	taxon:10090	20260727	InterPro		UniProtKB:P37889
UniProtKB	P39038	Cdh4	enables	GO:0005509	GO_REF:0000002	IEA	InterPro:IPR000233|InterPro:IPR002126|InterPro:IPR015919	F	Cadherin-4	Cdh4	protein	taxon:10090	20260727	InterPro		UniProtKB:P39038
UniProtKB	P39038	Cdh4	involved_in	GO:0007155	GO_REF:0000002	IEA	InterPro:IPR020894	P	Cadherin-4	Cdh4	protein	taxon:10090	20260727	InterPro		UniProtKB:P39038
UniProtKB	P39038	Cdh4	involved_in	GO:0007156	GO_REF:0000002	IEA	InterPro:IPR000233|InterPro:IPR002126	P	Cadherin-4	Cdh4	protein	taxon:10090	20260727	InterPro		UniProtKB:P39038
UniProtKB	P39038	Cdh4	involved_in	GO:0098609	GO_REF:0000002	IEA	InterPro:IPR039808	P	Cadherin-4	Cdh4	protein	taxon:10090	20260727	InterPro		UniProtKB:P39038
UniProtKB	P39038	Cdh4	located_in	GO:0005886	GO_REF:0000002	IEA	InterPro:IPR020894	C	Cadherin-4	Cdh4	protein	taxon:10090	20260727	InterPro		UniProtKB:P39038
UniProtKB	P39038	Cdh4	located_in	GO:0016020	GO_REF:0000002	IEA	InterPro:IPR002126|InterPro:IPR015919	C	Cadherin-4	Cdh4	protein	taxon:10090	20260727	InterPro		UniProtKB:P39038
UniProtKB	P40224	Cxcl12	enables	GO:0008009	GO_REF:0000002	IEA	InterPro:IPR001811|InterPro:IPR033899|InterPro:IPR036048|InterPro:IPR039809	F	Stromal cell-derived factor 1	Cxcl12|Sdf1	protein	taxon:10090	20260727	InterPro		UniProtKB:P40224
UniProtKB	P40224	Cxcl12	involved_in	GO:0006935	GO_REF:0000002	IEA	InterPro:IPR033899	P	Stromal cell-derived factor 1	Cxcl12|Sdf1	protein	taxon:10090	20260727	InterPro		UniProtKB:P40224
UniProtKB	P40224	Cxcl12	involved_in	GO:0006952	GO_REF:0000002	IEA	InterPro:IPR033899	P	Stromal cell-derived factor 1	Cxcl12|Sdf1	protein	taxon:10090	20260727	InterPro		UniProtKB:P40224
UniProtKB	P40224	Cxcl12	involved_in	GO:0006955	GO_REF:0000002	IEA	InterPro:IPR001811|InterPro:IPR036048	P	Stromal cell-derived factor 1	Cxcl12|Sdf1	protein	taxon:10090	20260727	InterPro		UniProtKB:P40224
UniProtKB	P40224	Cxcl12	located_in	GO:0005576	GO_REF:0000002	IEA	InterPro:IPR001811|InterPro:IPR036048	C	Stromal cell-derived factor 1	Cxcl12|Sdf1	protein	taxon:10090	20260727	InterPro		UniProtKB:P40224
UniProtKB	P40753	Nppb	enables	GO:0005179	GO_REF:0000002	IEA	InterPro:IPR000663|InterPro:IPR002408	F	Natriuretic peptides B	Nppb	protein	taxon:10090	20260727	InterPro		UniProtKB:P40753
UniProtKB	P40753	Nppb	located_in	GO:0005576	GO_REF:0000002	IEA	InterPro:IPR000663|InterPro:IPR002408	C	Natriuretic peptides B	Nppb	protein	taxon:10090	20260727	InterPro		UniProtKB:P40753
UniProtKB	P40764	Dlx2	enables	GO:0000981	GO_REF:0000002	IEA	InterPro:IPR017970	F	Homeobox protein DLX-2	Dlx2|Tes-1|Tes1	protein	taxon:10090	20260727	InterPro		UniProtKB:P40764
UniProtKB	P40764	Dlx2	enables	GO:0003677	GO_REF:0000002	IEA	InterPro:IPR000047|InterPro:IPR001356|InterPro:IPR020479	F	Homeobox protein DLX-2	Dlx2|Tes-1|Tes1	protein	taxon:10090	20260727	InterPro		UniProtKB:P40764
UniProtKB	P40764	Dlx2	involved_in	GO:0006355	GO_REF:0000002	IEA	InterPro:IPR017970	P	Homeobox protein DLX-2	Dlx2|Tes-1|Tes1	protein	taxon:10090	20260727	InterPro		UniProtKB:P40764
UniProtKB	P41163	Etv2	enables	GO:0003700	GO_REF:0000002	IEA	InterPro:IPR000418|InterPro:IPR046328	F	ETS translocation variant 2	Etv2|Er71|Etsrp71	protein	taxon:10090	20260727	InterPro		UniProtKB:P41163
UniProtKB	P41163	Etv2	enables	GO:0043565	GO_REF:0000002	IEA	InterPro:IPR000418	F	ETS translocation variant 2	Etv2|Er71|Etsrp71	protein	taxon:10090	20260727	InterPro		UniProtKB:P41163
UniProtKB	P41163	Etv2	involved_in	GO:0006355	GO_REF:0000002	IEA	InterPro:IPR000418	P	ETS translocation variant 2	Etv2|Er71|Etsrp71	protein	taxon:10090	20260727	InterPro		UniProtKB:P41163
UniProtKB	P41163	Etv2	involved_in	GO:0006357	GO_REF:0000002	IEA	InterPro:IPR046328	P	ETS translocation variant 2	Etv2|Er71|Etsrp71	protein	taxon:10090	20260727	InterPro		UniProtKB:P41163
UniProtKB	P42580	Nkx1-2	enables	GO:0000981	GO_REF:0000002	IEA	InterPro:IPR017970	F	NK1 transcription factor-related protein 2	Nkx1-2|Nkx1.1|Sax1	protein	taxon:10090	20260727	InterPro		UniProtKB:P42580
UniProtKB	P42580	Nkx1-2	enables	GO:0003677	GO_REF:0000002	IEA	InterPro:IPR001356|InterPro:IPR020479	F	NK1 transcription factor-related protein 2	Nkx1-2|Nkx1.1|Sax1	protein	taxon:10090	20260727	InterPro		UniProtKB:P42580
UniProtKB	P42580	Nkx1-2	involved_in	GO:0006355	GO_REF:0000002	IEA	InterPro:IPR017970	P	NK1 transcription factor-related protein 2	Nkx1-2|Nkx1.1|Sax1	protein	taxon:10090	20260727	InterPro		UniProtKB:P42580
UniProtKB	P43021	Nodal	enables	GO:0008083	GO_REF:0000002	IEA	InterPro:IPR001839|InterPro:IPR017948	F	Nodal	Nodal	protein	taxon:10090	20260727	InterPro		UniProtKB:P43021
UniProtKB	P43021	Nodal	located_in	GO:0005576	GO_REF:0000002	IEA	InterPro:IPR015615	C	Nodal	Nodal	protein	taxon:10090	20260727	InterPro		UniProtKB:P43021
UniProtKB	P43120	Hhex	enables	GO:0000981	GO_REF:0000002	IEA	InterPro:IPR017970	F	Hematopoietically-expressed homeobox protein Hhex	Hhex|Prh|Prhx	protein	taxon:10090	20260727	InterPro		UniProtKB:P43120
UniProtKB	P43120	Hhex	enables	GO:0003677	GO_REF:0000002	IEA	InterPro:IPR001356|InterPro:IPR020479	F	Hematopoietically-expressed homeobox protein Hhex	Hhex|Prh|Prhx	protein	taxon:10090	20260727	InterPro		UniProtKB:P43120
UniProtKB	P43120	Hhex	involved_in	GO:0006355	GO_REF:0000002	IEA	InterPro:IPR017970	P	Hematopoietically-expressed homeobox protein Hhex	Hhex|Prh|Prhx	protein	taxon:10090	20260727	InterPro		UniProtKB:P43120
UniProtKB	P43135	Nr2f2	enables	GO:0003700	GO_REF:0000002	IEA	InterPro:IPR001628	F	COUP transcription factor 2	Nr2f2|Aporp1|Arp-1|Arp1|Tfcoup2	protein	taxon:10090	20260727	InterPro		UniProtKB:P43135
UniProtKB	P43135	Nr2f2	enables	GO:0008270	GO_REF:0000002	IEA	InterPro:IPR001628|InterPro:IPR013088	F	COUP transcription factor 2	Nr2f2|Aporp1|Arp-1|Arp1|Tfcoup2	protein	taxon:10090	20260727	InterPro		UniProtKB:P43135
UniProtKB	P43135	Nr2f2	enables	GO:0043565	GO_REF:0000002	IEA	InterPro:IPR001628	F	COUP transcription factor 2	Nr2f2|Aporp1|Arp-1|Arp1|Tfcoup2	protein	taxon:10090	20260727	InterPro		UniProtKB:P43135
UniProtKB	P43135	Nr2f2	involved_in	GO:0006355	GO_REF:0000002	IEA	InterPro:IPR001628|InterPro:IPR013088	P	COUP transcription factor 2	Nr2f2|Aporp1|Arp-1|Arp1|Tfcoup2	protein	taxon:10090	20260727	InterPro		UniProtKB:P43135
UniProtKB	P43345	Tlx1	enables	GO:0000981	GO_REF:0000002	IEA	InterPro:IPR017970	F	T-cell leukemia homeobox protein 1	Tlx1|Hox11|Tlx-1	protein	taxon:10090	20260727	InterPro		UniProtKB:P43345
UniProtKB	P43345	Tlx1	enables	GO:0003677	GO_REF:0000002	IEA	InterPro:IPR001356|InterPro:IPR020479|InterPro:IPR042247	F	T-cell leukemia homeobox protein 1	Tlx1|Hox11|Tlx-1	protein	taxon:10090	20260727	InterPro		UniProtKB:P43345
UniProtKB	P43345	Tlx1	enables	GO:0003700	GO_REF:0000002	IEA	InterPro:IPR042247	F	T-cell leukemia homeobox protein 1	Tlx1|Hox11|Tlx-1	protein	taxon:10090	20260727	InterPro		UniProtKB:P43345
UniProtKB	P43345	Tlx1	involved_in	GO:0006355	GO_REF:0000002	IEA	InterPro:IPR017970	P	T-cell leukemia homeobox protein 1	Tlx1|Hox11|Tlx-1	protein	taxon:10090	20260727	InterPro		UniProtKB:P43345
UniProtKB	P46096	Syt1	located_in	GO:0016020	GO_REF:0000002	IEA	InterPro:IPR001565	C	Synaptotagmin-1	Syt1	protein	taxon:10090	20260727	InterPro		UniProtKB:P46096
UniProtKB	P46412	Gpx3	enables	GO:0004601	GO_REF:0000002	IEA	InterPro:IPR000889	F	Glutathione peroxidase 3	Gpx3	protein	taxon:10090	20260727	InterPro		UniProtKB:P46412
UniProtKB	P46412	Gpx3	involved_in	GO:0006979	GO_REF:0000002	IEA	InterPro:IPR000889	P	Glutathione peroxidase 3	Gpx3	protein	taxon:10090	20260727	InterPro		UniProtKB:P46412
UniProtKB	P47212	Gal	enables	GO:0005179	GO_REF:0000002	IEA	InterPro:IPR008174|InterPro:IPR008175	F	Galanin peptides	Gal|Galn	protein	taxon:10090	20260727	InterPro		UniProtKB:P47212
UniProtKB	P47212	Gal	located_in	GO:0005576	GO_REF:0000002	IEA	InterPro:IPR008174|InterPro:IPR008175	C	Galanin peptides	Gal|Galn	protein	taxon:10090	20260727	InterPro		UniProtKB:P47212
UniProtKB	P48302	Ednrb	enables	GO:0004930	GO_REF:0000002	IEA	InterPro:IPR000276	F	Endothelin receptor type B	Ednrb	protein	taxon:10090	20260727	InterPro		UniProtKB:P48302
UniProtKB	P48302	Ednrb	enables	GO:0004962	GO_REF:0000002	IEA	InterPro:IPR000499|InterPro:IPR001112	F	Endothelin receptor type B	Ednrb	protein	taxon:10090	20260727	InterPro		UniProtKB:P48302
UniProtKB	P48302	Ednrb	involved_in	GO:0007186	GO_REF:0000002	IEA	InterPro:IPR000276|InterPro:IPR000499|InterPro:IPR001112	P	Endothelin receptor type B	Ednrb	protein	taxon:10090	20260727	InterPro		UniProtKB:P48302
UniProtKB	P48302	Ednrb	involved_in	GO:0008217	GO_REF:0000002	IEA	InterPro:IPR000499|InterPro:IPR001112	P	Endothelin receptor type B	Ednrb	protein	taxon:10090	20260727	InterPro		UniProtKB:P48302
UniProtKB	P48302	Ednrb	involved_in	GO:0042310	GO_REF:0000002	IEA	InterPro:IPR000499|InterPro:IPR001112	P	Endothelin receptor type B	Ednrb	protein	taxon:10090	20260727	InterPro		UniProtKB:P48302
UniProtKB	P48302	Ednrb	involved_in	GO:0048484	GO_REF:0000002	IEA	InterPro:IPR000499|InterPro:IPR001112	P	Endothelin receptor type B	Ednrb	protein	taxon:10090	20260727	InterPro		UniProtKB:P48302
UniProtKB	P48302	Ednrb	located_in	GO:0016020	GO_REF:0000002	IEA	InterPro:IPR000276|InterPro:IPR000499|InterPro:IPR001112|InterPro:IPR017452	C	Endothelin receptor type B	Ednrb	protein	taxon:10090	20260727	InterPro		UniProtKB:P48302
UniProtKB	P48432	Sox2	involved_in	GO:0006355	GO_REF:0000002	IEA	InterPro:IPR022097	P	Transcription factor SOX-2	Sox2|Sox-2	protein	taxon:10090	20260727	InterPro		UniProtKB:P48432
UniProtKB	P48776	Tdo2	enables	GO:0004833	GO_REF:0000002	IEA	InterPro:IPR004981	F	Tryptophan 2,3-dioxygenase	Tdo2|Tdo	protein	taxon:10090	20260727	InterPro		UniProtKB:P48776
UniProtKB	P48776	Tdo2	enables	GO:0020037	GO_REF:0000002	IEA	InterPro:IPR004981|InterPro:IPR037217	F	Tryptophan 2,3-dioxygenase	Tdo2|Tdo	protein	taxon:10090	20260727	InterPro		UniProtKB:P48776
UniProtKB	P48776	Tdo2	enables	GO:0046872	GO_REF:0000002	IEA	InterPro:IPR037217	F	Tryptophan 2,3-dioxygenase	Tdo2|Tdo	protein	taxon:10090	20260727	InterPro		UniProtKB:P48776
UniProtKB	P48776	Tdo2	involved_in	GO:0006569	GO_REF:0000002	IEA	InterPro:IPR004981|InterPro:IPR037217	P	Tryptophan 2,3-dioxygenase	Tdo2|Tdo	protein	taxon:10090	20260727	InterPro		UniProtKB:P48776
UniProtKB	P49817	Cav1	involved_in	GO:0070836	GO_REF:0000002	IEA	InterPro:IPR001612	P	Caveolin-1	Cav1|Cav	protein	taxon:10090	20260727	InterPro		UniProtKB:P49817
UniProtKB	P49935	Ctsh	enables	GO:0008234	GO_REF:0000002	IEA	InterPro:IPR000668|InterPro:IPR013128	F	Pro-cathepsin H	Ctsh	protein	taxon:10090	20260727	InterPro		UniProtKB:P49935
UniProtKB	P49935	Ctsh	involved_in	GO:0006508	GO_REF:0000002	IEA	InterPro:IPR000668	P	Pro-cathepsin H	Ctsh	protein	taxon:10090	20260727	InterPro		UniProtKB:P49935
UniProtKB	P51910	Apod	enables	GO:0008289	GO_REF:0000002	IEA	InterPro:IPR002969|InterPro:IPR026222	F	Apolipoprotein D	Apod	protein	taxon:10090	20260727	InterPro		UniProtKB:P51910
UniProtKB	P51910	Apod	involved_in	GO:0006869	GO_REF:0000002	IEA	InterPro:IPR002969|InterPro:IPR026222	P	Apolipoprotein D	Apod	protein	taxon:10090	20260727	InterPro		UniProtKB:P51910
UniProtKB	P51910	Apod	involved_in	GO:0007420	GO_REF:0000002	IEA	InterPro:IPR002969|InterPro:IPR026222	P	Apolipoprotein D	Apod	protein	taxon:10090	20260727	InterPro		UniProtKB:P51910
UniProtKB	P51910	Apod	involved_in	GO:0042246	GO_REF:0000002	IEA	InterPro:IPR002969|InterPro:IPR026222	P	Apolipoprotein D	Apod	protein	taxon:10090	20260727	InterPro		UniProtKB:P51910
UniProtKB	P51943	Ccna2	enables	GO:0016538	GO_REF:0000002	IEA	InterPro:IPR046965	F	Cyclin-A2	Ccna2|Ccna|Cyca|Cyca2	protein	taxon:10090	20260727	InterPro		UniProtKB:P51943
UniProtKB	P51943	Ccna2	involved_in	GO:0044772	GO_REF:0000002	IEA	InterPro:IPR046965	P	Cyclin-A2	Ccna2|Ccna|Cyca|Cyca2	protein	taxon:10090	20260727	InterPro		UniProtKB:P51943
UniProtKB	P52624	Upp1	enables	GO:0003824	GO_REF:0000002	IEA	InterPro:IPR000845|InterPro:IPR035994	F	Uridine phosphorylase 1	Upp1|Up|Upp	protein	taxon:10090	20260727	InterPro		UniProtKB:P52624
UniProtKB	P52624	Upp1	enables	GO:0004850	GO_REF:0000002	IEA	InterPro:IPR010059	F	Uridine phosphorylase 1	Upp1|Up|Upp	protein	taxon:10090	20260727	InterPro		UniProtKB:P52624
UniProtKB	P52624	Upp1	enables	GO:0016763	GO_REF:0000002	IEA	InterPro:IPR018016	F	Uridine phosphorylase 1	Upp1|Up|Upp	protein	taxon:10090	20260727	InterPro		UniProtKB:P52624
UniProtKB	P52624	Upp1	involved_in	GO:0009116	GO_REF:0000002	IEA	InterPro:IPR000845|InterPro:IPR035994	P	Uridine phosphorylase 1	Upp1|Up|Upp	protein	taxon:10090	20260727	InterPro		UniProtKB:P52624
UniProtKB	P52624	Upp1	involved_in	GO:0009166	GO_REF:0000002	IEA	InterPro:IPR010059	P	Uridine phosphorylase 1	Upp1|Up|Upp	protein	taxon:10090	20260727	InterPro		UniProtKB:P52624
UniProtKB	P52624	Upp1	located_in	GO:0005737	GO_REF:0000002	IEA	InterPro:IPR010059	C	Uridine phosphorylase 1	Upp1|Up|Upp	protein	taxon:10090	20260727	InterPro		UniProtKB:P52624
UniProtKB	P54320	Eln	enables	GO:0005201	GO_REF:0000002	IEA	InterPro:IPR003979	F	Elastin	Eln	protein	taxon:10090	20260727	InterPro		UniProtKB:P54320
UniProtKB	P54320	Eln	located_in	GO:0031012	GO_REF:0000002	IEA	InterPro:IPR003979	C	Elastin	Eln	protein	taxon:10090	20260727	InterPro		UniProtKB:P54320
UniProtKB	P55284	Cdh5	enables	GO:0005509	GO_REF:0000002	IEA	InterPro:IPR000233|InterPro:IPR002126|InterPro:IPR015919	F	Cadherin-5	Cdh5	protein	taxon:10090	20260727	InterPro		UniProtKB:P55284
UniProtKB	P55284	Cdh5	involved_in	GO:0007155	GO_REF:0000002	IEA	InterPro:IPR020894	P	Cadherin-5	Cdh5	protein	taxon:10090	20260727	InterPro		UniProtKB:P55284
UniProtKB	P55284	Cdh5	involved_in	GO:0007156	GO_REF:0000002	IEA	InterPro:IPR000233|InterPro:IPR002126	P	Cadherin-5	Cdh5	protein	taxon:10090	20260727	InterPro		UniProtKB:P55284
UniProtKB	P55284	Cdh5	involved_in	GO:0098609	GO_REF:0000002	IEA	InterPro:IPR039808	P	Cadherin-5	Cdh5	protein	taxon:10090	20260727	InterPro		UniProtKB:P55284
UniProtKB	P55284	Cdh5	located_in	GO:0005886	GO_REF:0000002	IEA	InterPro:IPR020894	C	Cadherin-5	Cdh5	protein	taxon:10090	20260727	InterPro		UniProtKB:P55284
UniProtKB	P55284	Cdh5	located_in	GO:0016020	GO_REF:0000002	IEA	InterPro:IPR002126|InterPro:IPR015919	C	Cadherin-5	Cdh5	protein	taxon:10090	20260727	InterPro		UniProtKB:P55284
UniProtKB	P55772	Entpd1	enables	GO:0016787	GO_REF:0000002	IEA	InterPro:IPR000407	F	Ectonucleoside triphosphate diphosphohydrolase 1	Entpd1|Cd39	protein	taxon:10090	20260727	InterPro		UniProtKB:P55772
UniProtKB	P55821	Stmn2	involved_in	GO:0031110	GO_REF:0000002	IEA	InterPro:IPR000956|InterPro:IPR036002	P	Stathmin-2	Stmn2|Scg10|Scgn10|Stmb2	protein	taxon:10090	20260727	InterPro		UniProtKB:P55821
UniProtKB	P56485	Ackr3	enables	GO:0004930	GO_REF:0000002	IEA	InterPro:IPR000276	F	Atypical chemokine receptor 3	Ackr3|Cmkor1|Cxcr7|Rdc1	protein	taxon:10090	20260727	InterPro		UniProtKB:P56485
UniProtKB	P56485	Ackr3	enables	GO:0015026	GO_REF:0000002	IEA	InterPro:IPR001416	F	Atypical chemokine receptor 3	Ackr3|Cmkor1|Cxcr7|Rdc1	protein	taxon:10090	20260727	InterPro		UniProtKB:P56485
UniProtKB	P56485	Ackr3	enables	GO:0019956	GO_REF:0000002	IEA	InterPro:IPR001416	F	Atypical chemokine receptor 3	Ackr3|Cmkor1|Cxcr7|Rdc1	protein	taxon:10090	20260727	InterPro		UniProtKB:P56485
UniProtKB	P56485	Ackr3	involved_in	GO:0001525	GO_REF:0000002	IEA	InterPro:IPR001416	P	Atypical chemokine receptor 3	Ackr3|Cmkor1|Cxcr7|Rdc1	protein	taxon:10090	20260727	InterPro		UniProtKB:P56485
UniProtKB	P56485	Ackr3	involved_in	GO:0001570	GO_REF:0000002	IEA	InterPro:IPR001416	P	Atypical chemokine receptor 3	Ackr3|Cmkor1|Cxcr7|Rdc1	protein	taxon:10090	20260727	InterPro		UniProtKB:P56485
UniProtKB	P56485	Ackr3	involved_in	GO:0006935	GO_REF:0000002	IEA	InterPro:IPR001416	P	Atypical chemokine receptor 3	Ackr3|Cmkor1|Cxcr7|Rdc1	protein	taxon:10090	20260727	InterPro		UniProtKB:P56485
UniProtKB	P56485	Ackr3	involved_in	GO:0007186	GO_REF:0000002	IEA	InterPro:IPR000276	P	Atypical chemokine receptor 3	Ackr3|Cmkor1|Cxcr7|Rdc1	protein	taxon:10090	20260727	InterPro		UniProtKB:P56485
UniProtKB	P56485	Ackr3	located_in	GO:0016020	GO_REF:0000002	IEA	InterPro:IPR000276|InterPro:IPR001416|InterPro:IPR017452	C	Atypical chemokine receptor 3	Ackr3|Cmkor1|Cxcr7|Rdc1	protein	taxon:10090	20260727	InterPro		UniProtKB:P56485
UniProtKB	P57110	Adamts8	enables	GO:0004222	GO_REF:0000002	IEA	InterPro:IPR001590	F	A disintegrin and metalloproteinase with thrombospondin motifs 8	Adamts8	protein	taxon:10090	20260727	InterPro		UniProtKB:P57110
UniProtKB	P57110	Adamts8	enables	GO:0008237	GO_REF:0000002	IEA	InterPro:IPR013277|InterPro:IPR024079	F	A disintegrin and metalloproteinase with thrombospondin motifs 8	Adamts8	protein	taxon:10090	20260727	InterPro		UniProtKB:P57110
UniProtKB	P57110	Adamts8	enables	GO:0008270	GO_REF:0000002	IEA	InterPro:IPR013277	F	A disintegrin and metalloproteinase with thrombospondin motifs 8	Adamts8	protein	taxon:10090	20260727	InterPro		UniProtKB:P57110
UniProtKB	P57110	Adamts8	involved_in	GO:0006508	GO_REF:0000002	IEA	InterPro:IPR001590	P	A disintegrin and metalloproteinase with thrombospondin motifs 8	Adamts8	protein	taxon:10090	20260727	InterPro		UniProtKB:P57110
UniProtKB	P57110	Adamts8	involved_in	GO:0030198	GO_REF:0000002	IEA	InterPro:IPR013273	P	A disintegrin and metalloproteinase with thrombospondin motifs 8	Adamts8	protein	taxon:10090	20260727	InterPro		UniProtKB:P57110
UniProtKB	P57110	Adamts8	located_in	GO:0031012	GO_REF:0000002	IEA	InterPro:IPR013277	C	A disintegrin and metalloproteinase with thrombospondin motifs 8	Adamts8	protein	taxon:10090	20260727	InterPro		UniProtKB:P57110
UniProtKB	P57785	Lefty2	enables	GO:0005160	GO_REF:0000002	IEA	InterPro:IPR003942	F	Left-right determination factor 2	Lefty2|Leftb	protein	taxon:10090	20260727	InterPro		UniProtKB:P57785
UniProtKB	P57785	Lefty2	enables	GO:0008083	GO_REF:0000002	IEA	InterPro:IPR001839|InterPro:IPR017948	F	Left-right determination factor 2	Lefty2|Leftb	protein	taxon:10090	20260727	InterPro		UniProtKB:P57785
UniProtKB	P57785	Lefty2	located_in	GO:0005576	GO_REF:0000002	IEA	InterPro:IPR015615	C	Left-right determination factor 2	Lefty2|Leftb	protein	taxon:10090	20260727	InterPro		UniProtKB:P57785
UniProtKB	P58463	Foxp2	enables	GO:0003700	GO_REF:0000002	IEA	InterPro:IPR001766|InterPro:IPR030456	F	Forkhead box protein P2	Foxp2	protein	taxon:10090	20260727	InterPro		UniProtKB:P58463
UniProtKB	P58463	Foxp2	enables	GO:0043565	GO_REF:0000002	IEA	InterPro:IPR001766|InterPro:IPR030456	F	Forkhead box protein P2	Foxp2	protein	taxon:10090	20260727	InterPro		UniProtKB:P58463
UniProtKB	P58463	Foxp2	involved_in	GO:0006355	GO_REF:0000002	IEA	InterPro:IPR001766|InterPro:IPR030456	P	Forkhead box protein P2	Foxp2	protein	taxon:10090	20260727	InterPro		UniProtKB:P58463
UniProtKB	P60202	Plp1	located_in	GO:0016020	GO_REF:0000002	IEA	InterPro:IPR001614	C	Myelin proteolipid protein	Plp1|Plp	protein	taxon:10090	20260727	InterPro		UniProtKB:P60202
UniProtKB	P61014	Pln	enables	GO:0042030	GO_REF:0000002	IEA	InterPro:IPR005984	F	Phospholamban	Pln	protein	taxon:10090	20260727	InterPro		UniProtKB:P61014
UniProtKB	P61014	Pln	located_in	GO:0016020	GO_REF:0000002	IEA	InterPro:IPR005984	C	Phospholamban	Pln	protein	taxon:10090	20260727	InterPro		UniProtKB:P61014
UniProtKB	P61329	Fgf12	enables	GO:0008083	GO_REF:0000002	IEA	InterPro:IPR002209	F	Fibroblast growth factor 12	Fgf12|Fhf1	protein	taxon:10090	20260727	InterPro		UniProtKB:P61329
UniProtKB	P61372	Isl1	enables	GO:0000981	GO_REF:0000002	IEA	InterPro:IPR017970|InterPro:IPR047169	F	Insulin gene enhancer protein ISL-1	Isl1	protein	taxon:10090	20260727	InterPro		UniProtKB:P61372
UniProtKB	P61372	Isl1	enables	GO:0003677	GO_REF:0000002	IEA	InterPro:IPR001356	F	Insulin gene enhancer protein ISL-1	Isl1	protein	taxon:10090	20260727	InterPro		UniProtKB:P61372
UniProtKB	P61372	Isl1	involved_in	GO:0006355	GO_REF:0000002	IEA	InterPro:IPR017970	P	Insulin gene enhancer protein ISL-1	Isl1	protein	taxon:10090	20260727	InterPro		UniProtKB:P61372
UniProtKB	P61372	Isl1	involved_in	GO:0045944	GO_REF:0000002	IEA	InterPro:IPR047169	P	Insulin gene enhancer protein ISL-1	Isl1	protein	taxon:10090	20260727	InterPro		UniProtKB:P61372
UniProtKB	P61372	Isl1	involved_in	GO:0048665	GO_REF:0000002	IEA	InterPro:IPR047169	P	Insulin gene enhancer protein ISL-1	Isl1	protein	taxon:10090	20260727	InterPro		UniProtKB:P61372
UniProtKB	P61375	Lhx5	enables	GO:0000981	GO_REF:0000002	IEA	InterPro:IPR017970	F	LIM/homeobox protein Lhx5	Lhx5	protein	taxon:10090	20260727	InterPro		UniProtKB:P61375
UniProtKB	P61375	Lhx5	enables	GO:0003677	GO_REF:0000002	IEA	InterPro:IPR001356	F	LIM/homeobox protein Lhx5	Lhx5	protein	taxon:10090	20260727	InterPro		UniProtKB:P61375
UniProtKB	P61375	Lhx5	enables	GO:0008270	GO_REF:0000002	IEA	InterPro:IPR049618|InterPro:IPR049619	F	LIM/homeobox protein Lhx5	Lhx5	protein	taxon:10090	20260727	InterPro		UniProtKB:P61375
UniProtKB	P61375	Lhx5	involved_in	GO:0006355	GO_REF:0000002	IEA	InterPro:IPR017970	P	LIM/homeobox protein Lhx5	Lhx5	protein	taxon:10090	20260727	InterPro		UniProtKB:P61375
UniProtKB	P62761	Vsnl1	enables	GO:0005509	GO_REF:0000002	IEA	InterPro:IPR002048|InterPro:IPR028846	F	Visinin-like protein 1	Vsnl1|Visl1	protein	taxon:10090	20260727	InterPro		UniProtKB:P62761
UniProtKB	P62965	Crabp1	enables	GO:0008289	GO_REF:0000002	IEA	InterPro:IPR000463|InterPro:IPR031259	F	Cellular retinoic acid-binding protein 1	Crabp1	protein	taxon:10090	20260727	InterPro		UniProtKB:P62965
UniProtKB	P63006	Lhx1	enables	GO:0000981	GO_REF:0000002	IEA	InterPro:IPR017970	F	LIM/homeobox protein Lhx1	Lhx1|Lim-1|Lim1	protein	taxon:10090	20260727	InterPro		UniProtKB:P63006
UniProtKB	P63006	Lhx1	enables	GO:0003677	GO_REF:0000002	IEA	InterPro:IPR001356	F	LIM/homeobox protein Lhx1	Lhx1|Lim-1|Lim1	protein	taxon:10090	20260727	InterPro		UniProtKB:P63006
UniProtKB	P63006	Lhx1	enables	GO:0008270	GO_REF:0000002	IEA	InterPro:IPR049618|InterPro:IPR049619	F	LIM/homeobox protein Lhx1	Lhx1|Lim-1|Lim1	protein	taxon:10090	20260727	InterPro		UniProtKB:P63006
UniProtKB	P63006	Lhx1	involved_in	GO:0006355	GO_REF:0000002	IEA	InterPro:IPR017970	P	LIM/homeobox protein Lhx1	Lhx1|Lim-1|Lim1	protein	taxon:10090	20260727	InterPro		UniProtKB:P63006
UniProtKB	P63015	Pax6	enables	GO:0000981	GO_REF:0000002	IEA	InterPro:IPR017970	F	Paired box protein Pax-6	Pax6|Pax-6|Sey	protein	taxon:10090	20260727	InterPro		UniProtKB:P63015
UniProtKB	P63015	Pax6	enables	GO:0003677	GO_REF:0000002	IEA	InterPro:IPR001356|InterPro:IPR001523|InterPro:IPR043182|InterPro:IPR043565	F	Paired box protein Pax-6	Pax6|Pax-6|Sey	protein	taxon:10090	20260727	InterPro		UniProtKB:P63015
UniProtKB	P63015	Pax6	involved_in	GO:0006355	GO_REF:0000002	IEA	InterPro:IPR001523|InterPro:IPR017970|InterPro:IPR043565	P	Paired box protein Pax-6	Pax6|Pax-6|Sey	protein	taxon:10090	20260727	InterPro		UniProtKB:P63015
UniProtKB	P63089	Ptn	enables	GO:0008083	GO_REF:0000002	IEA	InterPro:IPR000762|InterPro:IPR020089|InterPro:IPR020090|InterPro:IPR020091|InterPro:IPR020092|InterPro:IPR037122	F	Pleiotrophin	Ptn	protein	taxon:10090	20260727	InterPro		UniProtKB:P63089
UniProtKB	P63143	Kcnab1	enables	GO:0005249	GO_REF:0000002	IEA	InterPro:IPR005983	F	Voltage-gated potassium channel subunit beta-1	Kcnab1|Kvb1	protein	taxon:10090	20260727	InterPro		UniProtKB:P63143
UniProtKB	P63143	Kcnab1	involved_in	GO:0006813	GO_REF:0000002	IEA	InterPro:IPR005400|InterPro:IPR005983	P	Voltage-gated potassium channel subunit beta-1	Kcnab1|Kvb1	protein	taxon:10090	20260727	InterPro		UniProtKB:P63143
UniProtKB	P63143	Kcnab1	involved_in	GO:0055085	GO_REF:0000002	IEA	InterPro:IPR005400	P	Voltage-gated potassium channel subunit beta-1	Kcnab1|Kvb1	protein	taxon:10090	20260727	InterPro		UniProtKB:P63143
UniProtKB	P63143	Kcnab1	located_in	GO:0005737	GO_REF:0000002	IEA	InterPro:IPR005983	C	Voltage-gated potassium channel subunit beta-1	Kcnab1|Kvb1	protein	taxon:10090	20260727	InterPro		UniProtKB:P63143
UniProtKB	P63143	Kcnab1	located_in	GO:0016020	GO_REF:0000002	IEA	InterPro:IPR005400	C	Voltage-gated potassium channel subunit beta-1	Kcnab1|Kvb1	protein	taxon:10090	20260727	InterPro		UniProtKB:P63143
UniProtKB	P63250	Kcnj3	enables	GO:0005242	GO_REF:0000002	IEA	InterPro:IPR016449	F	G protein-activated inward rectifier potassium channel 1	Kcnj3|Girk1	protein	taxon:10090	20260727	InterPro		UniProtKB:P63250
UniProtKB	P63250	Kcnj3	enables	GO:0015467	GO_REF:0000002	IEA	InterPro:IPR003274	F	G protein-activated inward rectifier potassium channel 1	Kcnj3|Girk1	protein	taxon:10090	20260727	InterPro		UniProtKB:P63250
UniProtKB	P63250	Kcnj3	involved_in	GO:0006813	GO_REF:0000002	IEA	InterPro:IPR003274|InterPro:IPR016449	P	G protein-activated inward rectifier potassium channel 1	Kcnj3|Girk1	protein	taxon:10090	20260727	InterPro		UniProtKB:P63250
UniProtKB	P63250	Kcnj3	located_in	GO:0016020	GO_REF:0000002	IEA	InterPro:IPR003274|InterPro:IPR016449	C	G protein-activated inward rectifier potassium channel 1	Kcnj3|Girk1	protein	taxon:10090	20260727	InterPro		UniProtKB:P63250
UniProtKB	P70170	Abcc9	enables	GO:0005524	GO_REF:0000002	IEA	InterPro:IPR000388|InterPro:IPR001475|InterPro:IPR003439|InterPro:IPR011527|InterPro:IPR017871|InterPro:IPR036640	F	ATP-binding cassette sub-family C member 9	Abcc9|Sur2	protein	taxon:10090	20260727	InterPro		UniProtKB:P70170
UniProtKB	P70170	Abcc9	enables	GO:0008281	GO_REF:0000002	IEA	InterPro:IPR000388|InterPro:IPR001475	F	ATP-binding cassette sub-family C member 9	Abcc9|Sur2	protein	taxon:10090	20260727	InterPro		UniProtKB:P70170
UniProtKB	P70170	Abcc9	enables	GO:0016887	GO_REF:0000002	IEA	InterPro:IPR003439|InterPro:IPR017871	F	ATP-binding cassette sub-family C member 9	Abcc9|Sur2	protein	taxon:10090	20260727	InterPro		UniProtKB:P70170
UniProtKB	P70170	Abcc9	enables	GO:0140359	GO_REF:0000002	IEA	InterPro:IPR011527	F	ATP-binding cassette sub-family C member 9	Abcc9|Sur2	protein	taxon:10090	20260727	InterPro		UniProtKB:P70170
UniProtKB	P70170	Abcc9	involved_in	GO:0006813	GO_REF:0000002	IEA	InterPro:IPR000388|InterPro:IPR001475	P	ATP-binding cassette sub-family C member 9	Abcc9|Sur2	protein	taxon:10090	20260727	InterPro		UniProtKB:P70170
UniProtKB	P70170	Abcc9	involved_in	GO:0055085	GO_REF:0000002	IEA	InterPro:IPR011527	P	ATP-binding cassette sub-family C member 9	Abcc9|Sur2	protein	taxon:10090	20260727	InterPro		UniProtKB:P70170
UniProtKB	P70170	Abcc9	located_in	GO:0016020	GO_REF:0000002	IEA	InterPro:IPR000388|InterPro:IPR001475|InterPro:IPR011527|InterPro:IPR036640	C	ATP-binding cassette sub-family C member 9	Abcc9|Sur2	protein	taxon:10090	20260727	InterPro		UniProtKB:P70170
UniProtKB	P70180	Npr3	located_in	GO:0016020	GO_REF:0000002	IEA	InterPro:IPR001170	C	Atrial natriuretic peptide receptor 3	Npr3	protein	taxon:10090	20260727	InterPro		UniProtKB:P70180
UniProtKB	P70224	Gimap1	enables	GO:0005525	GO_REF:0000002	IEA	InterPro:IPR006703	F	GTPase IMAP family member 1	Gimap1|Ian2|Imap1|Imap38	protein	taxon:10090	20260727	InterPro		UniProtKB:P70224
UniProtKB	P70274	Selenop	enables	GO:0008430	GO_REF:0000002	IEA	InterPro:IPR037941	F	Selenoprotein P	Selenop|Selp|Sepp1	protein	taxon:10090	20260727	InterPro		UniProtKB:P70274
UniProtKB	P70313	Nos3	enables	GO:0004517	GO_REF:0000002	IEA	InterPro:IPR004030|InterPro:IPR012144|InterPro:IPR036119	F	Nitric oxide synthase 3	Nos3|Ecnos	protein	taxon:10090	20260727	InterPro		UniProtKB:P70313
UniProtKB	P70313	Nos3	enables	GO:0005516	GO_REF:0000002	IEA	InterPro:IPR012144	F	Nitric oxide synthase 3	Nos3|Ecnos	protein	taxon:10090	20260727	InterPro		UniProtKB:P70313
UniProtKB	P70313	Nos3	enables	GO:0010181	GO_REF:0000002	IEA	InterPro:IPR001094|InterPro:IPR008254|InterPro:IPR012144	F	Nitric oxide synthase 3	Nos3|Ecnos	protein	taxon:10090	20260727	InterPro		UniProtKB:P70313
UniProtKB	P70313	Nos3	enables	GO:0016491	GO_REF:0000002	IEA	InterPro:IPR001433|InterPro:IPR001709|InterPro:IPR003097|InterPro:IPR017927|InterPro:IPR023173	F	Nitric oxide synthase 3	Nos3|Ecnos	protein	taxon:10090	20260727	InterPro		UniProtKB:P70313
UniProtKB	P70313	Nos3	enables	GO:0020037	GO_REF:0000002	IEA	InterPro:IPR012144	F	Nitric oxide synthase 3	Nos3|Ecnos	protein	taxon:10090	20260727	InterPro		UniProtKB:P70313
UniProtKB	P70313	Nos3	enables	GO:0050660	GO_REF:0000002	IEA	InterPro:IPR012144	F	Nitric oxide synthase 3	Nos3|Ecnos	protein	taxon:10090	20260727	InterPro		UniProtKB:P70313
UniProtKB	P70313	Nos3	enables	GO:0050661	GO_REF:0000002	IEA	InterPro:IPR012144	F	Nitric oxide synthase 3	Nos3|Ecnos	protein	taxon:10090	20260727	InterPro		UniProtKB:P70313
UniProtKB	P70313	Nos3	involved_in	GO:0006809	GO_REF:0000002	IEA	InterPro:IPR004030|InterPro:IPR012144|InterPro:IPR036119	P	Nitric oxide synthase 3	Nos3|Ecnos	protein	taxon:10090	20260727	InterPro		UniProtKB:P70313
UniProtKB	P70323	Tbx1	enables	GO:0000978	GO_REF:0000002	IEA	InterPro:IPR001699	F	T-box transcription factor TBX1	Tbx1	protein	taxon:10090	20260727	InterPro		UniProtKB:P70323
UniProtKB	P70323	Tbx1	enables	GO:0003700	GO_REF:0000002	IEA	InterPro:IPR001699|InterPro:IPR008967|InterPro:IPR018186|InterPro:IPR036960|InterPro:IPR046360	F	T-box transcription factor TBX1	Tbx1	protein	taxon:10090	20260727	InterPro		UniProtKB:P70323
UniProtKB	P70323	Tbx1	involved_in	GO:0006355	GO_REF:0000002	IEA	InterPro:IPR001699|InterPro:IPR008967|InterPro:IPR018186|InterPro:IPR036960	P	T-box transcription factor TBX1	Tbx1	protein	taxon:10090	20260727	InterPro		UniProtKB:P70323
UniProtKB	P70323	Tbx1	involved_in	GO:0045893	GO_REF:0000002	IEA	InterPro:IPR046360	P	T-box transcription factor TBX1	Tbx1	protein	taxon:10090	20260727	InterPro		UniProtKB:P70323
UniProtKB	P70323	Tbx1	located_in	GO:0005634	GO_REF:0000002	IEA	InterPro:IPR018186|InterPro:IPR036960	C	T-box transcription factor TBX1	Tbx1	protein	taxon:10090	20260727	InterPro		UniProtKB:P70323
UniProtKB	P70324	Tbx3	enables	GO:0000978	GO_REF:0000002	IEA	InterPro:IPR001699	F	T-box transcription factor TBX3	Tbx3	protein	taxon:10090	20260727	InterPro		UniProtKB:P70324
UniProtKB	P70324	Tbx3	enables	GO:0003700	GO_REF:0000002	IEA	InterPro:IPR001699|InterPro:IPR008967|InterPro:IPR018186|InterPro:IPR036960|InterPro:IPR046360	F	T-box transcription factor TBX3	Tbx3	protein	taxon:10090	20260727	InterPro		UniProtKB:P70324
UniProtKB	P70324	Tbx3	involved_in	GO:0006355	GO_REF:0000002	IEA	InterPro:IPR001699|InterPro:IPR008967|InterPro:IPR018186|InterPro:IPR036960	P	T-box transcription factor TBX3	Tbx3	protein	taxon:10090	20260727	InterPro		UniProtKB:P70324
UniProtKB	P70324	Tbx3	involved_in	GO:0045893	GO_REF:0000002	IEA	InterPro:IPR046360	P	T-box transcription factor TBX3	Tbx3	protein	taxon:10090	20260727	InterPro		UniProtKB:P70324
UniProtKB	P70324	Tbx3	located_in	GO:0005634	GO_REF:0000002	IEA	InterPro:IPR018186|InterPro:IPR036960	C	T-box transcription factor TBX3	Tbx3	protein	taxon:10090	20260727	InterPro		UniProtKB:P70324
UniProtKB	P70325	Tbx4	enables	GO:0000978	GO_REF:0000002	IEA	InterPro:IPR001699	F	T-box transcription factor TBX4	Tbx4	protein	taxon:10090	20260727	InterPro		UniProtKB:P70325
UniProtKB	P70325	Tbx4	enables	GO:0003700	GO_REF:0000002	IEA	InterPro:IPR001699|InterPro:IPR008967|InterPro:IPR018186|InterPro:IPR036960|InterPro:IPR046360	F	T-box transcription factor TBX4	Tbx4	protein	taxon:10090	20260727	InterPro		UniProtKB:P70325
UniProtKB	P70325	Tbx4	involved_in	GO:0006355	GO_REF:0000002	IEA	InterPro:IPR001699|InterPro:IPR008967|InterPro:IPR018186|InterPro:IPR036960	P	T-box transcription factor TBX4	Tbx4	protein	taxon:10090	20260727	InterPro		UniProtKB:P70325
UniProtKB	P70325	Tbx4	involved_in	GO:0045893	GO_REF:0000002	IEA	InterPro:IPR046360	P	T-box transcription factor TBX4	Tbx4	protein	taxon:10090	20260727	InterPro		UniProtKB:P70325
UniProtKB	P70325	Tbx4	located_in	GO:0005634	GO_REF:0000002	IEA	InterPro:IPR018186|InterPro:IPR036960	C	T-box transcription factor TBX4	Tbx4	protein	taxon:10090	20260727	InterPro		UniProtKB:P70325
UniProtKB	P70326	Tbx5	enables	GO:0000978	GO_REF:0000002	IEA	InterPro:IPR001699	F	T-box transcription factor TBX5	Tbx5	protein	taxon:10090	20260727	InterPro		UniProtKB:P70326
UniProtKB	P70326	Tbx5	enables	GO:0003700	GO_REF:0000002	IEA	InterPro:IPR001699|InterPro:IPR008967|InterPro:IPR018186|InterPro:IPR036960|InterPro:IPR046360	F	T-box transcription factor TBX5	Tbx5	protein	taxon:10090	20260727	InterPro		UniProtKB:P70326
UniProtKB	P70326	Tbx5	involved_in	GO:0006355	GO_REF:0000002	IEA	InterPro:IPR001699|InterPro:IPR008967|InterPro:IPR018186|InterPro:IPR036960	P	T-box transcription factor TBX5	Tbx5	protein	taxon:10090	20260727	InterPro		UniProtKB:P70326
UniProtKB	P70326	Tbx5	involved_in	GO:0045893	GO_REF:0000002	IEA	InterPro:IPR046360	P	T-box transcription factor TBX5	Tbx5	protein	taxon:10090	20260727	InterPro		UniProtKB:P70326
UniProtKB	P70326	Tbx5	located_in	GO:0005634	GO_REF:0000002	IEA	InterPro:IPR018186|InterPro:IPR036960	C	T-box transcription factor TBX5	Tbx5	protein	taxon:10090	20260727	InterPro		UniProtKB:P70326
UniProtKB	P70327	Tbx6	enables	GO:0000978	GO_REF:0000002	IEA	InterPro:IPR001699	F	T-box transcription factor TBX6	Tbx6	protein	taxon:10090	20260727	InterPro		UniProtKB:P70327
UniProtKB	P70327	Tbx6	enables	GO:0003700	GO_REF:0000002	IEA	InterPro:IPR001699|InterPro:IPR002070|InterPro:IPR008967|InterPro:IPR018186|InterPro:IPR036960|InterPro:IPR046360	F	T-box transcription factor TBX6	Tbx6	protein	taxon:10090	20260727	InterPro		UniProtKB:P70327
UniProtKB	P70327	Tbx6	involved_in	GO:0006355	GO_REF:0000002	IEA	InterPro:IPR001699|InterPro:IPR002070|InterPro:IPR008967|InterPro:IPR018186|InterPro:IPR036960	P	T-box transcription factor TBX6	Tbx6	protein	taxon:10090	20260727	InterPro		UniProtKB:P70327
UniProtKB	P70327	Tbx6	involved_in	GO:0045893	GO_REF:0000002	IEA	InterPro:IPR046360	P	T-box transcription factor TBX6	Tbx6	protein	taxon:10090	20260727	InterPro		UniProtKB:P70327
UniProtKB	P70327	Tbx6	located_in	GO:0005634	GO_REF:0000002	IEA	InterPro:IPR002070|InterPro:IPR018186|InterPro:IPR036960	C	T-box transcription factor TBX6	Tbx6	protein	taxon:10090	20260727	InterPro		UniProtKB:P70327
UniProtKB	P70343	Casp4	enables	GO:0004197	GO_REF:0000002	IEA	InterPro:IPR001309|InterPro:IPR002138|InterPro:IPR002398|InterPro:IPR011600	F	Caspase-4	Casp4|Casp11|Caspl|Ich3	protein	taxon:10090	20260727	InterPro		UniProtKB:P70343
UniProtKB	P70343	Casp4	enables	GO:0008234	GO_REF:0000002	IEA	InterPro:IPR015917	F	Caspase-4	Casp4|Casp11|Caspl|Ich3	protein	taxon:10090	20260727	InterPro		UniProtKB:P70343
UniProtKB	P70343	Casp4	involved_in	GO:0006508	GO_REF:0000002	IEA	InterPro:IPR001309|InterPro:IPR002138|InterPro:IPR002398|InterPro:IPR011600	P	Caspase-4	Casp4|Casp11|Caspl|Ich3	protein	taxon:10090	20260727	InterPro		UniProtKB:P70343
UniProtKB	P70343	Casp4	involved_in	GO:0042981	GO_REF:0000002	IEA	InterPro:IPR001315	P	Caspase-4	Casp4|Casp11|Caspl|Ich3	protein	taxon:10090	20260727	InterPro		UniProtKB:P70343
UniProtKB	P70377	Fgf13	enables	GO:0008083	GO_REF:0000002	IEA	InterPro:IPR002209	F	Fibroblast growth factor 13	Fgf13|Fhf2	protein	taxon:10090	20260727	InterPro		UniProtKB:P70377
UniProtKB	P70379	Fgf14	enables	GO:0008083	GO_REF:0000002	IEA	InterPro:IPR002209	F	Fibroblast growth factor 14	Fgf14|Fhf4	protein	taxon:10090	20260727	InterPro		UniProtKB:P70379
UniProtKB	P70390	Shox2	enables	GO:0000981	GO_REF:0000002	IEA	InterPro:IPR017970	F	Short stature homeobox protein 2	Shox2|Og12x|Prx3	protein	taxon:10090	20260727	InterPro		UniProtKB:P70390
UniProtKB	P70390	Shox2	enables	GO:0003677	GO_REF:0000002	IEA	InterPro:IPR000047|InterPro:IPR001356	F	Short stature homeobox protein 2	Shox2|Og12x|Prx3	protein	taxon:10090	20260727	InterPro		UniProtKB:P70390
UniProtKB	P70390	Shox2	involved_in	GO:0006355	GO_REF:0000002	IEA	InterPro:IPR017970	P	Short stature homeobox protein 2	Shox2|Og12x|Prx3	protein	taxon:10090	20260727	InterPro		UniProtKB:P70390
UniProtKB	P70396	Dlx5	enables	GO:0000981	GO_REF:0000002	IEA	InterPro:IPR017970	F	Homeobox protein DLX-5	Dlx5	protein	taxon:10090	20260727	InterPro		UniProtKB:P70396
UniProtKB	P70396	Dlx5	enables	GO:0003677	GO_REF:0000002	IEA	InterPro:IPR000047|InterPro:IPR001356|InterPro:IPR020479	F	Homeobox protein DLX-5	Dlx5	protein	taxon:10090	20260727	InterPro		UniProtKB:P70396
UniProtKB	P70396	Dlx5	involved_in	GO:0006355	GO_REF:0000002	IEA	InterPro:IPR017970	P	Homeobox protein DLX-5	Dlx5	protein	taxon:10090	20260727	InterPro		UniProtKB:P70396
UniProtKB	P70423	Slc7a3	enables	GO:0022857	GO_REF:0000002	IEA	InterPro:IPR002293	F	Cationic amino acid transporter 3	Slc7a3|Atrc3|Cat3	protein	taxon:10090	20260727	InterPro		UniProtKB:P70423
UniProtKB	P70423	Slc7a3	involved_in	GO:0006865	GO_REF:0000002	IEA	InterPro:IPR004755	P	Cationic amino acid transporter 3	Slc7a3|Atrc3|Cat3	protein	taxon:10090	20260727	InterPro		UniProtKB:P70423
UniProtKB	P70423	Slc7a3	involved_in	GO:0055085	GO_REF:0000002	IEA	InterPro:IPR002293	P	Cationic amino acid transporter 3	Slc7a3|Atrc3|Cat3	protein	taxon:10090	20260727	InterPro		UniProtKB:P70423
UniProtKB	P70423	Slc7a3	located_in	GO:0016020	GO_REF:0000002	IEA	InterPro:IPR002293|InterPro:IPR004755	C	Cationic amino acid transporter 3	Slc7a3|Atrc3|Cat3	protein	taxon:10090	20260727	InterPro		UniProtKB:P70423
UniProtKB	P80206	Otx2	enables	GO:0000981	GO_REF:0000002	IEA	InterPro:IPR017970	F	Homeobox protein OTX2	Otx2|Otx-2	protein	taxon:10090	20260727	InterPro		UniProtKB:P80206
UniProtKB	P80206	Otx2	enables	GO:0003677	GO_REF:0000002	IEA	InterPro:IPR001356|InterPro:IPR003022|InterPro:IPR003025	F	Homeobox protein OTX2	Otx2|Otx-2	protein	taxon:10090	20260727	InterPro		UniProtKB:P80206
UniProtKB	P80206	Otx2	enables	GO:0003700	GO_REF:0000002	IEA	InterPro:IPR003022|InterPro:IPR003025|InterPro:IPR013851	F	Homeobox protein OTX2	Otx2|Otx-2	protein	taxon:10090	20260727	InterPro		UniProtKB:P80206
UniProtKB	P80206	Otx2	involved_in	GO:0006355	GO_REF:0000002	IEA	InterPro:IPR017970	P	Homeobox protein OTX2	Otx2|Otx-2	protein	taxon:10090	20260727	InterPro		UniProtKB:P80206
UniProtKB	P80206	Otx2	located_in	GO:0005634	GO_REF:0000002	IEA	InterPro:IPR003022|InterPro:IPR003025|InterPro:IPR013851	C	Homeobox protein OTX2	Otx2|Otx-2	protein	taxon:10090	20260727	InterPro		UniProtKB:P80206
UniProtKB	P81067	Irx3	enables	GO:0000981	GO_REF:0000002	IEA	InterPro:IPR017970	F	Iroquois-class homeodomain protein IRX-3	Irx3|Irxb1	protein	taxon:10090	20260727	InterPro		UniProtKB:P81067
UniProtKB	P81067	Irx3	enables	GO:0003677	GO_REF:0000002	IEA	InterPro:IPR001356|InterPro:IPR003893|InterPro:IPR008422	F	Iroquois-class homeodomain protein IRX-3	Irx3|Irxb1	protein	taxon:10090	20260727	InterPro		UniProtKB:P81067
UniProtKB	P81067	Irx3	involved_in	GO:0006355	GO_REF:0000002	IEA	InterPro:IPR003893|InterPro:IPR008422|InterPro:IPR017970	P	Iroquois-class homeodomain protein IRX-3	Irx3|Irxb1	protein	taxon:10090	20260727	InterPro		UniProtKB:P81067
UniProtKB	P81067	Irx3	located_in	GO:0005634	GO_REF:0000002	IEA	InterPro:IPR003893	C	Iroquois-class homeodomain protein IRX-3	Irx3|Irxb1	protein	taxon:10090	20260727	InterPro		UniProtKB:P81067
UniProtKB	P81068	Irx1	enables	GO:0000981	GO_REF:0000002	IEA	InterPro:IPR017970	F	Iroquois-class homeodomain protein IRX-1	Irx1|Irxa1	protein	taxon:10090	20260727	InterPro		UniProtKB:P81068
UniProtKB	P81068	Irx1	enables	GO:0003677	GO_REF:0000002	IEA	InterPro:IPR001356|InterPro:IPR003893|InterPro:IPR008422	F	Iroquois-class homeodomain protein IRX-1	Irx1|Irxa1	protein	taxon:10090	20260727	InterPro		UniProtKB:P81068
UniProtKB	P81068	Irx1	involved_in	GO:0006355	GO_REF:0000002	IEA	InterPro:IPR003893|InterPro:IPR008422|InterPro:IPR017970	P	Iroquois-class homeodomain protein IRX-1	Irx1|Irxa1	protein	taxon:10090	20260727	InterPro		UniProtKB:P81068
UniProtKB	P81068	Irx1	located_in	GO:0005634	GO_REF:0000002	IEA	InterPro:IPR003893	C	Iroquois-class homeodomain protein IRX-1	Irx1|Irxa1	protein	taxon:10090	20260727	InterPro		UniProtKB:P81068
UniProtKB	P97297	Adm	enables	GO:0005179	GO_REF:0000002	IEA	InterPro:IPR001710|InterPro:IPR021116	F	Pro-adrenomedullin	Adm	protein	taxon:10090	20260727	InterPro		UniProtKB:P97297
UniProtKB	P97297	Adm	located_in	GO:0005576	GO_REF:0000002	IEA	InterPro:IPR001710|InterPro:IPR021116	C	Pro-adrenomedullin	Adm	protein	taxon:10090	20260727	InterPro		UniProtKB:P97297
UniProtKB	P97436	Nkx3-1	enables	GO:0000981	GO_REF:0000002	IEA	InterPro:IPR017970	F	Homeobox protein Nkx-3.1	Nkx3-1|Nkx-3.1|Nkx3a	protein	taxon:10090	20260727	InterPro		UniProtKB:P97436
UniProtKB	P97436	Nkx3-1	enables	GO:0003677	GO_REF:0000002	IEA	InterPro:IPR001356|InterPro:IPR020479	F	Homeobox protein Nkx-3.1	Nkx3-1|Nkx-3.1|Nkx3a	protein	taxon:10090	20260727	InterPro		UniProtKB:P97436
UniProtKB	P97436	Nkx3-1	involved_in	GO:0006355	GO_REF:0000002	IEA	InterPro:IPR017970	P	Homeobox protein Nkx-3.1	Nkx3-1|Nkx-3.1|Nkx3a	protein	taxon:10090	20260727	InterPro		UniProtKB:P97436
UniProtKB	P97467	Pam	enables	GO:0003824	GO_REF:0000002	IEA	InterPro:IPR000720|InterPro:IPR008977	F	Peptidyl-glycine alpha-amidating monooxygenase	Pam	protein	taxon:10090	20260727	InterPro		UniProtKB:P97467
UniProtKB	P97467	Pam	enables	GO:0004497	GO_REF:0000002	IEA	InterPro:IPR000323|InterPro:IPR036939	F	Peptidyl-glycine alpha-amidating monooxygenase	Pam	protein	taxon:10090	20260727	InterPro		UniProtKB:P97467
UniProtKB	P97467	Pam	enables	GO:0005507	GO_REF:0000002	IEA	InterPro:IPR000323|InterPro:IPR036939	F	Peptidyl-glycine alpha-amidating monooxygenase	Pam	protein	taxon:10090	20260727	InterPro		UniProtKB:P97467
UniProtKB	P97467	Pam	enables	GO:0016715	GO_REF:0000002	IEA	InterPro:IPR000323|InterPro:IPR014783|InterPro:IPR014784|InterPro:IPR020611|InterPro:IPR036939	F	Peptidyl-glycine alpha-amidating monooxygenase	Pam	protein	taxon:10090	20260727	InterPro		UniProtKB:P97467
UniProtKB	P97467	Pam	involved_in	GO:0006518	GO_REF:0000002	IEA	InterPro:IPR000720	P	Peptidyl-glycine alpha-amidating monooxygenase	Pam	protein	taxon:10090	20260727	InterPro		UniProtKB:P97467
UniProtKB	P97467	Pam	located_in	GO:0016020	GO_REF:0000002	IEA	InterPro:IPR000720	C	Peptidyl-glycine alpha-amidating monooxygenase	Pam	protein	taxon:10090	20260727	InterPro		UniProtKB:P97467
UniProtKB	P97474	Pitx2	enables	GO:0000981	GO_REF:0000002	IEA	InterPro:IPR017970	F	Pituitary homeobox 2	Pitx2|Arp1|Brx1|Otlx2|Ptx2|Rgs|Rieg	protein	taxon:10090	20260727	InterPro		UniProtKB:P97474
UniProtKB	P97474	Pitx2	enables	GO:0003677	GO_REF:0000002	IEA	InterPro:IPR001356	F	Pituitary homeobox 2	Pitx2|Arp1|Brx1|Otlx2|Ptx2|Rgs|Rieg	protein	taxon:10090	20260727	InterPro		UniProtKB:P97474
UniProtKB	P97474	Pitx2	enables	GO:0003700	GO_REF:0000002	IEA	InterPro:IPR016233	F	Pituitary homeobox 2	Pitx2|Arp1|Brx1|Otlx2|Ptx2|Rgs|Rieg	protein	taxon:10090	20260727	InterPro		UniProtKB:P97474
UniProtKB	P97474	Pitx2	involved_in	GO:0006355	GO_REF:0000002	IEA	InterPro:IPR017970	P	Pituitary homeobox 2	Pitx2|Arp1|Brx1|Otlx2|Ptx2|Rgs|Rieg	protein	taxon:10090	20260727	InterPro		UniProtKB:P97474
UniProtKB	P97489	Gata5	enables	GO:0000981	GO_REF:0000002	IEA	InterPro:IPR016375	F	Transcription factor GATA-5	Gata5	protein	taxon:10090	20260727	InterPro		UniProtKB:P97489
UniProtKB	P97489	Gata5	enables	GO:0003677	GO_REF:0000002	IEA	InterPro:IPR008013	F	Transcription factor GATA-5	Gata5	protein	taxon:10090	20260727	InterPro		UniProtKB:P97489
UniProtKB	P97489	Gata5	enables	GO:0003700	GO_REF:0000002	IEA	InterPro:IPR039355	F	Transcription factor GATA-5	Gata5	protein	taxon:10090	20260727	InterPro		UniProtKB:P97489
UniProtKB	P97489	Gata5	enables	GO:0008270	GO_REF:0000002	IEA	InterPro:IPR008013|InterPro:IPR013088	F	Transcription factor GATA-5	Gata5	protein	taxon:10090	20260727	InterPro		UniProtKB:P97489
UniProtKB	P97489	Gata5	enables	GO:0043565	GO_REF:0000002	IEA	InterPro:IPR000679	F	Transcription factor GATA-5	Gata5	protein	taxon:10090	20260727	InterPro		UniProtKB:P97489
UniProtKB	P97489	Gata5	involved_in	GO:0006355	GO_REF:0000002	IEA	InterPro:IPR000679|InterPro:IPR013088|InterPro:IPR016375	P	Transcription factor GATA-5	Gata5	protein	taxon:10090	20260727	InterPro		UniProtKB:P97489
UniProtKB	P97489	Gata5	involved_in	GO:0006357	GO_REF:0000002	IEA	InterPro:IPR039355	P	Transcription factor GATA-5	Gata5	protein	taxon:10090	20260727	InterPro		UniProtKB:P97489
UniProtKB	P97489	Gata5	involved_in	GO:0045893	GO_REF:0000002	IEA	InterPro:IPR008013	P	Transcription factor GATA-5	Gata5	protein	taxon:10090	20260727	InterPro		UniProtKB:P97489
UniProtKB	P97489	Gata5	located_in	GO:0005634	GO_REF:0000002	IEA	InterPro:IPR008013	C	Transcription factor GATA-5	Gata5	protein	taxon:10090	20260727	InterPro		UniProtKB:P97489
UniProtKB	P97504	Bmx	enables	GO:0004672	GO_REF:0000002	IEA	InterPro:IPR001245|InterPro:IPR008266	F	Cytoplasmic tyrosine-protein kinase BMX	Bmx	protein	taxon:10090	20260727	InterPro		UniProtKB:P97504
UniProtKB	P97504	Bmx	enables	GO:0004713	GO_REF:0000002	IEA	InterPro:IPR020635	F	Cytoplasmic tyrosine-protein kinase BMX	Bmx	protein	taxon:10090	20260727	InterPro		UniProtKB:P97504
UniProtKB	P97504	Bmx	enables	GO:0005524	GO_REF:0000002	IEA	InterPro:IPR000719|InterPro:IPR017441	F	Cytoplasmic tyrosine-protein kinase BMX	Bmx	protein	taxon:10090	20260727	InterPro		UniProtKB:P97504
UniProtKB	P97504	Bmx	involved_in	GO:0035556	GO_REF:0000002	IEA	InterPro:IPR001562	P	Cytoplasmic tyrosine-protein kinase BMX	Bmx	protein	taxon:10090	20260727	InterPro		UniProtKB:P97504
UniProtKB	P97737	Gdf10	enables	GO:0008083	GO_REF:0000002	IEA	InterPro:IPR001839|InterPro:IPR017948	F	Growth/differentiation factor 10	Gdf10|Bmp3b	protein	taxon:10090	20260727	InterPro		UniProtKB:P97737
UniProtKB	P97737	Gdf10	involved_in	GO:0001649	GO_REF:0000002	IEA	InterPro:IPR017197	P	Growth/differentiation factor 10	Gdf10|Bmp3b	protein	taxon:10090	20260727	InterPro		UniProtKB:P97737
UniProtKB	P97737	Gdf10	located_in	GO:0005576	GO_REF:0000002	IEA	InterPro:IPR015615	C	Growth/differentiation factor 10	Gdf10|Bmp3b	protein	taxon:10090	20260727	InterPro		UniProtKB:P97737
UniProtKB	P97769	Cited1	involved_in	GO:0006355	GO_REF:0000002	IEA	InterPro:IPR007576	P	Cbp/p300-interacting transactivator 1	Cited1|Msg1	protein	taxon:10090	20260727	InterPro		UniProtKB:P97769
UniProtKB	P97769	Cited1	located_in	GO:0005634	GO_REF:0000002	IEA	InterPro:IPR007576	C	Cbp/p300-interacting transactivator 1	Cited1|Msg1	protein	taxon:10090	20260727	InterPro		UniProtKB:P97769
UniProtKB	P97808	Fxyd5	enables	GO:0099106	GO_REF:0000002	IEA	InterPro:IPR000272	F	FXYD domain-containing ion transport regulator 5	Fxyd5|Oit2	protein	taxon:10090	20260727	InterPro		UniProtKB:P97808
UniProtKB	P97808	Fxyd5	involved_in	GO:0043269	GO_REF:0000002	IEA	InterPro:IPR000272	P	FXYD domain-containing ion transport regulator 5	Fxyd5|Oit2	protein	taxon:10090	20260727	InterPro		UniProtKB:P97808
UniProtKB	P97808	Fxyd5	located_in	GO:0016020	GO_REF:0000002	IEA	InterPro:IPR000272	C	FXYD domain-containing ion transport regulator 5	Fxyd5|Oit2	protein	taxon:10090	20260727	InterPro		UniProtKB:P97808
UniProtKB	P97953	Vegfc	enables	GO:0008083	GO_REF:0000002	IEA	InterPro:IPR000072	F	Vascular endothelial growth factor C	Vegfc	protein	taxon:10090	20260727	InterPro		UniProtKB:P97953
UniProtKB	P97953	Vegfc	located_in	GO:0016020	GO_REF:0000002	IEA	InterPro:IPR000072	C	Vascular endothelial growth factor C	Vegfc	protein	taxon:10090	20260727	InterPro		UniProtKB:P97953
UniProtKB	Q00623	Apoa1	enables	GO:0008289	GO_REF:0000002	IEA	InterPro:IPR000074	F	Apolipoprotein A-I	Apoa1	protein	taxon:10090	20260727	InterPro		UniProtKB:Q00623
UniProtKB	Q00623	Apoa1	involved_in	GO:0006869	GO_REF:0000002	IEA	InterPro:IPR000074	P	Apolipoprotein A-I	Apoa1	protein	taxon:10090	20260727	InterPro		UniProtKB:Q00623
UniProtKB	Q00623	Apoa1	involved_in	GO:0042157	GO_REF:0000002	IEA	InterPro:IPR000074	P	Apolipoprotein A-I	Apoa1	protein	taxon:10090	20260727	InterPro		UniProtKB:Q00623
UniProtKB	Q00623	Apoa1	located_in	GO:0005576	GO_REF:0000002	IEA	InterPro:IPR000074	C	Apolipoprotein A-I	Apoa1	protein	taxon:10090	20260727	InterPro		UniProtKB:Q00623
UniProtKB	Q00651	Itga4	involved_in	GO:0007155	GO_REF:0000002	IEA	InterPro:IPR000413	P	Integrin alpha-4	Itga4	protein	taxon:10090	20260727	InterPro		UniProtKB:Q00651
UniProtKB	Q00651	Itga4	part_of	GO:0008305	GO_REF:0000002	IEA	InterPro:IPR000413	C	Integrin alpha-4	Itga4	protein	taxon:10090	20260727	InterPro		UniProtKB:Q00651
UniProtKB	Q01149	Col1a2	enables	GO:0005201	GO_REF:0000002	IEA	InterPro:IPR000885	F	Collagen alpha-2(I) chain	Col1a2|Cola2	protein	taxon:10090	20260727	InterPro		UniProtKB:Q01149
UniProtKB	Q01231	Gja5	involved_in	GO:0007154	GO_REF:0000002	IEA	InterPro:IPR000500|InterPro:IPR002264|InterPro:IPR017990	P	Gap junction alpha-5 protein	Gja5|Cxn-40	protein	taxon:10090	20260727	InterPro		UniProtKB:Q01231
UniProtKB	Q01231	Gja5	part_of	GO:0005922	GO_REF:0000002	IEA	InterPro:IPR000500|InterPro:IPR002264|InterPro:IPR017990	C	Gap junction alpha-5 protein	Gja5|Cxn-40	protein	taxon:10090	20260727	InterPro		UniProtKB:Q01231
UniProtKB	Q01320	Top2a	enables	GO:0003677	GO_REF:0000002	IEA	InterPro:IPR001154|InterPro:IPR001241|InterPro:IPR002205|InterPro:IPR013506|InterPro:IPR013757|InterPro:IPR013758|InterPro:IPR013759|InterPro:IPR018522	F	DNA topoisomerase 2-alpha	Top2a|Top-2|Top2	protein	taxon:10090	20260727	InterPro		UniProtKB:Q01320
UniProtKB	Q01320	Top2a	enables	GO:0003918	GO_REF:0000002	IEA	InterPro:IPR001154|InterPro:IPR001241|InterPro:IPR002205|InterPro:IPR013506|InterPro:IPR013757|InterPro:IPR013758|InterPro:IPR013759|InterPro:IPR013760|InterPro:IPR018522	F	DNA topoisomerase 2-alpha	Top2a|Top-2|Top2	protein	taxon:10090	20260727	InterPro		UniProtKB:Q01320
UniProtKB	Q01320	Top2a	enables	GO:0005524	GO_REF:0000002	IEA	InterPro:IPR001154|InterPro:IPR001241|InterPro:IPR002205|InterPro:IPR013506|InterPro:IPR013757|InterPro:IPR013758|InterPro:IPR013759|InterPro:IPR013760|InterPro:IPR018522	F	DNA topoisomerase 2-alpha	Top2a|Top-2|Top2	protein	taxon:10090	20260727	InterPro		UniProtKB:Q01320
UniProtKB	Q01320	Top2a	involved_in	GO:0006259	GO_REF:0000002	IEA	InterPro:IPR013758	P	DNA topoisomerase 2-alpha	Top2a|Top-2|Top2	protein	taxon:10090	20260727	InterPro		UniProtKB:Q01320
UniProtKB	Q01320	Top2a	involved_in	GO:0006265	GO_REF:0000002	IEA	InterPro:IPR001154|InterPro:IPR001241|InterPro:IPR002205|InterPro:IPR013506|InterPro:IPR013758|InterPro:IPR013759|InterPro:IPR018522	P	DNA topoisomerase 2-alpha	Top2a|Top-2|Top2	protein	taxon:10090	20260727	InterPro		UniProtKB:Q01320
UniProtKB	Q01822	Hoxd1	enables	GO:0000981	GO_REF:0000002	IEA	InterPro:IPR017970	F	Homeobox protein Hox-D1	Hoxd1|Hox-4.9|Hoxd-1	protein	taxon:10090	20260727	InterPro		UniProtKB:Q01822
UniProtKB	Q01822	Hoxd1	enables	GO:0003677	GO_REF:0000002	IEA	InterPro:IPR001356|InterPro:IPR020479	F	Homeobox protein Hox-D1	Hoxd1|Hox-4.9|Hoxd-1	protein	taxon:10090	20260727	InterPro		UniProtKB:Q01822
UniProtKB	Q01822	Hoxd1	enables	GO:0003700	GO_REF:0000002	IEA	InterPro:IPR046327	F	Homeobox protein Hox-D1	Hoxd1|Hox-4.9|Hoxd-1	protein	taxon:10090	20260727	InterPro		UniProtKB:Q01822
UniProtKB	Q01822	Hoxd1	enables	GO:0043565	GO_REF:0000002	IEA	InterPro:IPR046327	F	Homeobox protein Hox-D1	Hoxd1|Hox-4.9|Hoxd-1	protein	taxon:10090	20260727	InterPro		UniProtKB:Q01822
UniProtKB	Q01822	Hoxd1	involved_in	GO:0006355	GO_REF:0000002	IEA	InterPro:IPR017970	P	Homeobox protein Hox-D1	Hoxd1|Hox-4.9|Hoxd-1	protein	taxon:10090	20260727	InterPro		UniProtKB:Q01822
UniProtKB	Q01822	Hoxd1	involved_in	GO:0006357	GO_REF:0000002	IEA	InterPro:IPR046327	P	Homeobox protein Hox-D1	Hoxd1|Hox-4.9|Hoxd-1	protein	taxon:10090	20260727	InterPro		UniProtKB:Q01822
UniProtKB	Q03137	Epha4	enables	GO:0004672	GO_REF:0000002	IEA	InterPro:IPR001245|InterPro:IPR008266	F	Ephrin type-A receptor 4	Epha4|Sek|Sek1	protein	taxon:10090	20260727	InterPro		UniProtKB:Q03137
UniProtKB	Q03137	Epha4	enables	GO:0004713	GO_REF:0000002	IEA	InterPro:IPR020635	F	Ephrin type-A receptor 4	Epha4|Sek|Sek1	protein	taxon:10090	20260727	InterPro		UniProtKB:Q03137
UniProtKB	Q03137	Epha4	enables	GO:0005003	GO_REF:0000002	IEA	InterPro:IPR001426|InterPro:IPR016257	F	Ephrin type-A receptor 4	Epha4|Sek|Sek1	protein	taxon:10090	20260727	InterPro		UniProtKB:Q03137
UniProtKB	Q03137	Epha4	enables	GO:0005524	GO_REF:0000002	IEA	InterPro:IPR000719|InterPro:IPR001426|InterPro:IPR016257|InterPro:IPR017441	F	Ephrin type-A receptor 4	Epha4|Sek|Sek1	protein	taxon:10090	20260727	InterPro		UniProtKB:Q03137
UniProtKB	Q03137	Epha4	involved_in	GO:0007169	GO_REF:0000002	IEA	InterPro:IPR001426|InterPro:IPR016257	P	Ephrin type-A receptor 4	Epha4|Sek|Sek1	protein	taxon:10090	20260727	InterPro		UniProtKB:Q03137
UniProtKB	Q03137	Epha4	located_in	GO:0005886	GO_REF:0000002	IEA	InterPro:IPR016257	C	Ephrin type-A receptor 4	Epha4|Sek|Sek1	protein	taxon:10090	20260727	InterPro		UniProtKB:Q03137
UniProtKB	Q03137	Epha4	located_in	GO:0016020	GO_REF:0000002	IEA	InterPro:IPR001426	C	Ephrin type-A receptor 4	Epha4|Sek|Sek1	protein	taxon:10090	20260727	InterPro		UniProtKB:Q03137
UniProtKB	Q03347	Runx1	enables	GO:0003677	GO_REF:0000002	IEA	InterPro:IPR000040|InterPro:IPR012346|InterPro:IPR013524	F	Runt-related transcription factor 1	Runx1|Aml1|Cbfa2|Pebp2ab	protein	taxon:10090	20260727	InterPro		UniProtKB:Q03347
UniProtKB	Q03347	Runx1	enables	GO:0003700	GO_REF:0000002	IEA	InterPro:IPR008967|InterPro:IPR012346|InterPro:IPR013524	F	Runt-related transcription factor 1	Runx1|Aml1|Cbfa2|Pebp2ab	protein	taxon:10090	20260727	InterPro		UniProtKB:Q03347
UniProtKB	Q03347	Runx1	enables	GO:0005524	GO_REF:0000002	IEA	InterPro:IPR000040	F	Runt-related transcription factor 1	Runx1|Aml1|Cbfa2|Pebp2ab	protein	taxon:10090	20260727	InterPro		UniProtKB:Q03347
UniProtKB	Q03347	Runx1	involved_in	GO:0006355	GO_REF:0000002	IEA	InterPro:IPR000040|InterPro:IPR008967|InterPro:IPR012346|InterPro:IPR013524	P	Runt-related transcription factor 1	Runx1|Aml1|Cbfa2|Pebp2ab	protein	taxon:10090	20260727	InterPro		UniProtKB:Q03347
UniProtKB	Q03347	Runx1	located_in	GO:0005634	GO_REF:0000002	IEA	InterPro:IPR000040|InterPro:IPR012346	C	Runt-related transcription factor 1	Runx1|Aml1|Cbfa2|Pebp2ab	protein	taxon:10090	20260727	InterPro		UniProtKB:Q03347
UniProtKB	Q03358	Msx2	enables	GO:0000981	GO_REF:0000002	IEA	InterPro:IPR017970	F	Homeobox protein MSX-2	Msx2|Hox-8.1|Msx-2	protein	taxon:10090	20260727	InterPro		UniProtKB:Q03358
UniProtKB	Q03358	Msx2	enables	GO:0003677	GO_REF:0000002	IEA	InterPro:IPR001356|InterPro:IPR020479	F	Homeobox protein MSX-2	Msx2|Hox-8.1|Msx-2	protein	taxon:10090	20260727	InterPro		UniProtKB:Q03358
UniProtKB	Q03358	Msx2	involved_in	GO:0006355	GO_REF:0000002	IEA	InterPro:IPR017970	P	Homeobox protein MSX-2	Msx2|Hox-8.1|Msx-2	protein	taxon:10090	20260727	InterPro		UniProtKB:Q03358
UniProtKB	Q04592	Pcsk5	enables	GO:0004252	GO_REF:0000002	IEA	InterPro:IPR002884|InterPro:IPR036852	F	Proprotein convertase subtilisin/kexin type 5	Pcsk5	protein	taxon:10090	20260727	InterPro		UniProtKB:Q04592
UniProtKB	Q04592	Pcsk5	enables	GO:0008236	GO_REF:0000002	IEA	InterPro:IPR000209	F	Proprotein convertase subtilisin/kexin type 5	Pcsk5	protein	taxon:10090	20260727	InterPro		UniProtKB:Q04592
UniProtKB	Q04592	Pcsk5	involved_in	GO:0006508	GO_REF:0000002	IEA	InterPro:IPR000209|InterPro:IPR002884|InterPro:IPR036852	P	Proprotein convertase subtilisin/kexin type 5	Pcsk5	protein	taxon:10090	20260727	InterPro		UniProtKB:Q04592
UniProtKB	Q05020	Apoc2	enables	GO:0008047	GO_REF:0000002	IEA	InterPro:IPR008019	F	Apolipoprotein C-II	Apoc2	protein	taxon:10090	20260727	InterPro		UniProtKB:Q05020
UniProtKB	Q05020	Apoc2	involved_in	GO:0006629	GO_REF:0000002	IEA	InterPro:IPR008019	P	Apolipoprotein C-II	Apoc2	protein	taxon:10090	20260727	InterPro		UniProtKB:Q05020
UniProtKB	Q05020	Apoc2	involved_in	GO:0006869	GO_REF:0000002	IEA	InterPro:IPR008019	P	Apolipoprotein C-II	Apoc2	protein	taxon:10090	20260727	InterPro		UniProtKB:Q05020
UniProtKB	Q05020	Apoc2	part_of	GO:0042627	GO_REF:0000002	IEA	InterPro:IPR008019	C	Apolipoprotein C-II	Apoc2	protein	taxon:10090	20260727	InterPro		UniProtKB:Q05020
UniProtKB	Q06348	Prrx2	enables	GO:0000981	GO_REF:0000002	IEA	InterPro:IPR017970	F	Paired mesoderm homeobox protein 2	Prrx2|Prx2|S8	protein	taxon:10090	20260727	InterPro		UniProtKB:Q06348
UniProtKB	Q06348	Prrx2	enables	GO:0003677	GO_REF:0000002	IEA	InterPro:IPR001356	F	Paired mesoderm homeobox protein 2	Prrx2|Prx2|S8	protein	taxon:10090	20260727	InterPro		UniProtKB:Q06348
UniProtKB	Q06348	Prrx2	involved_in	GO:0006355	GO_REF:0000002	IEA	InterPro:IPR017970	P	Paired mesoderm homeobox protein 2	Prrx2|Prx2|S8	protein	taxon:10090	20260727	InterPro		UniProtKB:Q06348
UniProtKB	Q07802	Ebf1	enables	GO:0003677	GO_REF:0000002	IEA	InterPro:IPR003523|InterPro:IPR032200|InterPro:IPR038173	F	Transcription factor COE1	Ebf1|Coe1|Ebf	protein	taxon:10090	20260727	InterPro		UniProtKB:Q07802
UniProtKB	Q07802	Ebf1	enables	GO:0003700	GO_REF:0000002	IEA	InterPro:IPR038006	F	Transcription factor COE1	Ebf1|Coe1|Ebf	protein	taxon:10090	20260727	InterPro		UniProtKB:Q07802
UniProtKB	Q07802	Ebf1	involved_in	GO:0006355	GO_REF:0000002	IEA	InterPro:IPR003523|InterPro:IPR038006	P	Transcription factor COE1	Ebf1|Coe1|Ebf	protein	taxon:10090	20260727	InterPro		UniProtKB:Q07802
UniProtKB	Q08369	Gata4	enables	GO:0000981	GO_REF:0000002	IEA	InterPro:IPR016375	F	Transcription factor GATA-4	Gata4|Gata-4	protein	taxon:10090	20260727	InterPro		UniProtKB:Q08369
UniProtKB	Q08369	Gata4	enables	GO:0003677	GO_REF:0000002	IEA	InterPro:IPR008013	F	Transcription factor GATA-4	Gata4|Gata-4	protein	taxon:10090	20260727	InterPro		UniProtKB:Q08369
UniProtKB	Q08369	Gata4	enables	GO:0003700	GO_REF:0000002	IEA	InterPro:IPR039355	F	Transcription factor GATA-4	Gata4|Gata-4	protein	taxon:10090	20260727	InterPro		UniProtKB:Q08369
UniProtKB	Q08369	Gata4	enables	GO:0008270	GO_REF:0000002	IEA	InterPro:IPR008013|InterPro:IPR013088	F	Transcription factor GATA-4	Gata4|Gata-4	protein	taxon:10090	20260727	InterPro		UniProtKB:Q08369
UniProtKB	Q08369	Gata4	enables	GO:0043565	GO_REF:0000002	IEA	InterPro:IPR000679	F	Transcription factor GATA-4	Gata4|Gata-4	protein	taxon:10090	20260727	InterPro		UniProtKB:Q08369
UniProtKB	Q08369	Gata4	involved_in	GO:0006355	GO_REF:0000002	IEA	InterPro:IPR000679|InterPro:IPR013088|InterPro:IPR016375	P	Transcription factor GATA-4	Gata4|Gata-4	protein	taxon:10090	20260727	InterPro		UniProtKB:Q08369
UniProtKB	Q08369	Gata4	involved_in	GO:0006357	GO_REF:0000002	IEA	InterPro:IPR039355	P	Transcription factor GATA-4	Gata4|Gata-4	protein	taxon:10090	20260727	InterPro		UniProtKB:Q08369
UniProtKB	Q08369	Gata4	involved_in	GO:0045893	GO_REF:0000002	IEA	InterPro:IPR008013	P	Transcription factor GATA-4	Gata4|Gata-4	protein	taxon:10090	20260727	InterPro		UniProtKB:Q08369
UniProtKB	Q08369	Gata4	located_in	GO:0005634	GO_REF:0000002	IEA	InterPro:IPR008013	C	Transcription factor GATA-4	Gata4|Gata-4	protein	taxon:10090	20260727	InterPro		UniProtKB:Q08369
UniProtKB	Q08460	Kcnma1	enables	GO:0005216	GO_REF:0000002	IEA	InterPro:IPR005821	F	Calcium-activated potassium channel subunit alpha-1	Kcnma1|Kcnma	protein	taxon:10090	20260727	InterPro		UniProtKB:Q08460
UniProtKB	Q08460	Kcnma1	involved_in	GO:0006811	GO_REF:0000002	IEA	InterPro:IPR005821	P	Calcium-activated potassium channel subunit alpha-1	Kcnma1|Kcnma	protein	taxon:10090	20260727	InterPro		UniProtKB:Q08460
UniProtKB	Q08460	Kcnma1	involved_in	GO:0006813	GO_REF:0000002	IEA	InterPro:IPR003148|InterPro:IPR003929	P	Calcium-activated potassium channel subunit alpha-1	Kcnma1|Kcnma	protein	taxon:10090	20260727	InterPro		UniProtKB:Q08460
UniProtKB	Q08460	Kcnma1	involved_in	GO:0055085	GO_REF:0000002	IEA	InterPro:IPR005821	P	Calcium-activated potassium channel subunit alpha-1	Kcnma1|Kcnma	protein	taxon:10090	20260727	InterPro		UniProtKB:Q08460
UniProtKB	Q08460	Kcnma1	located_in	GO:0016020	GO_REF:0000002	IEA	InterPro:IPR003929|InterPro:IPR005821	C	Calcium-activated potassium channel subunit alpha-1	Kcnma1|Kcnma	protein	taxon:10090	20260727	InterPro		UniProtKB:Q08460
UniProtKB	Q09163	Dlk1	enables	GO:0005509	GO_REF:0000002	IEA	InterPro:IPR001881	F	Protein delta homolog 1	Dlk1|Dlk|Pref1|Scp-1	protein	taxon:10090	20260727	InterPro		UniProtKB:Q09163
UniProtKB	Q0II04	Nebl	enables	GO:0051015	GO_REF:0000002	IEA	InterPro:IPR055297	F	Nebulette	Nebl|Lnebl	protein	taxon:10090	20260727	InterPro		UniProtKB:Q0II04
UniProtKB	Q0II04	Nebl	located_in	GO:0030018	GO_REF:0000002	IEA	InterPro:IPR055297	C	Nebulette	Nebl|Lnebl	protein	taxon:10090	20260727	InterPro		UniProtKB:Q0II04
UniProtKB	Q14B80	Kcnc2	enables	GO:0005216	GO_REF:0000002	IEA	InterPro:IPR005821	F	Voltage-gated potassium channel KCNC2	Kcnc2	protein	taxon:10090	20260727	InterPro		UniProtKB:Q14B80
UniProtKB	Q14B80	Kcnc2	enables	GO:0005249	GO_REF:0000002	IEA	InterPro:IPR003968|InterPro:IPR003974|InterPro:IPR028325	F	Voltage-gated potassium channel KCNC2	Kcnc2	protein	taxon:10090	20260727	InterPro		UniProtKB:Q14B80
UniProtKB	Q14B80	Kcnc2	involved_in	GO:0006811	GO_REF:0000002	IEA	InterPro:IPR005821	P	Voltage-gated potassium channel KCNC2	Kcnc2	protein	taxon:10090	20260727	InterPro		UniProtKB:Q14B80
UniProtKB	Q14B80	Kcnc2	involved_in	GO:0006813	GO_REF:0000002	IEA	InterPro:IPR003968|InterPro:IPR003974|InterPro:IPR028325	P	Voltage-gated potassium channel KCNC2	Kcnc2	protein	taxon:10090	20260727	InterPro		UniProtKB:Q14B80
UniProtKB	Q14B80	Kcnc2	involved_in	GO:0051260	GO_REF:0000002	IEA	InterPro:IPR003131	P	Voltage-gated potassium channel KCNC2	Kcnc2	protein	taxon:10090	20260727	InterPro		UniProtKB:Q14B80
UniProtKB	Q14B80	Kcnc2	involved_in	GO:0055085	GO_REF:0000002	IEA	InterPro:IPR005821	P	Voltage-gated potassium channel KCNC2	Kcnc2	protein	taxon:10090	20260727	InterPro		UniProtKB:Q14B80
UniProtKB	Q14B80	Kcnc2	located_in	GO:0016020	GO_REF:0000002	IEA	InterPro:IPR005821	C	Voltage-gated potassium channel KCNC2	Kcnc2	protein	taxon:10090	20260727	InterPro		UniProtKB:Q14B80
UniProtKB	Q14B80	Kcnc2	part_of	GO:0008076	GO_REF:0000002	IEA	InterPro:IPR003968|InterPro:IPR003974|InterPro:IPR028325	C	Voltage-gated potassium channel KCNC2	Kcnc2	protein	taxon:10090	20260727	InterPro		UniProtKB:Q14B80
UniProtKB	Q3I5G5	Foxi2	enables	GO:0003700	GO_REF:0000002	IEA	InterPro:IPR001766|InterPro:IPR018122|InterPro:IPR030456	F	Forkhead box protein I2	Foxi2	protein	taxon:10090	20260727	InterPro		UniProtKB:Q3I5G5
UniProtKB	Q3I5G5	Foxi2	enables	GO:0043565	GO_REF:0000002	IEA	InterPro:IPR001766|InterPro:IPR018122|InterPro:IPR030456	F	Forkhead box protein I2	Foxi2	protein	taxon:10090	20260727	InterPro		UniProtKB:Q3I5G5
UniProtKB	Q3I5G5	Foxi2	involved_in	GO:0006355	GO_REF:0000002	IEA	InterPro:IPR001766|InterPro:IPR018122|InterPro:IPR030456	P	Forkhead box protein I2	Foxi2	protein	taxon:10090	20260727	InterPro		UniProtKB:Q3I5G5
UniProtKB	Q3MI99	Ccbe1	enables	GO:0005509	GO_REF:0000002	IEA	InterPro:IPR001881|InterPro:IPR018097	F	Collagen and calcium-binding EGF domain-containing protein 1	Ccbe1|Kiaa1983	protein	taxon:10090	20260727	InterPro		UniProtKB:Q3MI99
UniProtKB	Q3U0S6	Rasip1	involved_in	GO:0007165	GO_REF:0000002	IEA	InterPro:IPR000159	P	Ras-interacting protein 1	Rasip1	protein	taxon:10090	20260727	InterPro		UniProtKB:Q3U0S6
UniProtKB	Q3UH93	Plxnd1	enables	GO:0017154	GO_REF:0000002	IEA	InterPro:IPR013548|InterPro:IPR031148|InterPro:IPR046800	F	Plexin-D1	Plxnd1	protein	taxon:10090	20260727	InterPro		UniProtKB:Q3UH93
UniProtKB	Q3UH93	Plxnd1	involved_in	GO:0071526	GO_REF:0000002	IEA	InterPro:IPR031148	P	Plexin-D1	Plxnd1	protein	taxon:10090	20260727	InterPro		UniProtKB:Q3UH93
UniProtKB	Q3UR85	Myrf	enables	GO:0003677	GO_REF:0000002	IEA	InterPro:IPR024061	F	Myelin regulatory factor	Myrf|Gm1804|Gm98|Mrf	protein	taxon:10090	20260727	InterPro		UniProtKB:Q3UR85
UniProtKB	Q3UR85	Myrf	enables	GO:0003700	GO_REF:0000002	IEA	InterPro:IPR008967|InterPro:IPR037141	F	Myelin regulatory factor	Myrf|Gm1804|Gm98|Mrf	protein	taxon:10090	20260727	InterPro		UniProtKB:Q3UR85
UniProtKB	Q3UR85	Myrf	involved_in	GO:0006355	GO_REF:0000002	IEA	InterPro:IPR008967	P	Myelin regulatory factor	Myrf|Gm1804|Gm98|Mrf	protein	taxon:10090	20260727	InterPro		UniProtKB:Q3UR85
UniProtKB	Q3UR85	Myrf	involved_in	GO:0016540	GO_REF:0000002	IEA	InterPro:IPR026932	P	Myelin regulatory factor	Myrf|Gm1804|Gm98|Mrf	protein	taxon:10090	20260727	InterPro		UniProtKB:Q3UR85
UniProtKB	Q3UVD5	Lgr6	enables	GO:0004930	GO_REF:0000002	IEA	InterPro:IPR000276	F	Leucine-rich repeat-containing G protein-coupled receptor 6	Lgr6	protein	taxon:10090	20260727	InterPro		UniProtKB:Q3UVD5
UniProtKB	Q3UVD5	Lgr6	enables	GO:0016500	GO_REF:0000002	IEA	InterPro:IPR002131	F	Leucine-rich repeat-containing G protein-coupled receptor 6	Lgr6	protein	taxon:10090	20260727	InterPro		UniProtKB:Q3UVD5
UniProtKB	Q3UVD5	Lgr6	involved_in	GO:0007186	GO_REF:0000002	IEA	InterPro:IPR000276|InterPro:IPR002131	P	Leucine-rich repeat-containing G protein-coupled receptor 6	Lgr6	protein	taxon:10090	20260727	InterPro		UniProtKB:Q3UVD5
UniProtKB	Q3UVD5	Lgr6	located_in	GO:0016020	GO_REF:0000002	IEA	InterPro:IPR000276|InterPro:IPR002131	C	Leucine-rich repeat-containing G protein-coupled receptor 6	Lgr6	protein	taxon:10090	20260727	InterPro		UniProtKB:Q3UVD5
UniProtKB	Q3UZD5	Prdm6	enables	GO:0042054	GO_REF:0000002	IEA	InterPro:IPR044416	F	Putative histone-lysine N-methyltransferase PRDM6	Prdm6|Gm92|Prism	protein	taxon:10090	20260727	InterPro		UniProtKB:Q3UZD5
UniProtKB	Q5BKQ4	Pnliprp1	enables	GO:0004806	GO_REF:0000002	IEA	InterPro:IPR002331	F	Inactive pancreatic lipase-related protein 1	Pnliprp1	protein	taxon:10090	20260727	InterPro		UniProtKB:Q5BKQ4
UniProtKB	Q5BKQ4	Pnliprp1	enables	GO:0016298	GO_REF:0000002	IEA	InterPro:IPR000734|InterPro:IPR013818	F	Inactive pancreatic lipase-related protein 1	Pnliprp1	protein	taxon:10090	20260727	InterPro		UniProtKB:Q5BKQ4
UniProtKB	Q5BKQ4	Pnliprp1	enables	GO:0052689	GO_REF:0000002	IEA	InterPro:IPR016272	F	Inactive pancreatic lipase-related protein 1	Pnliprp1	protein	taxon:10090	20260727	InterPro		UniProtKB:Q5BKQ4
UniProtKB	Q5BKQ4	Pnliprp1	involved_in	GO:0006629	GO_REF:0000002	IEA	InterPro:IPR002331|InterPro:IPR016272|InterPro:IPR033906	P	Inactive pancreatic lipase-related protein 1	Pnliprp1	protein	taxon:10090	20260727	InterPro		UniProtKB:Q5BKQ4
UniProtKB	Q5DTL9	Slc4a10	enables	GO:0005452	GO_REF:0000002	IEA	InterPro:IPR003020|InterPro:IPR003024	F	Sodium-driven chloride bicarbonate exchanger	Slc4a10|Kiaa4136|Ncbe	protein	taxon:10090	20260727	InterPro		UniProtKB:Q5DTL9
UniProtKB	Q5DTL9	Slc4a10	enables	GO:0008509	GO_REF:0000002	IEA	InterPro:IPR013769	F	Sodium-driven chloride bicarbonate exchanger	Slc4a10|Kiaa4136|Ncbe	protein	taxon:10090	20260727	InterPro		UniProtKB:Q5DTL9
UniProtKB	Q5DTL9	Slc4a10	involved_in	GO:0006820	GO_REF:0000002	IEA	InterPro:IPR003020|InterPro:IPR003024|InterPro:IPR011531|InterPro:IPR013769	P	Sodium-driven chloride bicarbonate exchanger	Slc4a10|Kiaa4136|Ncbe	protein	taxon:10090	20260727	InterPro		UniProtKB:Q5DTL9
UniProtKB	Q5DTL9	Slc4a10	located_in	GO:0016020	GO_REF:0000002	IEA	InterPro:IPR003020|InterPro:IPR003024|InterPro:IPR011531|InterPro:IPR013769	C	Sodium-driven chloride bicarbonate exchanger	Slc4a10|Kiaa4136|Ncbe	protein	taxon:10090	20260727	InterPro		UniProtKB:Q5DTL9
UniProtKB	Q5RJB0	Bhlha9	enables	GO:0046983	GO_REF:0000002	IEA	InterPro:IPR011598|InterPro:IPR036638	F	Class A basic helix-loop-helix protein 9	Bhlha9|Bhlhf42	protein	taxon:10090	20260727	InterPro		UniProtKB:Q5RJB0
UniProtKB	Q5RJH3	Cdh12	enables	GO:0005509	GO_REF:0000002	IEA	InterPro:IPR000233|InterPro:IPR002126|InterPro:IPR015919	F	Cadherin-12	Cdh12	protein	taxon:10090	20260727	InterPro		UniProtKB:Q5RJH3
UniProtKB	Q5RJH3	Cdh12	involved_in	GO:0007155	GO_REF:0000002	IEA	InterPro:IPR020894	P	Cadherin-12	Cdh12	protein	taxon:10090	20260727	InterPro		UniProtKB:Q5RJH3
UniProtKB	Q5RJH3	Cdh12	involved_in	GO:0007156	GO_REF:0000002	IEA	InterPro:IPR000233|InterPro:IPR002126	P	Cadherin-12	Cdh12	protein	taxon:10090	20260727	InterPro		UniProtKB:Q5RJH3
UniProtKB	Q5RJH3	Cdh12	involved_in	GO:0098609	GO_REF:0000002	IEA	InterPro:IPR039808	P	Cadherin-12	Cdh12	protein	taxon:10090	20260727	InterPro		UniProtKB:Q5RJH3
UniProtKB	Q5RJH3	Cdh12	located_in	GO:0005886	GO_REF:0000002	IEA	InterPro:IPR020894	C	Cadherin-12	Cdh12	protein	taxon:10090	20260727	InterPro		UniProtKB:Q5RJH3
UniProtKB	Q5RJH3	Cdh12	located_in	GO:0016020	GO_REF:0000002	IEA	InterPro:IPR002126|InterPro:IPR015919	C	Cadherin-12	Cdh12	protein	taxon:10090	20260727	InterPro		UniProtKB:Q5RJH3
UniProtKB	Q5SUV5	Mylk4	enables	GO:0004672	GO_REF:0000002	IEA	InterPro:IPR008271	F	Myosin light chain kinase family member 4	Mylk4|Sgk085	protein	taxon:10090	20260727	InterPro		UniProtKB:Q5SUV5
UniProtKB	Q5SUV5	Mylk4	enables	GO:0005524	GO_REF:0000002	IEA	InterPro:IPR000719|InterPro:IPR017441	F	Myosin light chain kinase family member 4	Mylk4|Sgk085	protein	taxon:10090	20260727	InterPro		UniProtKB:Q5SUV5
UniProtKB	Q5TIS6	Noto	enables	GO:0003677	GO_REF:0000002	IEA	InterPro:IPR001356	F	Homeobox protein notochord	Noto|Not	protein	taxon:10090	20260727	InterPro		UniProtKB:Q5TIS6
UniProtKB	Q60632	Nr2f1	enables	GO:0003700	GO_REF:0000002	IEA	InterPro:IPR001628	F	COUP transcription factor 1	Nr2f1|Erbal3|Tfcoup1	protein	taxon:10090	20260727	InterPro		UniProtKB:Q60632
UniProtKB	Q60632	Nr2f1	enables	GO:0008270	GO_REF:0000002	IEA	InterPro:IPR001628|InterPro:IPR013088	F	COUP transcription factor 1	Nr2f1|Erbal3|Tfcoup1	protein	taxon:10090	20260727	InterPro		UniProtKB:Q60632
UniProtKB	Q60632	Nr2f1	enables	GO:0043565	GO_REF:0000002	IEA	InterPro:IPR001628	F	COUP transcription factor 1	Nr2f1|Erbal3|Tfcoup1	protein	taxon:10090	20260727	InterPro		UniProtKB:Q60632
UniProtKB	Q60632	Nr2f1	involved_in	GO:0006355	GO_REF:0000002	IEA	InterPro:IPR001628|InterPro:IPR013088	P	COUP transcription factor 1	Nr2f1|Erbal3|Tfcoup1	protein	taxon:10090	20260727	InterPro		UniProtKB:Q60632
UniProtKB	Q60675	Lama2	enables	GO:0005102	GO_REF:0000002	IEA	InterPro:IPR009254	F	Laminin subunit alpha-2	Lama2	protein	taxon:10090	20260727	InterPro		UniProtKB:Q60675
UniProtKB	Q60675	Lama2	involved_in	GO:0030155	GO_REF:0000002	IEA	InterPro:IPR009254	P	Laminin subunit alpha-2	Lama2	protein	taxon:10090	20260727	InterPro		UniProtKB:Q60675
UniProtKB	Q60675	Lama2	involved_in	GO:0030334	GO_REF:0000002	IEA	InterPro:IPR009254	P	Laminin subunit alpha-2	Lama2	protein	taxon:10090	20260727	InterPro		UniProtKB:Q60675
UniProtKB	Q60675	Lama2	involved_in	GO:0045995	GO_REF:0000002	IEA	InterPro:IPR009254	P	Laminin subunit alpha-2	Lama2	protein	taxon:10090	20260727	InterPro		UniProtKB:Q60675
UniProtKB	Q60707	Tbx2	enables	GO:0000978	GO_REF:0000002	IEA	InterPro:IPR001699	F	T-box transcription factor TBX2	Tbx2	protein	taxon:10090	20260727	InterPro		UniProtKB:Q60707
UniProtKB	Q60707	Tbx2	enables	GO:0003700	GO_REF:0000002	IEA	InterPro:IPR001699|InterPro:IPR002070|InterPro:IPR008967|InterPro:IPR018186|InterPro:IPR036960|InterPro:IPR046360	F	T-box transcription factor TBX2	Tbx2	protein	taxon:10090	20260727	InterPro		UniProtKB:Q60707
UniProtKB	Q60707	Tbx2	involved_in	GO:0006355	GO_REF:0000002	IEA	InterPro:IPR001699|InterPro:IPR002070|InterPro:IPR008967|InterPro:IPR018186|InterPro:IPR036960	P	T-box transcription factor TBX2	Tbx2	protein	taxon:10090	20260727	InterPro		UniProtKB:Q60707
UniProtKB	Q60707	Tbx2	involved_in	GO:0045893	GO_REF:0000002	IEA	InterPro:IPR046360	P	T-box transcription factor TBX2	Tbx2	protein	taxon:10090	20260727	InterPro		UniProtKB:Q60707
UniProtKB	Q60707	Tbx2	located_in	GO:0005634	GO_REF:0000002	IEA	InterPro:IPR002070|InterPro:IPR018186|InterPro:IPR036960	C	T-box transcription factor TBX2	Tbx2	protein	taxon:10090	20260727	InterPro		UniProtKB:Q60707
UniProtKB	Q60756	Tcf15	enables	GO:0046983	GO_REF:0000002	IEA	InterPro:IPR011598|InterPro:IPR036638	F	Transcription factor 15	Tcf15|Bhlhec2	protein	taxon:10090	20260727	InterPro		UniProtKB:Q60756
UniProtKB	Q60771	Cldn11	enables	GO:0005198	GO_REF:0000002	IEA	InterPro:IPR003555|InterPro:IPR006187	F	Claudin-11	Cldn11|Osp|Otm	protein	taxon:10090	20260727	InterPro		UniProtKB:Q60771
UniProtKB	Q60771	Cldn11	located_in	GO:0005923	GO_REF:0000002	IEA	InterPro:IPR003555|InterPro:IPR006187	C	Claudin-11	Cldn11|Osp|Otm	protein	taxon:10090	20260727	InterPro		UniProtKB:Q60771
UniProtKB	Q60771	Cldn11	located_in	GO:0016020	GO_REF:0000002	IEA	InterPro:IPR004031	C	Claudin-11	Cldn11|Osp|Otm	protein	taxon:10090	20260727	InterPro		UniProtKB:Q60771
UniProtKB	Q60841	Reln	enables	GO:0070325	GO_REF:0000002	IEA	InterPro:IPR034968	F	Reelin	Reln|Rl	protein	taxon:10090	20260727	InterPro		UniProtKB:Q60841
UniProtKB	Q60841	Reln	involved_in	GO:0001764	GO_REF:0000002	IEA	InterPro:IPR034968	P	Reelin	Reln|Rl	protein	taxon:10090	20260727	InterPro		UniProtKB:Q60841
UniProtKB	Q60841	Reln	involved_in	GO:0007417	GO_REF:0000002	IEA	InterPro:IPR034968	P	Reelin	Reln|Rl	protein	taxon:10090	20260727	InterPro		UniProtKB:Q60841
UniProtKB	Q60900	Elavl3	enables	GO:0003676	GO_REF:0000002	IEA	InterPro:IPR003954|InterPro:IPR035979	F	ELAV-like protein 3	Elavl3|Huc	protein	taxon:10090	20260727	InterPro		UniProtKB:Q60900
UniProtKB	Q60900	Elavl3	enables	GO:0003723	GO_REF:0000002	IEA	InterPro:IPR000504|InterPro:IPR002343|InterPro:IPR006548	F	ELAV-like protein 3	Elavl3|Huc	protein	taxon:10090	20260727	InterPro		UniProtKB:Q60900
UniProtKB	Q60900	Elavl3	part_of	GO:1990904	GO_REF:0000002	IEA	InterPro:IPR002343	C	ELAV-like protein 3	Elavl3|Huc	protein	taxon:10090	20260727	InterPro		UniProtKB:Q60900
UniProtKB	Q61010	Dtx1	enables	GO:0008270	GO_REF:0000002	IEA	InterPro:IPR018123	F	E3 ubiquitin-protein ligase DTX1	Dtx1	protein	taxon:10090	20260727	InterPro		UniProtKB:Q61010
UniProtKB	Q61010	Dtx1	involved_in	GO:0007219	GO_REF:0000002	IEA	InterPro:IPR039398	P	E3 ubiquitin-protein ligase DTX1	Dtx1	protein	taxon:10090	20260727	InterPro		UniProtKB:Q61010
UniProtKB	Q61010	Dtx1	involved_in	GO:0016567	GO_REF:0000002	IEA	InterPro:IPR039398	P	E3 ubiquitin-protein ligase DTX1	Dtx1	protein	taxon:10090	20260727	InterPro		UniProtKB:Q61010
UniProtKB	Q61017	Gngt2	enables	GO:0031681	GO_REF:0000002	IEA	InterPro:IPR001770	F	Guanine nucleotide-binding protein G(I)/G(S)/G(O) subunit gamma-T2	Gngt2|Gng8|Gngt8	protein	taxon:10090	20260727	InterPro		UniProtKB:Q61017
UniProtKB	Q61017	Gngt2	involved_in	GO:0007186	GO_REF:0000002	IEA	InterPro:IPR001770|InterPro:IPR015898|InterPro:IPR036284	P	Guanine nucleotide-binding protein G(I)/G(S)/G(O) subunit gamma-T2	Gngt2|Gng8|Gngt8	protein	taxon:10090	20260727	InterPro		UniProtKB:Q61017
UniProtKB	Q61017	Gngt2	part_of	GO:0005834	GO_REF:0000002	IEA	InterPro:IPR001770	C	Guanine nucleotide-binding protein G(I)/G(S)/G(O) subunit gamma-T2	Gngt2|Gng8|Gngt8	protein	taxon:10090	20260727	InterPro		UniProtKB:Q61017
UniProtKB	Q61039	Hand2	enables	GO:0046983	GO_REF:0000002	IEA	InterPro:IPR011598|InterPro:IPR036638	F	Heart- and neural crest derivatives-expressed protein 2	Hand2|Dhand|Hed|Thing2	protein	taxon:10090	20260727	InterPro		UniProtKB:Q61039
UniProtKB	Q61060	Foxd3	enables	GO:0003700	GO_REF:0000002	IEA	InterPro:IPR001766|InterPro:IPR018122|InterPro:IPR030456	F	Forkhead box protein D3	Foxd3|Hfh2	protein	taxon:10090	20260727	InterPro		UniProtKB:Q61060
UniProtKB	Q61060	Foxd3	enables	GO:0043565	GO_REF:0000002	IEA	InterPro:IPR001766|InterPro:IPR018122|InterPro:IPR030456	F	Forkhead box protein D3	Foxd3|Hfh2	protein	taxon:10090	20260727	InterPro		UniProtKB:Q61060
UniProtKB	Q61060	Foxd3	involved_in	GO:0006355	GO_REF:0000002	IEA	InterPro:IPR001766|InterPro:IPR018122|InterPro:IPR030456	P	Forkhead box protein D3	Foxd3|Hfh2	protein	taxon:10090	20260727	InterPro		UniProtKB:Q61060
UniProtKB	Q61080	Foxf1	enables	GO:0003700	GO_REF:0000002	IEA	InterPro:IPR001766|InterPro:IPR018122|InterPro:IPR030456	F	Forkhead box protein F1	Foxf1|Fkhl5|Foxf1a|Freac1|Hfh8	protein	taxon:10090	20260727	InterPro		UniProtKB:Q61080
UniProtKB	Q61080	Foxf1	enables	GO:0043565	GO_REF:0000002	IEA	InterPro:IPR001766|InterPro:IPR018122|InterPro:IPR030456	F	Forkhead box protein F1	Foxf1|Fkhl5|Foxf1a|Freac1|Hfh8	protein	taxon:10090	20260727	InterPro		UniProtKB:Q61080
UniProtKB	Q61080	Foxf1	involved_in	GO:0006355	GO_REF:0000002	IEA	InterPro:IPR001766|InterPro:IPR018122|InterPro:IPR030456	P	Forkhead box protein F1	Foxf1|Fkhl5|Foxf1a|Freac1|Hfh8	protein	taxon:10090	20260727	InterPro		UniProtKB:Q61080
UniProtKB	Q61143	Trpc6	enables	GO:0005262	GO_REF:0000002	IEA	InterPro:IPR002153|InterPro:IPR005462	F	Short transient receptor potential channel 6	Trpc6|Trp6|Trrp6	protein	taxon:10090	20260727	InterPro		UniProtKB:Q61143
UniProtKB	Q61143	Trpc6	involved_in	GO:0070588	GO_REF:0000002	IEA	InterPro:IPR002153|InterPro:IPR005462	P	Short transient receptor potential channel 6	Trpc6|Trp6|Trrp6	protein	taxon:10090	20260727	InterPro		UniProtKB:Q61143
UniProtKB	Q61143	Trpc6	located_in	GO:0016020	GO_REF:0000002	IEA	InterPro:IPR002153|InterPro:IPR005462	C	Short transient receptor potential channel 6	Trpc6|Trp6|Trrp6	protein	taxon:10090	20260727	InterPro		UniProtKB:Q61143
UniProtKB	Q61169	Gata6	enables	GO:0003677	GO_REF:0000002	IEA	InterPro:IPR008013	F	Transcription factor GATA-6	Gata6	protein	taxon:10090	20260727	InterPro		UniProtKB:Q61169
UniProtKB	Q61169	Gata6	enables	GO:0003700	GO_REF:0000002	IEA	InterPro:IPR039355	F	Transcription factor GATA-6	Gata6	protein	taxon:10090	20260727	InterPro		UniProtKB:Q61169
UniProtKB	Q61169	Gata6	enables	GO:0008270	GO_REF:0000002	IEA	InterPro:IPR008013|InterPro:IPR013088	F	Transcription factor GATA-6	Gata6	protein	taxon:10090	20260727	InterPro		UniProtKB:Q61169
UniProtKB	Q61169	Gata6	enables	GO:0043565	GO_REF:0000002	IEA	InterPro:IPR000679	F	Transcription factor GATA-6	Gata6	protein	taxon:10090	20260727	InterPro		UniProtKB:Q61169
UniProtKB	Q61169	Gata6	involved_in	GO:0006355	GO_REF:0000002	IEA	InterPro:IPR000679|InterPro:IPR013088	P	Transcription factor GATA-6	Gata6	protein	taxon:10090	20260727	InterPro		UniProtKB:Q61169
UniProtKB	Q61169	Gata6	involved_in	GO:0006357	GO_REF:0000002	IEA	InterPro:IPR039355	P	Transcription factor GATA-6	Gata6	protein	taxon:10090	20260727	InterPro		UniProtKB:Q61169
UniProtKB	Q61169	Gata6	involved_in	GO:0045893	GO_REF:0000002	IEA	InterPro:IPR008013	P	Transcription factor GATA-6	Gata6	protein	taxon:10090	20260727	InterPro		UniProtKB:Q61169
UniProtKB	Q61169	Gata6	located_in	GO:0005634	GO_REF:0000002	IEA	InterPro:IPR008013	C	Transcription factor GATA-6	Gata6	protein	taxon:10090	20260727	InterPro		UniProtKB:Q61169
UniProtKB	Q61176	Arg1	enables	GO:0004053	GO_REF:0000002	IEA	InterPro:IPR014033	F	Arginase-1	Arg1	protein	taxon:10090	20260727	InterPro		UniProtKB:Q61176
UniProtKB	Q61176	Arg1	enables	GO:0016813	GO_REF:0000002	IEA	InterPro:IPR020855	F	Arginase-1	Arg1	protein	taxon:10090	20260727	InterPro		UniProtKB:Q61176
UniProtKB	Q61176	Arg1	enables	GO:0046872	GO_REF:0000002	IEA	InterPro:IPR006035|InterPro:IPR014033|InterPro:IPR020855	F	Arginase-1	Arg1	protein	taxon:10090	20260727	InterPro		UniProtKB:Q61176
UniProtKB	Q61176	Arg1	involved_in	GO:0006525	GO_REF:0000002	IEA	InterPro:IPR014033	P	Arginase-1	Arg1	protein	taxon:10090	20260727	InterPro		UniProtKB:Q61176
UniProtKB	Q61312	Tfap2c	enables	GO:0003700	GO_REF:0000002	IEA	InterPro:IPR004979|InterPro:IPR008123	F	Transcription factor AP-2 gamma	Tfap2c|Tcfap2c	protein	taxon:10090	20260727	InterPro		UniProtKB:Q61312
UniProtKB	Q61312	Tfap2c	involved_in	GO:0006355	GO_REF:0000002	IEA	InterPro:IPR004979|InterPro:IPR008123	P	Transcription factor AP-2 gamma	Tfap2c|Tcfap2c	protein	taxon:10090	20260727	InterPro		UniProtKB:Q61312
UniProtKB	Q61312	Tfap2c	located_in	GO:0005634	GO_REF:0000002	IEA	InterPro:IPR004979|InterPro:IPR008123	C	Transcription factor AP-2 gamma	Tfap2c|Tcfap2c	protein	taxon:10090	20260727	InterPro		UniProtKB:Q61312
UniProtKB	Q61313	Tfap2b	enables	GO:0003700	GO_REF:0000002	IEA	InterPro:IPR004979|InterPro:IPR008122	F	Transcription factor AP-2-beta	Tfap2b|Tcfap2b	protein	taxon:10090	20260727	InterPro		UniProtKB:Q61313
UniProtKB	Q61313	Tfap2b	involved_in	GO:0006355	GO_REF:0000002	IEA	InterPro:IPR004979|InterPro:IPR008122	P	Transcription factor AP-2-beta	Tfap2b|Tcfap2b	protein	taxon:10090	20260727	InterPro		UniProtKB:Q61313
UniProtKB	Q61313	Tfap2b	located_in	GO:0005634	GO_REF:0000002	IEA	InterPro:IPR004979|InterPro:IPR008122	C	Transcription factor AP-2-beta	Tfap2b|Tcfap2b	protein	taxon:10090	20260727	InterPro		UniProtKB:Q61313
UniProtKB	Q61345	Foxd1	enables	GO:0003700	GO_REF:0000002	IEA	InterPro:IPR001766|InterPro:IPR018122|InterPro:IPR030456	F	Forkhead box protein D1	Foxd1|Fkhl8|Freac4|Hfhbf2	protein	taxon:10090	20260727	InterPro		UniProtKB:Q61345
UniProtKB	Q61345	Foxd1	enables	GO:0043565	GO_REF:0000002	IEA	InterPro:IPR001766|InterPro:IPR018122|InterPro:IPR030456	F	Forkhead box protein D1	Foxd1|Fkhl8|Freac4|Hfhbf2	protein	taxon:10090	20260727	InterPro		UniProtKB:Q61345
UniProtKB	Q61345	Foxd1	involved_in	GO:0006355	GO_REF:0000002	IEA	InterPro:IPR001766|InterPro:IPR018122|InterPro:IPR030456	P	Forkhead box protein D1	Foxd1|Fkhl8|Freac4|Hfhbf2	protein	taxon:10090	20260727	InterPro		UniProtKB:Q61345
UniProtKB	Q61483	Dll1	enables	GO:0005509	GO_REF:0000002	IEA	InterPro:IPR001881|InterPro:IPR018097	F	Delta-like protein 1	Dll1	protein	taxon:10090	20260727	InterPro		UniProtKB:Q61483
UniProtKB	Q61483	Dll1	involved_in	GO:0007154	GO_REF:0000002	IEA	InterPro:IPR001774	P	Delta-like protein 1	Dll1	protein	taxon:10090	20260727	InterPro		UniProtKB:Q61483
UniProtKB	Q61483	Dll1	involved_in	GO:0007219	GO_REF:0000002	IEA	InterPro:IPR011651	P	Delta-like protein 1	Dll1	protein	taxon:10090	20260727	InterPro		UniProtKB:Q61483
UniProtKB	Q61483	Dll1	located_in	GO:0016020	GO_REF:0000002	IEA	InterPro:IPR001774|InterPro:IPR011651	C	Delta-like protein 1	Dll1	protein	taxon:10090	20260727	InterPro		UniProtKB:Q61483
UniProtKB	Q61508	Ecm1	involved_in	GO:0007165	GO_REF:0000002	IEA	InterPro:IPR008605	P	Extracellular matrix protein 1	Ecm1	protein	taxon:10090	20260727	InterPro		UniProtKB:Q61508
UniProtKB	Q61508	Ecm1	located_in	GO:0005576	GO_REF:0000002	IEA	InterPro:IPR008605|InterPro:IPR020858	C	Extracellular matrix protein 1	Ecm1	protein	taxon:10090	20260727	InterPro		UniProtKB:Q61508
UniProtKB	Q61527	Erbb4	enables	GO:0004672	GO_REF:0000002	IEA	InterPro:IPR001245|InterPro:IPR008266	F	Receptor tyrosine-protein kinase erbB-4	Erbb4|Mer4	protein	taxon:10090	20260727	InterPro		UniProtKB:Q61527
UniProtKB	Q61527	Erbb4	enables	GO:0004713	GO_REF:0000002	IEA	InterPro:IPR016245|InterPro:IPR020635	F	Receptor tyrosine-protein kinase erbB-4	Erbb4|Mer4	protein	taxon:10090	20260727	InterPro		UniProtKB:Q61527
UniProtKB	Q61527	Erbb4	enables	GO:0005524	GO_REF:0000002	IEA	InterPro:IPR000719|InterPro:IPR016245|InterPro:IPR017441	F	Receptor tyrosine-protein kinase erbB-4	Erbb4|Mer4	protein	taxon:10090	20260727	InterPro		UniProtKB:Q61527
UniProtKB	Q61527	Erbb4	involved_in	GO:0007169	GO_REF:0000002	IEA	InterPro:IPR016245	P	Receptor tyrosine-protein kinase erbB-4	Erbb4|Mer4	protein	taxon:10090	20260727	InterPro		UniProtKB:Q61527
UniProtKB	Q61527	Erbb4	located_in	GO:0016020	GO_REF:0000002	IEA	InterPro:IPR016245	C	Receptor tyrosine-protein kinase erbB-4	Erbb4|Mer4	protein	taxon:10090	20260727	InterPro		UniProtKB:Q61527
UniProtKB	Q61572	Foxc1	enables	GO:0003700	GO_REF:0000002	IEA	InterPro:IPR001766|InterPro:IPR018122|InterPro:IPR030456	F	Forkhead box protein C1	Foxc1|Fkh1|Fkhl7|Freac3|Mf1	protein	taxon:10090	20260727	InterPro		UniProtKB:Q61572
UniProtKB	Q61572	Foxc1	enables	GO:0043565	GO_REF:0000002	IEA	InterPro:IPR001766|InterPro:IPR018122|InterPro:IPR030456	F	Forkhead box protein C1	Foxc1|Fkh1|Fkhl7|Freac3|Mf1	protein	taxon:10090	20260727	InterPro		UniProtKB:Q61572
UniProtKB	Q61572	Foxc1	involved_in	GO:0006355	GO_REF:0000002	IEA	InterPro:IPR001766|InterPro:IPR018122|InterPro:IPR030456	P	Forkhead box protein C1	Foxc1|Fkh1|Fkhl7|Freac3|Mf1	protein	taxon:10090	20260727	InterPro		UniProtKB:Q61572
UniProtKB	Q61762	Kcna5	enables	GO:0005216	GO_REF:0000002	IEA	InterPro:IPR005821	F	Potassium voltage-gated channel subfamily A member 5	Kcna5	protein	taxon:10090	20260727	InterPro		UniProtKB:Q61762
UniProtKB	Q61762	Kcna5	enables	GO:0005249	GO_REF:0000002	IEA	InterPro:IPR003968|InterPro:IPR003972|InterPro:IPR004052|InterPro:IPR028325	F	Potassium voltage-gated channel subfamily A member 5	Kcna5	protein	taxon:10090	20260727	InterPro		UniProtKB:Q61762
UniProtKB	Q61762	Kcna5	involved_in	GO:0006811	GO_REF:0000002	IEA	InterPro:IPR005821	P	Potassium voltage-gated channel subfamily A member 5	Kcna5	protein	taxon:10090	20260727	InterPro		UniProtKB:Q61762
UniProtKB	Q61762	Kcna5	involved_in	GO:0006813	GO_REF:0000002	IEA	InterPro:IPR003968|InterPro:IPR003972|InterPro:IPR004052|InterPro:IPR028325	P	Potassium voltage-gated channel subfamily A member 5	Kcna5	protein	taxon:10090	20260727	InterPro		UniProtKB:Q61762
UniProtKB	Q61762	Kcna5	involved_in	GO:0051260	GO_REF:0000002	IEA	InterPro:IPR003131	P	Potassium voltage-gated channel subfamily A member 5	Kcna5	protein	taxon:10090	20260727	InterPro		UniProtKB:Q61762
UniProtKB	Q61762	Kcna5	involved_in	GO:0055085	GO_REF:0000002	IEA	InterPro:IPR005821	P	Potassium voltage-gated channel subfamily A member 5	Kcna5	protein	taxon:10090	20260727	InterPro		UniProtKB:Q61762
UniProtKB	Q61762	Kcna5	located_in	GO:0016020	GO_REF:0000002	IEA	InterPro:IPR005821	C	Potassium voltage-gated channel subfamily A member 5	Kcna5	protein	taxon:10090	20260727	InterPro		UniProtKB:Q61762
UniProtKB	Q61762	Kcna5	part_of	GO:0008076	GO_REF:0000002	IEA	InterPro:IPR003968|InterPro:IPR003972|InterPro:IPR004052|InterPro:IPR028325	C	Potassium voltage-gated channel subfamily A member 5	Kcna5	protein	taxon:10090	20260727	InterPro		UniProtKB:Q61762
UniProtKB	Q61823	Pdcd4	involved_in	GO:0045892	GO_REF:0000002	IEA	InterPro:IPR039778	P	Programmed cell death protein 4	Pdcd4|Ma3|Tis	protein	taxon:10090	20260727	InterPro		UniProtKB:Q61823
UniProtKB	Q61850	Foxc2	enables	GO:0003700	GO_REF:0000002	IEA	InterPro:IPR001766|InterPro:IPR018122|InterPro:IPR030456	F	Forkhead box protein C2	Foxc2|Fkh14|Fkhl14|Mfh1	protein	taxon:10090	20260727	InterPro		UniProtKB:Q61850
UniProtKB	Q61850	Foxc2	enables	GO:0043565	GO_REF:0000002	IEA	InterPro:IPR001766|InterPro:IPR018122|InterPro:IPR030456	F	Forkhead box protein C2	Foxc2|Fkh14|Fkhl14|Mfh1	protein	taxon:10090	20260727	InterPro		UniProtKB:Q61850
UniProtKB	Q61850	Foxc2	involved_in	GO:0006355	GO_REF:0000002	IEA	InterPro:IPR001766|InterPro:IPR018122|InterPro:IPR030456	P	Forkhead box protein C2	Foxc2|Fkh14|Fkhl14|Mfh1	protein	taxon:10090	20260727	InterPro		UniProtKB:Q61850
UniProtKB	Q62059	Vcan	enables	GO:0005509	GO_REF:0000002	IEA	InterPro:IPR001881|InterPro:IPR018097	F	Versican core protein	Vcan|Cspg2	protein	taxon:10090	20260727	InterPro		UniProtKB:Q62059
UniProtKB	Q62059	Vcan	enables	GO:0005540	GO_REF:0000002	IEA	InterPro:IPR000538	F	Versican core protein	Vcan|Cspg2	protein	taxon:10090	20260727	InterPro		UniProtKB:Q62059
UniProtKB	Q62059	Vcan	involved_in	GO:0007155	GO_REF:0000002	IEA	InterPro:IPR000538	P	Versican core protein	Vcan|Cspg2	protein	taxon:10090	20260727	InterPro		UniProtKB:Q62059
UniProtKB	Q62148	Aldh1a2	enables	GO:0016491	GO_REF:0000002	IEA	InterPro:IPR015590|InterPro:IPR016160|InterPro:IPR029510	F	Retinal dehydrogenase 2	Aldh1a2|Aldh1a7|Raldh2	protein	taxon:10090	20260727	InterPro		UniProtKB:Q62148
UniProtKB	Q62231	Six1	enables	GO:0000981	GO_REF:0000002	IEA	InterPro:IPR017970	F	Homeobox protein SIX1	Six1	protein	taxon:10090	20260727	InterPro		UniProtKB:Q62231
UniProtKB	Q62231	Six1	enables	GO:0003677	GO_REF:0000002	IEA	InterPro:IPR001356|InterPro:IPR008422	F	Homeobox protein SIX1	Six1	protein	taxon:10090	20260727	InterPro		UniProtKB:Q62231
UniProtKB	Q62231	Six1	involved_in	GO:0006355	GO_REF:0000002	IEA	InterPro:IPR008422|InterPro:IPR017970	P	Homeobox protein SIX1	Six1	protein	taxon:10090	20260727	InterPro		UniProtKB:Q62231
UniProtKB	Q62261	Sptbn1	enables	GO:0003779	GO_REF:0000002	IEA	InterPro:IPR016343	F	Spectrin beta chain, non-erythrocytic 1	Sptbn1|Elf|Spnb-2|Spnb2|Sptb2	protein	taxon:10090	20260727	InterPro		UniProtKB:Q62261
UniProtKB	Q62261	Sptbn1	enables	GO:0005200	GO_REF:0000002	IEA	InterPro:IPR016343	F	Spectrin beta chain, non-erythrocytic 1	Sptbn1|Elf|Spnb-2|Spnb2|Sptb2	protein	taxon:10090	20260727	InterPro		UniProtKB:Q62261
UniProtKB	Q62261	Sptbn1	enables	GO:0005543	GO_REF:0000002	IEA	InterPro:IPR001605	F	Spectrin beta chain, non-erythrocytic 1	Sptbn1|Elf|Spnb-2|Spnb2|Sptb2	protein	taxon:10090	20260727	InterPro		UniProtKB:Q62261
UniProtKB	Q62261	Sptbn1	part_of	GO:0008091	GO_REF:0000002	IEA	InterPro:IPR016343	C	Spectrin beta chain, non-erythrocytic 1	Sptbn1|Elf|Spnb-2|Spnb2|Sptb2	protein	taxon:10090	20260727	InterPro		UniProtKB:Q62261
UniProtKB	Q62361	Trh	enables	GO:0008437	GO_REF:0000002	IEA	InterPro:IPR008857	F	Pro-thyrotropin-releasing hormone	Trh	protein	taxon:10090	20260727	InterPro		UniProtKB:Q62361
UniProtKB	Q62361	Trh	involved_in	GO:0009755	GO_REF:0000002	IEA	InterPro:IPR008857	P	Pro-thyrotropin-releasing hormone	Trh	protein	taxon:10090	20260727	InterPro		UniProtKB:Q62361
UniProtKB	Q62361	Trh	located_in	GO:0005576	GO_REF:0000002	IEA	InterPro:IPR008857	C	Pro-thyrotropin-releasing hormone	Trh	protein	taxon:10090	20260727	InterPro		UniProtKB:Q62361
UniProtKB	Q64279	Hand1	enables	GO:0046983	GO_REF:0000002	IEA	InterPro:IPR011598|InterPro:IPR036638	F	Heart- and neural crest derivatives-expressed protein 1	Hand1|Ehand|Hxt|Thing1	protein	taxon:10090	20260727	InterPro		UniProtKB:Q64279
UniProtKB	Q64280	Lefty1	enables	GO:0005160	GO_REF:0000002	IEA	InterPro:IPR003942	F	Left-right determination factor 1	Lefty1|Ebaf|Lefty|Stra3|Tgfb4	protein	taxon:10090	20260727	InterPro		UniProtKB:Q64280
UniProtKB	Q64280	Lefty1	enables	GO:0008083	GO_REF:0000002	IEA	InterPro:IPR001839|InterPro:IPR017948	F	Left-right determination factor 1	Lefty1|Ebaf|Lefty|Stra3|Tgfb4	protein	taxon:10090	20260727	InterPro		UniProtKB:Q64280
UniProtKB	Q64280	Lefty1	located_in	GO:0005576	GO_REF:0000002	IEA	InterPro:IPR015615	C	Left-right determination factor 1	Lefty1|Ebaf|Lefty|Stra3|Tgfb4	protein	taxon:10090	20260727	InterPro		UniProtKB:Q64280
UniProtKB	Q64314	Cd34	involved_in	GO:0007155	GO_REF:0000002	IEA	InterPro:IPR008083	P	Hematopoietic progenitor cell antigen CD34	Cd34	protein	taxon:10090	20260727	InterPro		UniProtKB:Q64314
UniProtKB	Q64314	Cd34	located_in	GO:0016020	GO_REF:0000002	IEA	InterPro:IPR008083	C	Hematopoietic progenitor cell antigen CD34	Cd34	protein	taxon:10090	20260727	InterPro		UniProtKB:Q64314
UniProtKB	Q64429	Cyp1b1	enables	GO:0004497	GO_REF:0000002	IEA	InterPro:IPR001128|InterPro:IPR002401|InterPro:IPR036396	F	Cytochrome P450 1B1	Cyp1b1|Cyp1-b1	protein	taxon:10090	20260727	InterPro		UniProtKB:Q64429
UniProtKB	Q64429	Cyp1b1	enables	GO:0005506	GO_REF:0000002	IEA	InterPro:IPR001128|InterPro:IPR002401|InterPro:IPR017972|InterPro:IPR036396	F	Cytochrome P450 1B1	Cyp1b1|Cyp1-b1	protein	taxon:10090	20260727	InterPro		UniProtKB:Q64429
UniProtKB	Q64429	Cyp1b1	enables	GO:0016705	GO_REF:0000002	IEA	InterPro:IPR001128|InterPro:IPR002401|InterPro:IPR017972|InterPro:IPR036396	F	Cytochrome P450 1B1	Cyp1b1|Cyp1-b1	protein	taxon:10090	20260727	InterPro		UniProtKB:Q64429
UniProtKB	Q64429	Cyp1b1	enables	GO:0020037	GO_REF:0000002	IEA	InterPro:IPR001128|InterPro:IPR002401|InterPro:IPR036396	F	Cytochrome P450 1B1	Cyp1b1|Cyp1-b1	protein	taxon:10090	20260727	InterPro		UniProtKB:Q64429
UniProtKB	Q65CL1	Ctnna3	enables	GO:0045296	GO_REF:0000002	IEA	InterPro:IPR001033	F	Catenin alpha-3	Ctnna3|Catna3	protein	taxon:10090	20260727	InterPro		UniProtKB:Q65CL1
UniProtKB	Q65CL1	Ctnna3	enables	GO:0051015	GO_REF:0000002	IEA	InterPro:IPR001033|InterPro:IPR006077|InterPro:IPR036723	F	Catenin alpha-3	Ctnna3|Catna3	protein	taxon:10090	20260727	InterPro		UniProtKB:Q65CL1
UniProtKB	Q65CL1	Ctnna3	involved_in	GO:0007155	GO_REF:0000002	IEA	InterPro:IPR001033|InterPro:IPR006077|InterPro:IPR036723	P	Catenin alpha-3	Ctnna3|Catna3	protein	taxon:10090	20260727	InterPro		UniProtKB:Q65CL1
UniProtKB	Q69ZX8	Ablim3	enables	GO:0003779	GO_REF:0000002	IEA	InterPro:IPR003128|InterPro:IPR036886	F	Actin-binding LIM protein 3	Ablim3|Kiaa0843	protein	taxon:10090	20260727	InterPro		UniProtKB:Q69ZX8
UniProtKB	Q69ZX8	Ablim3	involved_in	GO:0007010	GO_REF:0000002	IEA	InterPro:IPR003128|InterPro:IPR036886	P	Actin-binding LIM protein 3	Ablim3|Kiaa0843	protein	taxon:10090	20260727	InterPro		UniProtKB:Q69ZX8
UniProtKB	Q6DR98	Nrg1	enables	GO:0005102	GO_REF:0000002	IEA	InterPro:IPR018250|InterPro:IPR040180	F	Pro-neuregulin-1, membrane-bound isoform	Nrg1	protein	taxon:10090	20260727	InterPro		UniProtKB:Q6DR98
UniProtKB	Q6DR98	Nrg1	involved_in	GO:0007399	GO_REF:0000002	IEA	InterPro:IPR018250|InterPro:IPR040180	P	Pro-neuregulin-1, membrane-bound isoform	Nrg1	protein	taxon:10090	20260727	InterPro		UniProtKB:Q6DR98
UniProtKB	Q6F3F9	Adgrg6	enables	GO:0004888	GO_REF:0000002	IEA	InterPro:IPR017981	F	Adhesion G protein-coupled receptor G6	Adgrg6|Dreg|Gm222|Gpr126	protein	taxon:10090	20260727	InterPro		UniProtKB:Q6F3F9
UniProtKB	Q6F3F9	Adgrg6	enables	GO:0004930	GO_REF:0000002	IEA	InterPro:IPR000832|InterPro:IPR001879|InterPro:IPR017983|InterPro:IPR036445	F	Adhesion G protein-coupled receptor G6	Adgrg6|Dreg|Gm222|Gpr126	protein	taxon:10090	20260727	InterPro		UniProtKB:Q6F3F9
UniProtKB	Q6F3F9	Adgrg6	involved_in	GO:0007166	GO_REF:0000002	IEA	InterPro:IPR017981	P	Adhesion G protein-coupled receptor G6	Adgrg6|Dreg|Gm222|Gpr126	protein	taxon:10090	20260727	InterPro		UniProtKB:Q6F3F9
UniProtKB	Q6F3F9	Adgrg6	involved_in	GO:0007186	GO_REF:0000002	IEA	InterPro:IPR000832|InterPro:IPR017983	P	Adhesion G protein-coupled receptor G6	Adgrg6|Dreg|Gm222|Gpr126	protein	taxon:10090	20260727	InterPro		UniProtKB:Q6F3F9
UniProtKB	Q6F3F9	Adgrg6	located_in	GO:0016020	GO_REF:0000002	IEA	InterPro:IPR000832|InterPro:IPR001879|InterPro:IPR017981|InterPro:IPR036445	C	Adhesion G protein-coupled receptor G6	Adgrg6|Dreg|Gm222|Gpr126	protein	taxon:10090	20260727	InterPro		UniProtKB:Q6F3F9
UniProtKB	Q6GQT1	A2m	enables	GO:0004866	GO_REF:0000002	IEA	InterPro:IPR001599|InterPro:IPR002890	F	Alpha-2-macroglobulin-P	A2m|A2mp	protein	taxon:10090	20260727	InterPro		UniProtKB:Q6GQT1
UniProtKB	Q6GQT1	A2m	located_in	GO:0005576	GO_REF:0000002	IEA	InterPro:IPR009048|InterPro:IPR011626|InterPro:IPR036595	C	Alpha-2-macroglobulin-P	A2m|A2mp	protein	taxon:10090	20260727	InterPro		UniProtKB:Q6GQT1
UniProtKB	Q6NS52	Dgkb	enables	GO:0004143	GO_REF:0000002	IEA	InterPro:IPR000756|InterPro:IPR037607	F	Diacylglycerol kinase beta	Dgkb|Kiaa0718	protein	taxon:10090	20260727	InterPro		UniProtKB:Q6NS52
UniProtKB	Q6NS52	Dgkb	enables	GO:0005509	GO_REF:0000002	IEA	InterPro:IPR002048	F	Diacylglycerol kinase beta	Dgkb|Kiaa0718	protein	taxon:10090	20260727	InterPro		UniProtKB:Q6NS52
UniProtKB	Q6NS52	Dgkb	enables	GO:0016301	GO_REF:0000002	IEA	InterPro:IPR001206	F	Diacylglycerol kinase beta	Dgkb|Kiaa0718	protein	taxon:10090	20260727	InterPro		UniProtKB:Q6NS52
UniProtKB	Q6NS52	Dgkb	involved_in	GO:0007165	GO_REF:0000002	IEA	InterPro:IPR037607	P	Diacylglycerol kinase beta	Dgkb|Kiaa0718	protein	taxon:10090	20260727	InterPro		UniProtKB:Q6NS52
UniProtKB	Q6NS52	Dgkb	involved_in	GO:0007200	GO_REF:0000002	IEA	InterPro:IPR000756	P	Diacylglycerol kinase beta	Dgkb|Kiaa0718	protein	taxon:10090	20260727	InterPro		UniProtKB:Q6NS52
UniProtKB	Q6NVE3	Spin2c	involved_in	GO:0007276	GO_REF:0000002	IEA	InterPro:IPR003671	P	Spindlin-2C	Spin2c|Spin2	protein	taxon:10090	20260727	InterPro		UniProtKB:Q6NVE3
UniProtKB	Q6P8J7	Ckmt2	enables	GO:0003824	GO_REF:0000002	IEA	InterPro:IPR014746	F	Creatine kinase S-type, mitochondrial	Ckmt2	protein	taxon:10090	20260727	InterPro		UniProtKB:Q6P8J7
UniProtKB	Q6P8J7	Ckmt2	enables	GO:0016301	GO_REF:0000002	IEA	InterPro:IPR022413|InterPro:IPR022414|InterPro:IPR022415|InterPro:IPR036802	F	Creatine kinase S-type, mitochondrial	Ckmt2	protein	taxon:10090	20260727	InterPro		UniProtKB:Q6P8J7
UniProtKB	Q6P8J7	Ckmt2	enables	GO:0016772	GO_REF:0000002	IEA	InterPro:IPR022413|InterPro:IPR022414|InterPro:IPR022415|InterPro:IPR036802	F	Creatine kinase S-type, mitochondrial	Ckmt2	protein	taxon:10090	20260727	InterPro		UniProtKB:Q6P8J7
UniProtKB	Q6P8J7	Ckmt2	enables	GO:0016775	GO_REF:0000002	IEA	InterPro:IPR000749	F	Creatine kinase S-type, mitochondrial	Ckmt2	protein	taxon:10090	20260727	InterPro		UniProtKB:Q6P8J7
UniProtKB	Q6P8J7	Ckmt2	involved_in	GO:0046314	GO_REF:0000002	IEA	InterPro:IPR000749	P	Creatine kinase S-type, mitochondrial	Ckmt2	protein	taxon:10090	20260727	InterPro		UniProtKB:Q6P8J7
UniProtKB	Q6PDN3	Mylk	enables	GO:0004672	GO_REF:0000002	IEA	InterPro:IPR008271|InterPro:IPR015725	F	Myosin light chain kinase, smooth muscle	Mylk	protein	taxon:10090	20260727	InterPro		UniProtKB:Q6PDN3
UniProtKB	Q6PDN3	Mylk	enables	GO:0005524	GO_REF:0000002	IEA	InterPro:IPR000719|InterPro:IPR017441	F	Myosin light chain kinase, smooth muscle	Mylk	protein	taxon:10090	20260727	InterPro		UniProtKB:Q6PDN3
UniProtKB	Q6VNS1	Ntrk3	enables	GO:0004672	GO_REF:0000002	IEA	InterPro:IPR001245|InterPro:IPR008266	F	NT-3 growth factor receptor	Ntrk3|TrkC	protein	taxon:10090	20260727	InterPro		UniProtKB:Q6VNS1
UniProtKB	Q6VNS1	Ntrk3	enables	GO:0004713	GO_REF:0000002	IEA	InterPro:IPR020635	F	NT-3 growth factor receptor	Ntrk3|TrkC	protein	taxon:10090	20260727	InterPro		UniProtKB:Q6VNS1
UniProtKB	Q6VNS1	Ntrk3	enables	GO:0004714	GO_REF:0000002	IEA	InterPro:IPR002011|InterPro:IPR020446|InterPro:IPR020777	F	NT-3 growth factor receptor	Ntrk3|TrkC	protein	taxon:10090	20260727	InterPro		UniProtKB:Q6VNS1
UniProtKB	Q6VNS1	Ntrk3	enables	GO:0005030	GO_REF:0000002	IEA	InterPro:IPR020446	F	NT-3 growth factor receptor	Ntrk3|TrkC	protein	taxon:10090	20260727	InterPro		UniProtKB:Q6VNS1
UniProtKB	Q6VNS1	Ntrk3	enables	GO:0005524	GO_REF:0000002	IEA	InterPro:IPR000719|InterPro:IPR002011|InterPro:IPR017441|InterPro:IPR020777	F	NT-3 growth factor receptor	Ntrk3|TrkC	protein	taxon:10090	20260727	InterPro		UniProtKB:Q6VNS1
UniProtKB	Q6VNS1	Ntrk3	involved_in	GO:0007169	GO_REF:0000002	IEA	InterPro:IPR002011|InterPro:IPR020446|InterPro:IPR020777	P	NT-3 growth factor receptor	Ntrk3|TrkC	protein	taxon:10090	20260727	InterPro		UniProtKB:Q6VNS1
UniProtKB	Q6VNS1	Ntrk3	located_in	GO:0005886	GO_REF:0000002	IEA	InterPro:IPR020446|InterPro:IPR020777	C	NT-3 growth factor receptor	Ntrk3|TrkC	protein	taxon:10090	20260727	InterPro		UniProtKB:Q6VNS1
UniProtKB	Q6VNS1	Ntrk3	located_in	GO:0016020	GO_REF:0000002	IEA	InterPro:IPR002011	C	NT-3 growth factor receptor	Ntrk3|TrkC	protein	taxon:10090	20260727	InterPro		UniProtKB:Q6VNS1
UniProtKB	Q765I1	Uts2b	involved_in	GO:0008217	GO_REF:0000002	IEA	InterPro:IPR001483	P	Urotensin-2B	Uts2b|Urp|Uts2d	protein	taxon:10090	20260727	InterPro		UniProtKB:Q765I1
UniProtKB	Q765I1	Uts2b	involved_in	GO:0097746	GO_REF:0000002	IEA	InterPro:IPR001483	P	Urotensin-2B	Uts2b|Urp|Uts2d	protein	taxon:10090	20260727	InterPro		UniProtKB:Q765I1
UniProtKB	Q765I1	Uts2b	located_in	GO:0005576	GO_REF:0000002	IEA	InterPro:IPR001483	C	Urotensin-2B	Uts2b|Urp|Uts2d	protein	taxon:10090	20260727	InterPro		UniProtKB:Q765I1
UniProtKB	Q78IQ7	Slc39a4	enables	GO:0046873	GO_REF:0000002	IEA	InterPro:IPR003689	F	Zinc transporter ZIP4	Slc39a4|Zip4	protein	taxon:10090	20260727	InterPro		UniProtKB:Q78IQ7
UniProtKB	Q78IQ7	Slc39a4	involved_in	GO:0030001	GO_REF:0000002	IEA	InterPro:IPR003689	P	Zinc transporter ZIP4	Slc39a4|Zip4	protein	taxon:10090	20260727	InterPro		UniProtKB:Q78IQ7
UniProtKB	Q78IQ7	Slc39a4	involved_in	GO:0055085	GO_REF:0000002	IEA	InterPro:IPR003689	P	Zinc transporter ZIP4	Slc39a4|Zip4	protein	taxon:10090	20260727	InterPro		UniProtKB:Q78IQ7
UniProtKB	Q78IQ7	Slc39a4	located_in	GO:0016020	GO_REF:0000002	IEA	InterPro:IPR003689	C	Zinc transporter ZIP4	Slc39a4|Zip4	protein	taxon:10090	20260727	InterPro		UniProtKB:Q78IQ7
UniProtKB	Q7TPZ8	Cpa1	enables	GO:0004181	GO_REF:0000002	IEA	InterPro:IPR000834	F	Carboxypeptidase A1	Cpa1	protein	taxon:10090	20260727	InterPro		UniProtKB:Q7TPZ8
UniProtKB	Q7TPZ8	Cpa1	enables	GO:0008270	GO_REF:0000002	IEA	InterPro:IPR000834	F	Carboxypeptidase A1	Cpa1	protein	taxon:10090	20260727	InterPro		UniProtKB:Q7TPZ8
UniProtKB	Q7TPZ8	Cpa1	involved_in	GO:0006508	GO_REF:0000002	IEA	InterPro:IPR000834	P	Carboxypeptidase A1	Cpa1	protein	taxon:10090	20260727	InterPro		UniProtKB:Q7TPZ8
UniProtKB	Q80TF3	Pcdh19	enables	GO:0005509	GO_REF:0000002	IEA	InterPro:IPR002126|InterPro:IPR015919	F	Protocadherin-19	Pcdh19|Kiaa1313	protein	taxon:10090	20260727	InterPro		UniProtKB:Q80TF3
UniProtKB	Q80TF3	Pcdh19	involved_in	GO:0007155	GO_REF:0000002	IEA	InterPro:IPR020894	P	Protocadherin-19	Pcdh19|Kiaa1313	protein	taxon:10090	20260727	InterPro		UniProtKB:Q80TF3
UniProtKB	Q80TF3	Pcdh19	involved_in	GO:0007156	GO_REF:0000002	IEA	InterPro:IPR002126	P	Protocadherin-19	Pcdh19|Kiaa1313	protein	taxon:10090	20260727	InterPro		UniProtKB:Q80TF3
UniProtKB	Q80TF3	Pcdh19	located_in	GO:0005886	GO_REF:0000002	IEA	InterPro:IPR020894	C	Protocadherin-19	Pcdh19|Kiaa1313	protein	taxon:10090	20260727	InterPro		UniProtKB:Q80TF3
UniProtKB	Q80TF3	Pcdh19	located_in	GO:0016020	GO_REF:0000002	IEA	InterPro:IPR002126|InterPro:IPR015919	C	Protocadherin-19	Pcdh19|Kiaa1313	protein	taxon:10090	20260727	InterPro		UniProtKB:Q80TF3
UniProtKB	Q80TL1	Adcy2	enables	GO:0004016	GO_REF:0000002	IEA	InterPro:IPR009398|InterPro:IPR030672	F	Adenylate cyclase type 2	Adcy2|Kiaa1060	protein	taxon:10090	20260727	InterPro		UniProtKB:Q80TL1
UniProtKB	Q80TL1	Adcy2	enables	GO:0016849	GO_REF:0000002	IEA	InterPro:IPR018297	F	Adenylate cyclase type 2	Adcy2|Kiaa1060	protein	taxon:10090	20260727	InterPro		UniProtKB:Q80TL1
UniProtKB	Q80TL1	Adcy2	involved_in	GO:0006171	GO_REF:0000002	IEA	InterPro:IPR009398|InterPro:IPR030672	P	Adenylate cyclase type 2	Adcy2|Kiaa1060	protein	taxon:10090	20260727	InterPro		UniProtKB:Q80TL1
UniProtKB	Q80TL1	Adcy2	involved_in	GO:0009190	GO_REF:0000002	IEA	InterPro:IPR001054|InterPro:IPR018297	P	Adenylate cyclase type 2	Adcy2|Kiaa1060	protein	taxon:10090	20260727	InterPro		UniProtKB:Q80TL1
UniProtKB	Q80TL1	Adcy2	involved_in	GO:0035556	GO_REF:0000002	IEA	InterPro:IPR001054|InterPro:IPR018297	P	Adenylate cyclase type 2	Adcy2|Kiaa1060	protein	taxon:10090	20260727	InterPro		UniProtKB:Q80TL1
UniProtKB	Q80TL1	Adcy2	located_in	GO:0005886	GO_REF:0000002	IEA	InterPro:IPR009398|InterPro:IPR030672	C	Adenylate cyclase type 2	Adcy2|Kiaa1060	protein	taxon:10090	20260727	InterPro		UniProtKB:Q80TL1
UniProtKB	Q80TN7	Nav3	enables	GO:0005524	GO_REF:0000002	IEA	InterPro:IPR003959	F	Neuron navigator 3	Nav3|Kiaa0938|Pomfil1	protein	taxon:10090	20260727	InterPro		UniProtKB:Q80TN7
UniProtKB	Q80TN7	Nav3	enables	GO:0016887	GO_REF:0000002	IEA	InterPro:IPR003959	F	Neuron navigator 3	Nav3|Kiaa0938|Pomfil1	protein	taxon:10090	20260727	InterPro		UniProtKB:Q80TN7
UniProtKB	Q80TN7	Nav3	involved_in	GO:0022008	GO_REF:0000002	IEA	InterPro:IPR039041	P	Neuron navigator 3	Nav3|Kiaa0938|Pomfil1	protein	taxon:10090	20260727	InterPro		UniProtKB:Q80TN7
UniProtKB	Q80W15	Igfbpl1	enables	GO:0005520	GO_REF:0000002	IEA	InterPro:IPR011390	F	Insulin-like growth factor-binding protein-like 1	Igfbpl1|Igfbprp4	protein	taxon:10090	20260727	InterPro		UniProtKB:Q80W15
UniProtKB	Q80W15	Igfbpl1	involved_in	GO:0001558	GO_REF:0000002	IEA	InterPro:IPR011390	P	Insulin-like growth factor-binding protein-like 1	Igfbpl1|Igfbprp4	protein	taxon:10090	20260727	InterPro		UniProtKB:Q80W15
UniProtKB	Q80W15	Igfbpl1	located_in	GO:0005576	GO_REF:0000002	IEA	InterPro:IPR000867|InterPro:IPR011390	C	Insulin-like growth factor-binding protein-like 1	Igfbpl1|Igfbprp4	protein	taxon:10090	20260727	InterPro		UniProtKB:Q80W15
UniProtKB	Q80Z10	Astn2	involved_in	GO:0001764	GO_REF:0000002	IEA	InterPro:IPR026995	P	Astrotactin-2	Astn2|Kiaa0634	protein	taxon:10090	20260727	InterPro		UniProtKB:Q80Z10
UniProtKB	Q810K9	Gxylt2	enables	GO:0016757	GO_REF:0000002	IEA	InterPro:IPR002495	F	Glucoside xylosyltransferase 2	Gxylt2|Glt8d4	protein	taxon:10090	20260727	InterPro		UniProtKB:Q810K9
UniProtKB	Q811B3	Adamts12	enables	GO:0004222	GO_REF:0000002	IEA	InterPro:IPR001590	F	A disintegrin and metalloproteinase with thrombospondin motifs 12	Adamts12	protein	taxon:10090	20260727	InterPro		UniProtKB:Q811B3
UniProtKB	Q811B3	Adamts12	enables	GO:0008237	GO_REF:0000002	IEA	InterPro:IPR024079	F	A disintegrin and metalloproteinase with thrombospondin motifs 12	Adamts12	protein	taxon:10090	20260727	InterPro		UniProtKB:Q811B3
UniProtKB	Q811B3	Adamts12	involved_in	GO:0006508	GO_REF:0000002	IEA	InterPro:IPR001590	P	A disintegrin and metalloproteinase with thrombospondin motifs 12	Adamts12	protein	taxon:10090	20260727	InterPro		UniProtKB:Q811B3
UniProtKB	Q811B3	Adamts12	involved_in	GO:0030198	GO_REF:0000002	IEA	InterPro:IPR013273	P	A disintegrin and metalloproteinase with thrombospondin motifs 12	Adamts12	protein	taxon:10090	20260727	InterPro		UniProtKB:Q811B3
UniProtKB	Q8BG36	Dmrt2	enables	GO:0043565	GO_REF:0000002	IEA	InterPro:IPR001275|InterPro:IPR036407	F	Doublesex- and mab-3-related transcription factor 2	Dmrt2	protein	taxon:10090	20260727	InterPro		UniProtKB:Q8BG36
UniProtKB	Q8BG36	Dmrt2	involved_in	GO:0006355	GO_REF:0000002	IEA	InterPro:IPR001275|InterPro:IPR026607|InterPro:IPR036407	P	Doublesex- and mab-3-related transcription factor 2	Dmrt2	protein	taxon:10090	20260727	InterPro		UniProtKB:Q8BG36
UniProtKB	Q8BG36	Dmrt2	located_in	GO:0005634	GO_REF:0000002	IEA	InterPro:IPR026607	C	Doublesex- and mab-3-related transcription factor 2	Dmrt2	protein	taxon:10090	20260727	InterPro		UniProtKB:Q8BG36
UniProtKB	Q8BGV3	Tacstd2	located_in	GO:0016020	GO_REF:0000002	IEA	InterPro:IPR043406	C	Tumor-associated calcium signal transducer 2	Tacstd2|Trop2	protein	taxon:10090	20260727	InterPro		UniProtKB:Q8BGV3
UniProtKB	Q8BHC0	Lyve1	enables	GO:0005540	GO_REF:0000002	IEA	InterPro:IPR000538|InterPro:IPR043210	F	Lymphatic vessel endothelial hyaluronic acid receptor 1	Lyve1|Crsbp1|Xlkd1	protein	taxon:10090	20260727	InterPro		UniProtKB:Q8BHC0
UniProtKB	Q8BHC0	Lyve1	involved_in	GO:0007155	GO_REF:0000002	IEA	InterPro:IPR000538	P	Lymphatic vessel endothelial hyaluronic acid receptor 1	Lyve1|Crsbp1|Xlkd1	protein	taxon:10090	20260727	InterPro		UniProtKB:Q8BHC0
UniProtKB	Q8BHY3	Ano1	enables	GO:0046983	GO_REF:0000002	IEA	InterPro:IPR032394	F	Anoctamin-1	Ano1|Tmem16a	protein	taxon:10090	20260727	InterPro		UniProtKB:Q8BHY3
UniProtKB	Q8BJD1	Itih5	enables	GO:0004867	GO_REF:0000002	IEA	InterPro:IPR010600	F	Inter-alpha-trypsin inhibitor heavy chain H5	Itih5	protein	taxon:10090	20260727	InterPro		UniProtKB:Q8BJD1
UniProtKB	Q8BJD1	Itih5	involved_in	GO:0030212	GO_REF:0000002	IEA	InterPro:IPR010600	P	Inter-alpha-trypsin inhibitor heavy chain H5	Itih5	protein	taxon:10090	20260727	InterPro		UniProtKB:Q8BJD1
UniProtKB	Q8BKS9	Pum3	enables	GO:0003723	GO_REF:0000002	IEA	InterPro:IPR001313|InterPro:IPR012959|InterPro:IPR033133|InterPro:IPR040059	F	Pumilio homolog 3	Pum3|D19Bwg1357e|Kiaa0020	protein	taxon:10090	20260727	InterPro		UniProtKB:Q8BKS9
UniProtKB	Q8BLY1	Smoc1	enables	GO:0005509	GO_REF:0000002	IEA	InterPro:IPR019577|InterPro:IPR037639	F	SPARC-related modular calcium-binding protein 1	Smoc1|Srg	protein	taxon:10090	20260727	InterPro		UniProtKB:Q8BLY1
UniProtKB	Q8BLY1	Smoc1	enables	GO:0050840	GO_REF:0000002	IEA	InterPro:IPR037639	F	SPARC-related modular calcium-binding protein 1	Smoc1|Srg	protein	taxon:10090	20260727	InterPro		UniProtKB:Q8BLY1
UniProtKB	Q8BPM0	Daam1	enables	GO:0003779	GO_REF:0000002	IEA	InterPro:IPR010472|InterPro:IPR010473	F	Disheveled-associated activator of morphogenesis 1	Daam1	protein	taxon:10090	20260727	InterPro		UniProtKB:Q8BPM0
UniProtKB	Q8BPM0	Daam1	enables	GO:0031267	GO_REF:0000002	IEA	InterPro:IPR010473	F	Disheveled-associated activator of morphogenesis 1	Daam1	protein	taxon:10090	20260727	InterPro		UniProtKB:Q8BPM0
UniProtKB	Q8BPM0	Daam1	involved_in	GO:0030036	GO_REF:0000002	IEA	InterPro:IPR010473	P	Disheveled-associated activator of morphogenesis 1	Daam1	protein	taxon:10090	20260727	InterPro		UniProtKB:Q8BPM0
UniProtKB	Q8BVA4	Lmod1	enables	GO:0003779	GO_REF:0000002	IEA	InterPro:IPR003124	F	Leiomodin-1	Lmod1	protein	taxon:10090	20260727	InterPro		UniProtKB:Q8BVA4
UniProtKB	Q8BVA4	Lmod1	enables	GO:0005523	GO_REF:0000002	IEA	InterPro:IPR004934	F	Leiomodin-1	Lmod1	protein	taxon:10090	20260727	InterPro		UniProtKB:Q8BVA4
UniProtKB	Q8BVA4	Lmod1	involved_in	GO:0051694	GO_REF:0000002	IEA	InterPro:IPR004934	P	Leiomodin-1	Lmod1	protein	taxon:10090	20260727	InterPro		UniProtKB:Q8BVA4
UniProtKB	Q8C0F9	Prss35	enables	GO:0004252	GO_REF:0000002	IEA	InterPro:IPR001254|InterPro:IPR018114	F	Inactive serine protease 35	Prss35	protein	taxon:10090	20260727	InterPro		UniProtKB:Q8C0F9
UniProtKB	Q8C186	Bpifc	enables	GO:0008289	GO_REF:0000002	IEA	InterPro:IPR001124|InterPro:IPR017942|InterPro:IPR017943|InterPro:IPR017954|InterPro:IPR030675	F	BPI fold-containing family C protein	Bpifc|Bpil2	protein	taxon:10090	20260727	InterPro		UniProtKB:Q8C186
UniProtKB	Q8C186	Bpifc	located_in	GO:0005576	GO_REF:0000002	IEA	InterPro:IPR030675	C	BPI fold-containing family C protein	Bpifc|Bpil2	protein	taxon:10090	20260727	InterPro		UniProtKB:Q8C186
UniProtKB	Q8C3J5	Dock2	enables	GO:0005085	GO_REF:0000002	IEA	InterPro:IPR026791|InterPro:IPR026799	F	Dedicator of cytokinesis protein 2	Dock2	protein	taxon:10090	20260727	InterPro		UniProtKB:Q8C3J5
UniProtKB	Q8C3J5	Dock2	enables	GO:0005096	GO_REF:0000002	IEA	InterPro:IPR026799	F	Dedicator of cytokinesis protein 2	Dock2	protein	taxon:10090	20260727	InterPro		UniProtKB:Q8C3J5
UniProtKB	Q8C3J5	Dock2	involved_in	GO:0007264	GO_REF:0000002	IEA	InterPro:IPR026791|InterPro:IPR026799	P	Dedicator of cytokinesis protein 2	Dock2	protein	taxon:10090	20260727	InterPro		UniProtKB:Q8C3J5
UniProtKB	Q8C3J5	Dock2	involved_in	GO:0030036	GO_REF:0000002	IEA	InterPro:IPR026799	P	Dedicator of cytokinesis protein 2	Dock2	protein	taxon:10090	20260727	InterPro		UniProtKB:Q8C3J5
UniProtKB	Q8C8B0	Alx1	enables	GO:0000981	GO_REF:0000002	IEA	InterPro:IPR017970	F	ALX homeobox protein 1	Alx1|Cart1	protein	taxon:10090	20260727	InterPro		UniProtKB:Q8C8B0
UniProtKB	Q8C8B0	Alx1	enables	GO:0003677	GO_REF:0000002	IEA	InterPro:IPR001356	F	ALX homeobox protein 1	Alx1|Cart1	protein	taxon:10090	20260727	InterPro		UniProtKB:Q8C8B0
UniProtKB	Q8C8B0	Alx1	involved_in	GO:0006355	GO_REF:0000002	IEA	InterPro:IPR017970	P	ALX homeobox protein 1	Alx1|Cart1	protein	taxon:10090	20260727	InterPro		UniProtKB:Q8C8B0
UniProtKB	Q8CC27	Cacnb2	enables	GO:0005245	GO_REF:0000002	IEA	InterPro:IPR000584|InterPro:IPR005444	F	Voltage-dependent L-type calcium channel subunit beta-2	Cacnb2|Cacnlb2	protein	taxon:10090	20260727	InterPro		UniProtKB:Q8CC27
UniProtKB	Q8CC27	Cacnb2	involved_in	GO:0070588	GO_REF:0000002	IEA	InterPro:IPR000584|InterPro:IPR005444	P	Voltage-dependent L-type calcium channel subunit beta-2	Cacnb2|Cacnlb2	protein	taxon:10090	20260727	InterPro		UniProtKB:Q8CC27
UniProtKB	Q8CC27	Cacnb2	part_of	GO:0005891	GO_REF:0000002	IEA	InterPro:IPR000584|InterPro:IPR005444	C	Voltage-dependent L-type calcium channel subunit beta-2	Cacnb2|Cacnlb2	protein	taxon:10090	20260727	InterPro		UniProtKB:Q8CC27
UniProtKB	Q8CD91	Smoc2	enables	GO:0005509	GO_REF:0000002	IEA	InterPro:IPR002048|InterPro:IPR019577|InterPro:IPR037640	F	SPARC-related modular calcium-binding protein 2	Smoc2	protein	taxon:10090	20260727	InterPro		UniProtKB:Q8CD91
UniProtKB	Q8CD91	Smoc2	located_in	GO:0031012	GO_REF:0000002	IEA	InterPro:IPR037640	C	SPARC-related modular calcium-binding protein 2	Smoc2	protein	taxon:10090	20260727	InterPro		UniProtKB:Q8CD91
UniProtKB	Q8CFN5	Mef2c	enables	GO:0000977	GO_REF:0000002	IEA	InterPro:IPR033896	F	Myocyte-specific enhancer factor 2C	Mef2c	protein	taxon:10090	20260727	InterPro		UniProtKB:Q8CFN5
UniProtKB	Q8CFN5	Mef2c	enables	GO:0003677	GO_REF:0000002	IEA	InterPro:IPR002100|InterPro:IPR036879	F	Myocyte-specific enhancer factor 2C	Mef2c	protein	taxon:10090	20260727	InterPro		UniProtKB:Q8CFN5
UniProtKB	Q8CFN5	Mef2c	enables	GO:0046983	GO_REF:0000002	IEA	InterPro:IPR002100|InterPro:IPR036879	F	Myocyte-specific enhancer factor 2C	Mef2c	protein	taxon:10090	20260727	InterPro		UniProtKB:Q8CFN5
UniProtKB	Q8CFN5	Mef2c	involved_in	GO:0045944	GO_REF:0000002	IEA	InterPro:IPR033896	P	Myocyte-specific enhancer factor 2C	Mef2c	protein	taxon:10090	20260727	InterPro		UniProtKB:Q8CFN5
UniProtKB	Q8JZW4	Cpne5	enables	GO:0005544	GO_REF:0000002	IEA	InterPro:IPR045052	F	Copine-5	Cpne5	protein	taxon:10090	20260727	InterPro		UniProtKB:Q8JZW4
UniProtKB	Q8K031	Stard8	enables	GO:0008289	GO_REF:0000002	IEA	InterPro:IPR002913	F	StAR-related lipid transfer protein 8	Stard8|Kiaa0189	protein	taxon:10090	20260727	InterPro		UniProtKB:Q8K031
UniProtKB	Q8K031	Stard8	involved_in	GO:0007165	GO_REF:0000002	IEA	InterPro:IPR000198	P	StAR-related lipid transfer protein 8	Stard8|Kiaa0189	protein	taxon:10090	20260727	InterPro		UniProtKB:Q8K031
UniProtKB	Q8K0E8	Fgb	enables	GO:0005102	GO_REF:0000002	IEA	InterPro:IPR012290	F	Fibrinogen beta chain	Fgb	protein	taxon:10090	20260727	InterPro		UniProtKB:Q8K0E8
UniProtKB	Q8K0E8	Fgb	involved_in	GO:0007596	GO_REF:0000002	IEA	InterPro:IPR037579	P	Fibrinogen beta chain	Fgb	protein	taxon:10090	20260727	InterPro		UniProtKB:Q8K0E8
UniProtKB	Q8K0E8	Fgb	involved_in	GO:0030168	GO_REF:0000002	IEA	InterPro:IPR012290	P	Fibrinogen beta chain	Fgb	protein	taxon:10090	20260727	InterPro		UniProtKB:Q8K0E8
UniProtKB	Q8K0E8	Fgb	involved_in	GO:0051258	GO_REF:0000002	IEA	InterPro:IPR012290	P	Fibrinogen beta chain	Fgb	protein	taxon:10090	20260727	InterPro		UniProtKB:Q8K0E8
UniProtKB	Q8K0E8	Fgb	part_of	GO:0005577	GO_REF:0000002	IEA	InterPro:IPR012290	C	Fibrinogen beta chain	Fgb	protein	taxon:10090	20260727	InterPro		UniProtKB:Q8K0E8
UniProtKB	Q8K2I3	Fmo2	enables	GO:0004499	GO_REF:0000002	IEA	InterPro:IPR002254|InterPro:IPR020946	F	Dimethylaniline monooxygenase [N-oxide-forming] 2	Fmo2	protein	taxon:10090	20260727	InterPro		UniProtKB:Q8K2I3
UniProtKB	Q8K2I3	Fmo2	enables	GO:0050660	GO_REF:0000002	IEA	InterPro:IPR000960|InterPro:IPR020946	F	Dimethylaniline monooxygenase [N-oxide-forming] 2	Fmo2	protein	taxon:10090	20260727	InterPro		UniProtKB:Q8K2I3
UniProtKB	Q8K2I3	Fmo2	enables	GO:0050661	GO_REF:0000002	IEA	InterPro:IPR000960|InterPro:IPR020946	F	Dimethylaniline monooxygenase [N-oxide-forming] 2	Fmo2	protein	taxon:10090	20260727	InterPro		UniProtKB:Q8K2I3
UniProtKB	Q8K348	Acvr1c	enables	GO:0004672	GO_REF:0000002	IEA	InterPro:IPR001245|InterPro:IPR008271	F	Activin receptor type-1C	Acvr1c|Alk7	protein	taxon:10090	20260727	InterPro		UniProtKB:Q8K348
UniProtKB	Q8K348	Acvr1c	enables	GO:0004675	GO_REF:0000002	IEA	InterPro:IPR000333|InterPro:IPR000472|InterPro:IPR003605	F	Activin receptor type-1C	Acvr1c|Alk7	protein	taxon:10090	20260727	InterPro		UniProtKB:Q8K348
UniProtKB	Q8K348	Acvr1c	enables	GO:0005524	GO_REF:0000002	IEA	InterPro:IPR000333|InterPro:IPR000719|InterPro:IPR003605|InterPro:IPR017441	F	Activin receptor type-1C	Acvr1c|Alk7	protein	taxon:10090	20260727	InterPro		UniProtKB:Q8K348
UniProtKB	Q8K348	Acvr1c	involved_in	GO:0007178	GO_REF:0000002	IEA	InterPro:IPR000333	P	Activin receptor type-1C	Acvr1c|Alk7	protein	taxon:10090	20260727	InterPro		UniProtKB:Q8K348
UniProtKB	Q8K348	Acvr1c	located_in	GO:0016020	GO_REF:0000002	IEA	InterPro:IPR000333|InterPro:IPR000472|InterPro:IPR003605	C	Activin receptor type-1C	Acvr1c|Alk7	protein	taxon:10090	20260727	InterPro		UniProtKB:Q8K348
UniProtKB	Q8K441	Abca6	enables	GO:0005524	GO_REF:0000002	IEA	InterPro:IPR003439	F	ATP-binding cassette sub-family A member 6	Abca6	protein	taxon:10090	20260727	InterPro		UniProtKB:Q8K441
UniProtKB	Q8K441	Abca6	enables	GO:0016887	GO_REF:0000002	IEA	InterPro:IPR003439	F	ATP-binding cassette sub-family A member 6	Abca6	protein	taxon:10090	20260727	InterPro		UniProtKB:Q8K441
UniProtKB	Q8K441	Abca6	enables	GO:0140359	GO_REF:0000002	IEA	InterPro:IPR013525|InterPro:IPR026082	F	ATP-binding cassette sub-family A member 6	Abca6	protein	taxon:10090	20260727	InterPro		UniProtKB:Q8K441
UniProtKB	Q8K441	Abca6	involved_in	GO:0055085	GO_REF:0000002	IEA	InterPro:IPR026082	P	ATP-binding cassette sub-family A member 6	Abca6	protein	taxon:10090	20260727	InterPro		UniProtKB:Q8K441
UniProtKB	Q8K441	Abca6	located_in	GO:0016020	GO_REF:0000002	IEA	InterPro:IPR013525|InterPro:IPR026082	C	ATP-binding cassette sub-family A member 6	Abca6	protein	taxon:10090	20260727	InterPro		UniProtKB:Q8K441
UniProtKB	Q8K442	Abca8a	enables	GO:0005524	GO_REF:0000002	IEA	InterPro:IPR003439|InterPro:IPR017871	F	ABC-type organic anion transporter ABCA8A	Abca8a	protein	taxon:10090	20260727	InterPro		UniProtKB:Q8K442
UniProtKB	Q8K442	Abca8a	enables	GO:0016887	GO_REF:0000002	IEA	InterPro:IPR003439|InterPro:IPR017871	F	ABC-type organic anion transporter ABCA8A	Abca8a	protein	taxon:10090	20260727	InterPro		UniProtKB:Q8K442
UniProtKB	Q8K442	Abca8a	enables	GO:0140359	GO_REF:0000002	IEA	InterPro:IPR013525|InterPro:IPR026082	F	ABC-type organic anion transporter ABCA8A	Abca8a	protein	taxon:10090	20260727	InterPro		UniProtKB:Q8K442
UniProtKB	Q8K442	Abca8a	involved_in	GO:0055085	GO_REF:0000002	IEA	InterPro:IPR026082	P	ABC-type organic anion transporter ABCA8A	Abca8a	protein	taxon:10090	20260727	InterPro		UniProtKB:Q8K442
UniProtKB	Q8K442	Abca8a	located_in	GO:0016020	GO_REF:0000002	IEA	InterPro:IPR013525|InterPro:IPR026082	C	ABC-type organic anion transporter ABCA8A	Abca8a	protein	taxon:10090	20260727	InterPro		UniProtKB:Q8K442
UniProtKB	Q8R0Z6	Angptl6	involved_in	GO:0007596	GO_REF:0000002	IEA	InterPro:IPR037579	P	Angiopoietin-related protein 6	Angptl6|Agf	protein	taxon:10090	20260727	InterPro		UniProtKB:Q8R0Z6
UniProtKB	Q8R373	Clmp	located_in	GO:0005881	GO_REF:0000002	IEA	InterPro:IPR042454	C	CXADR-like membrane protein	Clmp|Acam|Asam|Asp5	protein	taxon:10090	20260727	InterPro		UniProtKB:Q8R373
UniProtKB	Q8R373	Clmp	located_in	GO:0016020	GO_REF:0000002	IEA	InterPro:IPR042454	C	CXADR-like membrane protein	Clmp|Acam|Asam|Asp5	protein	taxon:10090	20260727	InterPro		UniProtKB:Q8R373
UniProtKB	Q8VD53	Acer2	involved_in	GO:0006672	GO_REF:0000002	IEA	InterPro:IPR008901	P	Alkaline ceramidase 2	Acer2|Asah3l	protein	taxon:10090	20260727	InterPro		UniProtKB:Q8VD53
UniProtKB	Q8VD53	Acer2	located_in	GO:0016020	GO_REF:0000002	IEA	InterPro:IPR008901	C	Alkaline ceramidase 2	Acer2|Asah3l	protein	taxon:10090	20260727	InterPro		UniProtKB:Q8VD53
UniProtKB	Q91WG7	Dgkg	enables	GO:0004143	GO_REF:0000002	IEA	InterPro:IPR000756|InterPro:IPR037607	F	Diacylglycerol kinase gamma	Dgkg|Dagk3	protein	taxon:10090	20260727	InterPro		UniProtKB:Q91WG7
UniProtKB	Q91WG7	Dgkg	enables	GO:0005509	GO_REF:0000002	IEA	InterPro:IPR002048	F	Diacylglycerol kinase gamma	Dgkg|Dagk3	protein	taxon:10090	20260727	InterPro		UniProtKB:Q91WG7
UniProtKB	Q91WG7	Dgkg	enables	GO:0016301	GO_REF:0000002	IEA	InterPro:IPR001206	F	Diacylglycerol kinase gamma	Dgkg|Dagk3	protein	taxon:10090	20260727	InterPro		UniProtKB:Q91WG7
UniProtKB	Q91WG7	Dgkg	involved_in	GO:0007165	GO_REF:0000002	IEA	InterPro:IPR037607	P	Diacylglycerol kinase gamma	Dgkg|Dagk3	protein	taxon:10090	20260727	InterPro		UniProtKB:Q91WG7
UniProtKB	Q91WG7	Dgkg	involved_in	GO:0007200	GO_REF:0000002	IEA	InterPro:IPR000756	P	Diacylglycerol kinase gamma	Dgkg|Dagk3	protein	taxon:10090	20260727	InterPro		UniProtKB:Q91WG7
UniProtKB	Q91WS7	Depdc7	involved_in	GO:0035556	GO_REF:0000002	IEA	InterPro:IPR000591	P	DEP domain-containing protein 7	Depdc7	protein	taxon:10090	20260727	InterPro		UniProtKB:Q91WS7
UniProtKB	Q91XT6	Tc2n	located_in	GO:0005634	GO_REF:0000002	IEA	InterPro:IPR030542	C	Tandem C2 domains nuclear protein	Tc2n|Mtac2d1	protein	taxon:10090	20260727	InterPro		UniProtKB:Q91XT6
UniProtKB	Q91Y97	Aldob	enables	GO:0004332	GO_REF:0000002	IEA	InterPro:IPR000741	F	Fructose-bisphosphate aldolase B	Aldob|Aldo2	protein	taxon:10090	20260727	InterPro		UniProtKB:Q91Y97
UniProtKB	Q91Y97	Aldob	involved_in	GO:0006096	GO_REF:0000002	IEA	InterPro:IPR000741	P	Fructose-bisphosphate aldolase B	Aldob|Aldo2	protein	taxon:10090	20260727	InterPro		UniProtKB:Q91Y97
UniProtKB	Q91Z83	Myh7	enables	GO:0003774	GO_REF:0000002	IEA	InterPro:IPR001609|InterPro:IPR004009|InterPro:IPR008989	F	Myosin-7	Myh7	protein	taxon:10090	20260727	InterPro		UniProtKB:Q91Z83
UniProtKB	Q91Z83	Myh7	enables	GO:0005524	GO_REF:0000002	IEA	InterPro:IPR001609|InterPro:IPR004009|InterPro:IPR008989	F	Myosin-7	Myh7	protein	taxon:10090	20260727	InterPro		UniProtKB:Q91Z83
UniProtKB	Q91Z83	Myh7	enables	GO:0051015	GO_REF:0000002	IEA	InterPro:IPR008989	F	Myosin-7	Myh7	protein	taxon:10090	20260727	InterPro		UniProtKB:Q91Z83
UniProtKB	Q91Z83	Myh7	part_of	GO:0016459	GO_REF:0000002	IEA	InterPro:IPR001609|InterPro:IPR002928|InterPro:IPR004009	C	Myosin-7	Myh7	protein	taxon:10090	20260727	InterPro		UniProtKB:Q91Z83
UniProtKB	Q923X1	Adgrl4	enables	GO:0004888	GO_REF:0000002	IEA	InterPro:IPR017981	F	Adhesion G protein-coupled receptor L4	Adgrl4|Eltd1	protein	taxon:10090	20260727	InterPro		UniProtKB:Q923X1
UniProtKB	Q923X1	Adgrl4	enables	GO:0004930	GO_REF:0000002	IEA	InterPro:IPR000832|InterPro:IPR017983	F	Adhesion G protein-coupled receptor L4	Adgrl4|Eltd1	protein	taxon:10090	20260727	InterPro		UniProtKB:Q923X1
UniProtKB	Q923X1	Adgrl4	enables	GO:0005509	GO_REF:0000002	IEA	InterPro:IPR001881|InterPro:IPR018097	F	Adhesion G protein-coupled receptor L4	Adgrl4|Eltd1	protein	taxon:10090	20260727	InterPro		UniProtKB:Q923X1
UniProtKB	Q923X1	Adgrl4	involved_in	GO:0007166	GO_REF:0000002	IEA	InterPro:IPR017981	P	Adhesion G protein-coupled receptor L4	Adgrl4|Eltd1	protein	taxon:10090	20260727	InterPro		UniProtKB:Q923X1
UniProtKB	Q923X1	Adgrl4	involved_in	GO:0007186	GO_REF:0000002	IEA	InterPro:IPR000832|InterPro:IPR017983	P	Adhesion G protein-coupled receptor L4	Adgrl4|Eltd1	protein	taxon:10090	20260727	InterPro		UniProtKB:Q923X1
UniProtKB	Q923X1	Adgrl4	located_in	GO:0016020	GO_REF:0000002	IEA	InterPro:IPR000832|InterPro:IPR017981	C	Adhesion G protein-coupled receptor L4	Adgrl4|Eltd1	protein	taxon:10090	20260727	InterPro		UniProtKB:Q923X1
UniProtKB	Q925F2	Esam	involved_in	GO:0098609	GO_REF:0000002	IEA	InterPro:IPR042757	P	Endothelial cell-selective adhesion molecule	Esam|Esam1	protein	taxon:10090	20260727	InterPro		UniProtKB:Q925F2
UniProtKB	Q925H1	Trps1	enables	GO:0003700	GO_REF:0000002	IEA	InterPro:IPR028440	F	Zinc finger transcription factor Trps1	Trps1	protein	taxon:10090	20260727	InterPro		UniProtKB:Q925H1
UniProtKB	Q925H1	Trps1	enables	GO:0008270	GO_REF:0000002	IEA	InterPro:IPR013088	F	Zinc finger transcription factor Trps1	Trps1	protein	taxon:10090	20260727	InterPro		UniProtKB:Q925H1
UniProtKB	Q925H1	Trps1	enables	GO:0043565	GO_REF:0000002	IEA	InterPro:IPR000679	F	Zinc finger transcription factor Trps1	Trps1	protein	taxon:10090	20260727	InterPro		UniProtKB:Q925H1
UniProtKB	Q925H1	Trps1	involved_in	GO:0006355	GO_REF:0000002	IEA	InterPro:IPR000679|InterPro:IPR013088	P	Zinc finger transcription factor Trps1	Trps1	protein	taxon:10090	20260727	InterPro		UniProtKB:Q925H1
UniProtKB	Q925H1	Trps1	located_in	GO:0005634	GO_REF:0000002	IEA	InterPro:IPR028440	C	Zinc finger transcription factor Trps1	Trps1	protein	taxon:10090	20260727	InterPro		UniProtKB:Q925H1
UniProtKB	Q99246	Cacna1d	enables	GO:0005216	GO_REF:0000002	IEA	InterPro:IPR005821	F	Voltage-dependent L-type calcium channel subunit alpha-1D	Cacna1d|Cach3|Cacn4|Cacnl1a2|Cchl1a2	protein	taxon:10090	20260727	InterPro		UniProtKB:Q99246
UniProtKB	Q99246	Cacna1d	enables	GO:0005245	GO_REF:0000002	IEA	InterPro:IPR002077|InterPro:IPR005446|InterPro:IPR005452	F	Voltage-dependent L-type calcium channel subunit alpha-1D	Cacna1d|Cach3|Cacn4|Cacnl1a2|Cchl1a2	protein	taxon:10090	20260727	InterPro		UniProtKB:Q99246
UniProtKB	Q99246	Cacna1d	involved_in	GO:0006811	GO_REF:0000002	IEA	InterPro:IPR005821	P	Voltage-dependent L-type calcium channel subunit alpha-1D	Cacna1d|Cach3|Cacn4|Cacnl1a2|Cchl1a2	protein	taxon:10090	20260727	InterPro		UniProtKB:Q99246
UniProtKB	Q99246	Cacna1d	involved_in	GO:0055085	GO_REF:0000002	IEA	InterPro:IPR005821	P	Voltage-dependent L-type calcium channel subunit alpha-1D	Cacna1d|Cach3|Cacn4|Cacnl1a2|Cchl1a2	protein	taxon:10090	20260727	InterPro		UniProtKB:Q99246
UniProtKB	Q99246	Cacna1d	involved_in	GO:0070588	GO_REF:0000002	IEA	InterPro:IPR002077|InterPro:IPR005446|InterPro:IPR005452	P	Voltage-dependent L-type calcium channel subunit alpha-1D	Cacna1d|Cach3|Cacn4|Cacnl1a2|Cchl1a2	protein	taxon:10090	20260727	InterPro		UniProtKB:Q99246
UniProtKB	Q99246	Cacna1d	located_in	GO:0016020	GO_REF:0000002	IEA	InterPro:IPR005821	C	Voltage-dependent L-type calcium channel subunit alpha-1D	Cacna1d|Cach3|Cacn4|Cacnl1a2|Cchl1a2	protein	taxon:10090	20260727	InterPro		UniProtKB:Q99246
UniProtKB	Q99246	Cacna1d	part_of	GO:0005891	GO_REF:0000002	IEA	InterPro:IPR002077|InterPro:IPR005446|InterPro:IPR005452	C	Voltage-dependent L-type calcium channel subunit alpha-1D	Cacna1d|Cach3|Cacn4|Cacnl1a2|Cchl1a2	protein	taxon:10090	20260727	InterPro		UniProtKB:Q99246
UniProtKB	Q99K10	Nlgn1	enables	GO:0042043	GO_REF:0000002	IEA	InterPro:IPR000460	F	Neuroligin-1	Nlgn1|Kiaa1070	protein	taxon:10090	20260727	InterPro		UniProtKB:Q99K10
UniProtKB	Q99K10	Nlgn1	located_in	GO:0016020	GO_REF:0000002	IEA	InterPro:IPR000460	C	Neuroligin-1	Nlgn1|Kiaa1070	protein	taxon:10090	20260727	InterPro		UniProtKB:Q99K10
UniProtKB	Q99K43	Prc1	enables	GO:0008017	GO_REF:0000002	IEA	InterPro:IPR007145	F	Protein regulator of cytokinesis 1	Prc1	protein	taxon:10090	20260727	InterPro		UniProtKB:Q99K43
UniProtKB	Q99K43	Prc1	involved_in	GO:0000226	GO_REF:0000002	IEA	InterPro:IPR007145	P	Protein regulator of cytokinesis 1	Prc1	protein	taxon:10090	20260727	InterPro		UniProtKB:Q99K43
UniProtKB	Q99P68	Sost	located_in	GO:0005576	GO_REF:0000002	IEA	InterPro:IPR008835	C	Sclerostin	Sost	protein	taxon:10090	20260727	InterPro		UniProtKB:Q99P68
UniProtKB	Q9CQD6	Sln	enables	GO:0030234	GO_REF:0000002	IEA	InterPro:IPR008028	F	Sarcolipin	Sln	protein	taxon:10090	20260727	InterPro		UniProtKB:Q9CQD6
UniProtKB	Q9CQD6	Sln	located_in	GO:0016020	GO_REF:0000002	IEA	InterPro:IPR008028	C	Sarcolipin	Sln	protein	taxon:10090	20260727	InterPro		UniProtKB:Q9CQD6
UniProtKB	Q9CWU0	Tdrd12	enables	GO:0003676	GO_REF:0000002	IEA	InterPro:IPR011545	F	Putative ATP-dependent RNA helicase TDRD12	Tdrd12|Ecat8|Repro23	protein	taxon:10090	20260727	InterPro		UniProtKB:Q9CWU0
UniProtKB	Q9CWU0	Tdrd12	enables	GO:0005524	GO_REF:0000002	IEA	InterPro:IPR011545	F	Putative ATP-dependent RNA helicase TDRD12	Tdrd12|Ecat8|Repro23	protein	taxon:10090	20260727	InterPro		UniProtKB:Q9CWU0
UniProtKB	Q9CZJ0	Mpped2	enables	GO:0016787	GO_REF:0000002	IEA	InterPro:IPR004843	F	Metallophosphoesterase MPPED2	Mpped2	protein	taxon:10090	20260727	InterPro		UniProtKB:Q9CZJ0
UniProtKB	Q9D0L6	Bambi	involved_in	GO:0030512	GO_REF:0000002	IEA	InterPro:IPR009345	P	BMP and activin membrane-bound inhibitor homolog	Bambi|Nma	protein	taxon:10090	20260727	InterPro		UniProtKB:Q9D0L6
UniProtKB	Q9D0L6	Bambi	involved_in	GO:0090263	GO_REF:0000002	IEA	InterPro:IPR009345	P	BMP and activin membrane-bound inhibitor homolog	Bambi|Nma	protein	taxon:10090	20260727	InterPro		UniProtKB:Q9D0L6
UniProtKB	Q9D6X6	Prss23	enables	GO:0004252	GO_REF:0000002	IEA	InterPro:IPR001254|InterPro:IPR018114	F	Serine protease 23	Prss23	protein	taxon:10090	20260727	InterPro		UniProtKB:Q9D6X6
UniProtKB	Q9D6X6	Prss23	involved_in	GO:0006508	GO_REF:0000002	IEA	InterPro:IPR001254|InterPro:IPR018114	P	Serine protease 23	Prss23	protein	taxon:10090	20260727	InterPro		UniProtKB:Q9D6X6
UniProtKB	Q9DBX1	Rgcc	involved_in	GO:0051726	GO_REF:0000002	IEA	InterPro:IPR029252	P	Regulator of cell cycle RGCC	Rgcc|Rgc32	protein	taxon:10090	20260727	InterPro		UniProtKB:Q9DBX1
UniProtKB	Q9EPC5	Rbp7	enables	GO:0008289	GO_REF:0000002	IEA	InterPro:IPR000463|InterPro:IPR031259	F	Retinoid-binding protein 7	Rbp7	protein	taxon:10090	20260727	InterPro		UniProtKB:Q9EPC5
UniProtKB	Q9EPT5	Slco2a1	enables	GO:0022857	GO_REF:0000002	IEA	InterPro:IPR020846	F	Solute carrier organic anion transporter family member 2A1	Slco2a1|Oatp2a1|Slc21a2	protein	taxon:10090	20260727	InterPro		UniProtKB:Q9EPT5
UniProtKB	Q9EPT5	Slco2a1	involved_in	GO:0055085	GO_REF:0000002	IEA	InterPro:IPR004156	P	Solute carrier organic anion transporter family member 2A1	Slco2a1|Oatp2a1|Slc21a2	protein	taxon:10090	20260727	InterPro		UniProtKB:Q9EPT5
UniProtKB	Q9EPT5	Slco2a1	located_in	GO:0016020	GO_REF:0000002	IEA	InterPro:IPR004156	C	Solute carrier organic anion transporter family member 2A1	Slco2a1|Oatp2a1|Slc21a2	protein	taxon:10090	20260727	InterPro		UniProtKB:Q9EPT5
UniProtKB	Q9EPZ6	Tbx18	enables	GO:0000978	GO_REF:0000002	IEA	InterPro:IPR001699	F	T-box transcription factor TBX18	Tbx18	protein	taxon:10090	20260727	InterPro		UniProtKB:Q9EPZ6
UniProtKB	Q9EPZ6	Tbx18	enables	GO:0003700	GO_REF:0000002	IEA	InterPro:IPR001699|InterPro:IPR008967|InterPro:IPR018186|InterPro:IPR036960|InterPro:IPR046360	F	T-box transcription factor TBX18	Tbx18	protein	taxon:10090	20260727	InterPro		UniProtKB:Q9EPZ6
UniProtKB	Q9EPZ6	Tbx18	involved_in	GO:0006355	GO_REF:0000002	IEA	InterPro:IPR001699|InterPro:IPR008967|InterPro:IPR018186|InterPro:IPR036960	P	T-box transcription factor TBX18	Tbx18	protein	taxon:10090	20260727	InterPro		UniProtKB:Q9EPZ6
UniProtKB	Q9EPZ6	Tbx18	involved_in	GO:0045893	GO_REF:0000002	IEA	InterPro:IPR046360	P	T-box transcription factor TBX18	Tbx18	protein	taxon:10090	20260727	InterPro		UniProtKB:Q9EPZ6
UniProtKB	Q9EPZ6	Tbx18	located_in	GO:0005634	GO_REF:0000002	IEA	InterPro:IPR018186|InterPro:IPR036960	C	T-box transcription factor TBX18	Tbx18	protein	taxon:10090	20260727	InterPro		UniProtKB:Q9EPZ6
UniProtKB	Q9EQX0	Ghrl	enables	GO:0005179	GO_REF:0000002	IEA	InterPro:IPR006737|InterPro:IPR006738	F	Appetite-regulating hormone	Ghrl|Mtlrp	protein	taxon:10090	20260727	InterPro		UniProtKB:Q9EQX0
UniProtKB	Q9EQX0	Ghrl	enables	GO:0016608	GO_REF:0000002	IEA	InterPro:IPR005441	F	Appetite-regulating hormone	Ghrl|Mtlrp	protein	taxon:10090	20260727	InterPro		UniProtKB:Q9EQX0
UniProtKB	Q9EQX0	Ghrl	located_in	GO:0005576	GO_REF:0000002	IEA	InterPro:IPR005441|InterPro:IPR006737|InterPro:IPR006738	C	Appetite-regulating hormone	Ghrl|Mtlrp	protein	taxon:10090	20260727	InterPro		UniProtKB:Q9EQX0
UniProtKB	Q9EQZ6	Rapgef4	enables	GO:0005085	GO_REF:0000002	IEA	InterPro:IPR001895|InterPro:IPR008937|InterPro:IPR019804|InterPro:IPR036964	F	Rap guanine nucleotide exchange factor 4	Rapgef4|Cgef2|Epac2	protein	taxon:10090	20260727	InterPro		UniProtKB:Q9EQZ6
UniProtKB	Q9EQZ6	Rapgef4	involved_in	GO:0007264	GO_REF:0000002	IEA	InterPro:IPR001895|InterPro:IPR008937|InterPro:IPR019804|InterPro:IPR036964	P	Rap guanine nucleotide exchange factor 4	Rapgef4|Cgef2|Epac2	protein	taxon:10090	20260727	InterPro		UniProtKB:Q9EQZ6
UniProtKB	Q9EQZ6	Rapgef4	involved_in	GO:0035556	GO_REF:0000002	IEA	InterPro:IPR000591	P	Rap guanine nucleotide exchange factor 4	Rapgef4|Cgef2|Epac2	protein	taxon:10090	20260727	InterPro		UniProtKB:Q9EQZ6
UniProtKB	Q9ERT9	Ppp1r1a	enables	GO:0004864	GO_REF:0000002	IEA	InterPro:IPR008466	F	Protein phosphatase 1 regulatory subunit 1A	Ppp1r1a	protein	taxon:10090	20260727	InterPro		UniProtKB:Q9ERT9
UniProtKB	Q9ERT9	Ppp1r1a	involved_in	GO:0007165	GO_REF:0000002	IEA	InterPro:IPR008466	P	Protein phosphatase 1 regulatory subunit 1A	Ppp1r1a	protein	taxon:10090	20260727	InterPro		UniProtKB:Q9ERT9
UniProtKB	Q9ERZ0	Hemgn	involved_in	GO:0030154	GO_REF:0000002	IEA	InterPro:IPR033272	P	Hemogen	Hemgn|Ndr	protein	taxon:10090	20260727	InterPro		UniProtKB:Q9ERZ0
UniProtKB	Q9JHB3	Timp4	enables	GO:0008191	GO_REF:0000002	IEA	InterPro:IPR001820	F	Metalloproteinase inhibitor 4	Timp4	protein	taxon:10090	20260727	InterPro		UniProtKB:Q9JHB3
UniProtKB	Q9JHH2	Tspan32	located_in	GO:0016020	GO_REF:0000002	IEA	InterPro:IPR000301|InterPro:IPR008952|InterPro:IPR018499	C	Tetraspanin-32	Tspan32|Art1|Phemx|Tssc6	protein	taxon:10090	20260727	InterPro		UniProtKB:Q9JHH2
UniProtKB	Q9JJ43	Rbfox1	enables	GO:0003676	GO_REF:0000002	IEA	InterPro:IPR035979	F	RNA binding protein fox-1 homolog 1	Rbfox1|A2bp|A2bp1|Fox1|MNCb-3035	protein	taxon:10090	20260727	InterPro		UniProtKB:Q9JJ43
UniProtKB	Q9JJ43	Rbfox1	enables	GO:0003723	GO_REF:0000002	IEA	InterPro:IPR000504|InterPro:IPR017325|InterPro:IPR034237	F	RNA binding protein fox-1 homolog 1	Rbfox1|A2bp|A2bp1|Fox1|MNCb-3035	protein	taxon:10090	20260727	InterPro		UniProtKB:Q9JJ43
UniProtKB	Q9JJ43	Rbfox1	involved_in	GO:0000381	GO_REF:0000002	IEA	InterPro:IPR047131	P	RNA binding protein fox-1 homolog 1	Rbfox1|A2bp|A2bp1|Fox1|MNCb-3035	protein	taxon:10090	20260727	InterPro		UniProtKB:Q9JJ43
UniProtKB	Q9JJ43	Rbfox1	involved_in	GO:0007399	GO_REF:0000002	IEA	InterPro:IPR047131	P	RNA binding protein fox-1 homolog 1	Rbfox1|A2bp|A2bp1|Fox1|MNCb-3035	protein	taxon:10090	20260727	InterPro		UniProtKB:Q9JJ43
UniProtKB	Q9JJ43	Rbfox1	involved_in	GO:0043484	GO_REF:0000002	IEA	InterPro:IPR017325	P	RNA binding protein fox-1 homolog 1	Rbfox1|A2bp|A2bp1|Fox1|MNCb-3035	protein	taxon:10090	20260727	InterPro		UniProtKB:Q9JJ43
UniProtKB	Q9JJS6	Bco1	enables	GO:0016702	GO_REF:0000002	IEA	InterPro:IPR004294	F	Beta,beta-carotene 15,15'-dioxygenase	Bco1|Bcdo|Bcdo1|Bcmo1	protein	taxon:10090	20260727	InterPro		UniProtKB:Q9JJS6
UniProtKB	Q9JJV9	Scn5a	enables	GO:0005216	GO_REF:0000002	IEA	InterPro:IPR005821	F	Sodium channel protein type 5 subunit alpha	Scn5a	protein	taxon:10090	20260727	InterPro		UniProtKB:Q9JJV9
UniProtKB	Q9JJV9	Scn5a	enables	GO:0005248	GO_REF:0000002	IEA	InterPro:IPR001696|InterPro:IPR008053|InterPro:IPR010526	F	Sodium channel protein type 5 subunit alpha	Scn5a	protein	taxon:10090	20260727	InterPro		UniProtKB:Q9JJV9
UniProtKB	Q9JJV9	Scn5a	enables	GO:0005261	GO_REF:0000002	IEA	InterPro:IPR043203	F	Sodium channel protein type 5 subunit alpha	Scn5a	protein	taxon:10090	20260727	InterPro		UniProtKB:Q9JJV9
UniProtKB	Q9JJV9	Scn5a	involved_in	GO:0006811	GO_REF:0000002	IEA	InterPro:IPR005821	P	Sodium channel protein type 5 subunit alpha	Scn5a	protein	taxon:10090	20260727	InterPro		UniProtKB:Q9JJV9
UniProtKB	Q9JJV9	Scn5a	involved_in	GO:0006814	GO_REF:0000002	IEA	InterPro:IPR001696|InterPro:IPR008053|InterPro:IPR010526	P	Sodium channel protein type 5 subunit alpha	Scn5a	protein	taxon:10090	20260727	InterPro		UniProtKB:Q9JJV9
UniProtKB	Q9JJV9	Scn5a	involved_in	GO:0055085	GO_REF:0000002	IEA	InterPro:IPR005821	P	Sodium channel protein type 5 subunit alpha	Scn5a	protein	taxon:10090	20260727	InterPro		UniProtKB:Q9JJV9
UniProtKB	Q9JJV9	Scn5a	located_in	GO:0005886	GO_REF:0000002	IEA	InterPro:IPR043203	C	Sodium channel protein type 5 subunit alpha	Scn5a	protein	taxon:10090	20260727	InterPro		UniProtKB:Q9JJV9
UniProtKB	Q9JJV9	Scn5a	located_in	GO:0016020	GO_REF:0000002	IEA	InterPro:IPR005821	C	Sodium channel protein type 5 subunit alpha	Scn5a	protein	taxon:10090	20260727	InterPro		UniProtKB:Q9JJV9
UniProtKB	Q9JJV9	Scn5a	part_of	GO:0001518	GO_REF:0000002	IEA	InterPro:IPR001696|InterPro:IPR008053|InterPro:IPR010526	C	Sodium channel protein type 5 subunit alpha	Scn5a	protein	taxon:10090	20260727	InterPro		UniProtKB:Q9JJV9
UniProtKB	Q9JK45	Kcnq5	enables	GO:0005216	GO_REF:0000002	IEA	InterPro:IPR005821	F	Potassium voltage-gated channel subfamily KQT member 5	Kcnq5	protein	taxon:10090	20260727	InterPro		UniProtKB:Q9JK45
UniProtKB	Q9JK45	Kcnq5	enables	GO:0005249	GO_REF:0000002	IEA	InterPro:IPR003937	F	Potassium voltage-gated channel subfamily KQT member 5	Kcnq5	protein	taxon:10090	20260727	InterPro		UniProtKB:Q9JK45
UniProtKB	Q9JK45	Kcnq5	involved_in	GO:0006811	GO_REF:0000002	IEA	InterPro:IPR005821	P	Potassium voltage-gated channel subfamily KQT member 5	Kcnq5	protein	taxon:10090	20260727	InterPro		UniProtKB:Q9JK45
UniProtKB	Q9JK45	Kcnq5	involved_in	GO:0006813	GO_REF:0000002	IEA	InterPro:IPR003937	P	Potassium voltage-gated channel subfamily KQT member 5	Kcnq5	protein	taxon:10090	20260727	InterPro		UniProtKB:Q9JK45
UniProtKB	Q9JK45	Kcnq5	involved_in	GO:0055085	GO_REF:0000002	IEA	InterPro:IPR005821	P	Potassium voltage-gated channel subfamily KQT member 5	Kcnq5	protein	taxon:10090	20260727	InterPro		UniProtKB:Q9JK45
UniProtKB	Q9JK45	Kcnq5	located_in	GO:0016020	GO_REF:0000002	IEA	InterPro:IPR003937|InterPro:IPR005821	C	Potassium voltage-gated channel subfamily KQT member 5	Kcnq5	protein	taxon:10090	20260727	InterPro		UniProtKB:Q9JK45
UniProtKB	Q9JKQ4	Irx5	enables	GO:0000981	GO_REF:0000002	IEA	InterPro:IPR017970	F	Iroquois-class homeodomain protein IRX-5	Irx5|Irxb2	protein	taxon:10090	20260727	InterPro		UniProtKB:Q9JKQ4
UniProtKB	Q9JKQ4	Irx5	enables	GO:0003677	GO_REF:0000002	IEA	InterPro:IPR001356|InterPro:IPR003893|InterPro:IPR008422	F	Iroquois-class homeodomain protein IRX-5	Irx5|Irxb2	protein	taxon:10090	20260727	InterPro		UniProtKB:Q9JKQ4
UniProtKB	Q9JKQ4	Irx5	involved_in	GO:0006355	GO_REF:0000002	IEA	InterPro:IPR003893|InterPro:IPR008422|InterPro:IPR017970	P	Iroquois-class homeodomain protein IRX-5	Irx5|Irxb2	protein	taxon:10090	20260727	InterPro		UniProtKB:Q9JKQ4
UniProtKB	Q9JKQ4	Irx5	located_in	GO:0005634	GO_REF:0000002	IEA	InterPro:IPR003893	C	Iroquois-class homeodomain protein IRX-5	Irx5|Irxb2	protein	taxon:10090	20260727	InterPro		UniProtKB:Q9JKQ4
UniProtKB	Q9JLC4	Sorcs1	located_in	GO:0016020	GO_REF:0000002	IEA	InterPro:IPR006581	C	VPS10 domain-containing receptor SorCS1	Sorcs1|Sorcs	protein	taxon:10090	20260727	InterPro		UniProtKB:Q9JLC4
UniProtKB	Q9JLY7	Dusp14	enables	GO:0017017	GO_REF:0000002	IEA	InterPro:IPR020420	F	Dual specificity protein phosphatase 14	Dusp14|Mkp6	protein	taxon:10090	20260727	InterPro		UniProtKB:Q9JLY7
UniProtKB	Q9JMD3	Stard10	enables	GO:0008289	GO_REF:0000002	IEA	InterPro:IPR002913	F	START domain-containing protein 10	Stard10|Pctpl|Sdccag28|Sdccagg28	protein	taxon:10090	20260727	InterPro		UniProtKB:Q9JMD3
UniProtKB	Q9QUS4	Hey2	enables	GO:0003677	GO_REF:0000002	IEA	InterPro:IPR003650	F	Hairy/enhancer-of-split related with YRPW motif protein 2	Hey2|Chf1|Herp|Herp1|Hesr2|Hrt2	protein	taxon:10090	20260727	InterPro		UniProtKB:Q9QUS4
UniProtKB	Q9QUS4	Hey2	enables	GO:0046983	GO_REF:0000002	IEA	InterPro:IPR011598|InterPro:IPR036638	F	Hairy/enhancer-of-split related with YRPW motif protein 2	Hey2|Chf1|Herp|Herp1|Hesr2|Hrt2	protein	taxon:10090	20260727	InterPro		UniProtKB:Q9QUS4
UniProtKB	Q9QUS4	Hey2	involved_in	GO:0006355	GO_REF:0000002	IEA	InterPro:IPR003650	P	Hairy/enhancer-of-split related with YRPW motif protein 2	Hey2|Chf1|Herp|Herp1|Hesr2|Hrt2	protein	taxon:10090	20260727	InterPro		UniProtKB:Q9QUS4
UniProtKB	Q9QVP4	Myl7	enables	GO:0005509	GO_REF:0000002	IEA	InterPro:IPR002048	F	Myosin regulatory light chain 2, atrial isoform	Myl7|Mylc2a	protein	taxon:10090	20260727	InterPro		UniProtKB:Q9QVP4
UniProtKB	Q9QWW1	Homer2	enables	GO:0035256	GO_REF:0000002	IEA	InterPro:IPR044100|InterPro:IPR045027	F	Homer protein homolog 2	Homer2|Vesl2	protein	taxon:10090	20260727	InterPro		UniProtKB:Q9QWW1
UniProtKB	Q9QWW1	Homer2	involved_in	GO:0007216	GO_REF:0000002	IEA	InterPro:IPR044100	P	Homer protein homolog 2	Homer2|Vesl2	protein	taxon:10090	20260727	InterPro		UniProtKB:Q9QWW1
UniProtKB	Q9QXT5	Egfl7	enables	GO:0005509	GO_REF:0000002	IEA	InterPro:IPR001881|InterPro:IPR018097	F	Epidermal growth factor-like protein 7	Egfl7|Megf7	protein	taxon:10090	20260727	InterPro		UniProtKB:Q9QXT5
UniProtKB	Q9QYZ8	Dkk2	involved_in	GO:0030178	GO_REF:0000002	IEA	InterPro:IPR006796	P	Dickkopf-related protein 2	Dkk2	protein	taxon:10090	20260727	InterPro		UniProtKB:Q9QYZ8
UniProtKB	Q9QYZ8	Dkk2	located_in	GO:0005576	GO_REF:0000002	IEA	InterPro:IPR006796	C	Dickkopf-related protein 2	Dkk2	protein	taxon:10090	20260727	InterPro		UniProtKB:Q9QYZ8
UniProtKB	Q9QZC1	Trpc3	enables	GO:0005262	GO_REF:0000002	IEA	InterPro:IPR002153|InterPro:IPR005459	F	Short transient receptor potential channel 3	Trpc3|Trp3|Trrp3	protein	taxon:10090	20260727	InterPro		UniProtKB:Q9QZC1
UniProtKB	Q9QZC1	Trpc3	involved_in	GO:0070588	GO_REF:0000002	IEA	InterPro:IPR002153|InterPro:IPR005459	P	Short transient receptor potential channel 3	Trpc3|Trp3|Trrp3	protein	taxon:10090	20260727	InterPro		UniProtKB:Q9QZC1
UniProtKB	Q9QZC1	Trpc3	located_in	GO:0016020	GO_REF:0000002	IEA	InterPro:IPR002153|InterPro:IPR005459	C	Short transient receptor potential channel 3	Trpc3|Trp3|Trrp3	protein	taxon:10090	20260727	InterPro		UniProtKB:Q9QZC1
UniProtKB	Q9R0G7	Zeb2	enables	GO:0003677	GO_REF:0000002	IEA	InterPro:IPR001356	F	Zinc finger E-box-binding homeobox 2	Zeb2|Sip1|Zfhx1b|Zfx1b	protein	taxon:10090	20260727	InterPro		UniProtKB:Q9R0G7
UniProtKB	Q9R0G8	Nrk	enables	GO:0004672	GO_REF:0000002	IEA	InterPro:IPR008271	F	Nik-related protein kinase	Nrk|Nesk	protein	taxon:10090	20260727	InterPro		UniProtKB:Q9R0G8
UniProtKB	Q9R0G8	Nrk	enables	GO:0005524	GO_REF:0000002	IEA	InterPro:IPR000719|InterPro:IPR017441	F	Nik-related protein kinase	Nrk|Nesk	protein	taxon:10090	20260727	InterPro		UniProtKB:Q9R0G8
UniProtKB	Q9R0M4	Podxl	involved_in	GO:0016477	GO_REF:0000002	IEA	InterPro:IPR017403	P	Podocalyxin	Podxl|Pclp1	protein	taxon:10090	20260727	InterPro		UniProtKB:Q9R0M4
UniProtKB	Q9R0M4	Podxl	involved_in	GO:0022407	GO_REF:0000002	IEA	InterPro:IPR017403	P	Podocalyxin	Podxl|Pclp1	protein	taxon:10090	20260727	InterPro		UniProtKB:Q9R0M4
UniProtKB	Q9R0R4	Apln	enables	GO:0005179	GO_REF:0000002	IEA	InterPro:IPR026155	F	Apelin	Apln|Apel	protein	taxon:10090	20260727	InterPro		UniProtKB:Q9R0R4
UniProtKB	Q9R0R4	Apln	enables	GO:0031704	GO_REF:0000002	IEA	InterPro:IPR026155	F	Apelin	Apln|Apel	protein	taxon:10090	20260727	InterPro		UniProtKB:Q9R0R4
UniProtKB	Q9R0R4	Apln	involved_in	GO:0007165	GO_REF:0000002	IEA	InterPro:IPR026155	P	Apelin	Apln|Apel	protein	taxon:10090	20260727	InterPro		UniProtKB:Q9R0R4
UniProtKB	Q9R118	Htra1	enables	GO:0004252	GO_REF:0000002	IEA	InterPro:IPR001940	F	Serine protease HTRA1	Htra1|Htra|Prss11	protein	taxon:10090	20260727	InterPro		UniProtKB:Q9R118
UniProtKB	Q9R118	Htra1	involved_in	GO:0006508	GO_REF:0000002	IEA	InterPro:IPR001940	P	Serine protease HTRA1	Htra1|Htra|Prss11	protein	taxon:10090	20260727	InterPro		UniProtKB:Q9R118
UniProtKB	Q9R118	Htra1	located_in	GO:0005576	GO_REF:0000002	IEA	InterPro:IPR000867	C	Serine protease HTRA1	Htra1|Htra|Prss11	protein	taxon:10090	20260727	InterPro		UniProtKB:Q9R118
UniProtKB	Q9R1B9	Slit2	enables	GO:0005509	GO_REF:0000002	IEA	InterPro:IPR001881|InterPro:IPR018097	F	Slit homolog 2 protein	Slit2	protein	taxon:10090	20260727	InterPro		UniProtKB:Q9R1B9
UniProtKB	Q9R229	Bmp10	enables	GO:0008083	GO_REF:0000002	IEA	InterPro:IPR001839|InterPro:IPR017948	F	Bone morphogenetic protein 10	Bmp10	protein	taxon:10090	20260727	InterPro		UniProtKB:Q9R229
UniProtKB	Q9R229	Bmp10	located_in	GO:0005576	GO_REF:0000002	IEA	InterPro:IPR015615	C	Bone morphogenetic protein 10	Bmp10	protein	taxon:10090	20260727	InterPro		UniProtKB:Q9R229
UniProtKB	Q9WTS6	Tenm3	involved_in	GO:0007165	GO_REF:0000002	IEA	InterPro:IPR009471	P	Teneurin-3	Tenm3|Kiaa1455|Odz3|Tnm3	protein	taxon:10090	20260727	InterPro		UniProtKB:Q9WTS6
UniProtKB	Q9WTS6	Tenm3	located_in	GO:0016020	GO_REF:0000002	IEA	InterPro:IPR009471	C	Teneurin-3	Tenm3|Kiaa1455|Odz3|Tnm3	protein	taxon:10090	20260727	InterPro		UniProtKB:Q9WTS6
UniProtKB	Q9WUP0	Ramp2	enables	GO:0015026	GO_REF:0000002	IEA	InterPro:IPR006985	F	Receptor activity-modifying protein 2	Ramp2	protein	taxon:10090	20260727	InterPro		UniProtKB:Q9WUP0
UniProtKB	Q9WUP0	Ramp2	involved_in	GO:0006886	GO_REF:0000002	IEA	InterPro:IPR006985	P	Receptor activity-modifying protein 2	Ramp2	protein	taxon:10090	20260727	InterPro		UniProtKB:Q9WUP0
UniProtKB	Q9WUP0	Ramp2	involved_in	GO:0008277	GO_REF:0000002	IEA	InterPro:IPR006985	P	Receptor activity-modifying protein 2	Ramp2	protein	taxon:10090	20260727	InterPro		UniProtKB:Q9WUP0
UniProtKB	Q9WUP0	Ramp2	located_in	GO:0016020	GO_REF:0000002	IEA	InterPro:IPR006985	C	Receptor activity-modifying protein 2	Ramp2	protein	taxon:10090	20260727	InterPro		UniProtKB:Q9WUP0
UniProtKB	Q9WUT3	Rps6ka2	enables	GO:0000287	GO_REF:0000002	IEA	InterPro:IPR016239	F	Ribosomal protein S6 kinase alpha-2	Rps6ka2|Mapkapk1c|Rsk3	protein	taxon:10090	20260727	InterPro		UniProtKB:Q9WUT3
UniProtKB	Q9WUT3	Rps6ka2	enables	GO:0004672	GO_REF:0000002	IEA	InterPro:IPR008271	F	Ribosomal protein S6 kinase alpha-2	Rps6ka2|Mapkapk1c|Rsk3	protein	taxon:10090	20260727	InterPro		UniProtKB:Q9WUT3
UniProtKB	Q9WUT3	Rps6ka2	enables	GO:0004674	GO_REF:0000002	IEA	InterPro:IPR000961|InterPro:IPR016239|InterPro:IPR017892	F	Ribosomal protein S6 kinase alpha-2	Rps6ka2|Mapkapk1c|Rsk3	protein	taxon:10090	20260727	InterPro		UniProtKB:Q9WUT3
UniProtKB	Q9WUT3	Rps6ka2	enables	GO:0004711	GO_REF:0000002	IEA	InterPro:IPR042766	F	Ribosomal protein S6 kinase alpha-2	Rps6ka2|Mapkapk1c|Rsk3	protein	taxon:10090	20260727	InterPro		UniProtKB:Q9WUT3
UniProtKB	Q9WUT3	Rps6ka2	enables	GO:0005524	GO_REF:0000002	IEA	InterPro:IPR000719|InterPro:IPR000961|InterPro:IPR017441|InterPro:IPR017892	F	Ribosomal protein S6 kinase alpha-2	Rps6ka2|Mapkapk1c|Rsk3	protein	taxon:10090	20260727	InterPro		UniProtKB:Q9WUT3
UniProtKB	Q9WUT3	Rps6ka2	involved_in	GO:0035556	GO_REF:0000002	IEA	InterPro:IPR016239	P	Ribosomal protein S6 kinase alpha-2	Rps6ka2|Mapkapk1c|Rsk3	protein	taxon:10090	20260727	InterPro		UniProtKB:Q9WUT3
UniProtKB	Q9WV08	Aplnr	enables	GO:0004930	GO_REF:0000002	IEA	InterPro:IPR000276|InterPro:IPR003904	F	Apelin receptor	Aplnr|Agtrl1|Apj	protein	taxon:10090	20260727	InterPro		UniProtKB:Q9WV08
UniProtKB	Q9WV08	Aplnr	involved_in	GO:0007186	GO_REF:0000002	IEA	InterPro:IPR000276|InterPro:IPR003904	P	Apelin receptor	Aplnr|Agtrl1|Apj	protein	taxon:10090	20260727	InterPro		UniProtKB:Q9WV08
UniProtKB	Q9WV08	Aplnr	located_in	GO:0016020	GO_REF:0000002	IEA	InterPro:IPR000276|InterPro:IPR003904|InterPro:IPR017452	C	Apelin receptor	Aplnr|Agtrl1|Apj	protein	taxon:10090	20260727	InterPro		UniProtKB:Q9WV08
UniProtKB	Q9WVB4	Slit3	enables	GO:0005509	GO_REF:0000002	IEA	InterPro:IPR001881|InterPro:IPR018097	F	Slit homolog 3 protein	Slit3	protein	taxon:10090	20260727	InterPro		UniProtKB:Q9WVB4
UniProtKB	Q9WVH9	Fbln5	enables	GO:0005509	GO_REF:0000002	IEA	InterPro:IPR001881|InterPro:IPR018097	F	Fibulin-5	Fbln5|Dance	protein	taxon:10090	20260727	InterPro		UniProtKB:Q9WVH9
UniProtKB	Q9Z0G4	Ccn5	involved_in	GO:0007165	GO_REF:0000002	IEA	InterPro:IPR043973	P	CCN family member 5	Ccn5|Ctgfl|Wisp2	protein	taxon:10090	20260727	InterPro		UniProtKB:Q9Z0G4
UniProtKB	Q9Z0G4	Ccn5	located_in	GO:0005576	GO_REF:0000002	IEA	InterPro:IPR000867	C	CCN family member 5	Ccn5|Ctgfl|Wisp2	protein	taxon:10090	20260727	InterPro		UniProtKB:Q9Z0G4
UniProtKB	Q9Z0V1	Kcnd3	enables	GO:0005216	GO_REF:0000002	IEA	InterPro:IPR005821	F	A-type voltage-gated potassium channel KCND3	Kcnd3	protein	taxon:10090	20260727	InterPro		UniProtKB:Q9Z0V1
UniProtKB	Q9Z0V1	Kcnd3	enables	GO:0005249	GO_REF:0000002	IEA	InterPro:IPR003968|InterPro:IPR003975|InterPro:IPR004056|InterPro:IPR028325	F	A-type voltage-gated potassium channel KCND3	Kcnd3	protein	taxon:10090	20260727	InterPro		UniProtKB:Q9Z0V1
UniProtKB	Q9Z0V1	Kcnd3	involved_in	GO:0006811	GO_REF:0000002	IEA	InterPro:IPR005821	P	A-type voltage-gated potassium channel KCND3	Kcnd3	protein	taxon:10090	20260727	InterPro		UniProtKB:Q9Z0V1
UniProtKB	Q9Z0V1	Kcnd3	involved_in	GO:0006813	GO_REF:0000002	IEA	InterPro:IPR003968|InterPro:IPR003975|InterPro:IPR004056|InterPro:IPR028325	P	A-type voltage-gated potassium channel KCND3	Kcnd3	protein	taxon:10090	20260727	InterPro		UniProtKB:Q9Z0V1
UniProtKB	Q9Z0V1	Kcnd3	involved_in	GO:0051260	GO_REF:0000002	IEA	InterPro:IPR003131	P	A-type voltage-gated potassium channel KCND3	Kcnd3	protein	taxon:10090	20260727	InterPro		UniProtKB:Q9Z0V1
UniProtKB	Q9Z0V1	Kcnd3	involved_in	GO:0055085	GO_REF:0000002	IEA	InterPro:IPR005821	P	A-type voltage-gated potassium channel KCND3	Kcnd3	protein	taxon:10090	20260727	InterPro		UniProtKB:Q9Z0V1
UniProtKB	Q9Z0V1	Kcnd3	located_in	GO:0016020	GO_REF:0000002	IEA	InterPro:IPR005821	C	A-type voltage-gated potassium channel KCND3	Kcnd3	protein	taxon:10090	20260727	InterPro		UniProtKB:Q9Z0V1
UniProtKB	Q9Z0V1	Kcnd3	part_of	GO:0008076	GO_REF:0000002	IEA	InterPro:IPR003968|InterPro:IPR003975|InterPro:IPR004056|InterPro:IPR028325	C	A-type voltage-gated potassium channel KCND3	Kcnd3	protein	taxon:10090	20260727	InterPro		UniProtKB:Q9Z0V1
UniProtKB	Q9Z0V2	Kcnd2	enables	GO:0005216	GO_REF:0000002	IEA	InterPro:IPR005821	F	A-type voltage-gated potassium channel KCND2	Kcnd2|Kiaa1044|MNCb-7013	protein	taxon:10090	20260727	InterPro		UniProtKB:Q9Z0V2
UniProtKB	Q9Z0V2	Kcnd2	enables	GO:0005249	GO_REF:0000002	IEA	InterPro:IPR003968|InterPro:IPR003975|InterPro:IPR004055|InterPro:IPR028325	F	A-type voltage-gated potassium channel KCND2	Kcnd2|Kiaa1044|MNCb-7013	protein	taxon:10090	20260727	InterPro		UniProtKB:Q9Z0V2
UniProtKB	Q9Z0V2	Kcnd2	involved_in	GO:0006811	GO_REF:0000002	IEA	InterPro:IPR005821	P	A-type voltage-gated potassium channel KCND2	Kcnd2|Kiaa1044|MNCb-7013	protein	taxon:10090	20260727	InterPro		UniProtKB:Q9Z0V2
UniProtKB	Q9Z0V2	Kcnd2	involved_in	GO:0006813	GO_REF:0000002	IEA	InterPro:IPR003968|InterPro:IPR003975|InterPro:IPR004055|InterPro:IPR028325	P	A-type voltage-gated potassium channel KCND2	Kcnd2|Kiaa1044|MNCb-7013	protein	taxon:10090	20260727	InterPro		UniProtKB:Q9Z0V2
UniProtKB	Q9Z0V2	Kcnd2	involved_in	GO:0051260	GO_REF:0000002	IEA	InterPro:IPR003131	P	A-type voltage-gated potassium channel KCND2	Kcnd2|Kiaa1044|MNCb-7013	protein	taxon:10090	20260727	InterPro		UniProtKB:Q9Z0V2
UniProtKB	Q9Z0V2	Kcnd2	involved_in	GO:0055085	GO_REF:0000002	IEA	InterPro:IPR005821	P	A-type voltage-gated potassium channel KCND2	Kcnd2|Kiaa1044|MNCb-7013	protein	taxon:10090	20260727	InterPro		UniProtKB:Q9Z0V2
UniProtKB	Q9Z0V2	Kcnd2	located_in	GO:0016020	GO_REF:0000002	IEA	InterPro:IPR005821	C	A-type voltage-gated potassium channel KCND2	Kcnd2|Kiaa1044|MNCb-7013	protein	taxon:10090	20260727	InterPro		UniProtKB:Q9Z0V2
UniProtKB	Q9Z0V2	Kcnd2	part_of	GO:0008076	GO_REF:0000002	IEA	InterPro:IPR003968|InterPro:IPR003975|InterPro:IPR004055|InterPro:IPR028325	C	A-type voltage-gated potassium channel KCND2	Kcnd2|Kiaa1044|MNCb-7013	protein	taxon:10090	20260727	InterPro		UniProtKB:Q9Z0V2
UniProtKB	Q9Z0W1	Ngfr	involved_in	GO:0007165	GO_REF:0000002	IEA	InterPro:IPR000488	P	Tumor necrosis factor receptor superfamily member 16	Ngfr|Tnfrsf16	protein	taxon:10090	20260727	InterPro		UniProtKB:Q9Z0W1
UniProtKB	Q9Z207	Diaph3	enables	GO:0003779	GO_REF:0000002	IEA	InterPro:IPR010472|InterPro:IPR010473	F	Protein diaphanous homolog 3	Diaph3|Diap3	protein	taxon:10090	20260727	InterPro		UniProtKB:Q9Z207
UniProtKB	Q9Z207	Diaph3	enables	GO:0031267	GO_REF:0000002	IEA	InterPro:IPR010473	F	Protein diaphanous homolog 3	Diaph3|Diap3	protein	taxon:10090	20260727	InterPro		UniProtKB:Q9Z207
UniProtKB	Q9Z207	Diaph3	involved_in	GO:0030036	GO_REF:0000002	IEA	InterPro:IPR010473	P	Protein diaphanous homolog 3	Diaph3|Diap3	protein	taxon:10090	20260727	InterPro		UniProtKB:Q9Z207
UniProtKB	Q9Z2C6	Upk1b	located_in	GO:0016020	GO_REF:0000002	IEA	InterPro:IPR008952|InterPro:IPR018499	C	Uroplakin-1b	Upk1b	protein	taxon:10090	20260727	InterPro		UniProtKB:Q9Z2C6
UniProtKB	Q9Z2H2	Rgs6	enables	GO:0005096	GO_REF:0000002	IEA	InterPro:IPR037956	F	Regulator of G protein signaling 6	Rgs6	protein	taxon:10090	20260727	InterPro		UniProtKB:Q9Z2H2
UniProtKB	Q9Z2H2	Rgs6	involved_in	GO:0007186	GO_REF:0000002	IEA	InterPro:IPR015898|InterPro:IPR036284	P	Regulator of G protein signaling 6	Rgs6	protein	taxon:10090	20260727	InterPro		UniProtKB:Q9Z2H2
UniProtKB	Q9Z2H2	Rgs6	involved_in	GO:0008277	GO_REF:0000002	IEA	InterPro:IPR047016	P	Regulator of G protein signaling 6	Rgs6	protein	taxon:10090	20260727	InterPro		UniProtKB:Q9Z2H2
UniProtKB	Q9Z2H2	Rgs6	involved_in	GO:0035556	GO_REF:0000002	IEA	InterPro:IPR000591	P	Regulator of G protein signaling 6	Rgs6	protein	taxon:10090	20260727	InterPro		UniProtKB:Q9Z2H2
