status	submission_group	board	version	method	path	n_cells	n_genes	seed	target_used	local_contract	sha256	server_score	score_status	notes
scored	baseline-001	T1:val	v0001	copy_last	submissions/scored/baseline-001/T1_val/submission.h5ad	5118	32285	20260821	false	pass	11dbf50a0eb876a1a3c53a283459c8f53e14dcd314f1e7725a3a6107618c981e	47.0	registered	user-provided baseline score; portal submission ID pending
scored	baseline-001	T2:embryo:val_interp	v0001	pseudobulk_shift	submissions/scored/baseline-001/T2_embryo_val_interp/submission.h5ad	5000	498	20260821	false	pass	ee1549ba74d9c2bb545140230c88539d941b4c206241ef133872067a0820bcf8	56.7	registered	user-provided baseline score; portal submission ID pending
scored	baseline-001	T2:heart:val_extrap	v0001	pseudobulk_shift	submissions/scored/baseline-001/T2_heart_val_extrap/submission.h5ad	25179	500	20260821	false	pass	f30beba62da673bb4c980d92eec2bc9ea03696e5c2b65414307c2e0402bd7504	50.5	registered	user-provided baseline score; portal submission ID pending | precise board_score=50.53 (server page 2026-09-04, Total 151.2); per-metric skills: reports/SERVER_SUBMETRIC_REGISTRY.tsv
scored	baseline-001	T2:heart:val_interp	v0001	copy_last	submissions/scored/baseline-001/T2_heart_val_interp/submission.h5ad	5872	500	20260821	false	pass	6028f904209a11525b478c9a4675dcb63ce6a6e0ed42987957417f941289d5ac	53.0	registered	user-provided baseline score; portal submission ID pending
scored	baseline-001	T3:gata4	v0001	wt_identity	submissions/scored/baseline-001/T3_gata4/submission.h5ad	7449	500	20260821	false	pass	8ed2373e16a037291f5ebb6e2308072639093e250ea10bc17b690ea183caeacd	45.3	registered	user-provided baseline score; portal submission ID pending
candidate	candidate	T2:heart:val_interp	v0001	expression_midpoint_unscaled	submissions/candidates/T2_heart_val_interp/v0001_expression_midpoint_unscaled/submission.h5ad	5872	500	20260822	false	pass	43d07fff8de9c075807442c81eb5f494d0b694436be8d38462dacffad2ff46b1		score_pending	kept as historical comparison; not uploaded
scored	submission-002	T2:heart:val_interp	v0002	expression_midpoint_norm	submissions/scored/submission-002/T2_heart_val_interp/submission.h5ad	5872	500	20260822	false	pass	402b0a893672e9ce267af0a39bcdf8e00975cdf3dc7dca00fab80858ae2d08b4	53.6	registered	server result updated Total=145.9; submission ID pending; retain as current best for this board
scored	submission-003	T1:val	v0002	shrunk_pseudobulk_shift	submissions/scored/submission-003/T1_val/submission.h5ad	5118	32285	20260822	false	pass	bef1d4654ee1723b7e27716b676dda97f229a5560f2295e144d78bd1334acb3d	45.9	registered	parent baseline-001/T1_val/v0001; celltype_weight=0.5, unmapped_delta=global, composition_extrap=linear, damp=1.0; user-provided server score 45.9 (-1.1 vs v0001); rejected as improvement; submission ID pending
scored	submission-004	T3:gata4	v0002	shift_transfer_norm	submissions/candidates/T3_gata4/v0002_shift_transfer_norm/submission.h5ad	7449	500	20260821	false	pass	adfc109ef565e4813aed1f4dd60d0bdc62ef96ad4f1ac96dcfcf9dbf92a2ef5c	45.2	registered	user-provided server score; delta -0.1 vs T3 v0001=45.3; rejected; submission ID and raw evidence pending
scored	submission-004	T3:gata4	v0003	shift_transfer_shrunk	submissions/candidates/T3_gata4/v0003_shift_transfer_shrunk/submission.h5ad	7449	500	20260821	false	pass	7f0ecf27f6b453122842dc77c25d860b36f6166428f43a28f62651f52f05d50f	43.8	registered	user-provided server score; delta -1.5 vs T3 v0001=45.3; rejected; submission ID and raw evidence pending
scored	candidate	T1:val	v0003	shrunk_pseudobulk_shift_no_comp_extrap	submissions/candidates/T1_val/v0003_no_comp_extrap/submission.h5ad	5118	32285	20260822	false	pass	a0d1ef28c30569a016fb5009a0da4fa68b8461c071b1a46a35416df2e8df0cda	46.2	registered	parent baseline-001/T1_val/v0001; user leaderboard row 2026-08-24 12:30; mapping by candidate/upload order, Model field not used; rejected below T1 best 48.5; artifact immutable
scored	B1-A1	T2:embryo:val_interp	v0002	g1_formal_log_rms	submissions/candidates/T2_embryo_val_interp/v0002_g1_formal_log_rms/submission.h5ad	5000	498	20260827	false	pass	392c470e4af35797ad27c100e773c1a7695c989baed95c911fceb0b5d7965fd4	60.1	registered	L1 final lane; server score registered in reports/SERVER_SCORE_REGISTRY.md; artifact immutable | score backfilled 2026-09-04 from registry §B1-A1 (B4-P0 coordinator patch P2) | precise board_score=60.15 (server page 2026-09-04, Total 151.2); per-metric skills: reports/SERVER_SUBMETRIC_REGISTRY.tsv
scored	B1-A1	T2:embryo:val_interp	v0003	g1_all_stage_log_rms_ols	submissions/candidates/T2_embryo_val_interp/v0003_g1_all_stage_log_rms_ols/submission.h5ad	5000	498	20260827	false	pass	f06540293b9bb479e7090926825ec722420d266257455a85ca8f470ee565f668	59.9	registered	L2 final lane; server score registered in reports/SERVER_SCORE_REGISTRY.md; artifact immutable | score backfilled 2026-09-04 from registry §B1-A1 (B4-P0 coordinator patch P2)
scored	B1-A1	T2:heart:val_interp	v0003	g1_formal_log_rms	submissions/candidates/T2_heart_val_interp/v0003_g1_formal_log_rms/submission.h5ad	5872	500	20260827	false	pass	f8a4da854bf9e01e25503b59fddb70bae242c0382b38cc0f3984bf80cd751424	56.3	registered	L1 final lane; server score registered in reports/SERVER_SCORE_REGISTRY.md; artifact immutable | score backfilled 2026-09-04 from registry §B1-A1 (B4-P0 coordinator patch P2)
scored	B1-A1	T2:heart:val_interp	v0004	g1_all_stage_log_rms_ols	submissions/candidates/T2_heart_val_interp/v0004_g1_all_stage_log_rms_ols/submission.h5ad	5872	500	20260827	false	pass	6239e6fa24fefb6a3f6ee76564a58f5e08a4463c24fc46747d9e59ee561d9538	55.3	registered	L2 final lane; server score registered in reports/SERVER_SCORE_REGISTRY.md; artifact immutable | score backfilled 2026-09-04 from registry §B1-A1 (B4-P0 coordinator patch P2)
scored	B1-A1	T2:heart:val_extrap	v0002	g1_formal_log_rms	submissions/candidates/T2_heart_val_extrap/v0002_g1_formal_log_rms/submission.h5ad	25179	500	20260827	false	pass	8c76db9cdd5453422d4c392108fd459c4ca44b9c391dd9af4605017988164834	50.2	registered	L1 final lane; server score registered in reports/SERVER_SCORE_REGISTRY.md; artifact immutable | score backfilled 2026-09-04 from registry §B1-A1 (B4-P0 coordinator patch P2)
scored	B1-A1	T2:heart:val_extrap	v0003	g1_all_stage_log_rms_ols	submissions/candidates/T2_heart_val_extrap/v0003_g1_all_stage_log_rms_ols/submission.h5ad	25179	500	20260827	false	pass	a85b8207e50002068a3bdfd4d9dd6677fffd4f1177262e83a1fb0f271fb86a26	49.8	registered	L2 final lane; server score registered in reports/SERVER_SCORE_REGISTRY.md; artifact immutable | score backfilled 2026-09-04 from registry §B1-A1 (B4-P0 coordinator patch P2)
scored	B1-A2	T3:gata4	v0004	signed_response_cell_spearman	submissions/candidates/T3_gata4/v0004_b1_a2_cell_spearman/submission.h5ad	7449	500	20260827	false	pass	c6a09de79c8f29fb6096fabd36e2270e828a4c7d86da3966075babea3a0c5c8f	44.7	registered	B1-A2 L1 final lane; user-provided server score t3_v0004; delta -0.6 vs T3 baseline 45.3; rejected; diagnostic hold; artifact immutable
scored	B1-A2	T3:gata4	v0005	signed_response_state_pseudobulk_spearman	submissions/candidates/T3_gata4/v0005_b1_a2_state_pb_spearman/submission.h5ad	7449	500	20260827	false	pass	a702805d24786308a90dfbe7c4db0a37fad626be2fef45e16a1cf76a9899b84d	44.0	registered	B1-A2 L2 final lane; user-provided server score t3_v0005; delta -1.3 vs T3 baseline 45.3; rejected; diagnostic hold; artifact immutable
scored	candidate	T1:val	v0004	shrunk_pseudobulk_shift_strict	submissions/candidates/T1_val/v0004_strict_pseudobulk_shift/submission.h5ad	5118	32285	20260822	false	pass	1bc069d9aecd4b9b15f3ff91c328ef27a9773bfd0d3c890f36f5f1b6fb4f49bd	48.5	registered	parent baseline-001/T1_val/v0001; user leaderboard row 2026-08-24 12:43; mapping by candidate/upload order, Model field not used; current T1 best; artifact immutable | precise board_score=48.47 (server page 2026-09-04, Total 151.2); per-metric skills: reports/SERVER_SUBMETRIC_REGISTRY.tsv
scored	B1-A3	T1:val	v0005	mass_residual_shared_unresolved	submissions/candidates/T1_val/v0005_b1_a3_shared_unresolved/submission.h5ad	5118	32285	20260827	false	pass	88c3cb51245e19a100de0b0ad33766a6ee704c42f308b81141aeeeaed07e556a	47.5	registered	B1-A3 L1 final lane; parent baseline-001/T1_val/v0001; +0.5 vs T1 baseline 47.0; below T1 best v0004=48.5; scored backup; artifact immutable
scored	B1-A3	T1:val	v0006	mass_residual_e95_expression_probe	submissions/candidates/T1_val/v0006_b1_a3_e95_expression_probe/submission.h5ad	5118	32285	20260827	false	pass	ba6b83cd4135968a3ce4f15ae4ca5dce01ed019cef268e5c01edf012a45bd4b4	47.7	registered	B1-A3 L2 final lane; parent baseline-001/T1_val/v0001; +0.7 vs T1 baseline 47.0; B1-A3 lane winner but below T1 best v0004=48.5; artifact immutable
scored	B1-A4	T2:embryo:val_interp	v0004	j1_latent_knn10	submissions/candidates/T2_embryo_val_interp/v0004_b1_a4_latent_knn10/submission.h5ad	5000	498	20260827	false	pass	5bcc56b57ac021e608ba6b94e427e93accd03c780c9cf072c8767be8eb4a3645	59.3	registered	B1-A4 L1 final lane; user-provided server score 59.3; -0.8 vs current board best B1-A1 L1=60.1; reject for promotion; artifact immutable
scored	B1-A4	T2:heart:val_interp	v0005	j1_latent_knn10	submissions/candidates/T2_heart_val_interp/v0005_b1_a4_latent_knn10/submission.h5ad	5872	500	20260827	false	pass	d999bde5d118cb23ce5e16821592a0509b785ca78c47593f23223ab44fafacc1	56.3	registered	B1-A4 L1 final lane; user-provided server score 56.3; tie with current B1-A1 L1 board best; no promotion; artifact immutable
scored	B1-A4	T2:heart:val_extrap	v0004	j1_latent_knn10	submissions/candidates/T2_heart_val_extrap/v0004_b1_a4_latent_knn10/submission.h5ad	25179	500	20260827	false	pass	3f1869bbb9fbc8f1f00ce4b7214c4ac8a8ec2a76336651c0060f69e5d067ad30	50.0	registered	B1-A4 L1 final lane; user-provided server score 50.0; -0.5 vs baseline board best=50.5; reject for promotion; artifact immutable
scored	B1-A4	T2:embryo:val_interp	v0005	j1_state_hash10	submissions/candidates/T2_embryo_val_interp/v0005_b1_a4_state_hash10/submission.h5ad	5000	498	20260827	false	pass	85218c4edbf3430abe5cd7c670f2957dffb06c302d566372345479157b2977a2	59.2	registered	B1-A4 L2 final lane; user-provided server score 59.2; -0.9 vs current board best B1-A1 L1=60.1; reject for promotion; artifact immutable
scored	B1-A4	T2:heart:val_interp	v0006	j1_state_hash10	submissions/candidates/T2_heart_val_interp/v0006_b1_a4_state_hash10/submission.h5ad	5872	500	20260827	false	pass	cb91e88b0e2db0e2820d95d17aa9accecc203083b15c4241b11832a6646bd1ca	56.3	registered	B1-A4 L2 final lane; user-provided server score 56.3; tie with current B1-A1 L1 board best; no promotion; artifact immutable
scored	B1-A4	T2:heart:val_extrap	v0005	j1_state_hash10	submissions/candidates/T2_heart_val_extrap/v0005_b1_a4_state_hash10/submission.h5ad	25179	500	20260827	false	pass	bfec39b18a2e7d0b2a8c2a1d978550ff258728a4433aaec4ecf7dc65337325c8	49.9	registered	B1-A4 L2 final lane; user-provided server score 49.9; -0.6 vs baseline board best=50.5; reject for promotion; artifact immutable
scored	B2-T3-A1	T3:gata4	v0006	b2_t3_a1_l1_strict_wt_direct	submissions/candidates/T3_gata4/v0006_b2_t3_a1_l1/submission.h5ad	7449	500	20260829	false	pass	d3cc8adb6f46070f7dbfecbdff9c10e9df9184a417376fb0d4a4813b2517c175	45.5	registered	B2-T3-A1 L1; parent baseline-001/T3_gata4/v0001; local source-only diagnostic de_score=0.1884 de_direction=0.2509; server 45.5 (+0.2 vs baseline 45.3); NEW BOARD BEST (tied with v0007); promoted to current selection; scored 2026-09-04 backfill (server row 2026-09-03 23:40/23:41); artifact immutable
scored	B2-T3-A1	T3:gata4	v0007	b2_t3_a1_l2_gata4_gata6_condition_aware	submissions/candidates/T3_gata4/v0007_b2_t3_a1_l2/submission.h5ad	7449	500	20260829	false	pass	012ac745c995f5f5ef0209c44250cf8aa1bb35ae1fe2355550e7ab16297cf900	45.5	registered	B2-T3-A1 L2; parent baseline-001/T3_gata4/v0001; local source-only diagnostic de_score=0.1884 de_direction=0.2516; server 45.5 (+0.2 vs baseline 45.3); NEW BOARD BEST (tied with v0006); promoted to current selection; scored 2026-09-04 backfill (server row 2026-09-03 23:40/23:41); artifact immutable
scored	T1-S2	T1:val	v0007	t1_s2_l1_moscot_empirical_residual	submissions/candidates/T1_val/v0007_t1_s2_l1_moscot_empirical/submission.h5ad	5118	32285	20260830	false	pass	4297f3fd344d4592eaf2176caa7f28b03148993aa1bbbcc52c6156f0b121d866	44.9	registered	T1-S2-MOSCOT-DECODER L1; parent candidate/T1_val/v0004_strict_pseudobulk_shift; moscot coupling+mass forecast+state delta+residual replay, alpha=1.0127 frozen; pseudo-holdout parent arm superior (de_score 0.6226 vs 0.4528); local formal scorer pseudo-target E9.5 de_score=0.7925 NOT a leaderboard preview; HOLD_AS_COMPONENT; no server submission; artifact immutable; server 44.9 (-3.6 vs best 48.5, below baseline 47.0); rejected as improvement; scored 2026-09-03; artifact immutable
scored	T1-S2	T1:val	v0008	t1_s2_l2_module_scdesign3	submissions/candidates/T1_val/v0008_t1_s2_l2_module_scdesign3/submission.h5ad	5118	32285	20260830	false	pass	d664db404418fe8558dbe9a966352921c2498e74343318e0f8c9c08ff9774280	44.8	registered	T1-S2-MOSCOT-DECODER L2; parent candidate/T1_val/v0004_strict_pseudobulk_shift; same coupling/mass/delta as L1, module-wise scDesign3 decoder (39 stage-state fits); pseudo-holdout parent arm superior (de_score 0.6226 vs 0.4340); local formal scorer pseudo-target E9.5 de_score=0.7925 NOT a leaderboard preview; HOLD_AS_COMPONENT; no server submission; artifact immutable; server 44.8 (-3.7 vs best 48.5, below baseline 47.0); rejected as improvement; scored 2026-09-03; artifact immutable
scored	T2-S3	T2:embryo:val_interp	v0006	t2_s3_l1_pycpd	submissions/candidates/T2_embryo_val_interp/v0006_t2_s3_l1_pycpd/submission.h5ad	5000	500	20260830	false	pass	a46671bbd9f7c149c128a5f73f3f2cb479d5fdd468490bc18e245773476eff36	59.7	registered	embryo interp L1 pycpd; parent B1-A1-L1; holdout H1 全胜+H2 同向; kNN15 0.8367 PASS; RMS locked; gate READY_FOR_MANUAL_SUBMISSION (coordinator confirmed); local scorer pseudo-target not leaderboard evidence; score_pending; no auto upload; artifact immutable; server 59.7 (-0.4 vs board best B1-A1 L1 60.1); rejected; scored 2026-09-03; artifact immutable
candidate	T2-S3	T2:embryo:val_interp	v0007	t2_s3_l2_spateo	submissions/candidates/T2_embryo_val_interp/v0007_t2_s3_l2_spateo/submission.h5ad	5000	500	20260830	false	pass	0de6787b3fdff5637c6c8dd729aa60d991e793f5048488e22938fb29d7309991		score_pending	embryo interp L2 spateo; holdout 4/4 全负; gate REJECT; retained immutable for diagnosis; no server submission
scored	T2-S3	T2:heart:val_interp	v0007	t2_s3_l1_pycpd	submissions/candidates/T2_heart_val_interp/v0007_t2_s3_l1_pycpd/submission.h5ad	5872	500	20260830	false	pass	0ca4f217915ed53dfa35370cc8026704531eefd5e701f63b976433b9ce4dd416	56.7	registered	heart interp L1 pycpd; parent B1-A1-L1; H2 全胜但 H3 同board宽间隔反例; kNN15 0.8297 PASS; RMS locked; gate READY_FOR_MANUAL_SUBMISSION with H3 caveat; score_pending; no auto upload; artifact immutable; server 56.7 (+0.4 vs B1-A1 L1 56.3); NEW BOARD BEST, promoted to current selection; scored 2026-09-03; artifact immutable
candidate	T2-S3	T2:heart:val_interp	v0008	t2_s3_l2_spateo	submissions/candidates/T2_heart_val_interp/v0008_t2_s3_l2_spateo/submission.h5ad	5872	500	20260830	false	pass	ad1311c4a79710b8efd7a5784718169143b0dad33ed6f80edcda289bfbfd4cb7		score_pending	heart interp L2 spateo; holdout 全负; gate REJECT; retained immutable for diagnosis; no server submission
candidate	T2-S3	T2:heart:val_extrap	v0006	t2_s3_l1_pycpd	submissions/candidates/T2_heart_val_extrap/v0006_t2_s3_l1_pycpd/submission.h5ad	25179	500	20260830	false	pass	ec1f703d51dc077143603204064d81ca497e0c744c16cdfc58ea51d195f4fd52		score_pending	heart extrap L1 pycpd; parent baseline-001; 唯一外推 holdout H4 全负; gate REJECT; retained immutable for diagnosis; no server submission
candidate	T2-S3	T2:heart:val_extrap	v0007	t2_s3_l2_spateo	submissions/candidates/T2_heart_val_extrap/v0007_t2_s3_l2_spateo/submission.h5ad	25179	500	20260830	false	pass	47ab47d67096e95cc6982ceae11944aeebfe0e70504165b60cb505099ae291f1		score_pending	heart extrap L2 spateo; holdout 全负 + kNN CATASTROPHIC (0.7775 vs full-field 0.9713); contract FAIL by design; gate REJECT; retained immutable; no server submission
candidate	T2-J1	T2:embryo:val_interp	v0008	j1_fgw_assignment	submissions/candidates/T2_embryo_val_interp/v0008_j1_fgw_assignment/submission.h5ad	5000	498	20260830	false	pass	81442478928f0f166c8e5c148d7d9e3ec1f9a3dff0b21be525aaf120ce6986b4		score_pending	embryo interp J1 FGW assignment; parent v0002 g1_formal_log_rms (60.1); frozen FGW spec 4cf86109; column_argmax_margin_greedy_v1 bijection PASS conflicts 72.2%; objective -12.2% vs identity; NFS mirror no_improvement 0.0312->0.0344; bracket probe negative; contract+protected PASS; deterministic byte-identical; gate HOLD_AS_COMPONENT (coordinator confirmed); retained immutable; no server submission
scored	T2-J1	T2:heart:val_interp	v0009	j1_fgw_assignment	submissions/candidates/T2_heart_val_interp/v0009_j1_fgw_assignment/submission.h5ad	5872	500	20260830	false	pass	4f2e7552a4ff5a11191f8cf6f1e94393882d131aa76855e5da34faef3f43ac43	57.3	registered	heart interp J1 FGW assignment; parent v0007 t2_s3_l1_pycpd (56.7); frozen FGW spec 4cf86109; reference audit PROCEED (A3 weak +0.0138); objective -26.6% vs identity; same-target nmmd 0.0967->0.0747 improved; morans 0.7365->0.6743 worsened (declared); contract+protected PASS; deterministic byte-identical; gate READY_FOR_MANUAL_SUBMISSION weak confidence (coordinator confirmed); server 57.3 (+0.6 vs v0007 56.7); NEW BOARD BEST, promoted to current selection; scored 2026-09-04 backfill (server row 2026-09-03 19:51); no auto upload; artifact immutable | precise board_score=57.25 (server page 2026-09-04, Total 151.2); per-metric skills: reports/SERVER_SUBMETRIC_REGISTRY.tsv
scored	B4-P0	T1:val	v0009	b4p0_l0_exact_floor	submissions/candidates/T1_val/v0009_b4p0_l0_exact_floor/submission.h5ad	5118	32285	20260904	false	pass	38267746dfa4a5b2b3f44ee9dd3bbfb04d7674b5b68315e3477872d5bb81cd34	47.0	registered	B4-P0 exact-floor probe (uniform draw, original order, no celltype use); server 47.0 identical to stratified baseline-001 v0001=47.0 -> stratification exonerated, floor parity UNRESOLVED; uploaded as b4p0__t1__upload__20260904.zip (portal Model = zip name), scored 2026-09-04 15:56; artifact immutable
scored	B4-P0	T3:gata4	v0008	b4p0_l0_exact_floor	submissions/candidates/T3_gata4/v0008_b4p0_l0_exact_floor/submission.h5ad	7449	500	20260904	false	pass	478786034343cc3ed1a604cd494ab2134751f4a1f4696204f9d105e404bdbef3	46.8	registered	B4-P0 exact-floor probe (uniform draw, original order, no celltype use); server 46.8 = +1.5 vs wt_identity 45.3, +1.3 vs v0006/7 45.5 -> NEW BOARD BEST; floor parity UNRESOLVED (below 50); uploaded as b4p0__t3__upload__20260904.zip, scored 2026-09-04 14:17; artifact immutable | precise board_score=46.79 (server page 2026-09-04, Total 151.2); per-metric skills: reports/SERVER_SUBMETRIC_REGISTRY.tsv
scored	B4-P0	T1:val	v0010	b4p0_l0floor_n1706	submissions/candidates/T1_val/v0010_b4p0_l0floor_n1706/submission.h5ad	1706	32285	20260904	false	pass	6994a38e108a29ba6791f3d81bde6347f92cf92e8c9c28153e385b973ff54a18	46.8	registered	B4-P0 T1 n=1706 floor probe (uniform draw seed 20260904, original order, no celltype use, no transform); server 46.8 (-0.2 vs n=5118 v0009=47.0) -> n_obs hypothesis EXCLUDED, floor parity UNRESOLVED; uploaded as b4p0p2__t1__upload__20260904.zip (portal Model = zip name), scored 2026-09-04 19:09; artifact immutable
scored	B4-T2-R1	T2:heart:val_interp	v0010	b4_t2_r1_l1_globalmatch	submissions/candidates/T2_heart_val_interp/v0010_b4_t2_r1_l1_globalmatch/submission.h5ad	5872	500	20260830	false	pass	0f9d35db64f737bbe254e84c4df118df41282fd23509ce864254c468ef0aee25	57.3	registered	B4-T2-R1 L1: frozen eps=0.005 coupling + global bipartite matching (top-64, full); mass capture 0.718->0.796, NFS 0.0747->0.0733 improvement, Moran 0.6743->0.6823; contract/protected PASS, determinism byte-identical; artifact immutable | server 57.3 (+0.05 vs v0009=57.25, TIE within noise); precise board_score=57.3 (server page 2026-09-04 19:52 row); per-metric skills: reports/SERVER_SUBMETRIC_REGISTRY.tsv
scored	B4-T2-R1	T2:heart:val_interp	v0011	b4_t2_r1_l2_globalmatch	submissions/candidates/T2_heart_val_interp/v0011_b4_t2_r1_l2_globalmatch/submission.h5ad	5872	500	20260830	false	pass	7ed7aaba7229b4af3e92d20901a21b6766c05ccbcc62313acb8041d05bffed03	57.31	registered	B4-T2-R1 L2: fresh eps=0.002 solve (same problem) + global matching (top-64, full); mass capture 0.873, NFS 0.0732 improvement, Moran 0.6833; contract/protected PASS, determinism byte-identical; artifact immutable | server 57.31 (+0.06 vs v0009=57.25, TIE within noise); precise board_score=57.31 (server page 2026-09-04 19:52 row); per-metric skills: reports/SERVER_SUBMETRIC_REGISTRY.tsv
scored	B4-T1-R1	T1:val	v0011	b4_t1_r1_l1_damp050	submissions/candidates/T1_val/v0011_b4_t1_r1_l1_damp050/submission.h5ad	5118	32285	20260904	false	pass	d67bf5dbcbf7b69c22bdfd0269b0af7527fd75257344e1f7b3c227587b147628	47.58	registered	B4-T1-R1 L1: strict shift damp=0.5 (v0004 recipe; damp=1.0 byte-reproduces v0004); contract PASS; artifact immutable | server 47.58 (-0.89 vs best 48.47); precise board_score=47.58 (server page 2026-09-05); per-metric skills: reports/SERVER_SUBMETRIC_REGISTRY.tsv
scored	B4-T1-R1	T1:val	v0012	b4_t1_r1_l2_popmix050	submissions/candidates/T1_val/v0012_b4_t1_r1_l2_popmix050/submission.h5ad	5118	32285	20260904	false	pass	8090413532275f6fed3acc1d36f0cb4c6ae257b64a51ad7a293596249e918a1d	47.77	registered	B4-T1-R1 L2: 2559 copy-last + 2559 shifted disjoint pools, shift==v0004 rows (maxdiff 0.0 on 772 overlap); contract PASS; artifact immutable | server 47.77 (-0.70 vs best 48.47); precise board_score=47.77 (server page 2026-09-05); per-metric skills: reports/SERVER_SUBMETRIC_REGISTRY.tsv
scored	B4-T1-R1	T1:val	v0013	b4_t1_r1_l3_massgraft025	submissions/candidates/T1_val/v0013_b4_t1_r1_l3_massgraft025/submission.h5ad	5118	32285	20260904	false	pass_with_deviation	8ac4f7cff702da7766fc6e9035ba4e6555de7e85740b6c67e82ac75d7f0b7fbb	47.85	registered	B4-T1-R1 L3: v0004 rows resampled to 0.75*E9.5+0.25*moscot shares (FAIL_BY_DESIGN accepted: obs-identity only); artifact immutable | server 47.85 (-0.62 vs best 48.47; family best); precise board_score=47.85 (server page 2026-09-05); per-metric skills: reports/SERVER_SUBMETRIC_REGISTRY.tsv
scored	B4-T1-R1	T1:val	v0014	b4_t1_r1_l4_massgraft050	submissions/candidates/T1_val/v0014_b4_t1_r1_l4_massgraft050/submission.h5ad	5118	32285	20260904	false	pass_with_deviation	561a5421b11c8ba540cc5f60688fb638f0a2bd09981444e593ff3d67b0521bc8	46.90	registered	B4-T1-R1 L4: v0004 rows resampled to 0.50*E9.5+0.50*moscot shares (FAIL_BY_DESIGN accepted: obs-identity only); artifact immutable | server 46.90 (-1.57 vs best 48.47; below floor 47.0); precise board_score=46.90 (server page 2026-09-05); per-metric skills: reports/SERVER_SUBMETRIC_REGISTRY.tsv
scored	B4-T3-R1	T3:gata4	v0009	b4_t3_r1_l1_gata4_zero_all	submissions/candidates/T3_gata4/v0009_b4_t3_r1_l1_gata4_zero_all/submission.h5ad	7449	500	20260904	false	pass	c6be65ec7d8c8a4b94bce936ff0cad985ac26f78c77ea3e4f68643f07076b088	46.95	registered	B4-T3-R1 L1: all-cell Gata4=0 (col sum 6495.1->0.0; 18.2% cells nonzero before), other 499 genes bitwise parent, coords/order/n_obs exact; artifact immutable | server 46.95 (+0.15 vs exact floor 46.8); precise board_score=46.95 (server page 2026-09-05); per-metric skills: reports/SERVER_SUBMETRIC_REGISTRY.tsv
scored	B4-T3-R1	T3:gata4	v0010	b4_t3_r1_l2_gata4_zero_hard	submissions/candidates/T3_gata4/v0010_b4_t3_r1_l2_gata4_zero_hard/submission.h5ad	7449	500	20260904	false	pass	6f789ae8cf841ca59289779682ddb7c52a0db5f2c54e368c6424f0d1f6ec38cb	46.95	registered	B4-T3-R1 L2: Gata4=0 where p_mesp1>=0.5 (4916 cells; 26.7% nonzero before; col sum 6495.1->192.5), Gata6 untouched, coords/order/n_obs exact; artifact immutable | server 46.95 (+0.15 vs exact floor 46.8, tie with L1); precise board_score=46.95 (server page 2026-09-05); per-metric skills: reports/SERVER_SUBMETRIC_REGISTRY.tsv
scored	B4-T2-R2	T2:embryo:val_interp	v0009	b4_t2_r2_l1_mean_bridge	submissions/candidates/T2_embryo_val_interp/v0009_b4_t2_r2_l1_mean_bridge/submission.h5ad	5000	498	20260904	false	pass	0fb2dc40718ac2cbbe421fceb5a93ce5c61cd1addd35a5a3a70f423f7c9e11f2	61.79	registered	B4-T2-R2 embryo L1: mean bridge lam=1/3, 11/18 shared states, 7 unmatched keep parent; geometry frozen; artifact immutable | server 61.79 (+1.64 vs best 60.15); precise board_score=61.79 (server page 2026-09-14); per-metric skills: reports/SERVER_SUBMETRIC_REGISTRY.tsv
scored	B4-T2-R2	T2:embryo:val_interp	v0010	b4_t2_r2_l2_mean_mass_bridge	submissions/candidates/T2_embryo_val_interp/v0010_b4_t2_r2_l2_mean_mass_bridge/submission.h5ad	5000	498	20260904	false	pass_with_deviation	34caae70aff220b6a754dedea54bd27a5c4d0962305341994dd239f60f14364e	62.29	registered	B4-T2-R2 embryo L2: L1 + interpolated shares resample (FAIL_BY_DESIGN accepted: obs-identity/layers/raw only); artifact immutable | server 62.29 (+2.14 vs best 60.15) NEW BOARD BEST; precise board_score=62.29 (server page 2026-09-14); per-metric skills: reports/SERVER_SUBMETRIC_REGISTRY.tsv
scored	B4-T2-R2	T2:heart:val_interp	v0012	b4_t2_r2_l1_mean_bridge	submissions/candidates/T2_heart_val_interp/v0012_b4_t2_r2_l1_mean_bridge/submission.h5ad	5872	500	20260904	false	pass	94e2b018b5a90712a3a815128fb2a25e891a06d3359923ec3cc9b9a0d3c60029	56.27	registered	B4-T2-R2 heart L1: mean bridge lam=1/2, 33/33 shared; clip 60% disclosed, no variance collapse (var 0.95); geometry frozen; artifact immutable | server 56.27 (-0.98 vs best 57.25); precise board_score=56.27 (server page 2026-09-14); per-metric skills: reports/SERVER_SUBMETRIC_REGISTRY.tsv
scored	B4-T2-R2	T2:heart:val_interp	v0013	b4_t2_r2_l2_mean_mass_bridge	submissions/candidates/T2_heart_val_interp/v0013_b4_t2_r2_l2_mean_mass_bridge/submission.h5ad	5872	500	20260904	false	pass_with_deviation	9080cfc3adbed773ad57a601548e15427b25696461b68d083a45c522b85daf08	62.04	registered	B4-T2-R2 heart L2: L1 + interpolated shares resample (FAIL_BY_DESIGN accepted: obs-identity/layers/raw only); clip 60% disclosed, var 0.97; artifact immutable | server 62.04 (+4.79 vs best 57.25) NEW BOARD BEST; precise board_score=62.04 (server page 2026-09-14); per-metric skills: reports/SERVER_SUBMETRIC_REGISTRY.tsv
scored	B4-T3-R2	T3:gata4	v0011	b4_t3_r2_l1_delay025	submissions/candidates/T3_gata4/v0011_b4_t3_r2_l1_delay025/submission.h5ad	7449	500	20260904	false	pass	248910d4770edd207a00e2665b2cdd80e0a9411beba284744a98274a35ce2fea	46.45	registered	B4-T3-R2 L1: delay alpha=0.25 on 5/33 three-way shared states + raw-roundtrip genotype (Gata4*(1-p), Gata6*(1-0.5p)); coords/order/n_obs exact; artifact immutable | server 46.45 (-0.35 vs floor 46.8); precise board_score=46.45 (server page 2026-09-14); per-metric skills: reports/SERVER_SUBMETRIC_REGISTRY.tsv
scored	B4-T3-R2	T3:gata4	v0012	b4_t3_r2_l2_delay050	submissions/candidates/T3_gata4/v0012_b4_t3_r2_l2_delay050/submission.h5ad	7449	500	20260904	false	pass	270f9afcd2ae2fefbb2b7b1e44b46d873224d25fa30f33ca18ecce1cea025511	46.47	registered	B4-T3-R2 L2: delay alpha=0.50, same construction; coords/order/n_obs exact; artifact immutable | server 46.47 (-0.33 vs floor 46.8); precise board_score=46.47 (server page 2026-09-14); per-metric skills: reports/SERVER_SUBMETRIC_REGISTRY.tsv
candidate	B4-T2-R3	T2:heart:val_extrap	v0008	b4_t2_r3_l1_damp050	submissions/candidates/T2_heart_val_extrap/v0008_b4_t2_r3_l1_damp050/submission.h5ad	25179	500	20260904	false	pass	a58896c949cdb391b14ca630c00321cb943aaf450dd58fb2045a26266c0c457e	48.40	scored	B4-T2-R3 L1: parent minus 0.5*Delta (=E9.5+0.5Delta), 5/22 shared states; coords/geometry row-identical; artifact immutable | closed_unscored 2026-09-15: user closed Batch 4 without scoring T2-R3 (run complete, delivery zip exists, never uploaded); candidate retained immutable, scored 2026-09-30 | server 48.40 (-2.13 vs baseline 50.53; -2.24 vs board-best 50.64 REJECT; submetrics de 42.5/dir 51.1/mmd 48.4/vario 41.6/d2 46.2/occ 53.2/scale 49.7/nmmd 51.4; SERVER_SCORED_USER_REPORTED 2026-09-30, submission ID/timestamp not supplied; per-metric skills: reports/SERVER_SUBMETRIC_REGISTRY.tsv)
candidate	B4-T2-R3	T2:heart:val_extrap	v0009	b4_t2_r3_l2_time1333	submissions/candidates/T2_heart_val_extrap/v0009_b4_t2_r3_l2_time1333/submission.h5ad	25179	500	20260904	false	pass	f692fd8f1a06de633879907fb2faa7487d90b7053ff503dbf64e17cd520cd60c	50.51	scored	B4-T2-R3 L2: parent plus (1/3)*Delta (=E9.5+1.333Delta time-normalized), 5/22 shared states, clip 21.6% disclosed; coords/geometry row-identical; artifact immutable | closed_unscored 2026-09-15: user closed Batch 4 without scoring T2-R3 (run complete, delivery zip exists, never uploaded); candidate retained immutable, scored 2026-09-30 | server 50.51 (-0.02 vs baseline 50.53 TIE; -0.13 vs board-best 50.64, no promotion; submetrics de 50.4/dir 52.5/mmd 49.9/vario 47.1/d2 46.2/occ 53.2/scale 49.7/nmmd 52.1; SERVER_SCORED_USER_REPORTED 2026-09-30, submission ID/timestamp not supplied; per-metric skills: reports/SERVER_SUBMETRIC_REGISTRY.tsv)
candidate	B4-T2-R3	T2:heart:val_extrap	v0010	b4_t2_r3_l3_popmix050	submissions/candidates/T2_heart_val_extrap/v0010_b4_t2_r3_l3_popmix050/submission.h5ad	25179	500	20260904	false	pass	4475b2331828d99e57dbba7abf798108d8df435c6fc969a39db6e15c16df04cf	48.87	scored	B4-T2-R3 L3: same 25179 rows, first half copy-last E9.5 values, second half parent; coords/geometry row-identical; artifact immutable | closed_unscored 2026-09-15: user closed Batch 4 without scoring T2-R3 (run complete, delivery zip exists, never uploaded); candidate retained immutable, scored 2026-09-30 | server 48.87 (-1.66 vs baseline 50.53; -1.77 vs board-best 50.64 REJECT; submetrics de 43.6/dir 52.6/mmd 48.1/vario 43.6/d2 46.2/occ 53.2/scale 49.7/nmmd 51.3; SERVER_SCORED_USER_REPORTED 2026-09-30, submission ID/timestamp not supplied; per-metric skills: reports/SERVER_SUBMETRIC_REGISTRY.tsv)
candidate	G1-T1-R1	T1:val	v0015	g0_t1_r1_neural_ode	submissions/candidates/T1_val/v0015_g0_t1_r1_neural_ode/submission.h5ad	5118	32285	20260916	false	pass	a2ca6bd555e3e01b16026c15144063d733916b6204180aec163c1edc894d4273	48.51	scored	G1-T1-R1 L1: neural-ODE latent dynamics + pure-delta decode (v0004 recipe); contract PASS; local de 0.8868/dir 0.8903 vs baseline 0.8868/0.8895 -> NOT promoted; upload at unified end-batch | server 48.51 (+0.04 vs best 48.47); precise board_score=48.51 (server page 2026-09-17); per-metric skills: reports/SERVER_SUBMETRIC_REGISTRY.tsv
candidate	G1-T1-R2	T1:val	v0016	g0_t1_r2_substate	submissions/candidates/T1_val/v0016_g0_t1_r2_substate/submission.h5ad	5118	32285	20260916	false	pass	889f87bbf2f3c327d304856532ea6902569f6a13f874319e589fef216126d2c1	48.14	scored	G1-T1-R2 L1: sub-state split deltas, 57 substates; contract PASS; local de 0.8868/dir 0.8616 vs baseline 0.8868/0.8895 -> NOT promoted (direction worse); upload at unified end-batch | server 48.14 (-0.33 vs best 48.47); precise board_score=48.14 (server page 2026-09-17); per-metric skills: reports/SERVER_SUBMETRIC_REGISTRY.tsv
candidate	G1-T1-R3	T1:val	v0017	g0_t1_r3_maturity	submissions/candidates/T1_val/v0017_g0_t1_r3_maturity/submission.h5ad	5118	32285	20260916	false	pass	594db45fc5be4a024e3ab0842b7e90461d42a8adda1d9f5d8292b899b774c1fb	47.46	scored	G1-T1-R3 L1: maturity-binned deltas, 63 bins; contract PASS; local de 0.8491/dir 0.8284 vs baseline 0.8868/0.8895 -> NOT promoted (worse than R2); upload at unified end-batch | server 47.46 (-1.01 vs best 48.47); precise board_score=47.46 (server page 2026-09-17); per-metric skills: reports/SERVER_SUBMETRIC_REGISTRY.tsv
candidate	G1-T1-R4	T1:val	v0018	g0_t1_r4_shrink	submissions/candidates/T1_val/v0018_g0_t1_r4_shrink/submission.h5ad	5118	32285	20260916	false	pass	8dbcabcc096082aaec75fbd54a797628f1eda49edf2c527d643fb94de050cc6d	48.48	scored	G1-T1-R4 L1: t-stat shrinkage C=2; contract PASS; local de 0.9057/dir 0.9033 vs baseline 0.8868/0.8895 -> PROMOTED (local); upload at unified end-batch | server 48.48 (+0.01 vs best 48.47); precise board_score=48.48 (server page 2026-09-17); per-metric skills: reports/SERVER_SUBMETRIC_REGISTRY.tsv
candidate	G1-T1-R5	T1:val	v0019	g0_t1_r5_c1	submissions/candidates/T1_val/v0019_g0_t1_r5_c1/submission.h5ad	5118	32285	20260916	false	pass	617cdd3db1362054856333e935c9ea77d813a4d3ec786ef2f4ffda844a115c7e	48.54	scored	G1-T1-R5 L1: t-shrink C=1; contract PASS; local de 0.9057/dir 0.8997 -> PROMOTED (local); upload at unified end-batch | server 48.54 (+0.07 vs best 48.47); precise board_score=48.54 (server page 2026-09-17); per-metric skills: reports/SERVER_SUBMETRIC_REGISTRY.tsv
candidate	G1-T1-R5	T1:val	v0020	g0_t1_r5_c2	submissions/candidates/T1_val/v0020_g0_t1_r5_c2/submission.h5ad	5118	32285	20260916	false	pass	6ec62b099fc0802b8cddc127423bda825101e2560ec1dba530bc3f865c0ab07f	48.48	scored	G1-T1-R5 L2: t-shrink C=2 (R4 repro); contract PASS; local de 0.9057/dir 0.9033 -> PROMOTED (local); upload at unified end-batch | server 48.48 (+0.01 vs best 48.47); precise board_score=48.48 (server page 2026-09-17); per-metric skills: reports/SERVER_SUBMETRIC_REGISTRY.tsv
candidate	G1-T1-R5	T1:val	v0021	g0_t1_r5_c4	submissions/candidates/T1_val/v0021_g0_t1_r5_c4/submission.h5ad	5118	32285	20260916	false	pass	ab44c7036088141c24cd5cb523537e2c9d9a04fda1d43a64e588116b23df0698	48.34	scored	G1-T1-R5 L3: t-shrink C=4; contract PASS; local de 0.9057/dir 0.9071 -> PROMOTED (local, T1 best); upload at unified end-batch | server 48.34 (-0.13 vs best 48.47); precise board_score=48.34 (server page 2026-09-17); per-metric skills: reports/SERVER_SUBMETRIC_REGISTRY.tsv
candidate	G1-T3-R1	T3:gata4	v0013	g0_t3_r1_directprop	submissions/candidates/T3_gata4/v0013_g0_t3_r1_directprop/submission.h5ad	7449	500	20260916	false	pass	b8467cc07880f7f5ca73986738cd99cd26dfd502acecfcf21b0e6ff89b36e789	46.88	scored	G1-T3-R1 L_A: zeroing + 17 motif-target shift; contract PASS; local de 0.1739/dir 0.2442/slope -0.5375 vs baseline 0.1739/0.2444/-0.5368 -> NOT promoted (proxy blind, 4-decimal identical); mechanism bet kept for upload; upload at unified end-batch | server 46.88 (-0.07 vs best 46.95); precise board_score=46.88 (server page 2026-09-16); per-metric skills: reports/SERVER_SUBMETRIC_REGISTRY.tsv
candidate	G1-T3-R2	T3:gata4	v0014	g0_t3_r2_gradeddose	submissions/candidates/T3_gata4/v0014_g0_t3_r2_gradeddose/submission.h5ad	7449	500	20260916	false	pass	b3406e154e7bb6e791dddc8f815967bab9eede705c408fcd942eebd030ced552	46.95	scored	G1-T3-R2 L_B: graded dose tert075; contract PASS; local identical to baseline (de 0.1739/dir 0.2444/slope -0.5368, proxy blind incl. Gata4 itself) -> non-regression PASS, mechanism bet kept; upload at unified end-batch | server 46.95 (+0.00 vs best 46.95); precise board_score=46.95 (server page 2026-09-16); per-metric skills: reports/SERVER_SUBMETRIC_REGISTRY.tsv
candidate	G1-T3-R3	T3:gata4	v0015	g0_t3_r3_lineagedose	submissions/candidates/T3_gata4/v0015_g0_t3_r3_lineagedose/submission.h5ad	7449	500	20260916	false	pass	86c12e4901e8ff14dc98d74ab257f07d050adf033d77f2d3cc37e44833ddafa3	46.95	scored	G1-T3-R3 L_C: lineage dose cardiac100; contract PASS; local de 0.1739/dir 0.2444/slope -0.5428 vs baseline 0.1739/0.2444/-0.5368 -> non-regression PASS, mechanism bet kept; upload at unified end-batch | server 46.95 (+0.00 vs best 46.95); precise board_score=46.95 (server page 2026-09-16); per-metric skills: reports/SERVER_SUBMETRIC_REGISTRY.tsv
candidate	G1-T3-R4	T3:gata4	v0016	g0_t3_r4_combo	submissions/candidates/T3_gata4/v0016_g0_t3_r4_combo/submission.h5ad	7449	500	20260916	false	pass	28caf0e473e4b72aba6ecc0ea1f2b7a3d6394eed8a7a6ce21b84df5fe66d9846	46.88	scored	G1-T3-R4 L_D: lineage-dose + 17motif-prop combo; contract PASS; local de 0.1739/dir 0.2442/slope -0.5436 vs baseline 0.1739/0.2444/-0.5368 -> non-regression PASS, mechanism combo bet (T3 upload pick); upload at unified end-batch | server 46.88 (-0.07 vs best 46.95); precise board_score=46.88 (server page 2026-09-16); per-metric skills: reports/SERVER_SUBMETRIC_REGISTRY.tsv
candidate	G1-T3-R5	T3:gata4	v0017	g0_t3_r5_amp2	submissions/candidates/T3_gata4/v0017_g0_t3_r5_amp2/submission.h5ad	7449	500	20260916	false	pass	9e05be511b6c56271bf7313af28b0ec74afdd0d358ca25527ae664bc3c41131c	46.84	scored	G1-T3-R5 L_E: combo propagation x2 amplitude; contract PASS; local de 0.1739/dir 0.2444/slope -0.5443 vs baseline 0.1739/0.2444/-0.5368 -> non-regression PASS, amplitude-variant mechanism bet; upload at unified end-batch | server 46.84 (-0.11 vs best 46.95); precise board_score=46.84 (server page 2026-09-16); per-metric skills: reports/SERVER_SUBMETRIC_REGISTRY.tsv
candidate	G1-T2-R2	T2:heart:val_extrap	v0011	g0_t2_r2_shrink	submissions/candidates/T2_heart_val_extrap/v0011_g0_t2_r2_shrink/submission.h5ad	25179	500	20260916	false	pass	38edc52e3a9af7cdf87085c0f87d12d630dcfec8d5bb55735b383e62017d44e9	50.64	scored	G1-T2-R2 L1: t-shrink C=2 (T1-R4 port); contract PASS; local de 0.2466/dir 0.4183 vs baseline 0.2466/0.4221 -> NOT promoted (de pinned, dir negative); upload at unified end-batch | server 50.64 (+0.11 vs baseline 50.53); precise board_score=50.64 (server page 2026-09-16); per-metric skills: reports/SERVER_SUBMETRIC_REGISTRY.tsv
candidate	G1-T2-R3	T2:heart:val_extrap	v0012	g0_t2_r3_spatial	submissions/candidates/T2_heart_val_extrap/v0012_g0_t2_r3_spatial/submission.h5ad	25179	500	20260916	false	pass	4456cc7568a237093d9e944f36a5877d4d0bb465342f40df7ee50c04b0c00873	50.26	scored	G1-T2-R3 L1: spatial-knn15 delta smoothing; contract PASS; local de 0.2603/dir 0.4236 vs baseline 0.2466/0.4221 -> PROMOTED (local); upload at unified end-batch | server 50.26 (-0.27 vs baseline 50.53); precise board_score=50.26 (server page 2026-09-16); per-metric skills: reports/SERVER_SUBMETRIC_REGISTRY.tsv
candidate	G1-T2-R4	T2:heart:val_extrap	v0013	g0_t2_r4_k07	submissions/candidates/T2_heart_val_extrap/v0013_g0_t2_r4_k07/submission.h5ad	25179	500	20260916	false	pass	451837a8d9b69f2cf87c1147e2401866baad1165fe837bc9cbc09516d8f6cd0b	50.32	scored	G1-T2-R4 L1: spatial-knn07; contract PASS; local de 0.2466/dir 0.4229 vs baseline 0.2466/0.4221 -> NOT promoted (de tied); upload at unified end-batch | server 50.32 (-0.21 vs baseline 50.53); precise board_score=50.32 (server page 2026-09-16); per-metric skills: reports/SERVER_SUBMETRIC_REGISTRY.tsv
candidate	G1-T2-R4	T2:heart:val_extrap	v0014	g0_t2_r4_k15	submissions/candidates/T2_heart_val_extrap/v0014_g0_t2_r4_k15/submission.h5ad	25179	500	20260916	false	pass	d7583979c33ca686143a270e7f195e3daf4dfe9f7e459db658c7735b804cec99	50.26	scored	G1-T2-R4 L2: spatial-knn15 (R3 repro); contract PASS; local de 0.2603/dir 0.4236 -> PROMOTED (local); upload at unified end-batch | server 50.26 (-0.27 vs baseline 50.53); precise board_score=50.26 (server page 2026-09-16); per-metric skills: reports/SERVER_SUBMETRIC_REGISTRY.tsv
candidate	G1-T2-R4	T2:heart:val_extrap	v0015	g0_t2_r4_k30	submissions/candidates/T2_heart_val_extrap/v0015_g0_t2_r4_k30/submission.h5ad	25179	500	20260916	false	pass	04e360c51dbf01295a9c2a6eaf22061d68bea9a7f1118260ccfb1256f6c134fa	50.28	scored	G1-T2-R4 L3: spatial-knn30; contract PASS; local de 0.2603/dir 0.4241 -> PROMOTED (local, T2-extrap best); upload at unified end-batch | server 50.28 (-0.25 vs baseline 50.53); precise board_score=50.28 (server page 2026-09-16); per-metric skills: reports/SERVER_SUBMETRIC_REGISTRY.tsv
candidate	G1-T2-R5	T2:heart:val_extrap	v0016	g0_t2_r5_k60	submissions/candidates/T2_heart_val_extrap/v0016_g0_t2_r5_k60/submission.h5ad	25179	500	20260916	false	pass	1f02c2f2605217644852443baab7d04222c3490cb5f248223bad4bf4f087026d	50.25	scored	G1-T2-R5 L1: spatial-knn60; contract PASS; local de 0.2603/dir 0.4245 vs baseline 0.2466/0.4221 -> PROMOTED (local, T2-extrap best); upload at unified end-batch | server 50.25 (-0.28 vs baseline 50.53); precise board_score=50.25 (server page 2026-09-16); per-metric skills: reports/SERVER_SUBMETRIC_REGISTRY.tsv
candidate	G1-T3-R6	T3:gata4	v0018	g0_t3_r6_cipher	submissions/candidates/T3_gata4/v0018_g0_t3_r6_cipher/submission.h5ad	7449	500	20260917	false	pass	a82b16e008eb9158097b356322db455604117fee0edd7fbd13112768765aab3f	46.94	scored	G1-T3-R6 L_A: cello-cascade u + cardiac-full/else-half + t-shrink C2; contract PASS; Step-0 identity-repro v0009 TRUE; local de 0.1739/dir 0.2443/slope -0.5371 vs baseline 0.1739/0.2444/-0.5368 -> non-regression PASS, proxy-blind 6th case, mechanism bet; 119 genes shifted (Kitl/Cdk1 top); cardiac 1546/7449=20.75pct (52pct in research memo corrected); upload single-pack | server 46.94; TIE (-0.01) vs incumbent 46.95; selection v0009/v0010 unchanged; user-provided results registered 2026-09-20; submission ID/time not supplied; per-metric skills: reports/SERVER_SUBMETRIC_REGISTRY.tsv; decision D-20260920-G0T3R6R8-001
candidate	G1-T3-R7	T3:gata4	v0019	g0_t3_r7	submissions/candidates/T3_gata4/v0019_g0_t3_r7_split/submission.h5ad	7449	500	20260917	false	pass	4b6c5b4541219d3726d8f85100aedd16b6e5cb02a4e2bb4c7c5a4a2c0b0e133d	46.95	scored	G1-T3-R7 L_A: cello-cascade cardiac-only (fallback 0); R6 ablation; local blind, non-regression PASS; contract PASS; upload in unified pack | server 46.95; exact TIE (0.00) vs incumbent 46.95; selection v0009/v0010 unchanged; user-provided results registered 2026-09-20; submission ID/time not supplied; per-metric skills: reports/SERVER_SUBMETRIC_REGISTRY.tsv; decision D-20260920-G0T3R6R8-001
candidate	G1-T3-R8	T3:gata4	v0020	g0_t3_r8	submissions/candidates/T3_gata4/v0020_g0_t3_r8_knk/submission.h5ad	7449	500	20260917	false	pass	d8b50dd9721ca3a9a821401d9603d7ce1ecec4408a73f03bbbe49246aeb2f717	46.64	scored	G1-T3-R8 L_A: knk-rank x WT-amp x cello-sign, 498 genes; local blind, non-regression PASS; lib-ratio 0.985 noted; contract PASS; upload in unified pack | server 46.64; REJECT (-0.31) vs incumbent 46.95; selection v0009/v0010 unchanged; user-provided results registered 2026-09-20; submission ID/time not supplied; per-metric skills: reports/SERVER_SUBMETRIC_REGISTRY.tsv; decision D-20260920-G0T3R6R8-001
candidate	G1-T3-R9	T3:gata4	v0021	g0_t3_r9	submissions/candidates/T3_gata4/v0021_g0_t3_r9_hop2/submission.h5ad	7449	500	20260917	false	pass	1bde8b96a0e8263e579abb8bab666fa98c29dafe18347dbccf47d902af7be5c0	46.88	scored	G1-T3-R9 L_A: motif-hop1 + coexp-hop2 x0.5 decay, global; local blind, non-regression PASS; contract PASS; upload in unified pack | server 46.88 (-0.07 vs best 46.95, TIE band, v0009/v0010 stay); precise board_score=46.88 (server page 2026-09-17); per-metric skills: reports/SERVER_SUBMETRIC_REGISTRY.tsv
candidate	G1-T3-R10	T3:gata4	v0022	g0_t3_r10	submissions/candidates/T3_gata4/v0022_g0_t3_r10_graph/submission.h5ad	7449	500	20260917	false	pass	5423dc569723ef87c1af4d06d7826df2708e45f87bb1dbc491a96116735821d6	46.93	scored	G1-T3-R10 L_A: coexp-PPR top150 x cello-sign; local blind, non-regression PASS; dir-only-positive lane; contract PASS; upload in unified pack | server 46.93 (-0.02 vs best 46.95, TIE band, v0009/v0010 stay); precise board_score=46.93 (server page 2026-09-17); per-metric skills: reports/SERVER_SUBMETRIC_REGISTRY.tsv
candidate	G1-T3-R11	T3:gata4	v0023	g0_t3_r11	submissions/candidates/T3_gata4/v0023_g0_t3_r11_signmax/submission.h5ad	7449	500	20260917	false	pass	22340b14d9139c1dff044371043170398358f3d995784aea8f543ed5374bfbc4	46.95	scored	G1-T3-R11 L_A: sign-consistency-squared weighting; local blind, non-regression PASS; lowest mmd_u; contract PASS; upload in unified pack | server 46.95 (+0.00 vs best 46.95, exact TIE, v0009/v0010 stay); precise board_score=46.95 (server page 2026-09-17); per-metric skills: reports/SERVER_SUBMETRIC_REGISTRY.tsv
candidate	G1-T3-R12	T3:gata4	v0024	g0_t3_r12	submissions/candidates/T3_gata4/v0024_g0_t3_r12_debias/submission.h5ad	7449	500	20260917	false	pass	b1a3c01d9379624dd67a1fb06fd244c5e2039061bed34c281fa7b2efbfbb46d3	46.90	scored	G1-T3-R12 L_A: R6 + offset-debias step2; local blind, non-regression PASS; dir==baseline 4dec; contract PASS; upload in unified pack | server 46.90 (-0.05 vs best 46.95, TIE band, v0009/v0010 stay); precise board_score=46.90 (server page 2026-09-17); per-metric skills: reports/SERVER_SUBMETRIC_REGISTRY.tsv
candidate	G1-T3-R13	T3:gata4	v0025	g0_t3_r13	submissions/candidates/T3_gata4/v0025_g0_t3_r13_spatial/submission.h5ad	7449	500	20260917	false	pass	4f64ce1e19e8507cf691f5024cbb86ec9a03f4117b27f3984a62655a8b62a93c	43.30	scored	G1-T3-R13 L_A: R6 + spatial-k15 smoothing; local blind, non-regression PASS; lib-ratio 0.69 Jensen-explained, disclosed; contract PASS; upload in unified pack | server 43.30 (-3.65 vs best 46.95, CATASTROPHIC REJECT); precise board_score=43.30 (server page 2026-09-17); per-metric skills: reports/SERVER_SUBMETRIC_REGISTRY.tsv
candidate	G1-T1-D3	T1:val	v0022	g0_t1_d3_otcfm	submissions/candidates/T1_val/v0022_g0_t1_d3_otcfm/submission.h5ad	5118	32285	20260916	false	pass	269dbfd64f97aadec1cf309dcb1ae89c61b2b9a2c89fa0c78d3d9292823cd687	45.3	scored	G1-T1-D3 L1: OT-CFM field forecast t=1->2; contract PASS; local de 0.9623/dir 0.8889 (dir -0.0006 vs gate, not significant; dist healthy var 0.976/lib 1.012); full-gene gate FAIL overridden per D-20260917-T1UPLOAD-001 -> single-pack upload arbitration | server 45.3 (-3.17 vs best 48.47, below floor 47.0, REJECT); precise board_score=45.3 (server page 2026-09-17); per-metric skills: reports/SERVER_SUBMETRIC_REGISTRY.tsv
candidate	T3-NEXT-R1GRAPH	T3:gata4	v0026	next_r1graph	submissions/candidates/T3_gata4/v0026_next_r1graph/submission.h5ad	7449	500	20260920	false	pass	d2cedbd6cfc040af301f5fb6d369312f451468429882ccea5c1ec3201bf2cd10	46.93	scored	parent=v0022; run=artifacts/t3_next/T3-NEXT-SIX-20260920-v4/r1; SERVER_SCORED_USER_REPORTED; local structural checks only; scientific NOT_IDENTIFIABLE; score and original evidence: reports/SERVER_SCORE_REGISTRY.md#t3-next-r1r2-score-return-20260920; submission ID/time not supplied; selection unchanged; decision D-20260920-T3NEXTSCORE-001
candidate	T3-NEXT-R1SIGN	T3:gata4	v0027	next_r1sign	submissions/candidates/T3_gata4/v0027_next_r1sign/submission.h5ad	7449	500	20260920	false	pass	db30a56b9630225ee687bb10dc868e7d1fe0ac94b8dbba23ce92a783b88b2536	46.95	scored	parent=v0023; run=artifacts/t3_next/T3-NEXT-SIX-20260920-v4/r1; SERVER_SCORED_USER_REPORTED; local structural checks only; scientific NOT_IDENTIFIABLE; score and original evidence: reports/SERVER_SCORE_REGISTRY.md#t3-next-r1r2-score-return-20260920; submission ID/time not supplied; selection unchanged; decision D-20260920-T3NEXTSCORE-001
candidate	T3-NEXT-R2ADAPT	T3:gata4	v0028	next_r2adapt	submissions/candidates/T3_gata4/v0028_next_r2adapt/submission.h5ad	7449	500	20260920	false	pass	117cc7e844ff205fc14b4b53371a8cc9022ede875d231d981165a0697bbc427a		invalidated_unsubmitted	parent=v0009; run=artifacts/t3_next/T3-NEXT-SIX-20260920-v4/r2; NOT_SUBMITTED; local structural checks only; scientific NOT_IDENTIFIABLE | pair withdrawn before upload: random arm contained self donors (1383 real vs 1840 nominal replacements); both preserved immutable; corrected pair rerun separately
candidate	T3-NEXT-R2RANDOM	T3:gata4	v0029	next_r2random	submissions/candidates/T3_gata4/v0029_next_r2random/submission.h5ad	7449	500	20260920	false	pass	66b93096a9490725dc8a44863c08a92bb6bd1de320c3e76d5c75428c458b3b8e		invalidated_unsubmitted	parent=v0009; run=artifacts/t3_next/T3-NEXT-SIX-20260920-v4/r2; NOT_SUBMITTED; local structural checks only; scientific NOT_IDENTIFIABLE | pair withdrawn before upload: random arm contained self donors (1383 real vs 1840 nominal replacements); both preserved immutable; corrected pair rerun separately
candidate	T3-NEXT-R2ADAPT	T3:gata4	v0030	next_r2adapt	submissions/candidates/T3_gata4/v0030_next_r2adapt/submission.h5ad	7449	500	20260920	false	pass	3d9af80d7d903c0b16d1a26760b557f6888c0b86790038a7483550e2fecaad91	46.6	scored	parent=v0009; run=artifacts/t3_next/T3-NEXT-SIX-20260920-v5/r2; SERVER_SCORED_USER_REPORTED; local structural checks only; scientific NOT_IDENTIFIABLE; score and original evidence: reports/SERVER_SCORE_REGISTRY.md#t3-next-r1r2-score-return-20260920; submission ID/time not supplied; selection unchanged; decision D-20260920-T3NEXTSCORE-001
candidate	T3-NEXT-R2RANDOM	T3:gata4	v0031	next_r2random	submissions/candidates/T3_gata4/v0031_next_r2random/submission.h5ad	7449	500	20260920	false	pass	b9b86fb2034497cdd5a1fab816bd1e14b5867c6b86aea8ad3dd57b73b70e79b4	46.12	scored	parent=v0009; run=artifacts/t3_next/T3-NEXT-SIX-20260920-v5/r2; SERVER_SCORED_USER_REPORTED; local structural checks only; scientific NOT_IDENTIFIABLE; score and original evidence: reports/SERVER_SCORE_REGISTRY.md#t3-next-r1r2-score-return-20260920; submission ID/time not supplied; selection unchanged; decision D-20260920-T3NEXTSCORE-001
candidate	T3-NEXT-R5OFF	T3:gata4	v0032	next_r5off	submissions/candidates/T3_gata4/v0032_next_r5off/submission.h5ad	7449	500	20260920	false	pass	eefbd2d95f66af57396d88bedef1f0e0e3ae531ad848cd57763c75ddf5b96e13	46.95	scored	parent=v0009; run=artifacts/t3_next/T3-R5-SIGNOR-MINIMAL-20260920-v1; SERVER_SCORED_USER_REPORTED; local structural checks only; scientific NOT_IDENTIFIABLE; score and original evidence: reports/SERVER_SCORE_REGISTRY.md#t3-next-r5-score-return-20260921; submission ID/time not supplied; selection unchanged; decision D-20260921-T3R5SCORE-001
candidate	T3-NEXT-R5ON	T3:gata4	v0033	next_r5on	submissions/candidates/T3_gata4/v0033_next_r5on/submission.h5ad	7449	500	20260920	false	pass	35bc442676df4b5ef7c38fb8ad8be2c2f749f4e5583b871725e6142ea0e315a1	46.95	scored	parent=v0009; run=artifacts/t3_next/T3-R5-SIGNOR-MINIMAL-20260920-v1; SERVER_SCORED_USER_REPORTED; local structural checks only; scientific NOT_IDENTIFIABLE; score and original evidence: reports/SERVER_SCORE_REGISTRY.md#t3-next-r5-score-return-20260921; submission ID/time not supplied; selection unchanged; decision D-20260921-T3R5SCORE-001
candidate	T3-NEXT-R6MEANFIX	T3:gata4	v0034	next_r6meanfix	submissions/candidates/T3_gata4/v0034_next_r6meanfix/submission.h5ad	7449	500	20260921	false	pass	4e32ae02d1ea520ee6bf8497ff659d1357227acdc47303da5c4fdeba02b57429	47.53	scored	parent=v0009; run=artifacts/t3_next/T3-REPAIR-R6-20260921-v1; NOT_SUBMITTED; local structural checks only; scientific NOT_IDENTIFIABLE | server 47.53 (+0.58 beats old best vs 46.95; submetrics de 40.8/dir 49.7/sev 50.0/mmd 52.2/vario 51.3; SERVER_SCORED_USER_REPORTED 2026-09-27, submission ID/timestamp not supplied; per-metric skills: reports/SERVER_SUBMETRIC_REGISTRY.tsv)
candidate	T3-NEXT-R6GRAPHFIX	T3:gata4	v0035	next_r6graphfix	submissions/candidates/T3_gata4/v0035_next_r6graphfix/submission.h5ad	7449	500	20260921	false	pass	f27ca0bdd9a15fa7fd239a5d7919e5dec341575f883d634d6a12e3b094846280	47.03	scored	parent=v0009; run=artifacts/t3_next/T3-REPAIR-R6-20260921-v1; NOT_SUBMITTED; local structural checks only; scientific NOT_IDENTIFIABLE | server 47.03 (+0.08 TIE vs 46.95; submetrics de 40.0/dir 49.2/sev 50.0/mmd 51.3/vario 50.8; SERVER_SCORED_USER_REPORTED 2026-09-27, submission ID/timestamp not supplied; per-metric skills: reports/SERVER_SUBMETRIC_REGISTRY.tsv)
candidate	T3-NEXT-R3LINFIX	T3:gata4	v0036	next_r3linfix	submissions/candidates/T3_gata4/v0036_next_r3linfix/submission.h5ad	7449	500	20260921	false	pass	b15c50fddda5d02220a3a8a2ca0fdf2420a42787267eb7b341f441fc6d04a2d7	46.98	scored	parent=v0009; run=artifacts/t3_next/T3-REPAIR-R3-20260921-v1; NOT_SUBMITTED; local structural checks only; scientific NOT_IDENTIFIABLE | server 46.98 (+0.03 TIE vs 46.95; submetrics de 39.2/dir 49.8/sev 50.0/mmd 51.5/vario 51.0; SERVER_SCORED_USER_REPORTED 2026-09-27, submission ID/timestamp not supplied; per-metric skills: reports/SERVER_SUBMETRIC_REGISTRY.tsv)
candidate	T3-NEXT-R3SPLFIX	T3:gata4	v0037	next_r3splfix	submissions/candidates/T3_gata4/v0037_next_r3splfix/submission.h5ad	7449	500	20260921	false	pass	9b82a6006876e1462c02144254402ef786897df398a8c1037f0d22b03d5ed374	46.98	scored	parent=v0009; run=artifacts/t3_next/T3-REPAIR-R3-20260921-v1; NOT_SUBMITTED; local structural checks only; scientific NOT_IDENTIFIABLE | server 46.98 (+0.03 TIE vs parent 46.95; -0.95 vs incumbent v0048 47.93 REJECT; submetrics de 39.2/dir 49.8/sev 50.0/mmd 51.5/vario 51.0; SERVER_SCORED_USER_REPORTED 2026-09-28, submission ID/timestamp not supplied; per-metric skills: reports/SERVER_SUBMETRIC_REGISTRY.tsv)
candidate	T3-NEXT-R4PANELFIX	T3:gata4	v0038	next_r4panelfix	submissions/candidates/T3_gata4/v0038_next_r4panelfix/submission.h5ad	7449	500	20260921	false	pass	a0297c871f0c438f7adae58d5690e36d8b08b191251afbd33a696dbf3f37f8b4		invalidated_unsubmitted	parent=v0009; run=artifacts/t3_next/T3-REPAIR-R4-20260921-v1; NOT_SUBMITTED; local structural checks only; scientific NOT_IDENTIFIABLE | withdrawn before delivery: mapping calibration slopes used in validation were not applied in counterfactual transfer; retain artifact; repair rerun required
candidate	T3-NEXT-R4MEDFIX	T3:gata4	v0039	next_r4medfix	submissions/candidates/T3_gata4/v0039_next_r4medfix/submission.h5ad	7449	500	20260921	false	pass	496141baeab23a2bfb65cefe77320465a0bd7df5497ec434bb236093594e9cc7		invalidated_unsubmitted	parent=v0009; run=artifacts/t3_next/T3-REPAIR-R4-20260921-v1; NOT_SUBMITTED; local structural checks only; scientific NOT_IDENTIFIABLE | withdrawn before delivery: mapping calibration slopes used in validation were not applied in counterfactual transfer; retain artifact; repair rerun required
candidate	T3-NEXT-R4PANELFIX	T3:gata4	v0040	next_r4panelfix	submissions/candidates/T3_gata4/v0040_next_r4panelfix/submission.h5ad	7449	500	20260921	false	pass	7bc782fbb46f958cf58837bd2f07b8a5da7ff15e3980f4733f376d50fac0a7ca	47.08	scored	parent=v0009; run=artifacts/t3_next/T3-REPAIR-R4-20260921-v2; NOT_SUBMITTED; local structural checks only; scientific NOT_IDENTIFIABLE | server 47.08 (+0.13 vs parent 46.95; -0.85 vs incumbent v0048 47.93 REJECT; submetrics de 39.6/dir 49.7/sev 50.0/mmd 51.5/vario 51.0; SERVER_SCORED_USER_REPORTED 2026-09-28, submission ID/timestamp not supplied; per-metric skills: reports/SERVER_SUBMETRIC_REGISTRY.tsv)
candidate	T3-NEXT-R4MEDFIX	T3:gata4	v0041	next_r4medfix	submissions/candidates/T3_gata4/v0041_next_r4medfix/submission.h5ad	7449	500	20260921	false	pass	879acc882f291f32dd774e10d63d42dd1b30d335712d8ad3a882fb9150527c3b	47.09	scored	parent=v0009; run=artifacts/t3_next/T3-REPAIR-R4-20260921-v2; NOT_SUBMITTED; local structural checks only; scientific NOT_IDENTIFIABLE | server 47.09 (+0.14 vs parent 46.95; -0.84 vs incumbent v0048 47.93 REJECT; submetrics de 39.6/dir 49.8/sev 50.0/mmd 51.5/vario 51.0; SERVER_SCORED_USER_REPORTED 2026-09-28, submission ID/timestamp not supplied; per-metric skills: reports/SERVER_SUBMETRIC_REGISTRY.tsv)
candidate	T1-NEXT-R1	T1:val	v0023	t1_next_r1_qshape	submissions/candidates/T1_val/v0023_t1_next_r1_qshape/submission.h5ad	5118	32285	20260921	false	pass	d462c166bf5665921603d70a9f6b34616b78e110ae6c55ca89b022f8758f50c5	50.82	scored	T1-NEXT-R1 B-rule quantile-shape forecast; parent v0004; full-fit E8.5+E9.5; transport coverage 33%; contract PASS; report B uniform gains vs strict, local-proxy caveat, server arbitrates; upload pack deliveries/t1nxr1__t1__upload__20260921.zip (member t1_val__r1qshape__v0023.h5ad); artifact immutable | server 50.82 (+2.35 vs v0004 48.47, PROMOTED new T1 best; submetrics de 44.0/dir 57.4/mmd 53.1/vario 47.8; weights-check 50.84 vs reported 50.82 = rounding, totals not reconstructed; SERVER_SCORED_USER_REPORTED 2026-09-26, submission ID/timestamp not supplied; per-metric skills: reports/SERVER_SUBMETRIC_REGISTRY.tsv)
candidate	T3-NEXT-N1QUANT	T3:gata4	v0042	next_n1quant	submissions/candidates/T3_gata4/v0042_next_n1quant/submission.h5ad	7449	500	20260927	false	pass	0746524a501571a1fd29c4dfe974803034adbc8c0b508739113134e797a461af	46.95	scored	parent=v0009; run=artifacts/t3_next/T3-FIVE-20260927-v1/n1quant; NOT_SUBMITTED; local structural checks only; scientific NOT_IDENTIFIABLE | server 46.95 (0.00 exact TIE vs 46.95; submetrics de 39.2/dir 49.7/sev 50.0/mmd 51.5/vario 51.0; SERVER_SCORED_USER_REPORTED 2026-09-27, submission ID/timestamp not supplied; per-metric skills: reports/SERVER_SUBMETRIC_REGISTRY.tsv)
candidate	T3-NEXT-N2HURDLE	T3:gata4	v0043	next_n2hurdle	submissions/candidates/T3_gata4/v0043_next_n2hurdle/submission.h5ad	7449	500	20260927	false	pass	e0e11fdf6e02eed02a0cae63ce46401aba366f3e82d9ae89407a668c07908945		invalidated_unsubmitted	parent=v0009; run=artifacts/t3_next/T3-FIVE-20260927-v1/n2hurdle; NOT_SUBMITTED; local structural checks only; scientific NOT_IDENTIFIABLE; WITHDRAWN: replace projected negative requests at observed zeros with nonnegative intensity attenuation; v2 full refit
candidate	T3-NEXT-N3LATENT	T3:gata4	v0044	next_n3latent	submissions/candidates/T3_gata4/v0044_next_n3latent/submission.h5ad	7449	500	20260927	false	pass	f0713cb372da64af7af8ff3fd834028d735aeb17277ddfae9d21ad340917e3a0	47.47	scored	parent=v0009; run=artifacts/t3_next/T3-FIVE-20260927-v1/n3latent; NOT_SUBMITTED; local structural checks only; scientific NOT_IDENTIFIABLE | server 47.47 (+0.52 beats old best vs 46.95; submetrics de 40.8/dir 49.5/sev 50.0/mmd 52.1/vario 51.2; SERVER_SCORED_USER_REPORTED 2026-09-27, submission ID/timestamp not supplied; per-metric skills: reports/SERVER_SUBMETRIC_REGISTRY.tsv)
candidate	T3-NEXT-O1STABLE	T3:gata4	v0045	next_o1stable	submissions/candidates/T3_gata4/v0045_next_o1stable/submission.h5ad	7449	500	20260927	false	pass	63e858962bcc20e28d331af6b9d86f4b0abcc63180a62597677842ba87c3c2dd		invalidated_unsubmitted	parent=v0009; run=artifacts/t3_next/T3-FIVE-20260927-v1/o1stable; NOT_SUBMITTED; local structural checks only; scientific NOT_IDENTIFIABLE; WITHDRAWN: Gata4 intervention magnitude included in downstream stability prior; full rerun excludes target column
candidate	T3-NEXT-O2SHRINK	T3:gata4	v0046	next_o2shrink	submissions/candidates/T3_gata4/v0046_next_o2shrink/submission.h5ad	7449	500	20260927	false	pass	924c33703d2fc1aa0393072cafa91f1ba8d6825704eddfd45ce01b3b05aaf909	47.65	scored	parent=v0009; run=artifacts/t3_next/T3-FIVE-20260927-v1/o2shrink; NOT_SUBMITTED; local structural checks only; scientific NOT_IDENTIFIABLE | server 47.65 (+0.70 beats old best vs 46.95; submetrics de 41.2/dir 49.7/sev 50.0/mmd 52.1/vario 51.3; SERVER_SCORED_USER_REPORTED 2026-09-27, submission ID/timestamp not supplied; per-metric skills: reports/SERVER_SUBMETRIC_REGISTRY.tsv)
candidate	T3-NEXT-O1STABLE	T3:gata4	v0047	next_o1stable	submissions/candidates/T3_gata4/v0047_next_o1stable/submission.h5ad	7449	500	20260927	false	pass	2134c16d5062db17d593a41eba8e81b1513d6a7ba4d80892b0dc397484cf7318	46.97	scored	parent=v0009; run=artifacts/t3_next/T3-FIVE-20260927-v2/o1stable; NOT_SUBMITTED; local structural checks only; scientific NOT_IDENTIFIABLE | server 46.97 (+0.02 TIE vs 46.95; submetrics de 39.2/dir 49.8/sev 50.0/mmd 51.5/vario 51.0; SERVER_SCORED_USER_REPORTED 2026-09-27, submission ID/timestamp not supplied; per-metric skills: reports/SERVER_SUBMETRIC_REGISTRY.tsv)
candidate	T3-NEXT-N2HURDLE	T3:gata4	v0048	next_n2hurdle	submissions/candidates/T3_gata4/v0048_next_n2hurdle/submission.h5ad	7449	500	20260927	false	pass	6f4b7096ca83407d942b36671523263ec21a5e554cde668daee644ad9eaeda29	47.93	scored	parent=v0009; run=artifacts/t3_next/T3-FIVE-20260927-v2/n2hurdle; NOT_SUBMITTED; local structural checks only; scientific NOT_IDENTIFIABLE | server 47.93 (+0.98 PROMOTED vs 46.95; submetrics de 42.6/dir 50.0/sev 50.0/mmd 51.8/vario 49.3; SERVER_SCORED_USER_REPORTED 2026-09-27, submission ID/timestamp not supplied; per-metric skills: reports/SERVER_SUBMETRIC_REGISTRY.tsv)
candidate	T1-FIVE-20260927	T1:val	v0024	five_n1density	submissions/candidates/T1_val/v0024_five_n1density/submission.h5ad	5118	32285	20260921	false	pass	28edf8fd94e6e359dca19bd798ebba61843a65cfc6c4ba7a2b45b6a038e9b59c	51.92	scored	parent=v0023; run=artifacts/t1_five/T1-FIVE-20260927-v1/n1density; report-scenario only; no E10.5 truth | server 51.92 (+1.10 PROMOTED new T1 best vs v0023 50.82; de 45.5/dir 58.5/mmd 54.3/vario 48.2); SERVER_SCORED_USER_REPORTED 2026-09-28, submission ID/timestamp not supplied; per-metric skills: reports/SERVER_SUBMETRIC_REGISTRY.tsv
candidate	T1-FIVE-20260927	T1:val	v0025	five_n2param	submissions/candidates/T1_val/v0025_five_n2param/submission.h5ad	5118	32285	20260921	false	pass	c2f5a6498df74fcd5b87f7f1a27ac6e6974c2b558869109e535fb5249fb408c3	51.23	scored	parent=v0023; run=artifacts/t1_five/T1-FIVE-20260927-v1/n2param; report-scenario only; no E10.5 truth | server 51.23 (+0.41 vs v0023, trails v0024; de 44.4/dir 57.0/mmd 53.6/vario 48.9); SERVER_SCORED_USER_REPORTED 2026-09-28, submission ID/timestamp not supplied; per-metric skills: reports/SERVER_SUBMETRIC_REGISTRY.tsv
candidate	T1-FIVE-20260927	T1:val	v0026	five_n3borrow	submissions/candidates/T1_val/v0026_five_n3borrow/submission.h5ad	5118	32285	20260921	false	pass	a88d5cccbbe8138de4d8b88093bb7c053aa83515c13b3f1cbf185cdf20223345	50.44	scored	parent=v0023; run=artifacts/t1_five/T1-FIVE-20260927-v1/n3borrow; report-scenario only; no E10.5 truth | server 50.44 (-0.38 REJECT vs v0023; de 43.9/dir 56.8/mmd 53.0/vario 46.9); SERVER_SCORED_USER_REPORTED 2026-09-28, submission ID/timestamp not supplied; per-metric skills: reports/SERVER_SUBMETRIC_REGISTRY.tsv
candidate	T1-FIVE-20260927	T1:val	v0027	five_o1mass	submissions/candidates/T1_val/v0027_five_o1mass/submission.h5ad	5118	32285	20260921	false	pass	5fced750fe2a05790b2ca4236b5309d27fe2af768e7b2c69ebf55200e6acc5eb	51.38	scored	parent=v0023; run=artifacts/t1_five/T1-FIVE-20260927-v1/o1mass; report-scenario only; no E10.5 truth | server 51.38 (+0.56 vs v0023, trails v0024; de 44.0/dir 57.6/mmd 53.7/vario 49.5); SERVER_SCORED_USER_REPORTED 2026-09-28, submission ID/timestamp not supplied; per-metric skills: reports/SERVER_SUBMETRIC_REGISTRY.tsv
candidate	T1-FIVE-20260927	T1:val	v0028	five_o2rate	submissions/candidates/T1_val/v0028_five_o2rate/submission.h5ad	5118	32285	20260921	false	pass	b763cb802e4c02e7096d5c4908d0acc15ec81ecbba812956e2c3be8b6e691cea	49.19	scored	parent=v0023; run=artifacts/t1_five/T1-FIVE-20260927-v1/o2rate; report-scenario only; no E10.5 truth | server 49.19 (-1.63 REJECT vs v0023; de 42.1/dir 55.2/mmd 50.7/vario 48.4); SERVER_SCORED_USER_REPORTED 2026-09-28, submission ID/timestamp not supplied; per-metric skills: reports/SERVER_SUBMETRIC_REGISTRY.tsv
candidate	T3-ROUND2-20260928	T3:gata4	v0049	round2_n1stack	submissions/candidates/T3_gata4/v0049_round2_n1stack/submission.h5ad	7449	500	20260927	false	pass	190947056f8537e64512b26d3d993bd079e234334f9bc0d63017616efe47d667	47.86	scored	parent=v0048; carrier=v0009; run=artifacts/t3_round2/T3-ROUND2-20260928-v1/n1stack; NOT_SUBMITTED; full local execution, no Gata4 KO truth
candidate	T3-ROUND2-20260928	T3:gata4	v0050	round2_n2orth	submissions/candidates/T3_gata4/v0050_round2_n2orth/submission.h5ad	7449	500	20260927	false	pass	4a0ca82589d083dbcb03171cb83dacb5332c087e83f4dd5662a3979d8a9b7fe0	47.40	scored	parent=v0048; carrier=v0009; run=artifacts/t3_round2/T3-ROUND2-20260928-v1/n2orth; NOT_SUBMITTED; full local execution, no Gata4 KO truth
candidate	T3-ROUND2-20260928	T3:gata4	v0051	round2_n3occup	submissions/candidates/T3_gata4/v0051_round2_n3occup/submission.h5ad	7449	500	20260927	false	pass	bc88b624a926402161ff21bdf7d7fd4187fc24f8b016f61dbb074a96c8661e36	46.07	scored	parent=v0048; carrier=v0009; run=artifacts/t3_round2/T3-ROUND2-20260928-v1/n3occup; NOT_SUBMITTED; full local execution, no Gata4 KO truth
candidate	T3-ROUND2-20260928	T3:gata4	v0052	round2_o1logit	submissions/candidates/T3_gata4/v0052_round2_o1logit/submission.h5ad	7449	500	20260927	false	pass	652d3b0a6c19864cda3c97f9d0bdcf39f33a1dead8a2d83c702b9c95818dea84	47.62	scored	parent=v0048; carrier=v0009; run=artifacts/t3_round2/T3-ROUND2-20260928-v1/o1logit; NOT_SUBMITTED; full local execution, no Gata4 KO truth
candidate	T3-ROUND2-20260928	T3:gata4	v0053	round2_o2geneshrink	submissions/candidates/T3_gata4/v0053_round2_o2geneshrink/submission.h5ad	7449	500	20260927	false	pass	ed4e82feb07ae1c36657e43602191af65b97f725534b42032f5f9a14e26017c3	47.66	scored	parent=v0048; carrier=v0009; run=artifacts/t3_round2/T3-ROUND2-20260928-v1/o2geneshrink; NOT_SUBMITTED; full local execution, no Gata4 KO truth
candidate	T1-ROUND2-20260928	T1:val	v0029	round2_n1stack	submissions/candidates/T1_val/v0029_round2_n1stack/submission.h5ad	5118	32285	20260921	false	pass	2fe75b009e8aad0004f1b268a986dd126eb771e8341c0f8882b39ebcaa662612	52.5	scored	parent=v0024; run=artifacts/t1_round2/T1-ROUND2-20260928-v1/n1stack; NOT_SUBMITTED; report-scenario only; no E10.5 truth | server 52.5 (+0.58 PROMOTED new T1 best vs 51.92; submetrics de 45.8/dir 58.5/mmd 54.9/vario 49.7; SERVER_SCORED_USER_REPORTED 2026-09-28, submission ID/timestamp not supplied; per-metric skills: reports/SERVER_SUBMETRIC_REGISTRY.tsv)
candidate	T1-ROUND2-20260928	T1:val	v0030	round2_n2composition	submissions/candidates/T1_val/v0030_round2_n2composition/submission.h5ad	5118	32285	20260921	false	pass	9ccfe8dc28500e1aaf47d3bd3276c5c1e759bbc9a3b4aeb6923ce8c1ff23a503	52.49	scored	parent=v0024; run=artifacts/t1_round2/T1-ROUND2-20260928-v1/n2composition; NOT_SUBMITTED; report-scenario only; no E10.5 truth | server 52.49 (+0.57 vs old best 51.92; -0.01 TIE vs new best v0029 52.5, no co-promotion; submetrics de 45.6/dir 59.5/mmd 54.7/vario 49.0; SERVER_SCORED_USER_REPORTED 2026-09-28, submission ID/timestamp not supplied; per-metric skills: reports/SERVER_SUBMETRIC_REGISTRY.tsv)
candidate	T1-ROUND2-20260928	T1:val	v0031	round2_n3states	submissions/candidates/T1_val/v0031_round2_n3states/submission.h5ad	5118	32285	20260921	false	pass	2c415aa710c79cb00e90263a83bfb92f5eb7797c64e183abeafd55204d097662	50.51	scored	parent=v0024; run=artifacts/t1_round2/T1-ROUND2-20260928-v1/n3states; NOT_SUBMITTED; report-scenario only; no E10.5 truth | server 50.51 (-1.41 vs parent 51.92 REJECT; submetrics de 43.7/dir 57.0/mmd 52.7/vario 47.5; SERVER_SCORED_USER_REPORTED 2026-09-28, submission ID/timestamp not supplied; per-metric skills: reports/SERVER_SUBMETRIC_REGISTRY.tsv)
candidate	T1-ROUND2-20260928	T1:val	v0032	round2_o1caldensity	submissions/candidates/T1_val/v0032_round2_o1caldensity/submission.h5ad	5118	32285	20260921	false	pass	c818dfbc6805bcd8511dab5e2ce8baa4775b6f164fad8f933671ea544d9113d1	51.97	scored	parent=v0024; run=artifacts/t1_round2/T1-ROUND2-20260928-v1/o1caldensity; NOT_SUBMITTED; report-scenario only; no E10.5 truth | server 51.97 (+0.05 TIE vs old best 51.92; -0.53 vs new best v0029 REJECT; submetrics de 45.7/dir 58.3/mmd 54.4/vario 48.1; SERVER_SCORED_USER_REPORTED 2026-09-28, submission ID/timestamp not supplied; per-metric skills: reports/SERVER_SUBMETRIC_REGISTRY.tsv)
candidate	T1-ROUND2-20260928	T1:val	v0033	round2_o2shrinkmass	submissions/candidates/T1_val/v0033_round2_o2shrinkmass/submission.h5ad	5118	32285	20260921	false	pass	9800f0314d4442a6e7225b6175c2668b109101f80923186c0666f0671bd467c0	51.10	scored	parent=v0024; run=artifacts/t1_round2/T1-ROUND2-20260928-v1/o2shrinkmass; NOT_SUBMITTED; report-scenario only; no E10.5 truth | server 51.10 (-0.82 vs parent 51.92 REJECT; submetrics de 43.5/dir 57.4/mmd 53.2/vario 49.4; SERVER_SCORED_USER_REPORTED 2026-09-28, submission ID/timestamp not supplied; per-metric skills: reports/SERVER_SUBMETRIC_REGISTRY.tsv)
candidate	H-N2-LOWAMP-20260927-v1	T2:heart:val_interp	v0014	h_n2_lowamp_shared	submissions/candidates/T2_heart_val_interp/v0014_h_n2_lowamp_shared/submission.h5ad	5872	500	20260927	false	pass	23a0488260abf799782792d13cc794a2c05122d9ee7a72a39381525b52201aab	61.52	scored	SERVER 2026-09-28: 61.52 (incumbent v0013 62.04, -0.52, NOT promoted); submetrics: de 60.6->61.2, dir 65.8->66.0, mmd 62.5->62.6, vario 28.4->25.4 (WORST delta), d2 65.4->65.4 (unchanged), occ 47.8->47.8 (unchanged), scale 97.9->97.9 (unchanged), nmmd 65.8->64.5; per-metric skills: reports/SERVER_SUBMETRIC_REGISTRY.tsv; artifacts/tool_integration/T2-H-N2-LOWAMP-20260927-v1/
candidate	H-N2-LOWAMP-20260927-v1	T2:heart:val_interp	v0015	h_n2_lowamp_perstage	submissions/candidates/T2_heart_val_interp/v0015_h_n2_lowamp_perstage/submission.h5ad	5872	500	20260927	false	pass	203bbcb68712e2470cd664c99265f91f768ac563d9c4371ab4647922fdbb6284	61.52	scored	SERVER 2026-09-28: 61.52 (incumbent v0013 62.04, -0.52, NOT promoted); submetrics: de 60.6->60.6, dir 65.8->66.0, mmd 62.5->62.6, vario 28.4->25.4 (WORST delta), d2 65.4->65.4 (unchanged), occ 47.8->47.8 (unchanged), scale 97.9->97.9 (unchanged), nmmd 65.8->64.7; per-metric skills: reports/SERVER_SUBMETRIC_REGISTRY.tsv; artifacts/tool_integration/T2-H-N2-LOWAMP-20260927-v1/
candidate	T3-THREE-20260929	T3:gata4	v0054	three_r1agree	submissions/candidates/T3_gata4/v0054_three_r1agree/submission.h5ad	7449	500	20260927	false	pass	dd4ff51f7f9143af4add1ecd387927ada3156ae2fb79f779cd7ecf7c55760c2f	47.75	scored	parent=v0048; carrier=v0009; run=artifacts/t3_three/T3-THREE-20260929-v1/r1agree; NOT_SUBMITTED; full local execution, no Gata4 KO truth
candidate	T3-THREE-20260929	T3:gata4	v0055	three_r2damp	submissions/candidates/T3_gata4/v0055_three_r2damp/submission.h5ad	7449	500	20260927	false	pass	11076fed8f52d83f773773cd7aa4fb47774c4509b4df6fdc40c9776842d03784	47.25	scored	parent=v0048; carrier=v0009; run=artifacts/t3_three/T3-THREE-20260929-v1/r2damp; NOT_SUBMITTED; full local execution, no Gata4 KO truth
candidate	T3-THREE-20260929	T3:gata4	v0056	three_r3diffuse	submissions/candidates/T3_gata4/v0056_three_r3diffuse/submission.h5ad	7449	500	20260927	false	pass	586fad56e326edfc85cee01b7f6d12b15378b0b090f4f6092e39ddf7dc6f2509	47.93	scored	parent=v0048; carrier=v0009; run=artifacts/t3_three/T3-THREE-20260929-v1/r3diffuse; NOT_SUBMITTED; full local execution, no Gata4 KO truth
candidate	T1-THREE-20260929	T1:val	v0034	three_r1compose	submissions/candidates/T1_val/v0034_three_r1compose/submission.h5ad	5118	32285	20260921	false	pass	dbe266bd8e58396d8019dd1ac301505642e67408a66a362c1df4ef6ff0ac3856	53.24	scored	parent=v0029; run=artifacts/t1_three/T1-THREE-20260929-v1/r1compose; NOT_SUBMITTED; report-scenario only; no E10.5 truth
candidate	T1-THREE-20260929	T1:val	v0035	three_r2joint	submissions/candidates/T1_val/v0035_three_r2joint/submission.h5ad	5118	32285	20260921	false	pass	d5cce857596a97290d317ba95c8f4b1fc4402a23446fe7e88710d3121e4c036c	53.43	scored	parent=v0029; run=artifacts/t1_three/T1-THREE-20260929-v1/r2joint; NOT_SUBMITTED; report-scenario only; no E10.5 truth
candidate	T1-THREE-20260929	T1:val	v0036	three_r3mix	submissions/candidates/T1_val/v0036_three_r3mix/submission.h5ad	5118	32285	20260921	false	pass	89891ef9e8b13d0fa3b82bf1f8b2c831a8e6641526ab5452099ca6f45f02eb6e	53.36	scored	parent=v0029; run=artifacts/t1_three/T1-THREE-20260929-v1/r3mix; NOT_SUBMITTED; report-scenario only; no E10.5 truth
candidate	T2-ROUND2-20260929-v1	T2:embryo:val_interp	v0011	e_n1_qbridge	submissions/candidates/T2_embryo_val_interp/v0011_e_n1_qbridge/submission.h5ad	5000	498	20260929	false	pass	afe9f62804330bd34d455343eb31d81a9d4798c2f95e3d3df5b282f4767ca47f	61.31	scored	T2-ROUND2 e_n1_qbridge:  parent v0010; contract PASS; artifacts/t2_round2/T2-ROUND2-20260929-v1/; design reports/T2_ROUND2_DESIGN_20260929.md
candidate	T2-ROUND2-20260929-v1	T2:embryo:val_interp	v0012	e_n2_trend3	submissions/candidates/T2_embryo_val_interp/v0012_e_n2_trend3/submission.h5ad	5000	498	20260929	false	pass_with_deviation	07e5c731fbe893928d45bb6026dcdc29037c2f53f0ca4768ca17a1a0a79b5ada	60.51	scored	T2-ROUND2 e_n2_trend3:  parent v0010; contract FAIL_BY_DESIGN_ACCEPTED (candidate obs_names/order does not exactly match the locked parent | candidate obs metadata does not exactly match the locked parent | candidate layers content changed relative to the locked parent | candidate raw content changed relative to the locked parent); artifacts/t2_round2/T2-ROUND2-20260929-v1/; design reports/T2_ROUND2_DESIGN_20260929.md
candidate	T2-ROUND2-20260929-v1	T2:embryo:val_interp	v0013	e_n3_substate2	submissions/candidates/T2_embryo_val_interp/v0013_e_n3_substate2/submission.h5ad	5000	498	20260929	false	pass_with_deviation	3f750cb19067c07a9d74c6fa59556783aa01396ec8460db85de40e2f5ffe864d	61.66	scored	T2-ROUND2 e_n3_substate2:  parent v0010; contract FAIL_BY_DESIGN_ACCEPTED (candidate obs_names/order does not exactly match the locked parent | candidate obs metadata does not exactly match the locked parent | candidate layers content changed relative to the locked parent | candidate raw content changed relative to the locked parent); artifacts/t2_round2/T2-ROUND2-20260929-v1/; design reports/T2_ROUND2_DESIGN_20260929.md
candidate	T2-ROUND2-20260929-v1	T2:embryo:val_interp	v0014	e_o1_shrinkmerge	submissions/candidates/T2_embryo_val_interp/v0014_e_o1_shrinkmerge/submission.h5ad	5000	498	20260929	false	pass	1ea0c69631d59ae5d9909a9b1878f820c74c50c4a89dc009fd1bcf349c71677d	62.89	scored	T2-ROUND2 e_o1_shrinkmerge:  parent v0010; contract PASS; artifacts/t2_round2/T2-ROUND2-20260929-v1/; design reports/T2_ROUND2_DESIGN_20260929.md
candidate	T2-ROUND2-20260929-v1	T2:embryo:val_interp	v0015	e_o2_scalmass	submissions/candidates/T2_embryo_val_interp/v0015_e_o2_scalmass/submission.h5ad	5000	498	20260929	false	pass	4e8a4ab95ae7063d3be04afa6fa58dfea00777ec899a31cc4fce2c0acdd3112f	62.38	scored	T2-ROUND2 e_o2_scalmass:  parent v0010; contract PASS; artifacts/t2_round2/T2-ROUND2-20260929-v1/; design reports/T2_ROUND2_DESIGN_20260929.md
candidate	T2-ROUND2-20260929-v1	T2:heart:val_extrap	v0017	x_n1_lineage	submissions/candidates/T2_heart_val_extrap/v0017_x_n1_lineage/submission.h5ad	25179	500	20260929	false	pass	7ffd3053b456de4c13a1e2de2173a836a388b7125f03d43630f39f2b63da6adf	48.17	scored	T2-ROUND2 x_n1_lineage:  parent v0001; contract PASS; artifacts/t2_round2/T2-ROUND2-20260929-v1/; design reports/T2_ROUND2_DESIGN_20260929.md | server 48.17 (-2.36 vs baseline 50.53; -2.47 vs board-best 50.64 REJECT; submetrics de 50.8/dir 52.5/mmd 45.9/vario 33.3/d2 46.2/occ 53.2/scale 49.7/nmmd 50.5; SERVER_SCORED_USER_REPORTED 2026-09-30, submission ID/timestamp not supplied; per-metric skills: reports/SERVER_SUBMETRIC_REGISTRY.tsv)
candidate	T2-ROUND2-20260929-v1	T2:heart:val_extrap	v0018	x_n2_trend3	submissions/candidates/T2_heart_val_extrap/v0018_x_n2_trend3/submission.h5ad	25179	500	20260929	false	pass	8f6acfb2945a2d6d3967289973739c6a7386e691a03d404a0c190715d5aea757	48.40	scored	T2-ROUND2 x_n2_trend3:  parent v0001; contract PASS; artifacts/t2_round2/T2-ROUND2-20260929-v1/; design reports/T2_ROUND2_DESIGN_20260929.md
candidate	T2-ROUND2-20260929-v1	T2:heart:val_extrap	v0019	x_n3_compmix	submissions/candidates/T2_heart_val_extrap/v0019_x_n3_compmix/submission.h5ad	25179	500	20260929	false	pass_with_deviation	680f2b7fc12dec87e7fff6d6aa3a556070a9e5f07564391f4be0474e4df9c165	50.38	scored	T2-ROUND2 x_n3_compmix:  parent v0001; contract FAIL_BY_DESIGN_ACCEPTED (candidate obs_names/order does not exactly match the locked parent | candidate obs metadata does not exactly match the locked parent | candidate layers content changed relative to the locked parent | candidate raw content changed relative to the locked parent); artifacts/t2_round2/T2-ROUND2-20260929-v1/; design reports/T2_ROUND2_DESIGN_20260929.md
candidate	T2-ROUND2-20260929-v1	T2:heart:val_extrap	v0020	x_o1_trendshrink	submissions/candidates/T2_heart_val_extrap/v0020_x_o1_trendshrink/submission.h5ad	25179	500	20260929	false	pass	ab5c6f4ae6b98d3dd25190e5c737b4d2928d6eb6dc99fb162f9e046c99c84f47	48.59	scored	T2-ROUND2 x_o1_trendshrink:  parent v0001; contract PASS; artifacts/t2_round2/T2-ROUND2-20260929-v1/; design reports/T2_ROUND2_DESIGN_20260929.md
candidate	T2-ROUND2-20260929-v1	T2:heart:val_extrap	v0021	x_o2_shrinkcomp	submissions/candidates/T2_heart_val_extrap/v0021_x_o2_shrinkcomp/submission.h5ad	25179	500	20260929	false	pass_with_deviation	55aae9fd24a2839d94d2e4b42d2bbe621a807c1c1b8e9be7fad8d4511575a967	50.52	scored	T2-ROUND2 x_o2_shrinkcomp:  parent v0001; contract FAIL_BY_DESIGN_ACCEPTED (candidate obs_names/order does not exactly match the locked parent | candidate obs metadata does not exactly match the locked parent | candidate layers content changed relative to the locked parent | candidate raw content changed relative to the locked parent); artifacts/t2_round2/T2-ROUND2-20260929-v1/; design reports/T2_ROUND2_DESIGN_20260929.md
candidate	T2-ROUND2-20260929-v1	T2:heart:val_interp	v0016	h_n1_qbridge	submissions/candidates/T2_heart_val_interp/v0016_h_n1_qbridge/submission.h5ad	5872	500	20260929	false	pass	ae4cf945a0629e1205fe1901aef808abcd336983d062636ff1397a76fe4665d7	62.35	scored	T2-ROUND2 h_n1_qbridge:  parent v0013; contract PASS; artifacts/t2_round2/T2-ROUND2-20260929-v1/; design reports/T2_ROUND2_DESIGN_20260929.md
candidate	T2-ROUND2-20260929-v1	T2:heart:val_interp	v0017	h_n2_curve95	submissions/candidates/T2_heart_val_interp/v0017_h_n2_curve95/submission.h5ad	5872	500	20260929	false	pass_with_deviation	0e0b3a5f48bbc033d041db90a51fe70c8afc036a3454aa8e87f748939367aff2	61.81	scored	T2-ROUND2 h_n2_curve95:  parent v0013; contract FAIL_BY_DESIGN_ACCEPTED (candidate obs_names/order does not exactly match the locked parent | candidate obs metadata does not exactly match the locked parent | candidate layers content changed relative to the locked parent | candidate raw content changed relative to the locked parent); artifacts/t2_round2/T2-ROUND2-20260929-v1/; design reports/T2_ROUND2_DESIGN_20260929.md
candidate	T2-ROUND2-20260929-v1	T2:heart:val_interp	v0018	h_n3_cmjoin	submissions/candidates/T2_heart_val_interp/v0018_h_n3_cmjoin/submission.h5ad	5872	500	20260929	false	pass_with_deviation	b16dbba349bee6b4e2dc60c75a924dca9712a6eeceea4bc4f5b5c75c2c10c015	62.14	scored	T2-ROUND2 h_n3_cmjoin:  parent v0013; contract FAIL_BY_DESIGN_ACCEPTED (candidate obs_names/order does not exactly match the locked parent | candidate obs metadata does not exactly match the locked parent | candidate layers content changed relative to the locked parent | candidate raw content changed relative to the locked parent); artifacts/t2_round2/T2-ROUND2-20260929-v1/; design reports/T2_ROUND2_DESIGN_20260929.md
candidate	T2-ROUND2-20260929-v1	T2:heart:val_interp	v0019	h_o1_shrinkmerge	submissions/candidates/T2_heart_val_interp/v0019_h_o1_shrinkmerge/submission.h5ad	5872	500	20260929	false	pass	d84de17486a6685cd0e82cec926c9710dbbd60d08900854e8f91dfd561012a92	62.36	scored	T2-ROUND2 h_o1_shrinkmerge:  parent v0013; contract PASS; artifacts/t2_round2/T2-ROUND2-20260929-v1/; design reports/T2_ROUND2_DESIGN_20260929.md
candidate	T2-ROUND2-20260929-v1	T2:heart:val_interp	v0020	h_o2_libnorm	submissions/candidates/T2_heart_val_interp/v0020_h_o2_libnorm/submission.h5ad	5872	500	20260929	false	pass	3e2382bfe72135061e4c2a00ecf0d0b1c3d580764eb9d98720cc85ba14b75b5e	57.74	scored	T2-ROUND2 h_o2_libnorm:  parent v0013; contract PASS; artifacts/t2_round2/T2-ROUND2-20260929-v1/; design reports/T2_ROUND2_DESIGN_20260929.md
candidate	T3-FIVE-SELECT-20260929	T3:gata4	v0057	five_select_r2gene	submissions/candidates/T3_gata4/v0057_five_select_r2gene/submission.h5ad	7449	500	20260929	false	pass	06a7dc2950807a9a424433b14c580d18cfcf4161b94608efc7b46352e7aefa31	47.37	scored	parent=v0048; carrier=v0009; run=artifacts/t3_five_select/T3-FIVE-SELECT-20260929-v1/r2gene/registered; NOT_SUBMITTED; full local execution, no Gata4 KO truth
candidate	T3-FIVE-SELECT-20260929	T3:gata4	v0058	five_select_r4spline	submissions/candidates/T3_gata4/v0058_five_select_r4spline/submission.h5ad	7449	500	20260929	false	pass	b671f35b7808baff1743f927e1c9c82bfa79c59a9ce831357a6cf5d884982db2	47.95	scored	parent=v0048; carrier=v0009; run=artifacts/t3_five_select/T3-FIVE-SELECT-20260929-v1/r4spline/registered; NOT_SUBMITTED; full local execution, no Gata4 KO truth
candidate	T3-FIVE-SELECT-20260929	T3:gata4	v0059	five_select_r3bag	submissions/candidates/T3_gata4/v0059_five_select_r3bag/submission.h5ad	7449	500	20260929	false	pass	914054b8d7fd14c35bd9699446dff92a0c866307cc7f0dee87a73b5d6b0c301c	47.93	scored	parent=v0048; carrier=v0009; run=artifacts/t3_five_select/T3-FIVE-SELECT-20260929-v1/r3bag/registered; NOT_SUBMITTED; full local execution, no Gata4 KO truth
candidate	T1-SEVEN-20260930	T1:val	v0037	seven_n1moment	submissions/candidates/T1_val/v0037_seven_n1moment/submission.h5ad	5118	32285	20260921	false	pass	f662d384dc1b3504c3e60968f537b4d209365c50179dac36adf62f97bd2939e6	52.65	scored	parent=v0035; run=artifacts/t1_seven/T1-SEVEN-20260930-v1/n1moment; SCORED_USER_REPORTED_20260930; report-scenario only; no E10.5 truth; evidence=reports/SERVER_SCORE_REGISTRY.md#t1-seven-pbmean-score-return-20260930; submetrics=reports/SERVER_SUBMETRIC_REGISTRY.tsv; submission_id/time=not_provided
candidate	T1-SEVEN-20260930	T1:val	v0038	seven_n2covot	submissions/candidates/T1_val/v0038_seven_n2covot/submission.h5ad	5118	32285	20260921	false	pass	67c67962ef6cdccb427c5d29249b1f765fb950c2c3724c704aca62849d4226e0	53.55	scored	parent=v0035; run=artifacts/t1_seven/T1-SEVEN-20260930-v1/n2covot; SCORED_USER_REPORTED_20260930; report-scenario only; no E10.5 truth; evidence=reports/SERVER_SCORE_REGISTRY.md#t1-seven-pbmean-score-return-20260930; submetrics=reports/SERVER_SUBMETRIC_REGISTRY.tsv; submission_id/time=not_provided
candidate	T1-SEVEN-20260930	T1:val	v0039	seven_n3graph	submissions/candidates/T1_val/v0039_seven_n3graph/submission.h5ad	5118	32285	20260921	false	pass	0e751a197664cc4d2942e46742a45e0dbaf5611a78d7448fd9e7d13a12d9ea5a	53.23	scored	parent=v0035; run=artifacts/t1_seven/T1-SEVEN-20260930-v1/n3graph; SCORED_USER_REPORTED_20260930; report-scenario only; no E10.5 truth; evidence=reports/SERVER_SCORE_REGISTRY.md#t1-seven-pbmean-score-return-20260930; submetrics=reports/SERVER_SUBMETRIC_REGISTRY.tsv; submission_id/time=not_provided
candidate	T1-SEVEN-20260930	T1:val	v0040	seven_f1soft	submissions/candidates/T1_val/v0040_seven_f1soft/submission.h5ad	5118	32285	20260921	false	pass	1e007b33e7e776b3add67a98ace7b34f4ee0de22f215020926b75b5e08e9eb69	53.02	scored	parent=v0035; run=artifacts/t1_seven/T1-SEVEN-20260930-v1/f1soft; SCORED_USER_REPORTED_20260930; report-scenario only; no E10.5 truth; evidence=reports/SERVER_SCORE_REGISTRY.md#t1-seven-pbmean-score-return-20260930; submetrics=reports/SERVER_SUBMETRIC_REGISTRY.tsv; submission_id/time=not_provided
candidate	T1-SEVEN-20260930	T1:val	v0041	seven_s1growth	submissions/candidates/T1_val/v0041_seven_s1growth/submission.h5ad	5118	32285	20260921	false	pass	85fadbc90aaf03fa89dbc3aba98950fb513f77dec99471e76d681a8ae888cef3	52.91	scored	parent=v0035; run=artifacts/t1_seven/T1-SEVEN-20260930-v1/s1growth; SCORED_USER_REPORTED_20260930; report-scenario only; no E10.5 truth; evidence=reports/SERVER_SCORE_REGISTRY.md#t1-seven-pbmean-score-return-20260930; submetrics=reports/SERVER_SUBMETRIC_REGISTRY.tsv; submission_id/time=not_provided
candidate	T1-SEVEN-20260930	T1:val	v0042	seven_f2stable	submissions/candidates/T1_val/v0042_seven_f2stable/submission.h5ad	5118	32285	20260921	false	pass	f149a34906e820998acbe7d7bac8a1ce9cac22d09dc0413ed3c3beb7da1841a4	53.31	scored	parent=v0035; run=artifacts/t1_seven/T1-SEVEN-20260930-v1/f2stable; SCORED_USER_REPORTED_20260930; report-scenario only; no E10.5 truth; evidence=reports/SERVER_SCORE_REGISTRY.md#t1-seven-pbmean-score-return-20260930; submetrics=reports/SERVER_SUBMETRIC_REGISTRY.tsv; submission_id/time=not_provided
candidate	T1-SEVEN-20260930	T1:val	v0043	seven_s2mix	submissions/candidates/T1_val/v0043_seven_s2mix/submission.h5ad	5118	32285	20260921	false	pass	e6454adc164a0c14e621ce3a988aa7db2625c3bb23ee5fd6cd5bad3288c36392	53.55	scored	parent=v0035; run=artifacts/t1_seven/T1-SEVEN-20260930-v1/s2mix; SCORED_USER_REPORTED_20260930; report-scenario only; no E10.5 truth; evidence=reports/SERVER_SCORE_REGISTRY.md#t1-seven-pbmean-score-return-20260930; submetrics=reports/SERVER_SUBMETRIC_REGISTRY.tsv; submission_id/time=not_provided
candidate	T1-PBMEAN-20260929	T1:val	v0044	pbmean_pba05	submissions/candidates/T1_val/v0044_pbmean_pba05/submission.h5ad	5118	32285	20260929	false	pass	b652130de3b716218979cfdc180f17df6638d1e94bf73d389c3df6b6058a71a1	48.75	scored	parent=v0035; scheme=A_global; alpha=0.5; run=artifacts/t1_pbmean/T1-PBMEAN-20260929-v1; SCORED_USER_REPORTED_20260930; local transfer is not a stop; no E10.5 truth; evidence=reports/SERVER_SCORE_REGISTRY.md#t1-seven-pbmean-score-return-20260930; submetrics=reports/SERVER_SUBMETRIC_REGISTRY.tsv; submission_id/time=not_provided
candidate	T1-PBMEAN-20260929	T1:val	v0045	pbmean_pba10	submissions/candidates/T1_val/v0045_pbmean_pba10/submission.h5ad	5118	32285	20260929	false	pass	3b05b4cb20a1bb9e834c87be8296652a6234f125c3d19efdebcf12b403132fa3	47.92	scored	parent=v0035; scheme=A_global; alpha=1.0; run=artifacts/t1_pbmean/T1-PBMEAN-20260929-v1; SCORED_USER_REPORTED_20260930; local transfer is not a stop; no E10.5 truth; evidence=reports/SERVER_SCORE_REGISTRY.md#t1-seven-pbmean-score-return-20260930; submetrics=reports/SERVER_SUBMETRIC_REGISTRY.tsv; submission_id/time=not_provided
candidate	T1-PBMEAN-20260929	T1:val	v0046	pbmean_pbb05	submissions/candidates/T1_val/v0046_pbmean_pbb05/submission.h5ad	5118	32285	20260929	false	pass	f4e11aff3846acc147fd567971aec10caaa4a581959fb50f4d7973bf5992059b	49.10	scored	parent=v0035; scheme=B_type; alpha=0.5; run=artifacts/t1_pbmean/T1-PBMEAN-20260929-v1; SCORED_USER_REPORTED_20260930; local transfer is not a stop; no E10.5 truth; evidence=reports/SERVER_SCORE_REGISTRY.md#t1-seven-pbmean-score-return-20260930; submetrics=reports/SERVER_SUBMETRIC_REGISTRY.tsv; submission_id/time=not_provided
candidate	T1-PBMEAN-20260929	T1:val	v0047	pbmean_pbb10	submissions/candidates/T1_val/v0047_pbmean_pbb10/submission.h5ad	5118	32285	20260929	false	pass	e564b5daae59db22f5f632e8317ec9d81b64a989875c4c72b200ed44d2c885a9	49.97	scored	parent=v0035; scheme=B_type; alpha=1.0; run=artifacts/t1_pbmean/T1-PBMEAN-20260929-v1; SCORED_USER_REPORTED_20260930; local transfer is not a stop; no E10.5 truth; evidence=reports/SERVER_SCORE_REGISTRY.md#t1-seven-pbmean-score-return-20260930; submetrics=reports/SERVER_SUBMETRIC_REGISTRY.tsv; submission_id/time=not_provided
candidate	T3-PRIORITY-SIX-20260930	T3:gata4	v0060	priority_six_r1_celloracle	submissions/candidates/T3_gata4/v0060_six_r1_celloracle/submission.h5ad	7449	500	20260930	false	pass	971a97cc326a673bc63e54d65abc4a04cfe33a9f1ad1c388b74c3395217d48a6	46.91	scored	parent=v0009; scoped_parent=submissions/candidates/T3_gata4/v0009_b4_t3_r1_l1_gata4_zero_all/submission.h5ad; run=artifacts/t3_priority_six_20260930/r1_celloracle; SCORED_USER_REPORTED_20261001; no target truth; source/representation limitations in reports/t3_priority_six_20260930/REPORT.md; REJECT; submission_id/time=not_provided; evidence=reports/SERVER_SCORE_REGISTRY.md#t3-priority-six-score-return-20261001
candidate	T3-PRIORITY-SIX-20260930	T3:gata4	v0061	priority_six_r3_activity	submissions/candidates/T3_gata4/v0061_six_r3_activity/submission.h5ad	7449	500	20260930	false	pass	85a3bebead498f434abdf049293ae35f12db23dabd060d526caa1e95e7653736	45.51	scored	parent=v0009; scoped_parent=submissions/candidates/T3_gata4/v0009_b4_t3_r1_l1_gata4_zero_all/submission.h5ad; run=artifacts/t3_priority_six_20260930/r3_activity; SCORED_USER_REPORTED_20261001; no target truth; source/representation limitations in reports/t3_priority_six_20260930/REPORT.md; REJECT; submission_id/time=not_provided; evidence=reports/SERVER_SCORE_REGISTRY.md#t3-priority-six-score-return-20261001
candidate	T3-PRIORITY-SIX-20260930	T3:gata4	v0062	priority_six_r4_functional	submissions/candidates/T3_gata4/v0062_six_r4_functional/submission.h5ad	7449	500	20260930	false	pass	7dd5f0db08282b037e5d4f91a95a5f05eef1ae9d7b15d061e381aeb553aa61ed	44.42	scored	parent=v0009; scoped_parent=submissions/candidates/T3_gata4/v0009_b4_t3_r1_l1_gata4_zero_all/submission.h5ad; run=artifacts/t3_priority_six_20260930/r4_functional; SCORED_USER_REPORTED_20261001; no target truth; source/representation limitations in reports/t3_priority_six_20260930/REPORT.md; REJECT; submission_id/time=not_provided; evidence=reports/SERVER_SCORE_REGISTRY.md#t3-priority-six-score-return-20261001
candidate	T3-PRIORITY-SIX-20260930	T3:gata4	v0063	priority_six_r4_bilinear	submissions/candidates/T3_gata4/v0063_six_r4_bilinear/submission.h5ad	7449	500	20260930	false	pass	e83a8dde0cb6e1c6a5ea6742533368204377dea5392a5c98ebc4b83a9f392a58	44.27	scored	parent=v0009; scoped_parent=submissions/candidates/T3_gata4/v0009_b4_t3_r1_l1_gata4_zero_all/submission.h5ad; run=artifacts/t3_priority_six_20260930/r4_bilinear; SCORED_USER_REPORTED_20261001; no target truth; source/representation limitations in reports/t3_priority_six_20260930/REPORT.md; REJECT; submission_id/time=not_provided; evidence=reports/SERVER_SCORE_REGISTRY.md#t3-priority-six-score-return-20261001
candidate	T3-PRIORITY-SIX-20260930	T3:gata4	v0064	priority_six_r5_scouter	submissions/candidates/T3_gata4/v0064_six_r5_scouter/submission.h5ad	7449	500	20260930	false	pass	44b9dd5695251b5bff9a196176d77c9fce9536eda9eeea6044a3598dd9b1a043	44.14	scored	parent=v0009; scoped_parent=submissions/candidates/T3_gata4/v0009_b4_t3_r1_l1_gata4_zero_all/submission.h5ad; run=artifacts/t3_priority_six_20260930/r5_scouter; SCORED_USER_REPORTED_20261001; no target truth; source/representation limitations in reports/t3_priority_six_20260930/REPORT.md; REJECT; submission_id/time=not_provided; evidence=reports/SERVER_SCORE_REGISTRY.md#t3-priority-six-score-return-20261001
candidate	T3-PRIORITY-SIX-20260930	T3:gata4	v0065	priority_six_r6_gears	submissions/candidates/T3_gata4/v0065_six_r6_gears/submission.h5ad	7449	500	20260930	false	pass	d216392686922c64352be80e2d78049b4bc4e39da865b9771927351d0d754dc2	42.38	scored	parent=v0009; scoped_parent=submissions/candidates/T3_gata4/v0009_b4_t3_r1_l1_gata4_zero_all/submission.h5ad; run=artifacts/t3_priority_six_20260930/r6_gears; SCORED_USER_REPORTED_20261001; no target truth; source/representation limitations in reports/t3_priority_six_20260930/REPORT.md; REJECT; submission_id/time=not_provided; evidence=reports/SERVER_SCORE_REGISTRY.md#t3-priority-six-score-return-20261001
candidate	T2-GOAL-20261001-v1	T2:embryo:val_interp	v0016	e_r1	submissions/candidates/T2_embryo_val_interp/v0016_e_r1/submission.h5ad	5000	498	20261001	false	pass_with_deviation	c3250e9d31ae666adb78f5fc2fc339380ae8a96eccd7a8d107f2b3203ff76daa	61.65	scored	T2-GOAL e_r1: trend-share resample + incumbent expression parent v0014_e_o1_shrinkmerge; contract pass_with_deviation; artifacts/t2_goal/T2-GOAL-20261001-v1/; design reports/T2_GOAL_DESIGN_20261001.md | server 61.65 (-1.24 vs best 62.89 REJECT; submetrics de 54.6/dir 64.8/mmd 60.3/vario 56.3/d2 54.7/occ 40.4/scale 87.1/nmmd 67.4; SERVER_SCORED_USER_REPORTED 2026-10-01, submission ID/timestamp not supplied; per-metric skills: reports/SERVER_SUBMETRIC_REGISTRY.tsv)
candidate	T2-GOAL-20261001-v1	T2:embryo:val_interp	v0017	e_r2	submissions/candidates/T2_embryo_val_interp/v0017_e_r2/submission.h5ad	5000	498	20261001	false	pass	7f85be3cc77481dd201dc7f5dc74415818be10306c45de898505cd49aac1211c	62.55	scored	T2-GOAL e_r2: mean bridge shrunk C=1 + mass parent v0014_e_o1_shrinkmerge; contract pass; artifacts/t2_goal/T2-GOAL-20261001-v1/; design reports/T2_GOAL_DESIGN_20261001.md | server 62.55 (-0.34 vs best 62.89 REJECT; submetrics de 54.1/dir 67.4/mmd 60.3/vario 54.5/d2 54.6/occ 51.2/scale 90.8/nmmd 66.0; SERVER_SCORED_USER_REPORTED 2026-10-01, submission ID/timestamp not supplied; per-metric skills: reports/SERVER_SUBMETRIC_REGISTRY.tsv)
candidate	T2-GOAL-20261001-v1	T2:heart:val_interp	v0021	h_r1	submissions/candidates/T2_heart_val_interp/v0021_h_r1/submission.h5ad	5872	500	20261001	false	pass_with_deviation	e11aa83b4e9bf337d87e63b9d4e913323222e642b3c2568a7a41c9d078577d53	62.22	scored	T2-GOAL h_r1: trend-share resample + incumbent expression parent v0019_h_o1_shrinkmerge; contract pass_with_deviation; artifacts/t2_goal/T2-GOAL-20261001-v1/; design reports/T2_GOAL_DESIGN_20261001.md | server 62.22 (-0.14 vs best 62.36 REJECT; submetrics de 58.3/dir 65.3/mmd 63.4/vario 29.6/d2 67.7/occ 47.1/scale 98.0/nmmd 66.3; SERVER_SCORED_USER_REPORTED 2026-10-01, submission ID/timestamp not supplied; per-metric skills: reports/SERVER_SUBMETRIC_REGISTRY.tsv)
candidate	T2-GOAL-20261001-v1	T2:heart:val_interp	v0022	h_r2	submissions/candidates/T2_heart_val_interp/v0022_h_r2/submission.h5ad	5872	500	20261001	false	pass	f94649dfc9aa3a2a6932c5f54d52634ebd943ff8eb5f12ca0e5875a6627bae4e	62.21	scored	T2-GOAL h_r2: mean bridge shrunk C=1 + mass parent v0019_h_o1_shrinkmerge; contract pass; artifacts/t2_goal/T2-GOAL-20261001-v1/; design reports/T2_GOAL_DESIGN_20261001.md | server 62.21 (-0.15 vs best 62.36 REJECT; submetrics de 60.6/dir 66.0/mmd 62.2/vario 29.5/d2 65.4/occ 47.8/scale 97.9/nmmd 66.1; SERVER_SCORED_USER_REPORTED 2026-10-01, submission ID/timestamp not supplied; per-metric skills: reports/SERVER_SUBMETRIC_REGISTRY.tsv)
candidate	T2-GOAL-20261001-v1	T2:heart:val_extrap	v0022	x_r1	submissions/candidates/T2_heart_val_extrap/v0022_x_r1/submission.h5ad	25179	500	20261001	false	pass	f5cc7c5926ca8e724c104f001269673216f29a3f7dd5f13ab041c15b6a9e8990	50.74	scored	T2-GOAL x_r1: E8.25late-anchored baseline shift parent v0001_baseline; contract pass; artifacts/t2_goal/T2-GOAL-20261001-v1/; design reports/T2_GOAL_DESIGN_20261001.md | server 50.74 (+0.21 vs baseline 50.53; +0.10 vs prior best 50.64 TIE-highest-numeric backup, no promotion; submetrics de 53.7/dir 53.8/mmd 48.7/vario 47.7/d2 46.2/occ 53.2/scale 49.7/nmmd 51.1; SERVER_SCORED_USER_REPORTED 2026-10-01, submission ID/timestamp not supplied; per-metric skills: reports/SERVER_SUBMETRIC_REGISTRY.tsv)
candidate	T2-GOAL-20261001-v1	T2:heart:val_extrap	v0023	x_r2	submissions/candidates/T2_heart_val_extrap/v0023_x_r2/submission.h5ad	25179	500	20261001	false	pass	c2d5063d32120a7cf68c4e911bfc712d102a06176ead7a7162ffa5f9f54deb26	50.03	scored	T2-GOAL x_r2: baseline shift shrunk C=1 float32 parent v0001_baseline; contract pass; artifacts/t2_goal/T2-GOAL-20261001-v1/; design reports/T2_GOAL_DESIGN_20261001.md | server 50.03 (-0.50 vs baseline 50.53 REJECT; submetrics de 50.4/dir 52.5/mmd 48.9/vario 46.3/d2 46.2/occ 53.2/scale 49.7/nmmd 51.0; SERVER_SCORED_USER_REPORTED 2026-10-01, submission ID/timestamp not supplied; per-metric skills: reports/SERVER_SUBMETRIC_REGISTRY.tsv)
candidate	T3-ARCH-TWO-20261001	T3:gata4	v0066	arch_a_residual_flow	submissions/candidates/T3_gata4/v0066_arch_a_residual_flow/submission.h5ad	7449	500	20261001	false	pass	da58a23ebe0aac970910fcaa83a6a35c2ecfe7918597bb15c7b94f4aad5da619	43.21	scored	parent=v0009; scoped_parent=submissions/candidates/T3_gata4/v0009_b4_t3_r1_l1_gata4_zero_all/submission.h5ad; run=artifacts/t3_arch_two_20261001/a_residual_flow; SCORED_REJECT; exploratory architecture, not validated target improvement; reports/t3_arch_two_execution_20261001/REPORT.md; user-reported score 2026-10-01; REJECT vs selected v0048=47.93; reports/SERVER_SCORE_REGISTRY.md#t3-architecture-two-score-return-20261001; reports/SERVER_SUBMETRIC_REGISTRY.tsv
candidate	T3-ARCH-TWO-20261001	T3:gata4	v0067	arch_b_fate_mass	submissions/candidates/T3_gata4/v0067_arch_b_fate_mass/submission.h5ad	7449	500	20261001	false	pass	e7ac5467f385eb7b70aec62d020b828d5981159f2dff0375bc93f162d6df3193		invalidated_unsubmitted	parent=v0009; scoped_parent=artifacts/t3_arch_two_20261001/b_fate_mass/resampled_WT_carrier.h5ad; run=artifacts/t3_arch_two_20261001/b_fate_mass; READY_NOT_SUBMITTED; exploratory architecture, not validated target improvement; reports/t3_arch_two_execution_20261001/REPORT.md; WITHDRAWN_NO_UPLOAD: excess WT resampling noise; b_fate_mass_emit2 repairs emission without refitting
candidate	T3-ARCH-TWO-20261001	T3:gata4	v0068	arch_b_fate_mass_emit2	submissions/candidates/T3_gata4/v0068_arch_b_fate_mass_emit2/submission.h5ad	7449	500	20261001	false	pass	e44aadb08c61196214e699866240ef77193b4a30301f704b31cbe0bbef15eb73	46.37	scored	parent=v0009; scoped_parent=artifacts/t3_arch_two_20261001/b_fate_mass_emit2/resampled_WT_carrier.h5ad; run=artifacts/t3_arch_two_20261001/b_fate_mass_emit2; SCORED_REJECT; exploratory architecture, not validated target improvement; reports/t3_arch_two_execution_20261001/REPORT.md; user-reported score 2026-10-01; REJECT vs selected v0048=47.93; reports/SERVER_SCORE_REGISTRY.md#t3-architecture-two-score-return-20261001; reports/SERVER_SUBMETRIC_REGISTRY.tsv
candidate	AR-ROUTE-C-20261002	T2:heart:val_extrap	v0024	qte_time_compmix_seed929	submissions/candidates/T2_heart_val_extrap/v0024_qte_tc_s929/submission.h5ad	25179	500	20260929	false	pass_with_deviation	8bb6e4706b6bf4bd20bf2100b3aa4c62dcf91b06f71392c47c95e9103405f5a8	50.09	scored	parent=v0001_baseline(sha f30beba6); run=artifacts/autoresearch/t2-extrap-20261001-v1; LOCAL composite 3.913 / expr 6.8119 under frozen 8-channel def (.auto/composite_config.json); Route C CHAMPION = time-normalized(4/3) per-quantile marginal extrapolation x x_n3 compmix resample; 3-seed {3.913,4.0088,3.6058} all beat prior local champion x_o2=1.709; proxy validity Spearman 0.538 (n=12); delivery deliveries/arcqte__t2__upload__20261002.zip; UPLOADED: no; local-only, not a leaderboard claim [SUPERSEDES the never-registered 2026-10-01 arcomp v0024 reservation; that package is voided as deliveries/t2arex__t2__upload__20261001.VOID-do-not-upload.zip] | SCORED 50.09 (-0.44 vs incumbent 50.53; -0.55 vs board-best 50.64) -> REJECT, no promotion; user-reported 2026-10-02; §'Route C extrap score return — 2026-10-02'; reports/SERVER_SUBMETRIC_REGISTRY.tsv (8 skills); local composite 3.913 did NOT predict the server board (proxy Spearman 0.122 over 17 lanes); variogram skill 50.1 = best on board (channel transfers); local 3-seed spread not visible server-side
candidate	AR-ROUTE-C-20261002	T2:heart:val_extrap	v0025	qte_compmix_seed20261008	submissions/candidates/T2_heart_val_extrap/v0025_qte_compmix/submission.h5ad	25179	500	20261008	false	pass_with_deviation	1b0d17d9dedf3b4183e1d1b475ce7afa72e791533767d9f96c23a12a40b1ac43	50.17	scored	parent=v0001_baseline; LOCAL composite 3.4636 / expr 6.074; QTE marginals x compmix WITHOUT time normalization; median-value seed of 3 all beating prior champion; robustness runner-up to v0024; delivery arcqte__t2__upload__20261002.zip; UPLOADED: no | SCORED 50.17 (-0.36 vs incumbent 50.53; -0.47 vs board-best 50.64) -> REJECT, no promotion; user-reported 2026-10-02; §'Route C extrap score return — 2026-10-02'; reports/SERVER_SUBMETRIC_REGISTRY.tsv (8 skills); local composite 3.4636 did NOT predict the server board (proxy Spearman 0.122 over 17 lanes); variogram skill 49.7 = best on board (channel transfers); local 3-seed spread not visible server-side
candidate	AR-ROUTE-C-20261002	T2:heart:val_extrap	v0026	qte_time_normalized_4over3	submissions/candidates/T2_heart_val_extrap/v0026_qte_time/submission.h5ad	25179	500	none	false	pass	2e7cbc4b3f03170fb2eae43c9e78ca443ce3bf7fa9c187a08ebf06915c137ab2	50.03	scored	parent=v0001_baseline; LOCAL composite 2.6084 / expr 4.1735; marginal-only time-normalized QTE, DETERMINISTIC (no resampling -> zero row-luck seed risk); contract PASS strict; best local variogram among Route C lanes; delivery arcqte__t2__upload__20261002.zip; UPLOADED: no | SCORED 50.03 (-0.50 vs incumbent 50.53; -0.61 vs board-best 50.64) -> REJECT, no promotion; user-reported 2026-10-02; §'Route C extrap score return — 2026-10-02'; reports/SERVER_SUBMETRIC_REGISTRY.tsv (8 skills); local composite 2.6084 did NOT predict the server board (proxy Spearman 0.122 over 17 lanes); variogram skill 50.1 = best on board (channel transfers); local 3-seed spread not visible server-side
candidate	AR-ROUTE-C-20261002	T2:heart:val_extrap	v0027	share_lin_trend_x_qte_time	submissions/candidates/T2_heart_val_extrap/v0027_sharetrend_qte/submission.h5ad	25179	500	20261007	false	pass_with_deviation	6f4dbe1cbaed012dcba6e8325ba1838a33330427be18b36e0cf845e103e111ec	39.60	scored	parent=v0001_baseline; LOCAL composite 0.855 / expr 11.479; DIAGNOSTIC PROBE ONLY - known defect library_size_ratio=11.98 (12x) + variance_ratio 1.74 => local guardrails FAIL; aggressive log-linear share-trend composition x time-QTE; highest expression composite ever measured; tests server reward for marginal/expression profile vs composition aggressiveness; NOT recommended for a score slot; delivery arcqte__t2__upload__20261002.zip; UPLOADED: no | SCORED 39.60 (-10.93 vs incumbent 50.53; -11.04 vs board-best 50.64) -> REJECT, no promotion; user-reported 2026-10-02; §'Route C extrap score return — 2026-10-02'; reports/SERVER_SUBMETRIC_REGISTRY.tsv (8 skills); local composite 0.855 did NOT predict the server board (proxy Spearman 0.122 over 17 lanes); variogram skill 42.2 = best on board (channel transfers); local 3-seed spread not visible server-side
candidate	AR-ROUTE-C-20261002	T2:heart:val_extrap	v0028	qte_time_compmix_seed20261008	submissions/candidates/T2_heart_val_extrap/v0028_qte_tc_s008/submission.h5ad	25179	500	20261008	false	pass_with_deviation	dc811606fafdbbec69665d936bebefafae3121096f69dae0de4e58a09753a1af	50.08	scored	parent=v0001_baseline; LOCAL composite 3.6058 / expr 6.3022; SEED-REPLICATION PROBE: identical design to v0024 with different resample rows (lowest of the 3 seeds); measures server-side row-luck variance for the Route C champion family; delivery arcqte__t2__upload__20261002.zip; UPLOADED: no | SCORED 50.08 (-0.45 vs incumbent 50.53; -0.56 vs board-best 50.64) -> REJECT, no promotion; user-reported 2026-10-02; §'Route C extrap score return — 2026-10-02'; reports/SERVER_SUBMETRIC_REGISTRY.tsv (8 skills); local composite 3.6058 did NOT predict the server board (proxy Spearman 0.122 over 17 lanes); variogram skill 49.5 = best on board (channel transfers); local 3-seed spread not visible server-side
scored	T3-AUTORESEARCH-DELIVERY-20261003	T3:gata4	v0070	ar_specific_complex_log_residual	submissions/candidates/T3_gata4/v0070_ar_complex/submission.h5ad	7449	500	none	false	pass	61d07e294771263e8c0763af1defc55e5436d10d63d21b2b4a206fd41805ec8d	45.80	scored	parent=v0009; locked48-trial source model; full26-condition replay; additive log residual clipped at0; Gata4=0; SERVER_SCORED_USER_REPORTED 2026-10-03; target transfer unvalidated; reports/t3_autoresearch_delivery_20261003/REPORT.md | REJECT; incumbent v0048 unchanged; submission ID/timestamp not supplied; D-20261003-T3ARSCORE-001; reports/t3_autoresearch_score_review_20261003/REPORT.md
candidate	AR-T2LOCAL-20261003	T2:heart:val_extrap	v0029	qte_compmix_scale09	submissions/candidates/T2_heart_val_extrap/v0029_ar_scale09/submission.h5ad	25179	500	20260929	false	pass	ef2f4786819950701286df0fc557cf41fa2f6065a1749dc74e26c137f4b27a47	49.40	scored	parent=v0024_qte_tc_s929; local-only retained result; full-panel frozen 3-seed composite median 3.9129545806 -> 7.5237434437; spatial scale 0.9 only, X and rows exact; contract PASS against immediate parent; inherited ancestral composition deviations remain; no server improvement claim; historical local-only hold superseded by server REJECT; reports/t2_autoresearch_20261003/REPORT.md | SERVER_SCORED_USER_REPORTED 2026-10-03: 49.40, REJECT (-0.69 vs parent v0024; -1.13 vs incumbent); all 8 skills registered; only scale skill worsened; submission ID/time not supplied; reports/SERVER_SCORE_REGISTRY.md#t2-scale09-score-return--2026-10-03; D-20261003-T2SCALE-SCORE-001
scored	T3-SPARSE-RESPONSE-20261003	T3:gata4	v0071	incumbent_sparse_source_scale	submissions/candidates/T3_gata4/v0071_sparse_scale/submission.h5ad	7449	500	0	false	pass	5d9cb28a5a3e747f286f6e7eeea95045a804ac5c7a768c60b42f388cfa622c19	47.85	scored	parent=v0048; source full-matrix LOPO strength=1.0; exact parent support retained; SERVER_SCORED_USER_REPORTED 2026-10-03; target transfer unvalidated; reports/t3_sparse_response_20261003/REPORT.md; NOT_PROMOTED; submission ID/timestamp not provided; D-20261003-T3HALF-001
scored	T3-HALFSTEP-20261003	T3:gata4	v0072	incumbent_sparse_half_scale	submissions/candidates/T3_gata4/v0072_half_scale/submission.h5ad	7449	500	0	false	pass	08f2159733c516aa21354516cb8c7b57a07ba0c4a45cfc463b608013b7e2fdc9	47.51	scored	parent=v0048; server-informed fixed half-step strength=0.5; exact parent support retained; SERVER_SCORED_USER_REPORTED 2026-10-03; target transfer unvalidated; reports/t3_halfstep_20261003/REPORT.md; REJECT; incumbent v0048 unchanged; submission ID/timestamp not provided; D-20261003-T3HALFSCORE-001
candidate	T2-HOLDOUT10-20261003-v1	T2:heart:val_extrap	v0030	x_r3_medlib09	submissions/candidates/T2_heart_val_extrap/v0030_x_r3_medlib09/submission.h5ad	25179	500	none	false	pass	71f587ed68177b7cdbea27f27333523caa33668badc08efd782afb3d541d53a3	51.12	scored	T2-HOLDOUT10 x_r3_medlib09: run10 recipe (median delta damp0.9 + per-cell lib preserve) board port; parent baseline v0001; 5 shared states (NCC/Peri/V-CM/aPHM/pPHM, 8123/25179 rows), orphans unchanged; contract PASS; dev est 0.92868 (100%-row basis, partial transfer expected); artifacts/t2_holdout_10pct_20261003-v1/board_lane/ | server 51.12 (+0.59 vs baseline 50.53; +0.48 vs board-best 50.64; +0.38 vs 50.74 PROMOTED new board best; submetrics de 52.0/dir 50.9/mmd 49.4/vario 50.4/d2 46.2/occ 53.2/scale 49.7/nmmd 53.5; SERVER_SCORED_USER_REPORTED 2026-10-03, submission ID/timestamp not supplied; per-metric skills: reports/SERVER_SUBMETRIC_REGISTRY.tsv)
candidate	T2-HOLDOUT10-20261003-v1	T2:heart:val_extrap	v0031	x_r4_xwalk09	submissions/candidates/T2_heart_val_extrap/v0031_x_r4_xwalk09/submission.h5ad	25179	500	none	false	pass	86fec27fbc3c2fd8b22b147f9b0eb4e69fa9cea0fad7baadc08705235249d41f	49.91	scored	T2-HOLDOUT10 x_r4_xwalk09: crosswalk-mapped median delta damp0.9 + per-cell lib preserve; parent baseline v0001; 12 mapped states (16889/25179 rows), 10 orphans unchanged; mapping frozen cos>=0.80 margin>=0.02 train-only; contract PASS; no local validation possible (run16 dev-gate INVALID by row-identity leak); G1-precedent server arbitration; artifacts/t2_holdout_10pct_20261003-v1/board_lane/ | server 49.91 (-0.62 vs baseline 50.53 REJECT; submetrics de 52.4/dir 51.8/mmd 44.3/vario 49.0/d2 46.2/occ 53.2/scale 49.7/nmmd 51.6; SERVER_SCORED_USER_REPORTED 2026-10-03, submission ID/timestamp not supplied; per-metric skills: reports/SERVER_SUBMETRIC_REGISTRY.tsv)
candidate	T2-HOLDOUT10-20261003-v1	T2:heart:val_extrap	v0032	x_r5_tshrink09	submissions/candidates/T2_heart_val_extrap/v0032_x_r5_tshrink09/submission.h5ad	25179	500	none	false	pass	079cc77534f8bfe0e57bb67fc4b2c5f8d80580fcc85e9e12738429ab5865570e	51.14	scored	T2-HOLDOUT10 x_r5_tshrink09: run18 recipe (soft t-shrink w=|t|/(|t|+2) median delta damp0.9 + per-cell lib preserve) board port; parent baseline v0001; 5 shared states (NCC/Peri/V-CM/aPHM/pPHM, 8123/25179 rows), orphans unchanged; contract PASS; dev est 0.91944 (current local best, -0.009 vs run10 port v0030 server 51.12); weak-medium confidence; artifacts/t2_holdout_10pct_20261003-v1/board_lane/ | server 51.14 TIE (+0.02 vs incumbent v0030 51.12, within ±0.1 band; no promotion, v0030 stays; tied numeric-high backup; submetrics de 52.0/dir 51.2/mmd 49.8/vario 49.8/d2 46.2/occ 53.2/scale 49.7/nmmd 53.4; SERVER_SCORED_USER_REPORTED 2026-10-03, submission ID/timestamp not supplied; per-metric skills: reports/SERVER_SUBMETRIC_REGISTRY.tsv)
candidate	T2-HOLDOUT10-20261003-v1	T2:heart:val_extrap	v0033	x_r6_medlib05	submissions/candidates/T2_heart_val_extrap/v0033_x_r6_medlib05/submission.h5ad	25179	500	none	false	pass	32b3fd6e9d6c6da3eae283b35eded1446dd601d3709531bfbe51b985762a114c	50.89	scored	T2-HOLDOUT10 x_r6_medlib05: run04 recipe (median delta damp0.5 + lib preserve); dev 0.93755, strongest dev DE (+0.083 raw 0.476); tests half-dose DE direction on server; parent baseline v0001; 5 shared states (8123/25179 rows), orphans unchanged; contract PASS; weak confidence; artifacts/t2_holdout_10pct_20261003-v1/board_lane/ | server 50.89 REJECT (-0.23 vs incumbent 51.12; server de 50.8 confirms half-dose weakens de; dev purest-DE-direction read did NOT transfer; dose axis closed with server-consistent optimum 0.9; submetrics de 50.8/dir 51.3/mmd 50.0/vario 49.1/d2 46.2/occ 53.2/scale 49.7/nmmd 53.2; SERVER_SCORED_USER_REPORTED 2026-10-03; per-metric skills: reports/SERVER_SUBMETRIC_REGISTRY.tsv)
candidate	T2-HOLDOUT10-20261003-v1	T2:heart:val_extrap	v0034	x_r7_typeadapt	submissions/candidates/T2_heart_val_extrap/v0034_x_r7_typeadapt/submission.h5ad	25179	500	none	false	pass	bcc9005380444486b7a762a66c3a01246381d798cb24af3eb99b6d365ea19a54	51.02	scored	T2-HOLDOUT10 x_r7_typeadapt: run09 recipe (per-type cos-adaptive dose 0.59-0.88, no global dose); dev 0.93470; mechanistically distinct from v0030/v0032/v0033; parent baseline v0001; 5 shared states (8123/25179 rows), orphans unchanged; contract PASS; weak confidence; artifacts/t2_holdout_10pct_20261003-v1/board_lane/ | server 51.02 TIE (-0.10 vs incumbent 51.12, band edge; no promotion; per-type adaptive dose no server signal, axis closed; submetrics de 51.6/dir 51.1/mmd 49.9/vario 49.5/d2 46.2/occ 53.2/scale 49.7/nmmd 53.3; SERVER_SCORED_USER_REPORTED 2026-10-03; per-metric skills: reports/SERVER_SUBMETRIC_REGISTRY.tsv)
candidate	AR-T1-MIX-20261002-v1	T1:val	v0049	mix35x38a	submissions/candidates/T1_val/v0049_mix35x38a/submission.h5ad	5118	32285	20260921	false	pass	4d5bb215415ce9795aca08be056d0add8b1e444760f94c7ff18aac2e5ba8b08b	53.72	scored	parent v0035 x v0038 70/30 seed20260921; contract PASS (HANDOFF_AR-T1-MIX.md, frozen contract_io + P0-LOCK); server 53.72 (+0.17 vs prior best 53.55; HIGH BACKUP, trails v0051 by 0.20, no co-promotion); submetrics de 46.7/dir 59.9/mmd 56.3/vario 50.8; evidence reports/SERVER_SCORE_REGISTRY.md#t1-armix-score-return-20261002; decision ref D-20261002-T1MIXSCORE-001 (registry; DECISIONS entry still missing)
candidate	AR-T1-MIX-20261002-v1	T1:val	v0050	mix35x38b	submissions/candidates/T1_val/v0050_mix35x38b/submission.h5ad	5118	32285	20261023	false	pass	6e8d89f737c8c9bed7ec9b3dd7bdea5ad9e85e01b869695efd4a20d71223a419	53.32	scored	parent v0035 x v0038 70/30 seed20261023; contract PASS; server 53.32 (-0.23 vs 53.55; REJECT); submetrics de 47.0/dir 59.9/mmd 55.1/vario 50.3; evidence reports/SERVER_SCORE_REGISTRY.md#t1-armix-score-return-20261002; decision ref D-20261002-T1MIXSCORE-001
candidate	AR-T1-MIX-20261002-v1	T1:val	v0051	mix36x38a	submissions/candidates/T1_val/v0051_mix36x38a/submission.h5ad	5118	32285	20260921	false	pass	9615510fdaf6e6103bd65389950aba10b447e88dc81bf5da83d288aea018c97f	53.92	scored	parent v0036 x v0038 70/30 seed20260921; contract PASS; server 53.92 (+0.37 vs 53.55; PROMOTED new T1 best); submetrics de 47.2/dir 60.0/mmd 56.7/vario 50.6; evidence reports/SERVER_SCORE_REGISTRY.md#t1-armix-score-return-20261002; decision ref D-20261002-T1MIXSCORE-001
candidate	AR-T1-MIX2-20261003-v1	T1:val	v0052	mix3538even	submissions/candidates/T1_val/v0052_mix3538even/submission.h5ad	5118	32285	20260921	false	pass	7a6be221bee7af5c8b98591227dbcc971feb14e0d2e506ec887c59a9b9e7015b	53.67	scored	parent v0035 x v0038 50/50 seed20260921; contract PASS (HANDOFF_ART1MIX2.md); server 53.67 (-0.25 vs v0051 53.92; scored backup, beats parents 53.43/53.55); submetrics de 46.9/dir 60.0/mmd 56.1/vario 50.5; evidence reports/SERVER_SCORE_REGISTRY.md#t1-ar-mix2-score-return-20261003; decision D-20261003-T1MIX2SCORE-001
candidate	AR-T1-MIX2-20261003-v1	T1:val	v0053	mix3538evenb	submissions/candidates/T1_val/v0053_mix3538evenb/submission.h5ad	5118	32285	20261023	false	pass	7f8552b056011cd56b07175db5eb0742ba92a889e215d9015646a77d9d527d02	53.36	scored	parent v0035 x v0038 50/50 seed20261023; contract PASS; server 53.36 (-0.56 vs v0051; below both parents; REJECT; seed-pair low draw); submetrics de 46.7/dir 59.9/mmd 55.4/vario 50.4; evidence reports/SERVER_SCORE_REGISTRY.md#t1-ar-mix2-score-return-20261003; decision D-20261003-T1MIX2SCORE-001
candidate	AR-T1-MIX2-20261003-v1	T1:val	v0054	mix3638even	submissions/candidates/T1_val/v0054_mix3638even/submission.h5ad	5118	32285	20260921	false	pass	7ea3e891462b62bdd5a349d19818444ff8834b56a5a63a228cd70943cebaaebd	53.98	scored	parent v0036 x v0038 50/50 seed20260921; contract PASS; server 53.98 (+0.06 vs v0051 53.92, inside ±0.1 TIE band; no promotion; tied numeric-high backup); submetrics de 47.0/dir 60.4/mmd 56.5/vario 51.0; evidence reports/SERVER_SCORE_REGISTRY.md#t1-ar-mix2-score-return-20261003; decision D-20261003-T1MIX2SCORE-001
candidate	AR-T1-MIX2-20261003-v1	T1:val	v0055	mix3way	submissions/candidates/T1_val/v0055_mix3way/submission.h5ad	5118	32285	20260921	false	pass	0878a1d71e9125035caffa842a158b926485107c4fa1d71f0db78cea85521e6c	53.48	scored	parents v0035 x v0036 x v0038 equal thirds seed20260921; contract PASS; server 53.48 (-0.44 vs v0051; marginal backup; three-pool dilution, axis closed); submetrics de 46.4/dir 59.4/mmd 56.3/vario 50.7; evidence reports/SERVER_SCORE_REGISTRY.md#t1-ar-mix2-score-return-20261003; decision D-20261003-T1MIX2SCORE-001
candidate	AR-T1-MIX2-20261003-v1	T1:val	v0056	mix3538f030	submissions/candidates/T1_val/v0056_mix3538f030/submission.h5ad	5118	32285	20260921	false	pass	646dc8204c3d4617fe388698c91b906397a14c1f339667032b08e2b4a927e13c	53.76	scored	parent v0035 x v0038 30/70 seed20260921; contract PASS; server 53.76 (-0.16 vs v0051; scored backup; weight axis dead within row-luck); submetrics de 46.9/dir 60.3/mmd 56.1/vario 50.6; evidence reports/SERVER_SCORE_REGISTRY.md#t1-ar-mix2-score-return-20261003; decision D-20261003-T1MIX2SCORE-001
candidate	T3-SIX-O1	T3:gata4	v0073	six_o1_dual_form	submissions/candidates/T3_gata4/v0073_six_o1_dual_form/submission.h5ad	7449	500	20261006	false	pass	bf0f399eeaa7d85ad486804793fb20efbba8ce76bbd95b552fac095250b838f6		invalidated_unsubmitted	DUPLICATE of v0075 from aborted deliver retries (identical params sm0.25_sa0.5); artifact preserved immutable; NOT_SUBMITTED; parent=v0048; params=sm0.25_sa0.5; source-LOPO selected; NOT_SUBMITTED/未评分; blocks_submission=false
candidate	T3-SIX-O1	T3:gata4	v0074	six_o1_dual_form	submissions/candidates/T3_gata4/v0074_six_o1_dual_form/submission.h5ad	7449	500	20261006	false	pass	bf0f399eeaa7d85ad486804793fb20efbba8ce76bbd95b552fac095250b838f6		invalidated_unsubmitted	DUPLICATE of v0075 from aborted deliver retries (identical params sm0.25_sa0.5); artifact preserved immutable; NOT_SUBMITTED; parent=v0048; params=sm0.25_sa0.5; source-LOPO selected; NOT_SUBMITTED/未评分; blocks_submission=false
candidate	T3-SIX-O1	T3:gata4	v0075	six_o1_dual_form	submissions/candidates/T3_gata4/v0075_six_o1_dual_form/submission.h5ad	7449	500	20261006	false	pass	bf0f399eeaa7d85ad486804793fb20efbba8ce76bbd95b552fac095250b838f6	46.73	scored	parent=v0048; params=sm0.25_sa0.5; source-LOPO selected; blocks_submission=false; server 46.73 vs incumbent v0048 47.93 NOT_PROMOTED; submetrics de 40.0/dir 50.9/sev 50.0/mmd 51.2/vario 42.1; evidence reports/SERVER_SCORE_REGISTRY.md#t3-six-score-return-20261007; decision D-20261007-T3SIXSCORE-001
candidate	T3-SIX-O2	T3:gata4	v0076	six_o2_gate_mult	submissions/candidates/T3_gata4/v0076_six_o2_gate_mult/submission.h5ad	7449	500	20261006	false	pass	3e4200183497b04d935cbcca01bf8822f33bb195b0c0f61347df7b5cbad8d886	47.31	scored	parent=v0048; params=s0.5; source-LOPO selected; blocks_submission=false; server 47.31 vs incumbent v0048 47.93 NOT_PROMOTED; submetrics de 40.4/dir 50.3/sev 50.0/mmd 51.6/vario 49.0; evidence reports/SERVER_SCORE_REGISTRY.md#t3-six-score-return-20261007; decision D-20261007-T3SIXSCORE-001
candidate	T3-SIX-O3	T3:gata4	v0077	six_o3_shrunk_beta	submissions/candidates/T3_gata4/v0077_six_o3_shrunk_beta/submission.h5ad	7449	500	20261006	false	pass	b04b782e29866996aabf326409b797adf6c33a2b764e3b857f123bbd0899788a	47.43	scored	parent=v0048; params=k2.0; source-LOPO selected; blocks_submission=false; server 47.43 vs incumbent v0048 47.93 NOT_PROMOTED; submetrics de 40.8/dir 50.3/sev 50.0/mmd 51.6/vario 48.9; evidence reports/SERVER_SCORE_REGISTRY.md#t3-six-score-return-20261007; decision D-20261007-T3SIXSCORE-001
candidate	T3-SIX-N1	T3:gata4	v0078	six_n1_nmf_ablation	submissions/candidates/T3_gata4/v0078_six_n1_nmf_ablation/submission.h5ad	7449	500	20261006	false	pass	cf72af8b302498b363c53f2a6c943f5300fca1fc601b3b87e7a7009580e2d323	47.93	scored	parent=v0048; params=s0.25; source-LOPO selected; blocks_submission=false; server 47.93 vs incumbent v0048 47.93 TIE keep incumbent; submetrics de 42.6/dir 49.8/sev 50.0/mmd 51.9/vario 49.9; evidence reports/SERVER_SCORE_REGISTRY.md#t3-six-score-return-20261007; decision D-20261007-T3SIXSCORE-001
candidate	T3-SIX-N2	T3:gata4	v0079	six_n2_marker_gate	submissions/candidates/T3_gata4/v0079_six_n2_marker_gate/submission.h5ad	7449	500	20261006	false	pass	30ba57845104e23a2eefc7d179fc717da3d8005de56d459112d6322be2a220b3	47.40	scored	parent=v0048; params=s2.0; source-LOPO selected; blocks_submission=false; server 47.40 vs incumbent v0048 47.93 NOT_PROMOTED; submetrics de 40.0/dir 51.2/sev 50.0/mmd 51.5/vario 48.9; evidence reports/SERVER_SCORE_REGISTRY.md#t3-six-score-return-20261007; decision D-20261007-T3SIXSCORE-001
candidate	T3-SIX-N3	T3:gata4	v0080	six_n3_switch_emit	submissions/candidates/T3_gata4/v0080_six_n3_switch_emit/submission.h5ad	7449	500	20261006	false	pass	bc2370a608b341e6abed7200519da178630431df818787a552815d6f837e5f5c	46.82	scored	parent=v0048; params=s0.5; source-LOPO selected; blocks_submission=false; server 46.82 vs incumbent v0048 47.93 NOT_PROMOTED; submetrics de 40.4/dir 49.3/sev 50.0/mmd 51.9/vario 45.7; evidence reports/SERVER_SCORE_REGISTRY.md#t3-six-score-return-20261007; decision D-20261007-T3SIXSCORE-001
candidate	T3-SIX2-O1	T3:gata4	v0081	six2_o1_hnmf	submissions/candidates/T3_gata4/v0081_six2_o1_hnmf/submission.h5ad	7449	500	20261006	false	pass	e58e831c25c0e63f833e59e4e277ff25f90cafad8fd8e60436a100e61f73b1d9	47.92	scored	parent=v0048; params=blend; wave2; SCORED_PORTAL_VERIFIED_20261008; blocks_submission=false; identity=exact_portal_filename; portal_hash_not_exposed; historical_sha_not_binary_reverified; submission_id=62c624e98c1e4c218e20688ba15e2b24; submitted_display=2026-10-07 11:07 (timezone NOT_LABELLED); TIE_NOT_PROMOTED; selected=v0084; evidence=reports/SERVER_SCORE_REGISTRY.md#t3-backlog-score-return-20261008; submetrics=reports/SERVER_SUBMETRIC_REGISTRY.tsv
candidate	T3-SIX2-O2	T3:gata4	v0082	six2_o2_pnmf	submissions/candidates/T3_gata4/v0082_six2_o2_pnmf/submission.h5ad	7449	500	20261006	false	pass	38f04968a563e1463cbf0d4826ef60fd7bc4a7f2756c9751279494d52126e432	47.94	scored	parent=v0048; params=pnmf; wave2; SCORED_PORTAL_VERIFIED_20261008; blocks_submission=false; identity=exact_portal_filename; portal_hash_not_exposed; historical_sha_not_binary_reverified; submission_id=e1e3ddd0cac241d391cf3f7bba27c54f; submitted_display=2026-10-07 11:07 (timezone NOT_LABELLED); TIE_NOT_PROMOTED; selected=v0084; evidence=reports/SERVER_SCORE_REGISTRY.md#t3-backlog-score-return-20261008; submetrics=reports/SERVER_SUBMETRIC_REGISTRY.tsv
candidate	T3-SIX2-O3	T3:gata4	v0083	six2_o3_psb	artifacts/reproductions/20261008/v0083/submission.h5ad	7449	500	20261006	false	pass	8232a607865f4e92d92b027251cc1e59212792b82466086a79b4ad669333c657	47.51	scored	parent=v0048; params=psb; wave2; SCORED_PORTAL_VERIFIED_20261008; blocks_submission=false; same_id_reconstruction=2026-10-08 explicitly requested; historical_sha256=c7e74287b68a3a1d33cf93143abb02e898ead11d8f1d8a0214a1addf3557f444; historical_path=submissions/candidates/T3_gata4/v0083_six2_o3_psb/submission.h5ad; original_bytes_unavailable; not_byte_identical; frozen_recipe_unchanged; submission_id=d22593c4f14041be9824552910220129; submitted_display=2026-10-08 06:36 (timezone NOT_LABELLED); REJECT; selected=v0084; evidence=reports/SERVER_SCORE_REGISTRY.md#t3-backlog-score-return-20261008; submetrics=reports/SERVER_SUBMETRIC_REGISTRY.tsv
candidate	T3-SIX2-N1	T3:gata4	v0084	six2_n1_qtl	artifacts/reproductions/20261008/v0084/submission.h5ad	7449	500	20261006	false	pass	d7af1cef61e032210f9af502684a8b8a95f5a79bef79f79e15634daa556f6230	49.55	scored	parent=v0048; params=q0.25; wave2; SCORED_PORTAL_VERIFIED_20261008; blocks_submission=false; same_id_reconstruction=2026-10-08 explicitly requested; historical_sha256=c8cba8be882a43bfe4af7f5697c8efe16c189b54792ab169fd237146f40f3f0d; historical_path=submissions/candidates/T3_gata4/v0084_six2_n1_qtl/submission.h5ad; original_bytes_unavailable; not_byte_identical; frozen_recipe_unchanged; submission_id=d11defa589b64fcd90bfb76d83328707; submitted_display=2026-10-08 06:40 (timezone NOT_LABELLED); PROMOTED; selected=v0084; evidence=reports/SERVER_SCORE_REGISTRY.md#t3-backlog-score-return-20261008; submetrics=reports/SERVER_SUBMETRIC_REGISTRY.tsv
candidate	T3-SIX2-N2	T3:gata4	v0085	six2_n2_dsign	artifacts/reproductions/20261008/v0085/submission.h5ad	7449	500	20261006	false	pass	8cfbc8950216f8848969f26bb1973c9c52b8efd4c85c49ab15c17c7b16246418	47.45	scored	parent=v0048; params=g0.5; wave2; SCORED_PORTAL_VERIFIED_20261008; blocks_submission=false; same_id_reconstruction=2026-10-08 explicitly requested; historical_sha256=e3ded141f62dda83cb17ad96b5458e65b71f4a8bc24247f4d5856a0522d9cc6a; historical_path=submissions/candidates/T3_gata4/v0085_six2_n2_dsign/submission.h5ad; original_bytes_unavailable; not_byte_identical; frozen_recipe_unchanged; submission_id=1e1a1d550e66460fbe61a59647d19117; submitted_display=2026-10-08 06:42 (timezone NOT_LABELLED); REJECT; selected=v0084; evidence=reports/SERVER_SCORE_REGISTRY.md#t3-backlog-score-return-20261008; submetrics=reports/SERVER_SUBMETRIC_REGISTRY.tsv
candidate	T1-SIX-20261007	T1:val	v0057	six_osoftcov	submissions/candidates/T1_val/v0057_six_osoftcov/submission.h5ad	5118	32285	20260921	false	pass	d8e0b178a3adfff5565a5631598c91c5f059723e4f48b111c4a8a0e271b3096d	49.28	scored	parent=v0035; run=artifacts/t1_six/T1-SIX-20261007-v1/osoftcov; NOT_SUBMITTED; report-scenario only; no E10.5 truth; SCORED_USER_REPORTED_20261007; REJECT (-4.64 vs v0051); submission_id/time=not_provided; evidence=reports/SERVER_SCORE_REGISTRY.md#t1-six-score-return-20261007
candidate	T1-SIX-20261007	T1:val	v0058	six_ostabmix	submissions/candidates/T1_val/v0058_six_ostabmix/submission.h5ad	5118	32285	20260921	false	pass	7e0ff6c6472e2749848f8e4784f90a31ef2d3c498d92d7336cb53e538ce4414e	53.85	scored	parent=v0035; run=artifacts/t1_six/T1-SIX-20261007-v1/ostabmix; NOT_SUBMITTED; report-scenario only; no E10.5 truth; SCORED_USER_REPORTED_20261007; TIE in ±0.1 band (-0.07 vs v0051), NOT_PROMOTED; submission_id/time=not_provided; evidence=reports/SERVER_SCORE_REGISTRY.md#t1-six-score-return-20261007
candidate	T1-SIX-20261007	T1:val	v0059	six_nconf	submissions/candidates/T1_val/v0059_six_nconf/submission.h5ad	5118	32285	20260921	false	pass	0d58989a389b412fa8a0d9418b5f6cdb843a54130768031631bff49191718e70	51.13	scored	parent=v0035; run=artifacts/t1_six/T1-SIX-20261007-v1/nconf; NOT_SUBMITTED; report-scenario only; no E10.5 truth; SCORED_USER_REPORTED_20261007; REJECT (-2.79 vs v0051); submission_id/time=not_provided; evidence=reports/SERVER_SCORE_REGISTRY.md#t1-six-score-return-20261007
candidate	T1-SIX-20261007	T1:val	v0060	six_nbidir	submissions/candidates/T1_val/v0060_six_nbidir/submission.h5ad	5118	32285	20260921	false	pass	52bf8c7b76cda59979f29e8294ea21d795673c9af174257e0eb4cfd8cf0a3566	52.07	scored	parent=v0035; run=artifacts/t1_six/T1-SIX-20261007-v1/nbidir; NOT_SUBMITTED; report-scenario only; no E10.5 truth; SCORED_USER_REPORTED_20261007; REJECT (-1.85 vs v0051); submission_id/time=not_provided; evidence=reports/SERVER_SCORE_REGISTRY.md#t1-six-score-return-20261007
candidate	T1-SIX-20261007	T1:val	v0061	six_ocovstab	submissions/candidates/T1_val/v0061_six_ocovstab/submission.h5ad	5118	32285	20260921	false	pass	e8cc3acd7324dc9f2d6d803da1ba7c9e82d33f616442b01e7d2028f48dbaaf39	49.42	scored	parent=v0035; run=artifacts/t1_six/T1-SIX-20261007-v1/ocovstab; NOT_SUBMITTED; report-scenario only; no E10.5 truth; SCORED_USER_REPORTED_20261007; REJECT (-4.50 vs v0051); submission_id/time=not_provided; evidence=reports/SERVER_SCORE_REGISTRY.md#t1-six-score-return-20261007
candidate	T1-SIX-20261007	T1:val	v0062	six_nwasser	submissions/candidates/T1_val/v0062_six_nwasser/submission.h5ad	5118	32285	20260921	false	pass	cd8c15011b16c8c4c779f0d3160a15cf82f3c029a92a3511179f8d4353153e98	51.02	scored	parent=v0035; run=artifacts/t1_six/T1-SIX-20261007-v1/nwasser; NOT_SUBMITTED; report-scenario only; no E10.5 truth; SCORED_USER_REPORTED_20261007; REJECT (-2.90 vs v0051); submission_id/time=not_provided; evidence=reports/SERVER_SCORE_REGISTRY.md#t1-six-score-return-20261007
candidate	T2-GEOM4-20261007-v1	T2:heart:val_interp	v0023	h_aniso50	submissions/candidates/T2_heart_val_interp/v0023_h_aniso50/submission.h5ad	5872	500	none	false	pass	049c48f0f17b24aecb7bfc9627b3f88bc994670bab760b207c3d5bb81a4807d0	62.48	scored	T2-GEOM4-20261007-v1 h_aniso50: geometry-only, expression locked to v0019; contract PASS; score_pending; not a server claim; artifacts/t2_geom4_20261007-v1/ | server 62.48 PROMOTED +0.12 vs v0019 62.36; outside ±0.1; d2 65.4→69.5, occ 47.8→45.2, expression and scale unchanged; SERVER_SCORED_USER_REPORTED 2026-10-07, submission ID/timestamp not supplied; per-metric skills: reports/SERVER_SUBMETRIC_REGISTRY.tsv
candidate	T2-GEOM4-20261007-v1	T2:heart:val_interp	v0024	h_qaxis	submissions/candidates/T2_heart_val_interp/v0024_h_qaxis/submission.h5ad	5872	500	none	false	pass	b553bd9cd502bd8110628f8fa55d9382c47e28a8bb5c802e0fbf40aafdd780e9	60.61	scored	T2-GEOM4-20261007-v1 h_qaxis: geometry-only, expression locked to v0019; contract PASS; score_pending; not a server claim; artifacts/t2_geom4_20261007-v1/ | server 60.61 REJECT -1.75 vs v0019; occ 47.8→53.5 but d2 65.4→37.9; quantile family closed; SERVER_SCORED_USER_REPORTED 2026-10-07, submission ID/timestamp not supplied; per-metric skills: reports/SERVER_SUBMETRIC_REGISTRY.tsv
candidate	T2-GEOM4-20261007-v1	T2:heart:val_extrap	v0035	x_grows	submissions/candidates/T2_heart_val_extrap/v0035_x_grows/submission.h5ad	25179	500	none	false	pass	3cfb0791bbacbe592692e5b3a308c41feec26a9d2a7ae4e3714474eeb13f2bef	49.06	scored	T2-GEOM4-20261007-v1 x_grows: geometry-only, expression locked to v0030; contract PASS; score_pending; not a server claim; artifacts/t2_geom4_20261007-v1/ | server 49.06 REJECT -2.06 vs v0030 51.12; scale 49.7→40.7, d2 46.2→33.3; growth extrapolation closed; SERVER_SCORED_USER_REPORTED 2026-10-07, submission ID/timestamp not supplied; per-metric skills: reports/SERVER_SUBMETRIC_REGISTRY.tsv
candidate	T2-GEOM4-20261007-v1	T2:embryo:val_interp	v0018	e_qaxis	submissions/candidates/T2_embryo_val_interp/v0018_e_qaxis/submission.h5ad	5000	498	none	false	pass	66f4674bd6dfa56094eece50bc59d11cf671831b08537094f500673a18be443c	62.50	scored	T2-GEOM4-20261007-v1 e_qaxis: geometry-only, expression locked to v0014; contract PASS; score_pending; not a server claim; artifacts/t2_geom4_20261007-v1/ | server 62.50 REJECT -0.39 vs v0014 62.89; d2 54.6→51.9, occ 51.2→48.9; SERVER_SCORED_USER_REPORTED 2026-10-07, submission ID/timestamp not supplied; per-metric skills: reports/SERVER_SUBMETRIC_REGISTRY.tsv
candidate	T3-NEW-ARANK-20261008	T3:gata4	v0086	arank_r2	submissions/candidates/T3_gata4/v0086_arank/submission.h5ad	7449	500	none	false	pass	5ddd89bb8fa1f9d57f6c9beef0fe86be779ff353e9c0ed830960776819d226d9	49.34	scored	parent=v0084; revision=2; earlier_draft_void_unsubmitted; domain-anchored rank transport; source_scope=approved_GSE261783_OP2_26+GO; zero_mask_and_global_rank_and_bounds_PASS; SCORED_PORTAL_VERIFIED_20261008; submission_id=7e5a259d47d84ce086ddc7c5e8bc9b0a; submitted_display=2026-10-08 08:54 (timezone NOT_LABELLED); observed_utc=2026-10-08T08:55:06Z; REJECT (-0.21 vs v0084=49.55); selected=v0084 unchanged; evidence=reports/SERVER_SCORE_REGISTRY.md#t3-arank-v0086-score-return-20261008; submetrics=reports/SERVER_SUBMETRIC_REGISTRY.tsv
candidate	T3-NEW-EMBHURDLE-20261008	T3:gata4	v0087	embhurdle_v2	submissions/candidates/T3_gata4/v0087_embhurdle/submission.h5ad	7449	500	20260904	false	pass	b0cfdf5e870f762185efd9f2bdc803cab26ecb0a54e18a870286d41165ce5fc9	53.42	scored	parent_selected=v0084; expression_carrier=official_E8.75_WT; variant=all_supported; generic_7KO_embryonic_state_response_hurdle_v2; source_scope=GSE137337_E8.5_7KO+GSE122187_E8.5_WT+GO; frozen_array_and_parent_geometry_and_contract_PASS; SCORED_PORTAL_VERIFIED_20261008; submission_id=592546488d2543d5bfcf42394d5de414; submitted_display=2026-10-08 10:47 (timezone NOT_LABELLED); observed_utc=2026-10-08T10:48:14Z; PROMOTED (+3.87 vs v0084=49.55); selected=v0087; v0084 retained as historical fallback; evidence=reports/SERVER_SCORE_REGISTRY.md#t3-embhurdle-v0087-score-return-20261008; submetrics=reports/SERVER_SUBMETRIC_REGISTRY.tsv
candidate	T3-OPT-CONDHURDLE-20261008	T3:gata4	v0088	condhurdle	submissions/candidates/T3_gata4/v0088_condhurdle/submission.h5ad	7449	500	20260904	false	pass	d7944880d8f55974946dad4b2c22879582c03bce547ead312921b0fc39bdddc7	53.69	scored	parent=v0087; arm=conditional; WT-only state-conditioned zero-activation propensity replaces random ties; same_approved_7KO_embryonic_source; frozen_array_code_source_contract_independent_PASS; parent_geometry_and_protected_metadata_preserved; SCORED_PORTAL_VERIFIED_20261008; submission_id=67faa8da3e0049d4a26a6fa64c2984b0; submitted_display=2026-10-08 11:56 (timezone NOT_LABELLED); observed_utc=2026-10-08T11:57:10Z; PROMOTED (+0.27 vs v0087=53.42); selected=v0088; v0087 retained as historical fallback; evidence=reports/SERVER_SCORE_REGISTRY.md#t3-condhurdle-v0088-score-return-20261008; submetrics=reports/SERVER_SUBMETRIC_REGISTRY.tsv
scored	T2-ENDPOINT-RANK-20261008-v1	T2:heart:val_extrap	v0036	x_endpoint_rank	submissions/candidates/T2_heart_val_extrap/v0036_x_endpoint_rank/submission.h5ad	25179	500	20260821	false	pass	0b89c69adff3b5cb3d86f0d8b0dbfe667f289343b0d7ac8908ca9c70ed33fc03	50.47	registered	SERVER_SCORED_PORTAL_VERIFIED 2026-10-08T12:45:01Z; submission 4ccbf06d9ca247a191e3d7cefb242a7c; portal file t2_hrt_ext__x_endrank__v0036.h5ad; submitted 2026-10-08 12:44 (timezone NOT_LABELLED); REJECT for promotion (-0.65 vs incumbent v0030 51.12; -0.67 vs numeric-high backup v0032 51.14); incumbent unchanged; fixed-drift cardiomyocyte E14.5 endpoint-rank residual, MOSTA STDS0000058 E14.5_E1S3 raw Heart bins; official released source only plus permitted E14.5 endpoint; no external E9.5 or hidden E10.5/E12.5 used; v0030 is recipe reference, historical artifact parity NOT_CLAIMED; final contract and independent frozen-array/hash/replay checks PASS; 15353761 bytes; eight displayed skills registered; artifact immutable; T2 daily usage 8/8
candidate	T1-LATE-ANCHOR-20261008	T1:val	v0089	late_anchor_x1	submissions/candidates/T1_val/v0089_late_anchor_x1/submission.h5ad	5118	32285	20261008	false	pass	f876b1ef0983c635833fe7ca8713034712b777b091413196923fac5282d84282	53.14	scored	GSE230531 late-anchor amp1 on raw E9.5 carrier; SCORED_USER_REPORTED_20261008; REJECT (-0.78 vs v0051 53.92); skills not re-captured; renumbered from mistaken draft v0063 (T3-owned); evidence=reports/SERVER_SCORE_REGISTRY.md#t1-late-anchor-ot-score-return-20261009; code=scripts/vework/t1ext/
candidate	T1-LATE-ANCHOR-20261008	T1:val	v0090	late_anchor_x2_comphalf	submissions/candidates/T1_val/v0090_late_anchor_x2_comphalf/submission.h5ad	5118	32285	20261008	false	pass	7dbc0eb05f5ab578fffe3590158bbb5b33cd1230acb26522759a1db5e217fa09	53.43	scored	GSE230531 late-anchor amp2 + half-strength composition; SCORED_USER_REPORTED_20261008; REJECT (-0.49 vs v0051); skills not re-captured; renumbered from mistaken draft v0064 (T3-owned); evidence=reports/SERVER_SCORE_REGISTRY.md#t1-late-anchor-ot-score-return-20261009; code=scripts/vework/t1ext/
candidate	T1-LATE-ANCHOR-20261008	T1:val	v0091	v51_anchor_auto	submissions/candidates/T1_val/v0091_v51_anchor_auto/submission.h5ad	5118	32285	20261008	false	pass	79af479a577c53a182b5c74aeba5066c8b9a553e1a9570ccf4b9a15c540052d2	57.99	scored	v0051 rebuild + late-anchor amp 1.46; SCORED_PORTAL_VERIFIED; PROMOTED vs v0051 (+4.07) then superseded by v0092; skills de 51.6/dir 64.0/mmd 61.7/vario 52.8; renumbered from mistaken draft v0065 (T3-owned); evidence=reports/SERVER_SCORE_REGISTRY.md#t1-late-anchor-ot-score-return-20261009; submetrics=reports/SERVER_SUBMETRIC_REGISTRY.tsv; code=scripts/vework/t1ext/build_t1_v51_anchor.py
scored	T1-OT-GEN-20261009	T1:val	v0092	ot_gen_v51	submissions/candidates/T1_val/v0092_ot_gen_v51/submission.h5ad	5118	32285	20261009	false	pass	35fae3a797acdf44b4c6d141e1a0db65b44744ea218f96218c7909e34eda5dc1	58.89	registered	SERVER_SCORED_PORTAL_VERIFIED; submission 39e6870fb90549e09067e7c3cff92333; PROMOTED current T1 best (+0.90 vs LA3 57.99; +4.97 vs v0051); skills de 49.7/dir 65.9/mmd 65.2/vario 52.3; GSE230531 OT generative displacement on v0051 carrier; renumbered from mistaken draft v0066 (T3-owned); evidence=reports/SERVER_SCORE_REGISTRY.md#t1-late-anchor-ot-score-return-20261009; submetrics=reports/SERVER_SUBMETRIC_REGISTRY.tsv; code=scripts/vework/t1ext/build_t1_A_ot.py
scored	T1-OT-GEN-20261009	T1:val	v0093	v51_anchor_pergroup	submissions/candidates/T1_val/v0093_v51_anchor_pergroup/submission.h5ad	5118	32285	20261009	false	pass	04d73c5d2c9daab7c9fc9db3ba9543c295639f9e4415ca312511c0147adf7fe6	58.22	registered	SERVER_SCORED_PORTAL_VERIFIED; submission 455eb227ed4a407382c2f18a4d2ab920; scored backup (-0.67 vs v0092; +0.23 vs LA3); skills de 51.4/dir 64.2/mmd 62.4/vario 53.0; per-group amp topping on LA3 recipe; renumbered from mistaken draft v0067 (T3-owned); evidence=reports/SERVER_SCORE_REGISTRY.md#t1-late-anchor-ot-score-return-20261009; submetrics=reports/SERVER_SUBMETRIC_REGISTRY.tsv; code=scripts/vework/t1ext/build_t1_v51_anchor.py --amp pergroup
scored	T2-EMBRYO-20261009	T2:embryo:val_interp	v0019	e3_state_bures	submissions/candidates/T2_embryo_val_interp/v0019_e3_state_bures/submission.h5ad	5000	498	20261009	false	pass	c372a032fd620589e31a2050951af0b0b0e53b184085408722f0546e524fbc69	62.33	registered	Exact-parent E3 reproduction (not original v0014); handoff reports/t2_embryo_campaign_20261009/V0019_HANDOFF.json; server evidence reports/SERVER_SCORE_REGISTRY.md#t2-embryo-20261009; UI-rounded skills not hidden precision
scored	T2-EMBRYO-20261009	T2:embryo:val_interp	v0020	e3_supportmix	submissions/candidates/T2_embryo_val_interp/v0020_e3_supportmix/submission.h5ad	5000	498	20261009	false	pass	2b0693b223b34718af8fd4c2627c5d1e0f2e98f9605137c116888613adb3eae4	61.39	registered	Exact-parent E3 reproduction (not original v0014); handoff reports/t2_embryo_campaign_20261009/V0020_HANDOFF.json; server evidence reports/SERVER_SCORE_REGISTRY.md#t2-embryo-20261009; UI-rounded skills not hidden precision
scored	T2-EMBRYO-20261009	T2:embryo:val_interp	v0021	e3_scrna_copula	submissions/candidates/T2_embryo_val_interp/v0021_e3_scrna_copula/submission.h5ad	5000	498	20261009	false	pass	3728f7ff375bf59573f396e61e875cf23488aba30e2f5fd90a198e7044094679	63.0047	registered	Exact-parent E3 reproduction (not original v0014); handoff reports/t2_embryo_campaign_20261009/V0021_HANDOFF.json; server evidence reports/SERVER_SCORE_REGISTRY.md#t2-embryo-20261009; UI-rounded skills not hidden precision; portal 1b4b7c94a7fa45b6bb77cd3e839b5b6e; official API 63.0047; PROMOTED +0.1117 vs previous best original v0014 62.8930; exact E3 delta unknown (E3 UI only)
scored	T2-EMBRYO-20261009	T2:embryo:val_interp	v0022	copula_geocouple	submissions/candidates/T2_embryo_val_interp/v0022_copula_geocouple/submission.h5ad	5000	498	20261009	false	pass	c5d810c54a6336d59e5cf0b2701435ff2facdb601a682ced2a22e74264d7a1e7	62.65	registered	v0021 X exact + Geo within-state coordinate permutation; scored portal efe73e77283d4b9486c72b7c919e76c8; REJECT vs v0021; 4/4 campaign complete, no further submission authorized; V0022_HANDOFF.json

scored	T2-OPERATOR-TRANSFER-20261009	T2:embryo:val_interp	v0023	e3_source_library	submissions/candidates/T2_embryo_val_interp/v0023_e3_source_library/submission.h5ad	5000	498	20261008	false	pass	8c34d6592337df9fa5ccd9d84678831f98bdba9a0aacd654bb2f38cf2a912ce3	63.0185	registered	Exact E3 parent e93d56f2; bridge-input XB own-library restoration; not original v14 nor v21; submission 866a8e68fecd4c89baacbef1e73dcd35; official API 63.0185; TIE +0.0138 vs incumbent v21, no promotion; report=reports/t2_operator_transfers_20261009/EMBRYO_SCORE_RETURN.json; evidence=reports/SERVER_SCORE_REGISTRY.md#t2-operator-transfers-2026-10-09; submetrics=reports/SERVER_SUBMETRIC_REGISTRY.tsv
scored	T2-OPERATOR-TRANSFER-20261009	T2:heart:val_interp	v0025	h_heart_copula	submissions/candidates/T2_heart_val_interp/v0025_h_heart_copula/submission.h5ad	5872	500	20261008	false	pass	efb0c7298be54493d3d540257daf1f9c9664d8e64fe14bba8dd349669ea977c2	66.7064	registered	Exact H1 parent 7cc2e314; heart-only conditional copula B; exact state/gene marginals retained; independent refit/replay passed; diag-only probe convergence warning; submission 84e1cb88cbdd4dd8861488783a1002b9; official API66.7064; PROMOTE +1.6804 vs exact H1 65.0260; evidence=reports/SERVER_SCORE_REGISTRY.md#t2-operator-transfers-2026-10-09; submetrics=reports/SERVER_SUBMETRIC_REGISTRY.tsv
scored	T2-OPERATOR-TRANSFER-20261009	T2:heart:val_extrap	v0037	x2_zero_preserve	submissions/candidates/T2_heart_val_extrap/v0037_x2_zero_preserve/submission.h5ad	25179	500	20261008	false	pass	6b3970ccb8b8c03b66f80f926c3b9c911073f14a5ad37bb88145a69ade19087f	48.86	registered	Exact X2 parent b884e3b6; not v30/v32; existing median drift allocated only detected entries via detection floor 0.05; final own-library retained; dev 2 all-clipped rows disclosed; submission 01f2cb4b59794d63ac27dd0d84962cff; UI-rounded score48.86 only; REJECT vs exact X2 UI50.35; receipt=reports/t2_operator_transfers_20261009/HEART_EXTRA_SCORE_RETURN.json; evidence=reports/SERVER_SCORE_REGISTRY.md#t2-operator-transfers-2026-10-09; submetrics=reports/SERVER_SUBMETRIC_REGISTRY.tsv
