scenario	split	gene	method	train_genes	de_score	de_direction	severity_abs	severity_r2	mmd_u	variogram	mse	density	n_true_de
pooled	development_LOPO17	Yy1	identity	Arid2,Setd1b,Brd9,Znhit1,Kansl1,Pbrm1,Tfpt,Setdb1,Chd4,Srcap,Smarcd1,Rest,Dmap1,Kmt2a,Egr2,Rnf40	0.0	0.0	6.907755278982137	0.0	0.09821745608818003	0.009910874395867972	0.014314689503771637	0.16777272727272727	19
pooled	development_LOPO17	Yy1	mean	Arid2,Setd1b,Brd9,Znhit1,Kansl1,Pbrm1,Tfpt,Setdb1,Chd4,Srcap,Smarcd1,Rest,Dmap1,Kmt2a,Egr2,Rnf40	0.3749999999999999	0.2118938589977353	2.228050840017514	0.2364	0.08924353343889668	0.012683247424388519	0.012183520039676227	0.6192090909090909	19
pooled	development_LOPO17	Yy1	mse_ridge	Arid2,Setd1b,Brd9,Znhit1,Kansl1,Pbrm1,Tfpt,Setdb1,Chd4,Srcap,Smarcd1,Rest,Dmap1,Kmt2a,Egr2,Rnf40	0.3749999999999999	0.23689052848547704	2.4686723165005313	0.2786	0.09112548923886887	0.013029881063975929	0.012652294221388668	0.606809090909091	19
pooled	development_LOPO17	Yy1	signed_rank_ridge	Arid2,Setd1b,Brd9,Znhit1,Kansl1,Pbrm1,Tfpt,Setdb1,Chd4,Srcap,Smarcd1,Rest,Dmap1,Kmt2a,Egr2,Rnf40	0.25	0.2990548512120042	6.907755278982137	-0.3972	0.0959773156476714	0.016174998072644484	0.01375378536447687	0.5803545454545455	19
pooled	development_LOPO17	Yy1	shuffled_mse	Arid2,Setd1b,Brd9,Znhit1,Kansl1,Pbrm1,Tfpt,Setdb1,Chd4,Srcap,Smarcd1,Rest,Dmap1,Kmt2a,Egr2,Rnf40	0.3749999999999999	0.24904660145829285	1.7843526944530486	0.421	0.0821442083515189	0.012514588573497161	0.010780907641397938	0.6205636363636363	19
pooled	development_LOPO17	Yy1	shuffled_rank	Arid2,Setd1b,Brd9,Znhit1,Kansl1,Pbrm1,Tfpt,Setdb1,Chd4,Srcap,Smarcd1,Rest,Dmap1,Kmt2a,Egr2,Rnf40	0.25	0.3226236105964205	6.907755278982137	-0.1022	0.09490800502748431	0.016117796871974243	0.013508842346085683	0.5790272727272727	19
pooled	development_LOPO17	Yy1	retained	Arid2,Setd1b,Brd9,Znhit1,Kansl1,Pbrm1,Tfpt,Setdb1,Chd4,Srcap,Smarcd1,Rest,Dmap1,Kmt2a,Egr2,Rnf40	0.5	0.37811145991020456	1.59727983183479	0.5523	0.07584752744269245	0.010088795745562184	0.009709561867137324	0.5600272727272727	19
pooled	development_LOPO17	Arid2	identity	Yy1,Setd1b,Brd9,Znhit1,Kansl1,Pbrm1,Tfpt,Setdb1,Chd4,Srcap,Smarcd1,Rest,Dmap1,Kmt2a,Egr2,Rnf40	0.0	0.0	6.907755278982137	0.0	0.040379599175784764	0.00444737535667495	0.005834311755948436	0.16777272727272727	12
pooled	development_LOPO17	Arid2	mean	Yy1,Setd1b,Brd9,Znhit1,Kansl1,Pbrm1,Tfpt,Setdb1,Chd4,Srcap,Smarcd1,Rest,Dmap1,Kmt2a,Egr2,Rnf40	0.25	0.15885168575189315	6.907755278982137	-0.7678	0.04429330037589501	0.007206590185231897	0.0060749640396331435	0.6135727272727273	12
pooled	development_LOPO17	Arid2	mse_ridge	Yy1,Setd1b,Brd9,Znhit1,Kansl1,Pbrm1,Tfpt,Setdb1,Chd4,Srcap,Smarcd1,Rest,Dmap1,Kmt2a,Egr2,Rnf40	0.6666666666666666	0.4765494998440179	1.7491783123215492	0.4937	0.03301354281324238	0.004968274831309973	0.004503887364394115	0.5910636363636363	12
pooled	development_LOPO17	Arid2	signed_rank_ridge	Yy1,Setd1b,Brd9,Znhit1,Kansl1,Pbrm1,Tfpt,Setdb1,Chd4,Srcap,Smarcd1,Rest,Dmap1,Kmt2a,Egr2,Rnf40	0.3333333333333333	0.49965117065405107	3.0784410526861268	0.4549	0.037379766094956045	0.009373818578306896	0.005340273565047185	0.5652909090909091	12
pooled	development_LOPO17	Arid2	shuffled_mse	Yy1,Setd1b,Brd9,Znhit1,Kansl1,Pbrm1,Tfpt,Setdb1,Chd4,Srcap,Smarcd1,Rest,Dmap1,Kmt2a,Egr2,Rnf40	0.4166666666666667	0.24934915125594825	6.907755278982137	-0.1904	0.04196562708027762	0.006828904894821927	0.005764056208183888	0.6080545454545454	12
pooled	development_LOPO17	Arid2	shuffled_rank	Yy1,Setd1b,Brd9,Znhit1,Kansl1,Pbrm1,Tfpt,Setdb1,Chd4,Srcap,Smarcd1,Rest,Dmap1,Kmt2a,Egr2,Rnf40	0.25	0.29183396062573214	6.907755278982137	-0.1232	0.03984879001475965	0.010182004789449499	0.005717983706120531	0.5824636363636364	12
pooled	development_LOPO17	Arid2	retained	Yy1,Setd1b,Brd9,Znhit1,Kansl1,Pbrm1,Tfpt,Setdb1,Chd4,Srcap,Smarcd1,Rest,Dmap1,Kmt2a,Egr2,Rnf40	0.75	0.6856045147055555	0.6079013376009723	0.8727	0.015766180819111277	0.0038373136747648527	0.0020820010284587523	0.5689272727272727	12
pooled	development_LOPO17	Setd1b	identity	Yy1,Arid2,Brd9,Znhit1,Kansl1,Pbrm1,Tfpt,Setdb1,Chd4,Srcap,Smarcd1,Rest,Dmap1,Kmt2a,Egr2,Rnf40	0.0	0.0	6.907755278982137	0.0	0.023639398837329236	0.0025968444193601933	0.0033931324239163006	0.16777272727272727	6
pooled	development_LOPO17	Setd1b	mean	Yy1,Arid2,Brd9,Znhit1,Kansl1,Pbrm1,Tfpt,Setdb1,Chd4,Srcap,Smarcd1,Rest,Dmap1,Kmt2a,Egr2,Rnf40	0.16666666666666666	0.3319712418480574	6.907755278982137	-1.5602	0.02404538037452163	0.004465097067062061	0.0033207301155904075	0.6172181818181818	6
pooled	development_LOPO17	Setd1b	mse_ridge	Yy1,Arid2,Brd9,Znhit1,Kansl1,Pbrm1,Tfpt,Setdb1,Chd4,Srcap,Smarcd1,Rest,Dmap1,Kmt2a,Egr2,Rnf40	0.16666666666666666	0.36248307043844885	6.907755278982137	-1.7467	0.025486027473720325	0.004683604602046808	0.0035317654894128883	0.6050454545454546	6
pooled	development_LOPO17	Setd1b	signed_rank_ridge	Yy1,Arid2,Brd9,Znhit1,Kansl1,Pbrm1,Tfpt,Setdb1,Chd4,Srcap,Smarcd1,Rest,Dmap1,Kmt2a,Egr2,Rnf40	0.16666666666666666	0.3494681328894263	6.907755278982137	-3.7479	0.02300152458936757	0.008187469703116401	0.0033845512915178736	0.5829090909090909	6
pooled	development_LOPO17	Setd1b	shuffled_mse	Yy1,Arid2,Brd9,Znhit1,Kansl1,Pbrm1,Tfpt,Setdb1,Chd4,Srcap,Smarcd1,Rest,Dmap1,Kmt2a,Egr2,Rnf40	0.16666666666666666	0.37825650621509865	6.907755278982137	-2.5434	0.024697362487358827	0.003966449765599132	0.0034435562233623273	0.5991181818181818	6
pooled	development_LOPO17	Setd1b	shuffled_rank	Yy1,Arid2,Brd9,Znhit1,Kansl1,Pbrm1,Tfpt,Setdb1,Chd4,Srcap,Smarcd1,Rest,Dmap1,Kmt2a,Egr2,Rnf40	0.3333333333333333	0.38923359031645133	6.907755278982137	-1.6848	0.022562647761968466	0.007949150825804364	0.0032915802507840703	0.5790454545454545	6
pooled	development_LOPO17	Setd1b	retained	Yy1,Arid2,Brd9,Znhit1,Kansl1,Pbrm1,Tfpt,Setdb1,Chd4,Srcap,Smarcd1,Rest,Dmap1,Kmt2a,Egr2,Rnf40	0.3333333333333333	0.33138115631690734	6.907755278982137	-1.0337	0.022755166396673365	0.004102384238438087	0.003159618409705819	0.6978818181818182	6
pooled	development_LOPO17	Brd9	identity	Yy1,Arid2,Setd1b,Znhit1,Kansl1,Pbrm1,Tfpt,Setdb1,Chd4,Srcap,Smarcd1,Rest,Dmap1,Kmt2a,Egr2,Rnf40	0.0	0.0			0.008213472976909242	0.0017495238419739838	0.0018847949276854959	0.16777272727272727	2
pooled	development_LOPO17	Brd9	mean	Yy1,Arid2,Setd1b,Znhit1,Kansl1,Pbrm1,Tfpt,Setdb1,Chd4,Srcap,Smarcd1,Rest,Dmap1,Kmt2a,Egr2,Rnf40	0.0	0.3471052246783725			0.008946738457955697	0.0034554779171461674	0.001907094661307531	0.6046727272727273	2
pooled	development_LOPO17	Brd9	mse_ridge	Yy1,Arid2,Setd1b,Znhit1,Kansl1,Pbrm1,Tfpt,Setdb1,Chd4,Srcap,Smarcd1,Rest,Dmap1,Kmt2a,Egr2,Rnf40	0.0	0.3825523192831046			0.009209122380688347	0.0035329356667194484	0.0019166298416336668	0.6032727272727273	2
pooled	development_LOPO17	Brd9	signed_rank_ridge	Yy1,Arid2,Setd1b,Znhit1,Kansl1,Pbrm1,Tfpt,Setdb1,Chd4,Srcap,Smarcd1,Rest,Dmap1,Kmt2a,Egr2,Rnf40	0.0	0.39544963724986937			0.007918402759398813	0.00666938644133491	0.0018305375205766774	0.5657363636363636	2
pooled	development_LOPO17	Brd9	shuffled_mse	Yy1,Arid2,Setd1b,Znhit1,Kansl1,Pbrm1,Tfpt,Setdb1,Chd4,Srcap,Smarcd1,Rest,Dmap1,Kmt2a,Egr2,Rnf40	0.0	0.33829253976023305			0.009300976337541516	0.0036182292142842467	0.0019440493557860857	0.608790909090909	2
pooled	development_LOPO17	Brd9	shuffled_rank	Yy1,Arid2,Setd1b,Znhit1,Kansl1,Pbrm1,Tfpt,Setdb1,Chd4,Srcap,Smarcd1,Rest,Dmap1,Kmt2a,Egr2,Rnf40	0.0	0.372187683880449			0.008015024013389632	0.006645063130723538	0.0018385220651782606	0.5688090909090909	2
pooled	development_LOPO17	Brd9	retained	Yy1,Arid2,Setd1b,Znhit1,Kansl1,Pbrm1,Tfpt,Setdb1,Chd4,Srcap,Smarcd1,Rest,Dmap1,Kmt2a,Egr2,Rnf40	0.5	0.4785938408535232			0.006423853181609473	0.002395552688924981	0.0012672209402542034	0.5817272727272728	2
pooled	development_LOPO17	Znhit1	identity	Yy1,Arid2,Setd1b,Brd9,Kansl1,Pbrm1,Tfpt,Setdb1,Chd4,Srcap,Smarcd1,Rest,Dmap1,Kmt2a,Egr2,Rnf40	0.0	0.0			0.012131193652647695	0.0017415476264166295	0.0015012859919317147	0.16777272727272727	1
pooled	development_LOPO17	Znhit1	mean	Yy1,Arid2,Setd1b,Brd9,Kansl1,Pbrm1,Tfpt,Setdb1,Chd4,Srcap,Smarcd1,Rest,Dmap1,Kmt2a,Egr2,Rnf40	0.0	0.3203488894423184			0.013338857896156487	0.0031713193562316537	0.0014221275428402803	0.6104272727272727	1
pooled	development_LOPO17	Znhit1	mse_ridge	Yy1,Arid2,Setd1b,Brd9,Kansl1,Pbrm1,Tfpt,Setdb1,Chd4,Srcap,Smarcd1,Rest,Dmap1,Kmt2a,Egr2,Rnf40	0.0	0.2877643059702109			0.013694242456181154	0.0034095311947625107	0.0015173292398294564	0.6107090909090909	1
pooled	development_LOPO17	Znhit1	signed_rank_ridge	Yy1,Arid2,Setd1b,Brd9,Kansl1,Pbrm1,Tfpt,Setdb1,Chd4,Srcap,Smarcd1,Rest,Dmap1,Kmt2a,Egr2,Rnf40	0.0	0.21437307747139517			0.012197002011356789	0.0069793341886532495	0.0014880871321704184	0.5690272727272727	1
pooled	development_LOPO17	Znhit1	shuffled_mse	Yy1,Arid2,Setd1b,Brd9,Kansl1,Pbrm1,Tfpt,Setdb1,Chd4,Srcap,Smarcd1,Rest,Dmap1,Kmt2a,Egr2,Rnf40	0.0	0.3459720991102582			0.012571564861199185	0.0034223900584298287	0.0012724488569915828	0.6172909090909091	1
pooled	development_LOPO17	Znhit1	shuffled_rank	Yy1,Arid2,Setd1b,Brd9,Kansl1,Pbrm1,Tfpt,Setdb1,Chd4,Srcap,Smarcd1,Rest,Dmap1,Kmt2a,Egr2,Rnf40	0.0	0.33647101063557905			0.011772717635997298	0.007031770983184143	0.0014092904323622793	0.5802727272727273	1
pooled	development_LOPO17	Znhit1	retained	Yy1,Arid2,Setd1b,Brd9,Kansl1,Pbrm1,Tfpt,Setdb1,Chd4,Srcap,Smarcd1,Rest,Dmap1,Kmt2a,Egr2,Rnf40	1.0	0.4716670304470622			0.013583795059835818	0.003247327550480803	0.001243640983029517	0.5500818181818182	1
pooled	development_LOPO17	Kansl1	identity	Yy1,Arid2,Setd1b,Brd9,Znhit1,Pbrm1,Tfpt,Setdb1,Chd4,Srcap,Smarcd1,Rest,Dmap1,Kmt2a,Egr2,Rnf40	0.0	0.0	6.907755278982137	0.0	0.023692666098597694	0.002633068056225355	0.0033269429603739404	0.16777272727272727	6
pooled	development_LOPO17	Kansl1	mean	Yy1,Arid2,Setd1b,Brd9,Znhit1,Pbrm1,Tfpt,Setdb1,Chd4,Srcap,Smarcd1,Rest,Dmap1,Kmt2a,Egr2,Rnf40	0.0	0.3815576211071049	2.3076654540490877	0.2769	0.023243526998773065	0.004304767280046229	0.0028660609864458544	0.6187636363636364	6
pooled	development_LOPO17	Kansl1	mse_ridge	Yy1,Arid2,Setd1b,Brd9,Znhit1,Pbrm1,Tfpt,Setdb1,Chd4,Srcap,Smarcd1,Rest,Dmap1,Kmt2a,Egr2,Rnf40	0.0	0.38067863122979645	2.0666650272398237	0.4036	0.02312826684496635	0.004668121188787248	0.0028636607722745113	0.6207272727272727	6
pooled	development_LOPO17	Kansl1	signed_rank_ridge	Yy1,Arid2,Setd1b,Brd9,Znhit1,Pbrm1,Tfpt,Setdb1,Chd4,Srcap,Smarcd1,Rest,Dmap1,Kmt2a,Egr2,Rnf40	0.0	0.3780958673656776	3.4267014047967512	0.1534	0.023399395356207324	0.007975606382095548	0.003121638630184989	0.5869454545454545	6
pooled	development_LOPO17	Kansl1	shuffled_mse	Yy1,Arid2,Setd1b,Brd9,Znhit1,Pbrm1,Tfpt,Setdb1,Chd4,Srcap,Smarcd1,Rest,Dmap1,Kmt2a,Egr2,Rnf40	0.0	0.38309381019341154	2.514624762105416	0.4109	0.02348291167065064	0.004337286202145551	0.002931902817102701	0.6065363636363637	6
pooled	development_LOPO17	Kansl1	shuffled_rank	Yy1,Arid2,Setd1b,Brd9,Znhit1,Pbrm1,Tfpt,Setdb1,Chd4,Srcap,Smarcd1,Rest,Dmap1,Kmt2a,Egr2,Rnf40	0.0	0.3762455313809657	3.65703418051644	0.2725	0.023604192513459195	0.0075629117623078855	0.003142972011478279	0.5592636363636364	6
pooled	development_LOPO17	Kansl1	retained	Yy1,Arid2,Setd1b,Brd9,Znhit1,Pbrm1,Tfpt,Setdb1,Chd4,Srcap,Smarcd1,Rest,Dmap1,Kmt2a,Egr2,Rnf40	0.3333333333333333	0.2943504475013314	1.2659485881793247	0.5892	0.023352448882185073	0.005658464730195167	0.0028368099749447357	0.6308090909090909	6
pooled	development_LOPO17	Pbrm1	identity	Yy1,Arid2,Setd1b,Brd9,Znhit1,Kansl1,Tfpt,Setdb1,Chd4,Srcap,Smarcd1,Rest,Dmap1,Kmt2a,Egr2,Rnf40	0.0	0.0			0.016854152377056966	0.0022604709039122286	0.0027552077129048775	0.16777272727272727	3
pooled	development_LOPO17	Pbrm1	mean	Yy1,Arid2,Setd1b,Brd9,Znhit1,Kansl1,Tfpt,Setdb1,Chd4,Srcap,Smarcd1,Rest,Dmap1,Kmt2a,Egr2,Rnf40	0.0	0.19593339894053227			0.021404696016183406	0.004880977863480436	0.0031877010733279915	0.6169363636363636	3
pooled	development_LOPO17	Pbrm1	mse_ridge	Yy1,Arid2,Setd1b,Brd9,Znhit1,Kansl1,Tfpt,Setdb1,Chd4,Srcap,Smarcd1,Rest,Dmap1,Kmt2a,Egr2,Rnf40	0.3333333333333333	0.5858836983881693			0.011274766438148615	0.0028686375674058986	0.0017430064833489933	0.5590272727272727	3
pooled	development_LOPO17	Pbrm1	signed_rank_ridge	Yy1,Arid2,Setd1b,Brd9,Znhit1,Kansl1,Tfpt,Setdb1,Chd4,Srcap,Smarcd1,Rest,Dmap1,Kmt2a,Egr2,Rnf40	0.0	0.5518898020736587			0.015227414841089892	0.0071699125611217225	0.0024653312417318818	0.5489363636363637	3
pooled	development_LOPO17	Pbrm1	shuffled_mse	Yy1,Arid2,Setd1b,Brd9,Znhit1,Kansl1,Tfpt,Setdb1,Chd4,Srcap,Smarcd1,Rest,Dmap1,Kmt2a,Egr2,Rnf40	0.0	0.17719412375725577			0.020194879145605013	0.004371644493386947	0.003082650912987694	0.613	3
pooled	development_LOPO17	Pbrm1	shuffled_rank	Yy1,Arid2,Setd1b,Brd9,Znhit1,Kansl1,Tfpt,Setdb1,Chd4,Srcap,Smarcd1,Rest,Dmap1,Kmt2a,Egr2,Rnf40	0.0	0.20230415427635967			0.01815175887934008	0.008689394533722035	0.002949530104706466	0.5834727272727273	3
pooled	development_LOPO17	Pbrm1	retained	Yy1,Arid2,Setd1b,Brd9,Znhit1,Kansl1,Tfpt,Setdb1,Chd4,Srcap,Smarcd1,Rest,Dmap1,Kmt2a,Egr2,Rnf40	0.6666666666666666	0.6726726671030612			0.004284620503517364	0.0031121981930458623	0.0008372038429970679	0.6017454545454546	3
pooled	development_LOPO17	Tfpt	identity	Yy1,Arid2,Setd1b,Brd9,Znhit1,Kansl1,Pbrm1,Setdb1,Chd4,Srcap,Smarcd1,Rest,Dmap1,Kmt2a,Egr2,Rnf40	0.0	0.0			0.01249382437015795	0.0013018339641356618	0.0020209294407437734	0.16777272727272727	4
pooled	development_LOPO17	Tfpt	mean	Yy1,Arid2,Setd1b,Brd9,Znhit1,Kansl1,Pbrm1,Setdb1,Chd4,Srcap,Smarcd1,Rest,Dmap1,Kmt2a,Egr2,Rnf40	0.75	0.2863979367862913			0.008100465410116636	0.003656591995668882	0.0012186006447213625	0.6117545454545454	4
pooled	development_LOPO17	Tfpt	mse_ridge	Yy1,Arid2,Setd1b,Brd9,Znhit1,Kansl1,Pbrm1,Setdb1,Chd4,Srcap,Smarcd1,Rest,Dmap1,Kmt2a,Egr2,Rnf40	0.75	0.2478383966856734			0.0076400381850079465	0.0038650666837789127	0.001120880455231558	0.6071727272727273	4
pooled	development_LOPO17	Tfpt	signed_rank_ridge	Yy1,Arid2,Setd1b,Brd9,Znhit1,Kansl1,Pbrm1,Setdb1,Chd4,Srcap,Smarcd1,Rest,Dmap1,Kmt2a,Egr2,Rnf40	0.75	0.3356838685301813			0.011199237822542863	0.0071184087943633595	0.0018157396826832884	0.5715	4
pooled	development_LOPO17	Tfpt	shuffled_mse	Yy1,Arid2,Setd1b,Brd9,Znhit1,Kansl1,Pbrm1,Setdb1,Chd4,Srcap,Smarcd1,Rest,Dmap1,Kmt2a,Egr2,Rnf40	0.75	0.31188326993075577			0.00947926799678594	0.003835849747818406	0.0014335325375598393	0.6080090909090909	4
pooled	development_LOPO17	Tfpt	shuffled_rank	Yy1,Arid2,Setd1b,Brd9,Znhit1,Kansl1,Pbrm1,Setdb1,Chd4,Srcap,Smarcd1,Rest,Dmap1,Kmt2a,Egr2,Rnf40	0.75	0.3753016312534635			0.011453874931739785	0.007517419188369481	0.0018483474836883686	0.5861090909090909	4
pooled	development_LOPO17	Tfpt	retained	Yy1,Arid2,Setd1b,Brd9,Znhit1,Kansl1,Pbrm1,Setdb1,Chd4,Srcap,Smarcd1,Rest,Dmap1,Kmt2a,Egr2,Rnf40	0.75	0.3708943069596664			0.004633522332195897	0.0019831356116280056	0.0007554611658504258	0.5589909090909091	4
pooled	development_LOPO17	Setdb1	identity	Yy1,Arid2,Setd1b,Brd9,Znhit1,Kansl1,Pbrm1,Tfpt,Chd4,Srcap,Smarcd1,Rest,Dmap1,Kmt2a,Egr2,Rnf40	0.0	0.0	6.907755278982137	0.0	0.03808687280302656	0.00582058476543852	0.005450679128989646	0.16777272727272727	9
pooled	development_LOPO17	Setdb1	mean	Yy1,Arid2,Setd1b,Brd9,Znhit1,Kansl1,Pbrm1,Tfpt,Chd4,Srcap,Smarcd1,Rest,Dmap1,Kmt2a,Egr2,Rnf40	0.1111111111111111	0.3139797325260653	2.338163575103216	0.4006	0.03579929531908186	0.00806034772762557	0.004991543325039946	0.602790909090909	9
pooled	development_LOPO17	Setdb1	mse_ridge	Yy1,Arid2,Setd1b,Brd9,Znhit1,Kansl1,Pbrm1,Tfpt,Chd4,Srcap,Smarcd1,Rest,Dmap1,Kmt2a,Egr2,Rnf40	0.1111111111111111	0.3328271162387372	2.5213798290156606	0.2806	0.0368824533946104	0.00854307962226974	0.0051416303622657	0.6141727272727273	9
pooled	development_LOPO17	Setdb1	signed_rank_ridge	Yy1,Arid2,Setd1b,Brd9,Znhit1,Kansl1,Pbrm1,Tfpt,Chd4,Srcap,Smarcd1,Rest,Dmap1,Kmt2a,Egr2,Rnf40	0.0	0.3484630516194537	3.8797172739162544	0.1827	0.03690500477961481	0.01144346680674707	0.0052842379403561625	0.5858181818181818	9
pooled	development_LOPO17	Setdb1	shuffled_mse	Yy1,Arid2,Setd1b,Brd9,Znhit1,Kansl1,Pbrm1,Tfpt,Chd4,Srcap,Smarcd1,Rest,Dmap1,Kmt2a,Egr2,Rnf40	0.1111111111111111	0.3195093454414184	2.347098506813111	0.4429	0.03508706035719729	0.008426647985455015	0.0049141774740824855	0.5956	9
pooled	development_LOPO17	Setdb1	shuffled_rank	Yy1,Arid2,Setd1b,Brd9,Znhit1,Kansl1,Pbrm1,Tfpt,Chd4,Srcap,Smarcd1,Rest,Dmap1,Kmt2a,Egr2,Rnf40	0.0	0.3309083586438261	3.505385346294491	0.2999	0.037081783179366015	0.011652571621930567	0.005250274971843821	0.5638909090909091	9
pooled	development_LOPO17	Setdb1	retained	Yy1,Arid2,Setd1b,Brd9,Znhit1,Kansl1,Pbrm1,Tfpt,Chd4,Srcap,Smarcd1,Rest,Dmap1,Kmt2a,Egr2,Rnf40	0.1111111111111111	0.3394034557153472	2.6618670300604177	0.4884	0.03533462587134147	0.0075132466422920905	0.004986004610928441	0.6069636363636364	9
pooled	development_LOPO17	Chd4	identity	Yy1,Arid2,Setd1b,Brd9,Znhit1,Kansl1,Pbrm1,Tfpt,Setdb1,Srcap,Smarcd1,Rest,Dmap1,Kmt2a,Egr2,Rnf40	0.0	0.0	6.907755278982137	0.0	0.04412328744260223	0.005487118242493638	0.00559971687046667	0.16777272727272727	11
pooled	development_LOPO17	Chd4	mean	Yy1,Arid2,Setd1b,Brd9,Znhit1,Kansl1,Pbrm1,Tfpt,Setdb1,Srcap,Smarcd1,Rest,Dmap1,Kmt2a,Egr2,Rnf40	0.0	0.3859736248367262	6.907755278982137	-0.1717	0.051745811987116364	0.006099664045591877	0.006108483621051416	0.6023454545454545	11
pooled	development_LOPO17	Chd4	mse_ridge	Yy1,Arid2,Setd1b,Brd9,Znhit1,Kansl1,Pbrm1,Tfpt,Setdb1,Srcap,Smarcd1,Rest,Dmap1,Kmt2a,Egr2,Rnf40	0.1	0.27312042257481783	6.907755278982137	-0.1335	0.05691494751982971	0.007045974551748639	0.006664040225547742	0.6111636363636364	11
pooled	development_LOPO17	Chd4	signed_rank_ridge	Yy1,Arid2,Setd1b,Brd9,Znhit1,Kansl1,Pbrm1,Tfpt,Setdb1,Srcap,Smarcd1,Rest,Dmap1,Kmt2a,Egr2,Rnf40	-0.1	0.28032822627244275	6.907755278982137	-0.0622	0.04527289888397741	0.009669627502975486	0.005576544715273066	0.5825818181818182	11
pooled	development_LOPO17	Chd4	shuffled_mse	Yy1,Arid2,Setd1b,Brd9,Znhit1,Kansl1,Pbrm1,Tfpt,Setdb1,Srcap,Smarcd1,Rest,Dmap1,Kmt2a,Egr2,Rnf40	0.0	0.3789395434342056	6.907755278982137	-0.2723	0.056519196829281214	0.006461957041097643	0.006508822567206263	0.6002181818181819	11
pooled	development_LOPO17	Chd4	shuffled_rank	Yy1,Arid2,Setd1b,Brd9,Znhit1,Kansl1,Pbrm1,Tfpt,Setdb1,Srcap,Smarcd1,Rest,Dmap1,Kmt2a,Egr2,Rnf40	-0.1	0.3348497735698422	6.907755278982137	-0.3002	0.045376308647061867	0.009453142109579154	0.005569321275512914	0.5759727272727273	11
pooled	development_LOPO17	Chd4	retained	Yy1,Arid2,Setd1b,Brd9,Znhit1,Kansl1,Pbrm1,Tfpt,Setdb1,Srcap,Smarcd1,Rest,Dmap1,Kmt2a,Egr2,Rnf40	0.0	0.37878236460499737	6.907755278982137	-0.1095	0.047397642037435114	0.005814137606187169	0.00568385811349086	0.6675636363636364	11
pooled	development_LOPO17	Srcap	identity	Yy1,Arid2,Setd1b,Brd9,Znhit1,Kansl1,Pbrm1,Tfpt,Setdb1,Chd4,Smarcd1,Rest,Dmap1,Kmt2a,Egr2,Rnf40	0.0	0.0	6.907755278982137	0.0	0.05837524453753819	0.0063966927454890765	0.008711740423975605	0.16777272727272727	17
pooled	development_LOPO17	Srcap	mean	Yy1,Arid2,Setd1b,Brd9,Znhit1,Kansl1,Pbrm1,Tfpt,Setdb1,Chd4,Smarcd1,Rest,Dmap1,Kmt2a,Egr2,Rnf40	0.0	0.3900508697299574	2.207218746459451	0.2578	0.052763096102565375	0.007595956263824876	0.007158322553411559	0.6167818181818182	17
pooled	development_LOPO17	Srcap	mse_ridge	Yy1,Arid2,Setd1b,Brd9,Znhit1,Kansl1,Pbrm1,Tfpt,Setdb1,Chd4,Smarcd1,Rest,Dmap1,Kmt2a,Egr2,Rnf40	0.0	0.33460972827761504	2.2337495197287973	0.2801	0.05411137935541281	0.008689204218995057	0.007405920421419512	0.6217545454545454	17
pooled	development_LOPO17	Srcap	signed_rank_ridge	Yy1,Arid2,Setd1b,Brd9,Znhit1,Kansl1,Pbrm1,Tfpt,Setdb1,Chd4,Smarcd1,Rest,Dmap1,Kmt2a,Egr2,Rnf40	-0.3333333333333333	0.3360356226025325	3.532150965756902	0.3389	0.057296276357802836	0.012117768418000103	0.008330981180774143	0.5868181818181818	17
pooled	development_LOPO17	Srcap	shuffled_mse	Yy1,Arid2,Setd1b,Brd9,Znhit1,Kansl1,Pbrm1,Tfpt,Setdb1,Chd4,Smarcd1,Rest,Dmap1,Kmt2a,Egr2,Rnf40	0.22222222222222227	0.40467782238354655	2.0431386192344467	0.4608	0.05230444220023163	0.007886914522594879	0.006983772530581563	0.6260363636363636	17
pooled	development_LOPO17	Srcap	shuffled_rank	Yy1,Arid2,Setd1b,Brd9,Znhit1,Kansl1,Pbrm1,Tfpt,Setdb1,Chd4,Smarcd1,Rest,Dmap1,Kmt2a,Egr2,Rnf40	0.0	0.4330434908976542	3.2401998246620503	0.4954	0.05642169559347142	0.011609203527784022	0.008128695354167013	0.5905	17
pooled	development_LOPO17	Srcap	retained	Yy1,Arid2,Setd1b,Brd9,Znhit1,Kansl1,Pbrm1,Tfpt,Setdb1,Chd4,Smarcd1,Rest,Dmap1,Kmt2a,Egr2,Rnf40	0.0	0.47189217767978203	1.7153567363213016	0.3876	0.0492896348637608	0.008419053908461482	0.006595556189796987	0.5722	17
pooled	development_LOPO17	Smarcd1	identity	Yy1,Arid2,Setd1b,Brd9,Znhit1,Kansl1,Pbrm1,Tfpt,Setdb1,Chd4,Srcap,Rest,Dmap1,Kmt2a,Egr2,Rnf40	0.0	0.0			0.009733230351472052	0.0016711640672538153	0.002050030117428037	0.16777272727272727	2
pooled	development_LOPO17	Smarcd1	mean	Yy1,Arid2,Setd1b,Brd9,Znhit1,Kansl1,Pbrm1,Tfpt,Setdb1,Chd4,Srcap,Rest,Dmap1,Kmt2a,Egr2,Rnf40	0.0	0.32483228652991086			0.006833862281414571	0.0034814486237454067	0.0015856016604499134	0.6079818181818182	2
pooled	development_LOPO17	Smarcd1	mse_ridge	Yy1,Arid2,Setd1b,Brd9,Znhit1,Kansl1,Pbrm1,Tfpt,Setdb1,Chd4,Srcap,Rest,Dmap1,Kmt2a,Egr2,Rnf40	0.5	0.3359264641263951			0.007968142256849447	0.0035193850114480178	0.0018035755624701577	0.5855	2
pooled	development_LOPO17	Smarcd1	signed_rank_ridge	Yy1,Arid2,Setd1b,Brd9,Znhit1,Kansl1,Pbrm1,Tfpt,Setdb1,Chd4,Srcap,Rest,Dmap1,Kmt2a,Egr2,Rnf40	0.0	0.32189229735138636			0.009030180981235902	0.006810845716757277	0.002002980751268892	0.5348545454545455	2
pooled	development_LOPO17	Smarcd1	shuffled_mse	Yy1,Arid2,Setd1b,Brd9,Znhit1,Kansl1,Pbrm1,Tfpt,Setdb1,Chd4,Srcap,Rest,Dmap1,Kmt2a,Egr2,Rnf40	0.0	0.25661654050019955			0.008711857215956853	0.004700734382513899	0.001942286147859549	0.6237545454545455	2
pooled	development_LOPO17	Smarcd1	shuffled_rank	Yy1,Arid2,Setd1b,Brd9,Znhit1,Kansl1,Pbrm1,Tfpt,Setdb1,Chd4,Srcap,Rest,Dmap1,Kmt2a,Egr2,Rnf40	0.0	0.23384246667796232			0.009097480422286886	0.007710646399876407	0.002055586422056594	0.5943636363636363	2
pooled	development_LOPO17	Smarcd1	retained	Yy1,Arid2,Setd1b,Brd9,Znhit1,Kansl1,Pbrm1,Tfpt,Setdb1,Chd4,Srcap,Rest,Dmap1,Kmt2a,Egr2,Rnf40	0.5	0.3294234995013691			0.010497039545614767	0.0035761222087823652	0.002150725868811879	0.5536363636363636	2
pooled	development_LOPO17	Rest	identity	Yy1,Arid2,Setd1b,Brd9,Znhit1,Kansl1,Pbrm1,Tfpt,Setdb1,Chd4,Srcap,Smarcd1,Dmap1,Kmt2a,Egr2,Rnf40	0.0	0.0			0.007474386166519462	0.001613509137676399	0.0013880396302436578	0.16777272727272727	1
pooled	development_LOPO17	Rest	mean	Yy1,Arid2,Setd1b,Brd9,Znhit1,Kansl1,Pbrm1,Tfpt,Setdb1,Chd4,Srcap,Smarcd1,Dmap1,Kmt2a,Egr2,Rnf40	0.0	0.41688852445333596			0.00965871034063728	0.0031246927821816355	0.0014371154977194389	0.6031272727272727	1
pooled	development_LOPO17	Rest	mse_ridge	Yy1,Arid2,Setd1b,Brd9,Znhit1,Kansl1,Pbrm1,Tfpt,Setdb1,Chd4,Srcap,Smarcd1,Dmap1,Kmt2a,Egr2,Rnf40	0.0	0.4094787351895689			0.009979972328194512	0.0032694238503456117	0.0014814101339471505	0.6034090909090909	1
pooled	development_LOPO17	Rest	signed_rank_ridge	Yy1,Arid2,Setd1b,Brd9,Znhit1,Kansl1,Pbrm1,Tfpt,Setdb1,Chd4,Srcap,Smarcd1,Dmap1,Kmt2a,Egr2,Rnf40	0.0	0.3877954885138288			0.0072977173022356675	0.0065054631078826485	0.0013441131072056177	0.5751181818181819	1
pooled	development_LOPO17	Rest	shuffled_mse	Yy1,Arid2,Setd1b,Brd9,Znhit1,Kansl1,Pbrm1,Tfpt,Setdb1,Chd4,Srcap,Smarcd1,Dmap1,Kmt2a,Egr2,Rnf40	0.0	0.3909534903260537			0.009175108820960513	0.0030063005717349406	0.001408404107122843	0.5968545454545454	1
pooled	development_LOPO17	Rest	shuffled_rank	Yy1,Arid2,Setd1b,Brd9,Znhit1,Kansl1,Pbrm1,Tfpt,Setdb1,Chd4,Srcap,Smarcd1,Dmap1,Kmt2a,Egr2,Rnf40	0.0	0.35923835441347574			0.007340508072632912	0.006425779734452756	0.0013276189832473243	0.5589818181818181	1
pooled	development_LOPO17	Rest	retained	Yy1,Arid2,Setd1b,Brd9,Znhit1,Kansl1,Pbrm1,Tfpt,Setdb1,Chd4,Srcap,Smarcd1,Dmap1,Kmt2a,Egr2,Rnf40	0.0	0.376961196875008			0.008430628176208451	0.0027713347766163596	0.001311159200994819	0.7075	1
pooled	development_LOPO17	Dmap1	identity	Yy1,Arid2,Setd1b,Brd9,Znhit1,Kansl1,Pbrm1,Tfpt,Setdb1,Chd4,Srcap,Smarcd1,Rest,Kmt2a,Egr2,Rnf40	0.0	0.0	6.907755278982137	0.0	0.048576614349651034	0.005132114677373949	0.005885896210858929	0.16777272727272727	8
pooled	development_LOPO17	Dmap1	mean	Yy1,Arid2,Setd1b,Brd9,Znhit1,Kansl1,Pbrm1,Tfpt,Setdb1,Chd4,Srcap,Smarcd1,Rest,Kmt2a,Egr2,Rnf40	0.125	0.1635903460294396	6.907755278982137	-0.2378	0.053485446307366305	0.006510876871814274	0.005997810759967818	0.6109	8
pooled	development_LOPO17	Dmap1	mse_ridge	Yy1,Arid2,Setd1b,Brd9,Znhit1,Kansl1,Pbrm1,Tfpt,Setdb1,Chd4,Srcap,Smarcd1,Rest,Kmt2a,Egr2,Rnf40	0.25	0.18414119918036276	6.907755278982137	-0.2519	0.05339617837556234	0.006537285429034922	0.005879587845803395	0.5957181818181818	8
pooled	development_LOPO17	Dmap1	signed_rank_ridge	Yy1,Arid2,Setd1b,Brd9,Znhit1,Kansl1,Pbrm1,Tfpt,Setdb1,Chd4,Srcap,Smarcd1,Rest,Kmt2a,Egr2,Rnf40	0.125	0.1884399801583593	6.907755278982137	0.0042	0.05040701648578959	0.009851811232733921	0.005928938144015853	0.5675909090909091	8
pooled	development_LOPO17	Dmap1	shuffled_mse	Yy1,Arid2,Setd1b,Brd9,Znhit1,Kansl1,Pbrm1,Tfpt,Setdb1,Chd4,Srcap,Smarcd1,Rest,Kmt2a,Egr2,Rnf40	0.125	0.16245941965000124	6.907755278982137	-0.3036	0.05532632592584937	0.006485622276770448	0.0062082956497654	0.5888363636363636	8
pooled	development_LOPO17	Dmap1	shuffled_rank	Yy1,Arid2,Setd1b,Brd9,Znhit1,Kansl1,Pbrm1,Tfpt,Setdb1,Chd4,Srcap,Smarcd1,Rest,Kmt2a,Egr2,Rnf40	0.125	0.16383077919224576	6.907755278982137	-0.013	0.05047217134252541	0.009825661533041014	0.005962869512154077	0.5541545454545455	8
pooled	development_LOPO17	Dmap1	retained	Yy1,Arid2,Setd1b,Brd9,Znhit1,Kansl1,Pbrm1,Tfpt,Setdb1,Chd4,Srcap,Smarcd1,Rest,Kmt2a,Egr2,Rnf40	0.5	0.35665101966413165	1.3751421272845044	0.5423	0.04633851415417613	0.005884462374663181	0.004550079522806669	0.5757727272727273	8
pooled	development_LOPO17	Kmt2a	identity	Yy1,Arid2,Setd1b,Brd9,Znhit1,Kansl1,Pbrm1,Tfpt,Setdb1,Chd4,Srcap,Smarcd1,Rest,Dmap1,Egr2,Rnf40	0.0	0.0	6.907755278982137	0.0	0.03808095108112577	0.005663748996281871	0.0052920537429351055	0.16777272727272727	12
pooled	development_LOPO17	Kmt2a	mean	Yy1,Arid2,Setd1b,Brd9,Znhit1,Kansl1,Pbrm1,Tfpt,Setdb1,Chd4,Srcap,Smarcd1,Rest,Dmap1,Egr2,Rnf40	0.11111111111111109	0.320938067417678	1.7877565777295514	0.2491	0.034238123946836216	0.0072676144648275145	0.004439052627960637	0.6038636363636364	12
pooled	development_LOPO17	Kmt2a	mse_ridge	Yy1,Arid2,Setd1b,Brd9,Znhit1,Kansl1,Pbrm1,Tfpt,Setdb1,Chd4,Srcap,Smarcd1,Rest,Dmap1,Egr2,Rnf40	0.11111111111111109	0.3355313655404811	1.565187530960042	0.2747	0.033076480599500704	0.007091889568790327	0.004194186914340909	0.6018727272727272	12
pooled	development_LOPO17	Kmt2a	signed_rank_ridge	Yy1,Arid2,Setd1b,Brd9,Znhit1,Kansl1,Pbrm1,Tfpt,Setdb1,Chd4,Srcap,Smarcd1,Rest,Dmap1,Egr2,Rnf40	0.0	0.35908804998199795	2.9858665489083145	0.437	0.03614257005317724	0.011171576059067757	0.004957078285910677	0.5744727272727272	12
pooled	development_LOPO17	Kmt2a	shuffled_mse	Yy1,Arid2,Setd1b,Brd9,Znhit1,Kansl1,Pbrm1,Tfpt,Setdb1,Chd4,Srcap,Smarcd1,Rest,Dmap1,Egr2,Rnf40	0.11111111111111109	0.3290728008564836	1.5373464764880276	0.3013	0.032745055405572106	0.007554327425382939	0.004268424331356903	0.6199818181818182	12
pooled	development_LOPO17	Kmt2a	shuffled_rank	Yy1,Arid2,Setd1b,Brd9,Znhit1,Kansl1,Pbrm1,Tfpt,Setdb1,Chd4,Srcap,Smarcd1,Rest,Dmap1,Egr2,Rnf40	0.0	0.34405090656223364	3.188055313063051	0.4961	0.0364621887199482	0.011093238818491575	0.004989978043053611	0.5875	12
pooled	development_LOPO17	Kmt2a	retained	Yy1,Arid2,Setd1b,Brd9,Znhit1,Kansl1,Pbrm1,Tfpt,Setdb1,Chd4,Srcap,Smarcd1,Rest,Dmap1,Egr2,Rnf40	0.11111111111111109	0.31815521814637876	1.6895369132242635	0.278	0.037085746063947114	0.009007173539863536	0.004493661348962362	0.6220363636363636	12
pooled	development_LOPO17	Egr2	identity	Yy1,Arid2,Setd1b,Brd9,Znhit1,Kansl1,Pbrm1,Tfpt,Setdb1,Chd4,Srcap,Smarcd1,Rest,Dmap1,Kmt2a,Rnf40	0.0	0.0			0.012902516009210902	0.001913772776263753	0.001887817508085941	0.16777272727272727	2
pooled	development_LOPO17	Egr2	mean	Yy1,Arid2,Setd1b,Brd9,Znhit1,Kansl1,Pbrm1,Tfpt,Setdb1,Chd4,Srcap,Smarcd1,Rest,Dmap1,Kmt2a,Rnf40	0.0	0.46305094984307293			0.013661814235725673	0.0031726733799550917	0.0020104726166756738	0.6051727272727273	2
pooled	development_LOPO17	Egr2	mse_ridge	Yy1,Arid2,Setd1b,Brd9,Znhit1,Kansl1,Pbrm1,Tfpt,Setdb1,Chd4,Srcap,Smarcd1,Rest,Dmap1,Kmt2a,Rnf40	0.0	0.42095075690819156			0.01602422672429928	0.003552074699529596	0.0024059985571482085	0.6116909090909091	2
pooled	development_LOPO17	Egr2	signed_rank_ridge	Yy1,Arid2,Setd1b,Brd9,Znhit1,Kansl1,Pbrm1,Tfpt,Setdb1,Chd4,Srcap,Smarcd1,Rest,Dmap1,Kmt2a,Rnf40	0.0	0.3937855706265004			0.013163188982078097	0.006700885449690288	0.0019583471813763554	0.5829272727272727	2
pooled	development_LOPO17	Egr2	shuffled_mse	Yy1,Arid2,Setd1b,Brd9,Znhit1,Kansl1,Pbrm1,Tfpt,Setdb1,Chd4,Srcap,Smarcd1,Rest,Dmap1,Kmt2a,Rnf40	0.0	0.48939967594386385			0.013521966450093662	0.0033470355062479623	0.001975034345322311	0.6095181818181818	2
pooled	development_LOPO17	Egr2	shuffled_rank	Yy1,Arid2,Setd1b,Brd9,Znhit1,Kansl1,Pbrm1,Tfpt,Setdb1,Chd4,Srcap,Smarcd1,Rest,Dmap1,Kmt2a,Rnf40	0.0	0.46080985464662716			0.012671113461462751	0.006672514637044478	0.0018886536572678986	0.5786909090909091	2
pooled	development_LOPO17	Egr2	retained	Yy1,Arid2,Setd1b,Brd9,Znhit1,Kansl1,Pbrm1,Tfpt,Setdb1,Chd4,Srcap,Smarcd1,Rest,Dmap1,Kmt2a,Rnf40	0.0	0.44398769131542687			0.012736606158063999	0.0028120187699891366	0.001866604184733169	0.5968818181818182	2
pooled	development_LOPO17	Rnf40	identity	Yy1,Arid2,Setd1b,Brd9,Znhit1,Kansl1,Pbrm1,Tfpt,Setdb1,Chd4,Srcap,Smarcd1,Rest,Dmap1,Kmt2a,Egr2	0.0	0.0	6.907755278982137	0.0	0.07963341865158044	0.006727031064642929	0.010509670195996426	0.16777272727272727	13
pooled	development_LOPO17	Rnf40	mean	Yy1,Arid2,Setd1b,Brd9,Znhit1,Kansl1,Pbrm1,Tfpt,Setdb1,Chd4,Srcap,Smarcd1,Rest,Dmap1,Kmt2a,Egr2	0.6666666666666667	0.4242917691032725	1.837284244156139	0.6516	0.06538064296105886	0.0066573749685085205	0.008015282436374945	0.609	13
pooled	development_LOPO17	Rnf40	mse_ridge	Yy1,Arid2,Setd1b,Brd9,Znhit1,Kansl1,Pbrm1,Tfpt,Setdb1,Chd4,Srcap,Smarcd1,Rest,Dmap1,Kmt2a,Egr2	0.4444444444444445	0.42904918788193847	2.077040878114773	0.562	0.06806821482136075	0.007190725908516726	0.00848787773665561	0.6146272727272727	13
pooled	development_LOPO17	Rnf40	signed_rank_ridge	Yy1,Arid2,Setd1b,Brd9,Znhit1,Kansl1,Pbrm1,Tfpt,Setdb1,Chd4,Srcap,Smarcd1,Rest,Dmap1,Kmt2a,Egr2	0.11111111111111112	0.39017329579700866	3.3618861334847647	0.478	0.07602781761405374	0.011145890406121937	0.009911328076229733	0.5863454545454545	13
pooled	development_LOPO17	Rnf40	shuffled_mse	Yy1,Arid2,Setd1b,Brd9,Znhit1,Kansl1,Pbrm1,Tfpt,Setdb1,Chd4,Srcap,Smarcd1,Rest,Dmap1,Kmt2a,Egr2	0.6666666666666667	0.4118522257376701	1.73537149223508	0.6207	0.06431730923542507	0.007097132450268735	0.007821738635423256	0.6093272727272727	13
pooled	development_LOPO17	Rnf40	shuffled_rank	Yy1,Arid2,Setd1b,Brd9,Znhit1,Kansl1,Pbrm1,Tfpt,Setdb1,Chd4,Srcap,Smarcd1,Rest,Dmap1,Kmt2a,Egr2	0.33333333333333326	0.3926141005858549	3.511492587918582	0.6647	0.07674326062259643	0.011038583109529947	0.010006721317504066	0.5778090909090909	13
pooled	development_LOPO17	Rnf40	retained	Yy1,Arid2,Setd1b,Brd9,Znhit1,Kansl1,Pbrm1,Tfpt,Setdb1,Chd4,Srcap,Smarcd1,Rest,Dmap1,Kmt2a,Egr2	0.5555555555555555	0.4118824201736452	2.204829509113606	0.6475	0.06957200112083683	0.006696461572010476	0.008729328433140126	0.6565	13
pooled	historical_holdout9	Brd7	identity	Yy1,Arid2,Setd1b,Brd9,Znhit1,Kansl1,Pbrm1,Tfpt,Setdb1,Chd4,Srcap,Smarcd1,Rest,Dmap1,Kmt2a,Egr2,Rnf40	0.0	0.0			0.010477941191399862	0.0014190534798422735	0.0017403241857741434	0.16777272727272727	2
pooled	historical_holdout9	Brd7	mean	Yy1,Arid2,Setd1b,Brd9,Znhit1,Kansl1,Pbrm1,Tfpt,Setdb1,Chd4,Srcap,Smarcd1,Rest,Dmap1,Kmt2a,Egr2,Rnf40	0.0	0.34819191601981514			0.012054079711878784	0.0033503757836998776	0.001738083720870561	0.6120545454545454	2
pooled	historical_holdout9	Brd7	mse_ridge	Yy1,Arid2,Setd1b,Brd9,Znhit1,Kansl1,Pbrm1,Tfpt,Setdb1,Chd4,Srcap,Smarcd1,Rest,Dmap1,Kmt2a,Egr2,Rnf40	0.5	0.5250545667527288			0.006407909806946488	0.0023686088028515876	0.0010242097521482288	0.5948272727272728	2
pooled	historical_holdout9	Brd7	signed_rank_ridge	Yy1,Arid2,Setd1b,Brd9,Znhit1,Kansl1,Pbrm1,Tfpt,Setdb1,Chd4,Srcap,Smarcd1,Rest,Dmap1,Kmt2a,Egr2,Rnf40	0.0	0.5064557040313432			0.008987442063057873	0.006255967148066594	0.0015313836433658314	0.5663363636363636	2
pooled	historical_holdout9	Brd7	shuffled_mse	Yy1,Arid2,Setd1b,Brd9,Znhit1,Kansl1,Pbrm1,Tfpt,Setdb1,Chd4,Srcap,Smarcd1,Rest,Dmap1,Kmt2a,Egr2,Rnf40	0.5	0.3357369499887162			0.011996332080204281	0.0044144178737307175	0.0018112190968540651	0.6277363636363636	2
pooled	historical_holdout9	Brd7	shuffled_rank	Yy1,Arid2,Setd1b,Brd9,Znhit1,Kansl1,Pbrm1,Tfpt,Setdb1,Chd4,Srcap,Smarcd1,Rest,Dmap1,Kmt2a,Egr2,Rnf40	0.0	0.3071759715769059			0.010461286202037212	0.006964565528563327	0.0017639781395263903	0.6001363636363637	2
pooled	historical_holdout9	Brd7	retained	Yy1,Arid2,Setd1b,Brd9,Znhit1,Kansl1,Pbrm1,Tfpt,Setdb1,Chd4,Srcap,Smarcd1,Rest,Dmap1,Kmt2a,Egr2,Rnf40	0.0	0.31804420979751413			0.009006473549987931	0.003309535445847452	0.001495846287598803	0.5855090909090909	2
pooled	historical_holdout9	Kat8	identity	Yy1,Arid2,Setd1b,Brd9,Znhit1,Kansl1,Pbrm1,Tfpt,Setdb1,Chd4,Srcap,Smarcd1,Rest,Dmap1,Kmt2a,Egr2,Rnf40	0.0	0.0	6.907755278982137	0.0	0.0324940614531507	0.004162673962163407	0.005199053643351089	0.16777272727272727	8
pooled	historical_holdout9	Kat8	mean	Yy1,Arid2,Setd1b,Brd9,Znhit1,Kansl1,Pbrm1,Tfpt,Setdb1,Chd4,Srcap,Smarcd1,Rest,Dmap1,Kmt2a,Egr2,Rnf40	0.0	0.47938625792292483	1.6942501682664115	0.1419	0.027039753046461678	0.005411284700956613	0.003887309828301225	0.6120545454545454	8
pooled	historical_holdout9	Kat8	mse_ridge	Yy1,Arid2,Setd1b,Brd9,Znhit1,Kansl1,Pbrm1,Tfpt,Setdb1,Chd4,Srcap,Smarcd1,Rest,Dmap1,Kmt2a,Egr2,Rnf40	0.0	0.5132703368152315	1.6488091491855388	0.5574	0.026158860596829148	0.005515286481251681	0.0037293444009111336	0.6234363636363637	8
pooled	historical_holdout9	Kat8	signed_rank_ridge	Yy1,Arid2,Setd1b,Brd9,Znhit1,Kansl1,Pbrm1,Tfpt,Setdb1,Chd4,Srcap,Smarcd1,Rest,Dmap1,Kmt2a,Egr2,Rnf40	-0.2	0.5190860381915294	2.9307276983348074	0.5521	0.030143179685190275	0.009245522941083224	0.0046751008878936065	0.5912	8
pooled	historical_holdout9	Kat8	shuffled_mse	Yy1,Arid2,Setd1b,Brd9,Znhit1,Kansl1,Pbrm1,Tfpt,Setdb1,Chd4,Srcap,Smarcd1,Rest,Dmap1,Kmt2a,Egr2,Rnf40	0.2	0.44891277453816814	1.7211482865030725	0.2125	0.027154003987205806	0.005419649693526321	0.003882125872829116	0.5978272727272728	8
pooled	historical_holdout9	Kat8	shuffled_rank	Yy1,Arid2,Setd1b,Brd9,Znhit1,Kansl1,Pbrm1,Tfpt,Setdb1,Chd4,Srcap,Smarcd1,Rest,Dmap1,Kmt2a,Egr2,Rnf40	-0.2	0.4123466897810191	3.0147941443309065	0.3698	0.030711374282507864	0.009183225430643779	0.004780078021641424	0.5683727272727273	8
pooled	historical_holdout9	Kat8	retained	Yy1,Arid2,Setd1b,Brd9,Znhit1,Kansl1,Pbrm1,Tfpt,Setdb1,Chd4,Srcap,Smarcd1,Rest,Dmap1,Kmt2a,Egr2,Rnf40	0.8	0.5738122928339471	0.9321859393158195	0.925	0.019672990599543055	0.004573985615482486	0.002463912008018068	0.5599727272727273	8
pooled	historical_holdout9	Kat5	identity	Yy1,Arid2,Setd1b,Brd9,Znhit1,Kansl1,Pbrm1,Tfpt,Setdb1,Chd4,Srcap,Smarcd1,Rest,Dmap1,Kmt2a,Egr2,Rnf40	0.0	0.0	6.907755278982137	0.0	0.10223138693255256	0.01058890175305927	0.014595757181208185	0.16777272727272727	22
pooled	historical_holdout9	Kat5	mean	Yy1,Arid2,Setd1b,Brd9,Znhit1,Kansl1,Pbrm1,Tfpt,Setdb1,Chd4,Srcap,Smarcd1,Rest,Dmap1,Kmt2a,Egr2,Rnf40	-0.07692307692307696	0.19574280112222492	6.907755278982137	-0.0808	0.0983286576835268	0.012217638526954587	0.013074004128531345	0.6120545454545454	22
pooled	historical_holdout9	Kat5	mse_ridge	Yy1,Arid2,Setd1b,Brd9,Znhit1,Kansl1,Pbrm1,Tfpt,Setdb1,Chd4,Srcap,Smarcd1,Rest,Dmap1,Kmt2a,Egr2,Rnf40	0.07692307692307687	0.2780632767402913	2.352794580020463	0.0662	0.09571090300561028	0.01166207268202732	0.012685938706989908	0.6211090909090909	22
pooled	historical_holdout9	Kat5	signed_rank_ridge	Yy1,Arid2,Setd1b,Brd9,Znhit1,Kansl1,Pbrm1,Tfpt,Setdb1,Chd4,Srcap,Smarcd1,Rest,Dmap1,Kmt2a,Egr2,Rnf40	-0.1538461538461539	0.27137506397836486	6.907755278982137	0.0065	0.10147429176584646	0.015551382915236582	0.014225703522299946	0.5771272727272727	22
pooled	historical_holdout9	Kat5	shuffled_mse	Yy1,Arid2,Setd1b,Brd9,Znhit1,Kansl1,Pbrm1,Tfpt,Setdb1,Chd4,Srcap,Smarcd1,Rest,Dmap1,Kmt2a,Egr2,Rnf40	0.0	0.18959824683031906	6.907755278982137	-0.0371	0.09958938848098213	0.01234393382796506	0.013361753660553935	0.5986181818181818	22
pooled	historical_holdout9	Kat5	shuffled_rank	Yy1,Arid2,Setd1b,Brd9,Znhit1,Kansl1,Pbrm1,Tfpt,Setdb1,Chd4,Srcap,Smarcd1,Rest,Dmap1,Kmt2a,Egr2,Rnf40	-0.23076923076923087	0.1939439943089285	6.907755278982137	-0.0579	0.10280744956610391	0.0159035469782575	0.014475751103464617	0.5512727272727272	22
pooled	historical_holdout9	Kat5	retained	Yy1,Arid2,Setd1b,Brd9,Znhit1,Kansl1,Pbrm1,Tfpt,Setdb1,Chd4,Srcap,Smarcd1,Rest,Dmap1,Kmt2a,Egr2,Rnf40	0.15384615384615383	0.40656741625315057	2.016498194704312	0.4476	0.09168908663736838	0.012519572987829526	0.012228842853074687	0.5931727272727273	22
pooled	historical_holdout9	Ino80	identity	Yy1,Arid2,Setd1b,Brd9,Znhit1,Kansl1,Pbrm1,Tfpt,Setdb1,Chd4,Srcap,Smarcd1,Rest,Dmap1,Kmt2a,Egr2,Rnf40	0.0	0.0	6.907755278982137	0.0	0.04465333730557732	0.003824858600413535	0.006343104317018769	0.16777272727272727	10
pooled	historical_holdout9	Ino80	mean	Yy1,Arid2,Setd1b,Brd9,Znhit1,Kansl1,Pbrm1,Tfpt,Setdb1,Chd4,Srcap,Smarcd1,Rest,Dmap1,Kmt2a,Egr2,Rnf40	0.24999999999999994	0.2540467890345403	1.4414941308282851	0.4872	0.031851844668920035	0.005801577973666601	0.00438834184091746	0.6120545454545454	10
pooled	historical_holdout9	Ino80	mse_ridge	Yy1,Arid2,Setd1b,Brd9,Znhit1,Kansl1,Pbrm1,Tfpt,Setdb1,Chd4,Srcap,Smarcd1,Rest,Dmap1,Kmt2a,Egr2,Rnf40	0.0	0.30652176773034345	1.0464489277159743	0.7519	0.025690082305413715	0.00567301972394311	0.0034045753773267167	0.5642909090909091	10
pooled	historical_holdout9	Ino80	signed_rank_ridge	Yy1,Arid2,Setd1b,Brd9,Znhit1,Kansl1,Pbrm1,Tfpt,Setdb1,Chd4,Srcap,Smarcd1,Rest,Dmap1,Kmt2a,Egr2,Rnf40	-0.24999999999999994	0.39569060310532506	2.908447362722777	0.1971	0.04099883458420719	0.009404836001476269	0.005710420305511042	0.536290909090909	10
pooled	historical_holdout9	Ino80	shuffled_mse	Yy1,Arid2,Setd1b,Brd9,Znhit1,Kansl1,Pbrm1,Tfpt,Setdb1,Chd4,Srcap,Smarcd1,Rest,Dmap1,Kmt2a,Egr2,Rnf40	0.24999999999999994	0.17962693465118887	1.8931613281317416	0.3001	0.03725963686456067	0.0062148475647766325	0.0052793084410378945	0.5857818181818182	10
pooled	historical_holdout9	Ino80	shuffled_rank	Yy1,Arid2,Setd1b,Brd9,Znhit1,Kansl1,Pbrm1,Tfpt,Setdb1,Chd4,Srcap,Smarcd1,Rest,Dmap1,Kmt2a,Egr2,Rnf40	-0.24999999999999994	0.2093045184857431	3.2621859966102464	0.235	0.0427640707417559	0.009966374188642924	0.00609968564573071	0.5580909090909091	10
pooled	historical_holdout9	Ino80	retained	Yy1,Arid2,Setd1b,Brd9,Znhit1,Kansl1,Pbrm1,Tfpt,Setdb1,Chd4,Srcap,Smarcd1,Rest,Dmap1,Kmt2a,Egr2,Rnf40	0.5000000000000001	0.4971814639543848	0.8633801903143694	0.5528	0.02188400265783726	0.003924866282420978	0.0028279177246788674	0.5405636363636364	10
pooled	historical_holdout9	Wdr82	identity	Yy1,Arid2,Setd1b,Brd9,Znhit1,Kansl1,Pbrm1,Tfpt,Setdb1,Chd4,Srcap,Smarcd1,Rest,Dmap1,Kmt2a,Egr2,Rnf40	0.0	0.0	6.907755278982137	0.0	0.1259371732288102	0.012086506592135116	0.016950524131714773	0.16777272727272727	23
pooled	historical_holdout9	Wdr82	mean	Yy1,Arid2,Setd1b,Brd9,Znhit1,Kansl1,Pbrm1,Tfpt,Setdb1,Chd4,Srcap,Smarcd1,Rest,Dmap1,Kmt2a,Egr2,Rnf40	0.30769230769230776	0.374649665877892	1.9641585562656578	0.6923	0.10603550859818944	0.012498201324626883	0.013329259302062845	0.6120545454545454	23
pooled	historical_holdout9	Wdr82	mse_ridge	Yy1,Arid2,Setd1b,Brd9,Znhit1,Kansl1,Pbrm1,Tfpt,Setdb1,Chd4,Srcap,Smarcd1,Rest,Dmap1,Kmt2a,Egr2,Rnf40	0.2307692307692307	0.31143308994307	1.9681946537503152	0.5569	0.10655997466964498	0.013430419653755268	0.013505343723995818	0.6249727272727272	23
pooled	historical_holdout9	Wdr82	signed_rank_ridge	Yy1,Arid2,Setd1b,Brd9,Znhit1,Kansl1,Pbrm1,Tfpt,Setdb1,Chd4,Srcap,Smarcd1,Rest,Dmap1,Kmt2a,Egr2,Rnf40	0.0	0.2846595010830445	3.630139369482312	0.2666	0.12225098433441794	0.017621174673061107	0.016242131827172965	0.5891363636363637	23
pooled	historical_holdout9	Wdr82	shuffled_mse	Yy1,Arid2,Setd1b,Brd9,Znhit1,Kansl1,Pbrm1,Tfpt,Setdb1,Chd4,Srcap,Smarcd1,Rest,Dmap1,Kmt2a,Egr2,Rnf40	0.07692307692307696	0.25815765277681463	2.1825766506697915	0.4891	0.11137611890552601	0.013384673719305466	0.01417698415735432	0.6070363636363636	23
pooled	historical_holdout9	Wdr82	shuffled_rank	Yy1,Arid2,Setd1b,Brd9,Znhit1,Kansl1,Pbrm1,Tfpt,Setdb1,Chd4,Srcap,Smarcd1,Rest,Dmap1,Kmt2a,Egr2,Rnf40	-0.07692307692307686	0.2765761742493743	3.7022190034184312	0.3596	0.12343991667089305	0.017326652784263995	0.01636195067070939	0.5855454545454546	23
pooled	historical_holdout9	Wdr82	retained	Yy1,Arid2,Setd1b,Brd9,Znhit1,Kansl1,Pbrm1,Tfpt,Setdb1,Chd4,Srcap,Smarcd1,Rest,Dmap1,Kmt2a,Egr2,Rnf40	0.3846153846153846	0.4076304582571309	2.5098498197564885	0.1158	0.12139571162439042	0.011924549155424392	0.015219910169408393	0.5755454545454546	23
pooled	historical_holdout9	Smarca4	identity	Yy1,Arid2,Setd1b,Brd9,Znhit1,Kansl1,Pbrm1,Tfpt,Setdb1,Chd4,Srcap,Smarcd1,Rest,Dmap1,Kmt2a,Egr2,Rnf40	0.0	0.0	6.907755278982137	0.0	0.0719966951445582	0.007227623870689072	0.00992491076362246	0.16777272727272727	15
pooled	historical_holdout9	Smarca4	mean	Yy1,Arid2,Setd1b,Brd9,Znhit1,Kansl1,Pbrm1,Tfpt,Setdb1,Chd4,Srcap,Smarcd1,Rest,Dmap1,Kmt2a,Egr2,Rnf40	0.11111111111111109	0.11535293489375242	1.922130542825476	0.6106	0.06230177454150754	0.0098728771807335	0.00792687997297118	0.6120545454545454	15
pooled	historical_holdout9	Smarca4	mse_ridge	Yy1,Arid2,Setd1b,Brd9,Znhit1,Kansl1,Pbrm1,Tfpt,Setdb1,Chd4,Srcap,Smarcd1,Rest,Dmap1,Kmt2a,Egr2,Rnf40	0.11111111111111109	0.1860477982602351	1.978158702962407	0.6087	0.06300697305027839	0.009526964872189514	0.008149937945955837	0.5844181818181818	15
pooled	historical_holdout9	Smarca4	signed_rank_ridge	Yy1,Arid2,Setd1b,Brd9,Znhit1,Kansl1,Pbrm1,Tfpt,Setdb1,Chd4,Srcap,Smarcd1,Rest,Dmap1,Kmt2a,Egr2,Rnf40	0.0	0.23707521049605304	3.5560788597155693	0.3199	0.07007186213130309	0.012970796687523318	0.009493235388376717	0.5550090909090909	15
pooled	historical_holdout9	Smarca4	shuffled_mse	Yy1,Arid2,Setd1b,Brd9,Znhit1,Kansl1,Pbrm1,Tfpt,Setdb1,Chd4,Srcap,Smarcd1,Rest,Dmap1,Kmt2a,Egr2,Rnf40	0.0	0.0548100915348579	2.0159352702892326	0.4012	0.06447840238102676	0.011988722244912393	0.008360553251120681	0.6194545454545455	15
pooled	historical_holdout9	Smarca4	shuffled_rank	Yy1,Arid2,Setd1b,Brd9,Znhit1,Kansl1,Pbrm1,Tfpt,Setdb1,Chd4,Srcap,Smarcd1,Rest,Dmap1,Kmt2a,Egr2,Rnf40	0.11111111111111109	0.107071656654058	3.371121329317132	0.3076	0.07037745523009556	0.014186998916402703	0.009521845128161682	0.5885363636363636	15
pooled	historical_holdout9	Smarca4	retained	Yy1,Arid2,Setd1b,Brd9,Znhit1,Kansl1,Pbrm1,Tfpt,Setdb1,Chd4,Srcap,Smarcd1,Rest,Dmap1,Kmt2a,Egr2,Rnf40	-0.11111111111111119	0.2074970217123613	2.1552466991045143	0.1915	0.0688957501126286	0.009725556945481332	0.00913707102263967	0.6379818181818182	15
pooled	historical_holdout9	Paxip1	identity	Yy1,Arid2,Setd1b,Brd9,Znhit1,Kansl1,Pbrm1,Tfpt,Setdb1,Chd4,Srcap,Smarcd1,Rest,Dmap1,Kmt2a,Egr2,Rnf40	0.0	0.0	6.907755278982137	0.0	0.044379109038844164	0.0058854798751474	0.0068004674375469485	0.16777272727272727	13
pooled	historical_holdout9	Paxip1	mean	Yy1,Arid2,Setd1b,Brd9,Znhit1,Kansl1,Pbrm1,Tfpt,Setdb1,Chd4,Srcap,Smarcd1,Rest,Dmap1,Kmt2a,Egr2,Rnf40	0.18181818181818182	0.1730749130043383	6.907755278982137	-0.0223	0.04693464982745847	0.008586470254400517	0.006692702617162435	0.6120545454545454	13
pooled	historical_holdout9	Paxip1	mse_ridge	Yy1,Arid2,Setd1b,Brd9,Znhit1,Kansl1,Pbrm1,Tfpt,Setdb1,Chd4,Srcap,Smarcd1,Rest,Dmap1,Kmt2a,Egr2,Rnf40	0.18181818181818182	0.18279205251157293	2.67773099484535	0.0326	0.0473286785509183	0.008566916661199735	0.006826377679653358	0.6011090909090909	13
pooled	historical_holdout9	Paxip1	signed_rank_ridge	Yy1,Arid2,Setd1b,Brd9,Znhit1,Kansl1,Pbrm1,Tfpt,Setdb1,Chd4,Srcap,Smarcd1,Rest,Dmap1,Kmt2a,Egr2,Rnf40	-0.09090909090909091	0.23727616641567936	6.907755278982137	-0.2009	0.04488391645145327	0.011381415479800528	0.006829600770068455	0.5653	13
pooled	historical_holdout9	Paxip1	shuffled_mse	Yy1,Arid2,Setd1b,Brd9,Znhit1,Kansl1,Pbrm1,Tfpt,Setdb1,Chd4,Srcap,Smarcd1,Rest,Dmap1,Kmt2a,Egr2,Rnf40	0.27272727272727276	0.18163954087108658	2.608795830276238	0.1807	0.044745196289717556	0.008837695425404609	0.006529695211970999	0.6144181818181819	13
pooled	historical_holdout9	Paxip1	shuffled_rank	Yy1,Arid2,Setd1b,Brd9,Znhit1,Kansl1,Pbrm1,Tfpt,Setdb1,Chd4,Srcap,Smarcd1,Rest,Dmap1,Kmt2a,Egr2,Rnf40	-0.09090909090909091	0.2970527906051844	4.13966404054077	0.1983	0.044187079414992225	0.012045736584779835	0.006766570549624063	0.5734090909090909	13
pooled	historical_holdout9	Paxip1	retained	Yy1,Arid2,Setd1b,Brd9,Znhit1,Kansl1,Pbrm1,Tfpt,Setdb1,Chd4,Srcap,Smarcd1,Rest,Dmap1,Kmt2a,Egr2,Rnf40	0.18181818181818182	0.22527905843536072	3.0306500750354335	0.0607	0.045597118937164074	0.008014678766024796	0.00663503118201565	0.6480818181818182	13
pooled	historical_holdout9	Hcfc1	identity	Yy1,Arid2,Setd1b,Brd9,Znhit1,Kansl1,Pbrm1,Tfpt,Setdb1,Chd4,Srcap,Smarcd1,Rest,Dmap1,Kmt2a,Egr2,Rnf40	0.0	0.0	6.907755278982137	0.0	0.06323087451904122	0.007819511979403984	0.008721756784562187	0.16777272727272727	18
pooled	historical_holdout9	Hcfc1	mean	Yy1,Arid2,Setd1b,Brd9,Znhit1,Kansl1,Pbrm1,Tfpt,Setdb1,Chd4,Srcap,Smarcd1,Rest,Dmap1,Kmt2a,Egr2,Rnf40	0.0625	0.3998525000985122	6.907755278982137	-0.0297	0.06410218560543766	0.0073542175205275374	0.00828346480882367	0.6120545454545454	18
pooled	historical_holdout9	Hcfc1	mse_ridge	Yy1,Arid2,Setd1b,Brd9,Znhit1,Kansl1,Pbrm1,Tfpt,Setdb1,Chd4,Srcap,Smarcd1,Rest,Dmap1,Kmt2a,Egr2,Rnf40	0.31250000000000006	0.49112435536432614	2.252381827882593	0.2238	0.05861353260721445	0.006942627956522242	0.007478408086129282	0.6192454545454545	18
pooled	historical_holdout9	Hcfc1	signed_rank_ridge	Yy1,Arid2,Setd1b,Brd9,Znhit1,Kansl1,Pbrm1,Tfpt,Setdb1,Chd4,Srcap,Smarcd1,Rest,Dmap1,Kmt2a,Egr2,Rnf40	0.125	0.5384183878981506	3.381282787740784	0.2568	0.060549709676441535	0.010461303564774798	0.008069224483350769	0.5792272727272727	18
pooled	historical_holdout9	Hcfc1	shuffled_mse	Yy1,Arid2,Setd1b,Brd9,Znhit1,Kansl1,Pbrm1,Tfpt,Setdb1,Chd4,Srcap,Smarcd1,Rest,Dmap1,Kmt2a,Egr2,Rnf40	0.18750000000000003	0.37945435159823643	3.1140012873882967	0.0409	0.06426526659816034	0.007637499129794923	0.008328605524409694	0.6008272727272728	18
pooled	historical_holdout9	Hcfc1	shuffled_rank	Yy1,Arid2,Setd1b,Brd9,Znhit1,Kansl1,Pbrm1,Tfpt,Setdb1,Chd4,Srcap,Smarcd1,Rest,Dmap1,Kmt2a,Egr2,Rnf40	0.0625	0.3827216216591192	4.100632636543962	0.0756	0.06271778401204738	0.011027644152827705	0.00843586767506027	0.5649727272727273	18
pooled	historical_holdout9	Hcfc1	retained	Yy1,Arid2,Setd1b,Brd9,Znhit1,Kansl1,Pbrm1,Tfpt,Setdb1,Chd4,Srcap,Smarcd1,Rest,Dmap1,Kmt2a,Egr2,Rnf40	0.43750000000000006	0.4833190027566871	1.874192031868608	0.3347	0.056222626532584176	0.006319399642060947	0.006872739929095808	0.5619909090909091	18
pooled	historical_holdout9	Yeats4	identity	Yy1,Arid2,Setd1b,Brd9,Znhit1,Kansl1,Pbrm1,Tfpt,Setdb1,Chd4,Srcap,Smarcd1,Rest,Dmap1,Kmt2a,Egr2,Rnf40	0.0	0.0	6.907755278982137	0.0	0.01902545909854416	0.0021745394704600234	0.002308074832920866	0.16777272727272727	5
pooled	historical_holdout9	Yeats4	mean	Yy1,Arid2,Setd1b,Brd9,Znhit1,Kansl1,Pbrm1,Tfpt,Setdb1,Chd4,Srcap,Smarcd1,Rest,Dmap1,Kmt2a,Egr2,Rnf40	0.4	0.38306386368029055	1.3494876524954926	0.5706	0.01909275933119249	0.003277642612693211	0.0020530877331399033	0.6120545454545454	5
pooled	historical_holdout9	Yeats4	mse_ridge	Yy1,Arid2,Setd1b,Brd9,Znhit1,Kansl1,Pbrm1,Tfpt,Setdb1,Chd4,Srcap,Smarcd1,Rest,Dmap1,Kmt2a,Egr2,Rnf40	0.6	0.4673676176345571	0.922001055715602	0.7469	0.01666640456607038	0.00287705287062461	0.0016679468916171933	0.5949727272727273	5
pooled	historical_holdout9	Yeats4	signed_rank_ridge	Yy1,Arid2,Setd1b,Brd9,Znhit1,Kansl1,Pbrm1,Tfpt,Setdb1,Chd4,Srcap,Smarcd1,Rest,Dmap1,Kmt2a,Egr2,Rnf40	0.0	0.420791662057457	2.6228924379411596	0.6596	0.01852195196713121	0.00665311919761976	0.0021586979934921304	0.5651545454545455	5
pooled	historical_holdout9	Yeats4	shuffled_mse	Yy1,Arid2,Setd1b,Brd9,Znhit1,Kansl1,Pbrm1,Tfpt,Setdb1,Chd4,Srcap,Smarcd1,Rest,Dmap1,Kmt2a,Egr2,Rnf40	0.8	0.4951749717031526	1.1440028007118859	0.7134	0.016673744435711745	0.003000670417150809	0.0017527491140675	0.6131727272727273	5
pooled	historical_holdout9	Yeats4	shuffled_rank	Yy1,Arid2,Setd1b,Brd9,Znhit1,Kansl1,Pbrm1,Tfpt,Setdb1,Chd4,Srcap,Smarcd1,Rest,Dmap1,Kmt2a,Egr2,Rnf40	0.2	0.4226448226315287	2.796308471319461	0.7144	0.018830989179723423	0.0066892130377668845	0.0022108446714929767	0.5766272727272728	5
pooled	historical_holdout9	Yeats4	retained	Yy1,Arid2,Setd1b,Brd9,Znhit1,Kansl1,Pbrm1,Tfpt,Setdb1,Chd4,Srcap,Smarcd1,Rest,Dmap1,Kmt2a,Egr2,Rnf40	0.8	0.5251108682859831	0.35724372013752803	0.863	0.010232901715178513	0.003605075223670014	0.0008787476334067216	0.6183090909090909	5
sample0_to_1	development_LOPO17	Yy1	identity	Arid2,Setd1b,Brd9,Znhit1,Kansl1,Pbrm1,Tfpt,Setdb1,Chd4,Srcap,Smarcd1,Rest,Dmap1,Kmt2a,Egr2,Rnf40	0.0	0.0	6.907755278982137	0.0	0.10202723873913763	0.011549912455530746	0.015176049096701854	0.16088235294117648	17
sample0_to_1	development_LOPO17	Yy1	mean	Arid2,Setd1b,Brd9,Znhit1,Kansl1,Pbrm1,Tfpt,Setdb1,Chd4,Srcap,Smarcd1,Rest,Dmap1,Kmt2a,Egr2,Rnf40	-0.11111111111111113	0.026754363804459606	2.736189205711139	0.135	0.10050822556173648	0.016890340895504913	0.014195096616021557	0.6181372549019608	17
sample0_to_1	development_LOPO17	Yy1	mse_ridge	Arid2,Setd1b,Brd9,Znhit1,Kansl1,Pbrm1,Tfpt,Setdb1,Chd4,Srcap,Smarcd1,Rest,Dmap1,Kmt2a,Egr2,Rnf40	0.0	0.04808499803227745	3.1630612624514622	0.0675	0.10240077983461504	0.01764388972363338	0.014774184193216735	0.6182745098039216	17
sample0_to_1	development_LOPO17	Yy1	signed_rank_ridge	Arid2,Setd1b,Brd9,Znhit1,Kansl1,Pbrm1,Tfpt,Setdb1,Chd4,Srcap,Smarcd1,Rest,Dmap1,Kmt2a,Egr2,Rnf40	-0.22222222222222215	0.03820318638170408	6.907755278982137	-0.0214	0.10231269147874858	0.020650012876686247	0.015215388692148323	0.5786274509803921	17
sample0_to_1	development_LOPO17	Yy1	shuffled_mse	Arid2,Setd1b,Brd9,Znhit1,Kansl1,Pbrm1,Tfpt,Setdb1,Chd4,Srcap,Smarcd1,Rest,Dmap1,Kmt2a,Egr2,Rnf40	0.11111111111111113	0.05407430930722487	2.126010625943105	0.2631	0.09476354748384833	0.01659897585806986	0.0128428878798966	0.6164313725490196	17
sample0_to_1	development_LOPO17	Yy1	shuffled_rank	Arid2,Setd1b,Brd9,Znhit1,Kansl1,Pbrm1,Tfpt,Setdb1,Chd4,Srcap,Smarcd1,Rest,Dmap1,Kmt2a,Egr2,Rnf40	0.11111111111111113	0.06417744501095857	3.8521164137724093	0.038	0.10105719194970306	0.020300863471464703	0.01488490445299514	0.5845882352941176	17
sample0_to_1	development_LOPO17	Yy1	retained	Arid2,Setd1b,Brd9,Znhit1,Kansl1,Pbrm1,Tfpt,Setdb1,Chd4,Srcap,Smarcd1,Rest,Dmap1,Kmt2a,Egr2,Rnf40	0.22222222222222227	0.10719402779632059	1.8499253670407882	0.4281	0.09002324962427433	0.01415553467908191	0.011720520094032781	0.5988039215686275	17
sample0_to_1	development_LOPO17	Arid2	identity	Yy1,Setd1b,Brd9,Znhit1,Kansl1,Pbrm1,Tfpt,Setdb1,Chd4,Srcap,Smarcd1,Rest,Dmap1,Kmt2a,Egr2,Rnf40	0.0	0.0	6.907755278982137	0.0	0.05416296264894871	0.006044927767572783	0.008452640839055161	0.16088235294117648	12
sample0_to_1	development_LOPO17	Arid2	mean	Yy1,Setd1b,Brd9,Znhit1,Kansl1,Pbrm1,Tfpt,Setdb1,Chd4,Srcap,Smarcd1,Rest,Dmap1,Kmt2a,Egr2,Rnf40	0.0	-0.08092307219956249	6.907755278982137	-0.1509	0.06812912798090984	0.010856477668325743	0.010178667302016007	0.6161960784313726	12
sample0_to_1	development_LOPO17	Arid2	mse_ridge	Yy1,Setd1b,Brd9,Znhit1,Kansl1,Pbrm1,Tfpt,Setdb1,Chd4,Srcap,Smarcd1,Rest,Dmap1,Kmt2a,Egr2,Rnf40	0.18181818181818185	0.07438399211005768	6.907755278982137	-0.4877	0.05780361991420289	0.008933105578232455	0.008650265804352483	0.5968039215686275	12
sample0_to_1	development_LOPO17	Arid2	signed_rank_ridge	Yy1,Setd1b,Brd9,Znhit1,Kansl1,Pbrm1,Tfpt,Setdb1,Chd4,Srcap,Smarcd1,Rest,Dmap1,Kmt2a,Egr2,Rnf40	0.18181818181818185	0.08029858784774671	6.907755278982137	-0.4452	0.055427066377161105	0.013750084949720572	0.008678681691513764	0.5785686274509804	12
sample0_to_1	development_LOPO17	Arid2	shuffled_mse	Yy1,Setd1b,Brd9,Znhit1,Kansl1,Pbrm1,Tfpt,Setdb1,Chd4,Srcap,Smarcd1,Rest,Dmap1,Kmt2a,Egr2,Rnf40	0.18181818181818185	-0.01049014245484112	6.907755278982137	-0.102	0.0658818278048198	0.00992786943529894	0.009692616553227609	0.5912156862745098	12
sample0_to_1	development_LOPO17	Arid2	shuffled_rank	Yy1,Setd1b,Brd9,Znhit1,Kansl1,Pbrm1,Tfpt,Setdb1,Chd4,Srcap,Smarcd1,Rest,Dmap1,Kmt2a,Egr2,Rnf40	0.09090909090909091	-0.007059395959122038	6.907755278982137	-0.1447	0.056863840923102794	0.013878914266433687	0.008790464348446256	0.5704901960784313	12
sample0_to_1	development_LOPO17	Arid2	retained	Yy1,Setd1b,Brd9,Znhit1,Kansl1,Pbrm1,Tfpt,Setdb1,Chd4,Srcap,Smarcd1,Rest,Dmap1,Kmt2a,Egr2,Rnf40	0.6363636363636364	0.2772579782813553	1.3881221743972787	0.5982	0.04251426249579476	0.008052534340952216	0.00620512930584111	0.6065294117647059	12
sample0_to_1	development_LOPO17	Setd1b	identity	Yy1,Arid2,Brd9,Znhit1,Kansl1,Pbrm1,Tfpt,Setdb1,Chd4,Srcap,Smarcd1,Rest,Dmap1,Kmt2a,Egr2,Rnf40	0.0	0.0	6.907755278982137	0.0	0.026603616384690453	0.003645748312803937	0.004116273867588119	0.16088235294117648	5
sample0_to_1	development_LOPO17	Setd1b	mean	Yy1,Arid2,Brd9,Znhit1,Kansl1,Pbrm1,Tfpt,Setdb1,Chd4,Srcap,Smarcd1,Rest,Dmap1,Kmt2a,Egr2,Rnf40	0.2	-0.041765780671155855	6.907755278982137	-0.2663	0.032526197411158295	0.007442497164183928	0.004561468123183447	0.6143725490196078	5
sample0_to_1	development_LOPO17	Setd1b	mse_ridge	Yy1,Arid2,Brd9,Znhit1,Kansl1,Pbrm1,Tfpt,Setdb1,Chd4,Srcap,Smarcd1,Rest,Dmap1,Kmt2a,Egr2,Rnf40	0.0	-0.05558256757471659	6.907755278982137	-0.5448	0.033765682928816675	0.007787192819834298	0.0047361576771732285	0.6045882352941176	5
sample0_to_1	development_LOPO17	Setd1b	signed_rank_ridge	Yy1,Arid2,Brd9,Znhit1,Kansl1,Pbrm1,Tfpt,Setdb1,Chd4,Srcap,Smarcd1,Rest,Dmap1,Kmt2a,Egr2,Rnf40	0.0	-0.018041999471693486	6.907755278982137	-1.036	0.027589967979019102	0.011126709540940718	0.00438113029084551	0.5836078431372549	5
sample0_to_1	development_LOPO17	Setd1b	shuffled_mse	Yy1,Arid2,Brd9,Znhit1,Kansl1,Pbrm1,Tfpt,Setdb1,Chd4,Srcap,Smarcd1,Rest,Dmap1,Kmt2a,Egr2,Rnf40	0.2	-0.021412381217320635	6.907755278982137	-0.4385	0.032635192179069336	0.00692471144158835	0.004562748602577236	0.5975882352941176	5
sample0_to_1	development_LOPO17	Setd1b	shuffled_rank	Yy1,Arid2,Brd9,Znhit1,Kansl1,Pbrm1,Tfpt,Setdb1,Chd4,Srcap,Smarcd1,Rest,Dmap1,Kmt2a,Egr2,Rnf40	0.0	-0.0048119153283038415	3.4503658710914027	0.1076	0.027516500098654573	0.011229929133509252	0.0043823828759660685	0.5703725490196079	5
sample0_to_1	development_LOPO17	Setd1b	retained	Yy1,Arid2,Brd9,Znhit1,Kansl1,Pbrm1,Tfpt,Setdb1,Chd4,Srcap,Smarcd1,Rest,Dmap1,Kmt2a,Egr2,Rnf40	0.2	-0.038618759057627815	2.796366439622685	0.0254	0.03014674768490407	0.006672178060815151	0.0043380296783854175	0.7266274509803922	5
sample0_to_1	development_LOPO17	Brd9	identity	Yy1,Arid2,Setd1b,Znhit1,Kansl1,Pbrm1,Tfpt,Setdb1,Chd4,Srcap,Smarcd1,Rest,Dmap1,Kmt2a,Egr2,Rnf40	0.0	0.0			0.013649335398582943	0.002506155701015654	0.002620398075666812	0.16088235294117648	3
sample0_to_1	development_LOPO17	Brd9	mean	Yy1,Arid2,Setd1b,Znhit1,Kansl1,Pbrm1,Tfpt,Setdb1,Chd4,Srcap,Smarcd1,Rest,Dmap1,Kmt2a,Egr2,Rnf40	0.0	0.03269075643241792			0.017889925167452757	0.005790419829206178	0.003192282538493014	0.6014705882352941	3
sample0_to_1	development_LOPO17	Brd9	mse_ridge	Yy1,Arid2,Setd1b,Znhit1,Kansl1,Pbrm1,Tfpt,Setdb1,Chd4,Srcap,Smarcd1,Rest,Dmap1,Kmt2a,Egr2,Rnf40	0.0	0.07161636850425976			0.01809412459962258	0.005929661176690726	0.0032573203028478	0.6085098039215686	3
sample0_to_1	development_LOPO17	Brd9	signed_rank_ridge	Yy1,Arid2,Setd1b,Znhit1,Kansl1,Pbrm1,Tfpt,Setdb1,Chd4,Srcap,Smarcd1,Rest,Dmap1,Kmt2a,Egr2,Rnf40	0.0	0.04281694946978903			0.014511106397672186	0.009256771267569845	0.002841278902955801	0.5733725490196079	3
sample0_to_1	development_LOPO17	Brd9	shuffled_mse	Yy1,Arid2,Setd1b,Znhit1,Kansl1,Pbrm1,Tfpt,Setdb1,Chd4,Srcap,Smarcd1,Rest,Dmap1,Kmt2a,Egr2,Rnf40	0.0	0.038259317574123757			0.0173792935499476	0.005956660792092543	0.003145792274744964	0.6149019607843137	3
sample0_to_1	development_LOPO17	Brd9	shuffled_rank	Yy1,Arid2,Setd1b,Znhit1,Kansl1,Pbrm1,Tfpt,Setdb1,Chd4,Srcap,Smarcd1,Rest,Dmap1,Kmt2a,Egr2,Rnf40	0.0	0.032438128196657715			0.014307753373869872	0.009247997819433118	0.0028177387202418407	0.5768039215686275	3
sample0_to_1	development_LOPO17	Brd9	retained	Yy1,Arid2,Setd1b,Znhit1,Kansl1,Pbrm1,Tfpt,Setdb1,Chd4,Srcap,Smarcd1,Rest,Dmap1,Kmt2a,Egr2,Rnf40	0.3333333333333333	0.13891084060829673			0.0113717832116824	0.004673215823509544	0.002021343961939936	0.6224509803921568	3
sample0_to_1	development_LOPO17	Znhit1	identity	Yy1,Arid2,Setd1b,Brd9,Kansl1,Pbrm1,Tfpt,Setdb1,Chd4,Srcap,Smarcd1,Rest,Dmap1,Kmt2a,Egr2,Rnf40	0.0	0.0			0.017255235069384412	0.002327065219810394	0.00207581741189858	0.16088235294117648	1
sample0_to_1	development_LOPO17	Znhit1	mean	Yy1,Arid2,Setd1b,Brd9,Kansl1,Pbrm1,Tfpt,Setdb1,Chd4,Srcap,Smarcd1,Rest,Dmap1,Kmt2a,Egr2,Rnf40	0.0	0.043628988197081754			0.022731523084303578	0.005155068733279009	0.0026332461108225106	0.6058235294117648	1
sample0_to_1	development_LOPO17	Znhit1	mse_ridge	Yy1,Arid2,Setd1b,Brd9,Kansl1,Pbrm1,Tfpt,Setdb1,Chd4,Srcap,Smarcd1,Rest,Dmap1,Kmt2a,Egr2,Rnf40	0.0	0.009114332756980346			0.02259668860847012	0.005690580937026604	0.002707237799549329	0.6075294117647059	1
sample0_to_1	development_LOPO17	Znhit1	signed_rank_ridge	Yy1,Arid2,Setd1b,Brd9,Kansl1,Pbrm1,Tfpt,Setdb1,Chd4,Srcap,Smarcd1,Rest,Dmap1,Kmt2a,Egr2,Rnf40	0.0	-0.030574437157160888			0.019032615898975824	0.009273838737194043	0.0024802146173992334	0.5745686274509804	1
sample0_to_1	development_LOPO17	Znhit1	shuffled_mse	Yy1,Arid2,Setd1b,Brd9,Kansl1,Pbrm1,Tfpt,Setdb1,Chd4,Srcap,Smarcd1,Rest,Dmap1,Kmt2a,Egr2,Rnf40	0.0	0.08213432786805148			0.022932230635940392	0.0054039260112265656	0.002580933519450781	0.6235882352941177	1
sample0_to_1	development_LOPO17	Znhit1	shuffled_rank	Yy1,Arid2,Setd1b,Brd9,Kansl1,Pbrm1,Tfpt,Setdb1,Chd4,Srcap,Smarcd1,Rest,Dmap1,Kmt2a,Egr2,Rnf40	0.0	0.038528333886245957			0.018428643673048896	0.009066914839135205	0.002346357931889327	0.5882745098039216	1
sample0_to_1	development_LOPO17	Znhit1	retained	Yy1,Arid2,Setd1b,Brd9,Kansl1,Pbrm1,Tfpt,Setdb1,Chd4,Srcap,Smarcd1,Rest,Dmap1,Kmt2a,Egr2,Rnf40	1.0	0.18346504204010283			0.024042966046225616	0.004861553066776809	0.0024628428247286077	0.5872745098039216	1
sample0_to_1	development_LOPO17	Kansl1	identity	Yy1,Arid2,Setd1b,Brd9,Znhit1,Pbrm1,Tfpt,Setdb1,Chd4,Srcap,Smarcd1,Rest,Dmap1,Kmt2a,Egr2,Rnf40	0.0	0.0			0.03236915482895693	0.0031349442384506006	0.003353705900813412	0.16088235294117648	2
sample0_to_1	development_LOPO17	Kansl1	mean	Yy1,Arid2,Setd1b,Brd9,Znhit1,Pbrm1,Tfpt,Setdb1,Chd4,Srcap,Smarcd1,Rest,Dmap1,Kmt2a,Egr2,Rnf40	0.0	0.09622886053001845			0.03450059304864105	0.006308813659993862	0.002902795915167779	0.6065490196078431	2
sample0_to_1	development_LOPO17	Kansl1	mse_ridge	Yy1,Arid2,Setd1b,Brd9,Znhit1,Pbrm1,Tfpt,Setdb1,Chd4,Srcap,Smarcd1,Rest,Dmap1,Kmt2a,Egr2,Rnf40	0.0	0.062024630885085086			0.03561050134167868	0.00684552697814815	0.003127832538065939	0.6228039215686274	2
sample0_to_1	development_LOPO17	Kansl1	signed_rank_ridge	Yy1,Arid2,Setd1b,Brd9,Znhit1,Pbrm1,Tfpt,Setdb1,Chd4,Srcap,Smarcd1,Rest,Dmap1,Kmt2a,Egr2,Rnf40	0.0	0.03240150265678925			0.033277973349584364	0.010333424612619909	0.003387104143851703	0.5865490196078431	2
sample0_to_1	development_LOPO17	Kansl1	shuffled_mse	Yy1,Arid2,Setd1b,Brd9,Znhit1,Pbrm1,Tfpt,Setdb1,Chd4,Srcap,Smarcd1,Rest,Dmap1,Kmt2a,Egr2,Rnf40	0.0	0.06625527807024968			0.0346955226185167	0.006588331451564134	0.0030274571221637144	0.6080588235294118	2
sample0_to_1	development_LOPO17	Kansl1	shuffled_rank	Yy1,Arid2,Setd1b,Brd9,Znhit1,Pbrm1,Tfpt,Setdb1,Chd4,Srcap,Smarcd1,Rest,Dmap1,Kmt2a,Egr2,Rnf40	0.0	0.0005699473206694618			0.03326509157967272	0.010037821444746518	0.003403347201156662	0.5717254901960784	2
sample0_to_1	development_LOPO17	Kansl1	retained	Yy1,Arid2,Setd1b,Brd9,Znhit1,Pbrm1,Tfpt,Setdb1,Chd4,Srcap,Smarcd1,Rest,Dmap1,Kmt2a,Egr2,Rnf40	0.0	0.07915660346431291			0.033264594314205434	0.007418470872130268	0.0028106660675789436	0.6578627450980392	2
sample0_to_1	development_LOPO17	Pbrm1	identity	Yy1,Arid2,Setd1b,Brd9,Znhit1,Kansl1,Tfpt,Setdb1,Chd4,Srcap,Smarcd1,Rest,Dmap1,Kmt2a,Egr2,Rnf40	0.0	0.0	6.907755278982137	0.0	0.029415364230265483	0.003384020100627093	0.005010586425915664	0.16088235294117648	5
sample0_to_1	development_LOPO17	Pbrm1	mean	Yy1,Arid2,Setd1b,Brd9,Znhit1,Kansl1,Tfpt,Setdb1,Chd4,Srcap,Smarcd1,Rest,Dmap1,Kmt2a,Egr2,Rnf40	0.0	-0.05746749679643569	6.907755278982137	0.3988	0.04281511038489916	0.007787215569307415	0.00670981214139426	0.6099803921568627	5
sample0_to_1	development_LOPO17	Pbrm1	mse_ridge	Yy1,Arid2,Setd1b,Brd9,Znhit1,Kansl1,Tfpt,Setdb1,Chd4,Srcap,Smarcd1,Rest,Dmap1,Kmt2a,Egr2,Rnf40	0.2	0.12442345282760177	6.907755278982137	-0.023	0.02932427735916838	0.005630787752386462	0.004689324550096741	0.5713333333333334	5
sample0_to_1	development_LOPO17	Pbrm1	signed_rank_ridge	Yy1,Arid2,Setd1b,Brd9,Znhit1,Kansl1,Tfpt,Setdb1,Chd4,Srcap,Smarcd1,Rest,Dmap1,Kmt2a,Egr2,Rnf40	0.0	0.11797713244195047	6.907755278982137	-0.9385	0.030153505214273263	0.010387526702535559	0.005127345062495534	0.5485294117647059	5
sample0_to_1	development_LOPO17	Pbrm1	shuffled_mse	Yy1,Arid2,Setd1b,Brd9,Znhit1,Kansl1,Tfpt,Setdb1,Chd4,Srcap,Smarcd1,Rest,Dmap1,Kmt2a,Egr2,Rnf40	0.0	-0.05957519657588999	6.907755278982137	0.549	0.04157389406297812	0.007458471214268799	0.006602419249177659	0.5886078431372549	5
sample0_to_1	development_LOPO17	Pbrm1	shuffled_rank	Yy1,Arid2,Setd1b,Brd9,Znhit1,Kansl1,Tfpt,Setdb1,Chd4,Srcap,Smarcd1,Rest,Dmap1,Kmt2a,Egr2,Rnf40	0.0	-0.041718574401176316	6.907755278982137	0.4254	0.03383460502259309	0.01179949633769155	0.005771781774377274	0.5685882352941176	5
sample0_to_1	development_LOPO17	Pbrm1	retained	Yy1,Arid2,Setd1b,Brd9,Znhit1,Kansl1,Tfpt,Setdb1,Chd4,Srcap,Smarcd1,Rest,Dmap1,Kmt2a,Egr2,Rnf40	0.8	0.32830826572111954	0.45943872474554154	0.9238	0.011125123267549577	0.0051350957425418745	0.0018961200331383537	0.6226470588235294	5
sample0_to_1	development_LOPO17	Tfpt	identity	Yy1,Arid2,Setd1b,Brd9,Znhit1,Kansl1,Pbrm1,Setdb1,Chd4,Srcap,Smarcd1,Rest,Dmap1,Kmt2a,Egr2,Rnf40	0.0	0.0			0.021691695403586446	0.0027903066500423457	0.003898854257158902	0.16088235294117648	4
sample0_to_1	development_LOPO17	Tfpt	mean	Yy1,Arid2,Setd1b,Brd9,Znhit1,Kansl1,Pbrm1,Setdb1,Chd4,Srcap,Smarcd1,Rest,Dmap1,Kmt2a,Egr2,Rnf40	0.3333333333333333	-0.059395799017638994			0.023242746777439018	0.007245926087730337	0.003754526793171452	0.6129411764705882	4
sample0_to_1	development_LOPO17	Tfpt	mse_ridge	Yy1,Arid2,Setd1b,Brd9,Znhit1,Kansl1,Pbrm1,Setdb1,Chd4,Srcap,Smarcd1,Rest,Dmap1,Kmt2a,Egr2,Rnf40	0.3333333333333333	-0.05030509480404966			0.022447496188383202	0.0071560544396472	0.003395405577488701	0.6055490196078431	4
sample0_to_1	development_LOPO17	Tfpt	signed_rank_ridge	Yy1,Arid2,Setd1b,Brd9,Znhit1,Kansl1,Pbrm1,Setdb1,Chd4,Srcap,Smarcd1,Rest,Dmap1,Kmt2a,Egr2,Rnf40	0.0	-0.038093838483216874			0.022278987375268417	0.010963396318552634	0.003997513057739483	0.5737843137254902	4
sample0_to_1	development_LOPO17	Tfpt	shuffled_mse	Yy1,Arid2,Setd1b,Brd9,Znhit1,Kansl1,Pbrm1,Setdb1,Chd4,Srcap,Smarcd1,Rest,Dmap1,Kmt2a,Egr2,Rnf40	0.3333333333333333	-0.07724065214725169			0.02252489973510603	0.007286174958201319	0.003816613236391137	0.6001176470588235	4
sample0_to_1	development_LOPO17	Tfpt	shuffled_rank	Yy1,Arid2,Setd1b,Brd9,Znhit1,Kansl1,Pbrm1,Setdb1,Chd4,Srcap,Smarcd1,Rest,Dmap1,Kmt2a,Egr2,Rnf40	0.0	-0.03482095082681112			0.022411800203928894	0.011269616832113003	0.004123505139879425	0.5691176470588235	4
sample0_to_1	development_LOPO17	Tfpt	retained	Yy1,Arid2,Setd1b,Brd9,Znhit1,Kansl1,Pbrm1,Setdb1,Chd4,Srcap,Smarcd1,Rest,Dmap1,Kmt2a,Egr2,Rnf40	0.6666666666666666	0.14164044301175646			0.017191773226276002	0.00389418679133186	0.002299952853093294	0.6065882352941177	4
sample0_to_1	development_LOPO17	Setdb1	identity	Yy1,Arid2,Setd1b,Brd9,Znhit1,Kansl1,Pbrm1,Tfpt,Chd4,Srcap,Smarcd1,Rest,Dmap1,Kmt2a,Egr2,Rnf40	0.0	0.0	6.907755278982137	0.0	0.04155724561108708	0.006596475398827676	0.006970566558773939	0.16088235294117648	12
sample0_to_1	development_LOPO17	Setdb1	mean	Yy1,Arid2,Setd1b,Brd9,Znhit1,Kansl1,Pbrm1,Tfpt,Chd4,Srcap,Smarcd1,Rest,Dmap1,Kmt2a,Egr2,Rnf40	-0.09999999999999999	0.14590939969054278	6.907755278982137	-0.7277	0.04632771682690362	0.010538170370005314	0.007226518648079121	0.6048627450980392	12
sample0_to_1	development_LOPO17	Setdb1	mse_ridge	Yy1,Arid2,Setd1b,Brd9,Znhit1,Kansl1,Pbrm1,Tfpt,Chd4,Srcap,Smarcd1,Rest,Dmap1,Kmt2a,Egr2,Rnf40	-0.09999999999999999	0.12984492312259946	6.907755278982137	-0.3834	0.04796859611020847	0.010960328114832555	0.007482349991071224	0.6064117647058823	12
sample0_to_1	development_LOPO17	Setdb1	signed_rank_ridge	Yy1,Arid2,Setd1b,Brd9,Znhit1,Kansl1,Pbrm1,Tfpt,Chd4,Srcap,Smarcd1,Rest,Dmap1,Kmt2a,Egr2,Rnf40	0.0	0.1489179582015503	6.907755278982137	-0.1138	0.042344589822333974	0.014172055443767984	0.007063791206205808	0.5730196078431372	12
sample0_to_1	development_LOPO17	Setdb1	shuffled_mse	Yy1,Arid2,Setd1b,Brd9,Znhit1,Kansl1,Pbrm1,Tfpt,Chd4,Srcap,Smarcd1,Rest,Dmap1,Kmt2a,Egr2,Rnf40	-0.09999999999999999	0.08839032891964592	6.907755278982137	-0.1824	0.04718666699755923	0.010884024684638586	0.007512652318323246	0.6062156862745098	12
sample0_to_1	development_LOPO17	Setdb1	shuffled_rank	Yy1,Arid2,Setd1b,Brd9,Znhit1,Kansl1,Pbrm1,Tfpt,Chd4,Srcap,Smarcd1,Rest,Dmap1,Kmt2a,Egr2,Rnf40	0.0	0.09513089594056787	6.907755278982137	-0.0522	0.043246394924092914	0.014655971685001126	0.00718013108475461	0.5684901960784313	12
sample0_to_1	development_LOPO17	Setdb1	retained	Yy1,Arid2,Setd1b,Brd9,Znhit1,Kansl1,Pbrm1,Tfpt,Chd4,Srcap,Smarcd1,Rest,Dmap1,Kmt2a,Egr2,Rnf40	0.0	0.13875337677070645	6.907755278982137	-0.3759	0.044456806953615625	0.009644069123940793	0.007085430685545263	0.6625098039215687	12
sample0_to_1	development_LOPO17	Chd4	identity	Yy1,Arid2,Setd1b,Brd9,Znhit1,Kansl1,Pbrm1,Tfpt,Setdb1,Srcap,Smarcd1,Rest,Dmap1,Kmt2a,Egr2,Rnf40	0.0	0.0	6.907755278982137	0.0	0.052290709140198045	0.006003431492005442	0.0055704860295292475	0.16088235294117648	6
sample0_to_1	development_LOPO17	Chd4	mean	Yy1,Arid2,Setd1b,Brd9,Znhit1,Kansl1,Pbrm1,Tfpt,Setdb1,Srcap,Smarcd1,Rest,Dmap1,Kmt2a,Egr2,Rnf40	0.3333333333333333	0.12116895932871637	2.3482476998690323	0.3626	0.060184650884398797	0.00807740367750931	0.0059825258418961065	0.6023137254901961	6
sample0_to_1	development_LOPO17	Chd4	mse_ridge	Yy1,Arid2,Setd1b,Brd9,Znhit1,Kansl1,Pbrm1,Tfpt,Setdb1,Srcap,Smarcd1,Rest,Dmap1,Kmt2a,Egr2,Rnf40	0.16666666666666666	0.09142927236888264	2.370030005629904	0.387	0.06772432853625296	0.009209837448982634	0.006816940236853705	0.6112549019607844	6
sample0_to_1	development_LOPO17	Chd4	signed_rank_ridge	Yy1,Arid2,Setd1b,Brd9,Znhit1,Kansl1,Pbrm1,Tfpt,Setdb1,Srcap,Smarcd1,Rest,Dmap1,Kmt2a,Egr2,Rnf40	0.0	0.05715698602946472	3.6146394086652895	0.2832	0.054160436315117653	0.012185080792782807	0.005703461016992669	0.5939607843137255	6
sample0_to_1	development_LOPO17	Chd4	shuffled_mse	Yy1,Arid2,Setd1b,Brd9,Znhit1,Kansl1,Pbrm1,Tfpt,Setdb1,Srcap,Smarcd1,Rest,Dmap1,Kmt2a,Egr2,Rnf40	0.3333333333333333	0.15713090789815956	2.366597158869274	0.3757	0.0665827673744354	0.00826677918785874	0.006576270921047692	0.6009019607843137	6
sample0_to_1	development_LOPO17	Chd4	shuffled_rank	Yy1,Arid2,Setd1b,Brd9,Znhit1,Kansl1,Pbrm1,Tfpt,Setdb1,Srcap,Smarcd1,Rest,Dmap1,Kmt2a,Egr2,Rnf40	0.0	0.10161113046768677	3.677720841156016	0.2557	0.054349015384513547	0.011995371577982798	0.00571584652683766	0.5797843137254902	6
sample0_to_1	development_LOPO17	Chd4	retained	Yy1,Arid2,Setd1b,Brd9,Znhit1,Kansl1,Pbrm1,Tfpt,Setdb1,Srcap,Smarcd1,Rest,Dmap1,Kmt2a,Egr2,Rnf40	0.3333333333333333	0.12970238156574188	2.5851631463204665	0.3646	0.05632800544898153	0.007605469714051446	0.005654109608203912	0.6873921568627451	6
sample0_to_1	development_LOPO17	Srcap	identity	Yy1,Arid2,Setd1b,Brd9,Znhit1,Kansl1,Pbrm1,Tfpt,Setdb1,Chd4,Smarcd1,Rest,Dmap1,Kmt2a,Egr2,Rnf40	0.0	0.0	6.907755278982137	0.0	0.06517800712255803	0.007081949046544752	0.009054038209427642	0.16088235294117648	13
sample0_to_1	development_LOPO17	Srcap	mean	Yy1,Arid2,Setd1b,Brd9,Znhit1,Kansl1,Pbrm1,Tfpt,Setdb1,Chd4,Smarcd1,Rest,Dmap1,Kmt2a,Egr2,Rnf40	0.0	0.11772433081856173	1.9333148655292804	0.466	0.06161275910381159	0.010115252817475232	0.007762875824047038	0.6111568627450981	13
sample0_to_1	development_LOPO17	Srcap	mse_ridge	Yy1,Arid2,Setd1b,Brd9,Znhit1,Kansl1,Pbrm1,Tfpt,Setdb1,Chd4,Smarcd1,Rest,Dmap1,Kmt2a,Egr2,Rnf40	0.0	0.14817748051941196	2.0306969940393893	0.3154	0.06466073701909067	0.011263962732521251	0.00833229031537634	0.6325490196078432	13
sample0_to_1	development_LOPO17	Srcap	signed_rank_ridge	Yy1,Arid2,Setd1b,Brd9,Znhit1,Kansl1,Pbrm1,Tfpt,Setdb1,Chd4,Smarcd1,Rest,Dmap1,Kmt2a,Egr2,Rnf40	-0.28571428571428575	0.10102020237487636	3.371313566946978	0.4108	0.06486130398050542	0.015015872951155534	0.008988564220842437	0.5984117647058823	13
sample0_to_1	development_LOPO17	Srcap	shuffled_mse	Yy1,Arid2,Setd1b,Brd9,Znhit1,Kansl1,Pbrm1,Tfpt,Setdb1,Chd4,Smarcd1,Rest,Dmap1,Kmt2a,Egr2,Rnf40	0.14285714285714277	0.19317986161261913	1.8487798553294086	0.4508	0.06308366088797439	0.010656596991725385	0.007931507179463698	0.6195294117647059	13
sample0_to_1	development_LOPO17	Srcap	shuffled_rank	Yy1,Arid2,Setd1b,Brd9,Znhit1,Kansl1,Pbrm1,Tfpt,Setdb1,Chd4,Smarcd1,Rest,Dmap1,Kmt2a,Egr2,Rnf40	-0.28571428571428575	0.15782072714984063	3.2284498082555806	0.5094	0.06438680750552325	0.014745381338377527	0.008895100735300327	0.5889411764705882	13
sample0_to_1	development_LOPO17	Srcap	retained	Yy1,Arid2,Setd1b,Brd9,Znhit1,Kansl1,Pbrm1,Tfpt,Setdb1,Chd4,Smarcd1,Rest,Dmap1,Kmt2a,Egr2,Rnf40	-0.14285714285714288	0.24920907250687355	1.7944287463231194	0.3091	0.06241675966490766	0.01072032874973979	0.007492618669928367	0.5889411764705882	13
sample0_to_1	development_LOPO17	Smarcd1	identity	Yy1,Arid2,Setd1b,Brd9,Znhit1,Kansl1,Pbrm1,Tfpt,Setdb1,Chd4,Srcap,Rest,Dmap1,Kmt2a,Egr2,Rnf40	0.0	0.0			0.012852667310304882	0.002636954277558844	0.0030207613386252713	0.16088235294117648	4
sample0_to_1	development_LOPO17	Smarcd1	mean	Yy1,Arid2,Setd1b,Brd9,Znhit1,Kansl1,Pbrm1,Tfpt,Setdb1,Chd4,Srcap,Rest,Dmap1,Kmt2a,Egr2,Rnf40	0.25	-0.006210408626149533			0.015715249563139088	0.00651566351991563	0.003254250839454938	0.6136274509803922	4
sample0_to_1	development_LOPO17	Smarcd1	mse_ridge	Yy1,Arid2,Setd1b,Brd9,Znhit1,Kansl1,Pbrm1,Tfpt,Setdb1,Chd4,Srcap,Rest,Dmap1,Kmt2a,Egr2,Rnf40	0.0	-0.050279742649741506			0.014317145494838101	0.006488201129438433	0.003223509881243359	0.5938039215686275	4
sample0_to_1	development_LOPO17	Smarcd1	signed_rank_ridge	Yy1,Arid2,Setd1b,Brd9,Znhit1,Kansl1,Pbrm1,Tfpt,Setdb1,Chd4,Srcap,Rest,Dmap1,Kmt2a,Egr2,Rnf40	0.25	-0.0016570651934883262			0.013375337455931552	0.009794636887373044	0.003237772943080792	0.5603725490196079	4
sample0_to_1	development_LOPO17	Smarcd1	shuffled_mse	Yy1,Arid2,Setd1b,Brd9,Znhit1,Kansl1,Pbrm1,Tfpt,Setdb1,Chd4,Srcap,Rest,Dmap1,Kmt2a,Egr2,Rnf40	0.0	-0.045538918864797606			0.01760406443377468	0.007871479573055114	0.0037231831720758737	0.6142745098039216	4
sample0_to_1	development_LOPO17	Smarcd1	shuffled_rank	Yy1,Arid2,Setd1b,Brd9,Znhit1,Kansl1,Pbrm1,Tfpt,Setdb1,Chd4,Srcap,Rest,Dmap1,Kmt2a,Egr2,Rnf40	0.0	-0.07397181377470911			0.013708148711845633	0.010925083031803541	0.003415872947079727	0.5923529411764706	4
sample0_to_1	development_LOPO17	Smarcd1	retained	Yy1,Arid2,Setd1b,Brd9,Znhit1,Kansl1,Pbrm1,Tfpt,Setdb1,Chd4,Srcap,Rest,Dmap1,Kmt2a,Egr2,Rnf40	0.25	0.06826327063399135			0.0153781385104798	0.006424903432024818	0.0032970768679212465	0.5827450980392157	4
sample0_to_1	development_LOPO17	Rest	identity	Yy1,Arid2,Setd1b,Brd9,Znhit1,Kansl1,Pbrm1,Tfpt,Setdb1,Chd4,Srcap,Smarcd1,Dmap1,Kmt2a,Egr2,Rnf40	0.0	0.0			0.011097210926934126	0.002338573585106413	0.0019748206135857143	0.16088235294117648	1
sample0_to_1	development_LOPO17	Rest	mean	Yy1,Arid2,Setd1b,Brd9,Znhit1,Kansl1,Pbrm1,Tfpt,Setdb1,Chd4,Srcap,Smarcd1,Dmap1,Kmt2a,Egr2,Rnf40	0.0	-0.0017019381700106833			0.01644301062384612	0.005389851426508635	0.0024518448401622513	0.6006274509803922	1
sample0_to_1	development_LOPO17	Rest	mse_ridge	Yy1,Arid2,Setd1b,Brd9,Znhit1,Kansl1,Pbrm1,Tfpt,Setdb1,Chd4,Srcap,Smarcd1,Dmap1,Kmt2a,Egr2,Rnf40	0.0	0.01127734842767037			0.0177967051285374	0.005717357363604573	0.0026358492522985974	0.6007058823529412	1
sample0_to_1	development_LOPO17	Rest	signed_rank_ridge	Yy1,Arid2,Setd1b,Brd9,Znhit1,Kansl1,Pbrm1,Tfpt,Setdb1,Chd4,Srcap,Smarcd1,Dmap1,Kmt2a,Egr2,Rnf40	0.0	-0.0280118396373976			0.012025745930492876	0.009121427441638715	0.002224511414819139	0.5746862745098039	1
sample0_to_1	development_LOPO17	Rest	shuffled_mse	Yy1,Arid2,Setd1b,Brd9,Znhit1,Kansl1,Pbrm1,Tfpt,Setdb1,Chd4,Srcap,Smarcd1,Dmap1,Kmt2a,Egr2,Rnf40	0.0	-0.009788580338679544			0.015471434352885055	0.00532790927023958	0.0024151842549099893	0.6028235294117648	1
sample0_to_1	development_LOPO17	Rest	shuffled_rank	Yy1,Arid2,Setd1b,Brd9,Znhit1,Kansl1,Pbrm1,Tfpt,Setdb1,Chd4,Srcap,Smarcd1,Dmap1,Kmt2a,Egr2,Rnf40	0.0	0.004964007267611672			0.011790459533494002	0.009105432150291224	0.0021866186490475227	0.5665294117647058	1
sample0_to_1	development_LOPO17	Rest	retained	Yy1,Arid2,Setd1b,Brd9,Znhit1,Kansl1,Pbrm1,Tfpt,Setdb1,Chd4,Srcap,Smarcd1,Dmap1,Kmt2a,Egr2,Rnf40	0.0	-0.016014104592229274			0.01449550205845484	0.004657831708339076	0.0022204359612229196	0.7333333333333333	1
sample0_to_1	development_LOPO17	Dmap1	identity	Yy1,Arid2,Setd1b,Brd9,Znhit1,Kansl1,Pbrm1,Tfpt,Setdb1,Chd4,Srcap,Smarcd1,Rest,Kmt2a,Egr2,Rnf40	0.0	0.0	6.907755278982137	0.0	0.06079016808120473	0.0055272658268698425	0.005781555751836097	0.16088235294117648	5
sample0_to_1	development_LOPO17	Dmap1	mean	Yy1,Arid2,Setd1b,Brd9,Znhit1,Kansl1,Pbrm1,Tfpt,Setdb1,Chd4,Srcap,Smarcd1,Rest,Kmt2a,Egr2,Rnf40	0.0	-0.013291863195718017	3.047358102109649	0.0837	0.0688462857504383	0.008982153386393786	0.00632115312449348	0.6039215686274509	5
sample0_to_1	development_LOPO17	Dmap1	mse_ridge	Yy1,Arid2,Setd1b,Brd9,Znhit1,Kansl1,Pbrm1,Tfpt,Setdb1,Chd4,Srcap,Smarcd1,Rest,Kmt2a,Egr2,Rnf40	0.2	-0.021513061947026086	2.765313452634756	0.0988	0.06923837282747483	0.008862994009475017	0.00623245432513416	0.6018431372549019	5
sample0_to_1	development_LOPO17	Dmap1	signed_rank_ridge	Yy1,Arid2,Setd1b,Brd9,Znhit1,Kansl1,Pbrm1,Tfpt,Setdb1,Chd4,Srcap,Smarcd1,Rest,Kmt2a,Egr2,Rnf40	0.0	-0.059067000741242756	6.907755278982137	-0.1102	0.06376108595240614	0.012733167948624833	0.006113245411820937	0.562921568627451	5
sample0_to_1	development_LOPO17	Dmap1	shuffled_mse	Yy1,Arid2,Setd1b,Brd9,Znhit1,Kansl1,Pbrm1,Tfpt,Setdb1,Chd4,Srcap,Smarcd1,Rest,Kmt2a,Egr2,Rnf40	0.2	-0.030734227074224317	2.5873276690531983	0.0916	0.07017042228073866	0.008728514852448147	0.006382407469390118	0.5792156862745098	5
sample0_to_1	development_LOPO17	Dmap1	shuffled_rank	Yy1,Arid2,Setd1b,Brd9,Znhit1,Kansl1,Pbrm1,Tfpt,Setdb1,Chd4,Srcap,Smarcd1,Rest,Kmt2a,Egr2,Rnf40	0.2	-0.07403019341094502	6.907755278982137	-0.0513	0.06344209906434155	0.012747253467210347	0.006141923652646691	0.5521764705882353	5
sample0_to_1	development_LOPO17	Dmap1	retained	Yy1,Arid2,Setd1b,Brd9,Znhit1,Kansl1,Pbrm1,Tfpt,Setdb1,Chd4,Srcap,Smarcd1,Rest,Kmt2a,Egr2,Rnf40	0.4	0.137955304709057	1.4812795431918713	0.6349	0.06626779076451436	0.00820797385656615	0.005295584086480852	0.5992941176470589	5
sample0_to_1	development_LOPO17	Kmt2a	identity	Yy1,Arid2,Setd1b,Brd9,Znhit1,Kansl1,Pbrm1,Tfpt,Setdb1,Chd4,Srcap,Smarcd1,Rest,Dmap1,Egr2,Rnf40	0.0	0.0	6.907755278982137	0.0	0.04023575847488357	0.005861867495048322	0.005420688729867752	0.16088235294117648	11
sample0_to_1	development_LOPO17	Kmt2a	mean	Yy1,Arid2,Setd1b,Brd9,Znhit1,Kansl1,Pbrm1,Tfpt,Setdb1,Chd4,Srcap,Smarcd1,Rest,Dmap1,Egr2,Rnf40	-0.42857142857142855	0.0708652820645014	2.2958352704131113	0.156	0.04220087187049	0.009325805061155781	0.005260664448336434	0.612764705882353	11
sample0_to_1	development_LOPO17	Kmt2a	mse_ridge	Yy1,Arid2,Setd1b,Brd9,Znhit1,Kansl1,Pbrm1,Tfpt,Setdb1,Chd4,Srcap,Smarcd1,Rest,Dmap1,Egr2,Rnf40	-0.28571428571428575	0.10669162750517427	2.020410981314471	0.1478	0.04192433533844638	0.00887405756622118	0.005075622407683522	0.5851176470588235	11
sample0_to_1	development_LOPO17	Kmt2a	signed_rank_ridge	Yy1,Arid2,Setd1b,Brd9,Znhit1,Kansl1,Pbrm1,Tfpt,Setdb1,Chd4,Srcap,Smarcd1,Rest,Dmap1,Egr2,Rnf40	-0.28571428571428575	0.08817844688193907	3.9364579637856	0.1211	0.04028638001424707	0.013128853904171192	0.005480263392017173	0.5665294117647058	11
sample0_to_1	development_LOPO17	Kmt2a	shuffled_mse	Yy1,Arid2,Setd1b,Brd9,Znhit1,Kansl1,Pbrm1,Tfpt,Setdb1,Chd4,Srcap,Smarcd1,Rest,Dmap1,Egr2,Rnf40	-0.28571428571428575	0.12150079392074312	1.873476808886503	0.28	0.04052203536248333	0.009316574541295619	0.005080131376079065	0.6131176470588235	11
sample0_to_1	development_LOPO17	Kmt2a	shuffled_rank	Yy1,Arid2,Setd1b,Brd9,Znhit1,Kansl1,Pbrm1,Tfpt,Setdb1,Chd4,Srcap,Smarcd1,Rest,Dmap1,Egr2,Rnf40	-0.42857142857142855	0.11103304063461451	3.8845371696837803	0.2294	0.040303810347032024	0.013091029685212743	0.005450739398860066	0.576764705882353	11
sample0_to_1	development_LOPO17	Kmt2a	retained	Yy1,Arid2,Setd1b,Brd9,Znhit1,Kansl1,Pbrm1,Tfpt,Setdb1,Chd4,Srcap,Smarcd1,Rest,Dmap1,Egr2,Rnf40	-0.42857142857142855	0.136133021020823	3.261753707065322	0.0152	0.04858434111528375	0.010631205551151409	0.006014200969466281	0.6651372549019607	11
sample0_to_1	development_LOPO17	Egr2	identity	Yy1,Arid2,Setd1b,Brd9,Znhit1,Kansl1,Pbrm1,Tfpt,Setdb1,Chd4,Srcap,Smarcd1,Rest,Dmap1,Kmt2a,Rnf40	0.0	0.0			0.013512499216154194	0.0024549157613301827	0.0020883074819940542	0.16088235294117648	2
sample0_to_1	development_LOPO17	Egr2	mean	Yy1,Arid2,Setd1b,Brd9,Znhit1,Kansl1,Pbrm1,Tfpt,Setdb1,Chd4,Srcap,Smarcd1,Rest,Dmap1,Kmt2a,Rnf40	0.0	0.08277488689286622			0.016709877596259297	0.004983468536391541	0.0023745371032035754	0.6087450980392157	2
sample0_to_1	development_LOPO17	Egr2	mse_ridge	Yy1,Arid2,Setd1b,Brd9,Znhit1,Kansl1,Pbrm1,Tfpt,Setdb1,Chd4,Srcap,Smarcd1,Rest,Dmap1,Kmt2a,Rnf40	0.0	0.0799191134350338			0.019412547819273436	0.005225041464349933	0.002698462281095005	0.6033137254901961	2
sample0_to_1	development_LOPO17	Egr2	signed_rank_ridge	Yy1,Arid2,Setd1b,Brd9,Znhit1,Kansl1,Pbrm1,Tfpt,Setdb1,Chd4,Srcap,Smarcd1,Rest,Dmap1,Kmt2a,Rnf40	0.0	0.007218700250613653			0.014730167552007276	0.008953038438635628	0.0023514339989218714	0.5625098039215686	2
sample0_to_1	development_LOPO17	Egr2	shuffled_mse	Yy1,Arid2,Setd1b,Brd9,Znhit1,Kansl1,Pbrm1,Tfpt,Setdb1,Chd4,Srcap,Smarcd1,Rest,Dmap1,Kmt2a,Rnf40	0.0	0.10987802411715177			0.017597015221424758	0.0051459254547628645	0.002464125140134634	0.6040392156862745	2
sample0_to_1	development_LOPO17	Egr2	shuffled_rank	Yy1,Arid2,Setd1b,Brd9,Znhit1,Kansl1,Pbrm1,Tfpt,Setdb1,Chd4,Srcap,Smarcd1,Rest,Dmap1,Kmt2a,Rnf40	0.0	0.048103442580087086			0.014240254053649074	0.008983009254904348	0.0023165431733049545	0.5780588235294117	2
sample0_to_1	development_LOPO17	Egr2	retained	Yy1,Arid2,Setd1b,Brd9,Znhit1,Kansl1,Pbrm1,Tfpt,Setdb1,Chd4,Srcap,Smarcd1,Rest,Dmap1,Kmt2a,Rnf40	0.0	0.06652648556813807			0.015354776565771718	0.004365455418237799	0.002219964541969042	0.6438235294117647	2
sample0_to_1	development_LOPO17	Rnf40	identity	Yy1,Arid2,Setd1b,Brd9,Znhit1,Kansl1,Pbrm1,Tfpt,Setdb1,Chd4,Srcap,Smarcd1,Rest,Dmap1,Kmt2a,Egr2	0.0	0.0	6.907755278982137	0.0	0.09298600239928652	0.008619181373523504	0.013004689234244523	0.16088235294117648	15
sample0_to_1	development_LOPO17	Rnf40	mean	Yy1,Arid2,Setd1b,Brd9,Znhit1,Kansl1,Pbrm1,Tfpt,Setdb1,Chd4,Srcap,Smarcd1,Rest,Dmap1,Kmt2a,Egr2	0.39999999999999997	0.13012478746136177	2.361263662399324	0.3017	0.08694278390776385	0.011127709009809798	0.011560613969099893	0.6047058823529412	15
sample0_to_1	development_LOPO17	Rnf40	mse_ridge	Yy1,Arid2,Setd1b,Brd9,Znhit1,Kansl1,Pbrm1,Tfpt,Setdb1,Chd4,Srcap,Smarcd1,Rest,Dmap1,Kmt2a,Egr2	0.2	0.13039531947549785	2.8838076180333507	0.1349	0.0913772546659494	0.011925141360841367	0.012403429837132269	0.6107450980392157	15
sample0_to_1	development_LOPO17	Rnf40	signed_rank_ridge	Yy1,Arid2,Setd1b,Brd9,Znhit1,Kansl1,Pbrm1,Tfpt,Setdb1,Chd4,Srcap,Smarcd1,Rest,Dmap1,Kmt2a,Egr2	0.10000000000000005	0.0911409715824621	3.886467654384194	0.1675	0.09197369950265398	0.01560620165429229	0.012914568865308496	0.5987254901960785	15
sample0_to_1	development_LOPO17	Rnf40	shuffled_mse	Yy1,Arid2,Setd1b,Brd9,Znhit1,Kansl1,Pbrm1,Tfpt,Setdb1,Chd4,Srcap,Smarcd1,Rest,Dmap1,Kmt2a,Egr2	0.39999999999999997	0.13706730314441892	2.1909611918121468	0.3209	0.08529941502061997	0.011476709323348627	0.011275620163476318	0.6164313725490196	15
sample0_to_1	development_LOPO17	Rnf40	shuffled_rank	Yy1,Arid2,Setd1b,Brd9,Znhit1,Kansl1,Pbrm1,Tfpt,Setdb1,Chd4,Srcap,Smarcd1,Rest,Dmap1,Kmt2a,Egr2	0.0	0.10746336171072703	4.1779002232209015	0.0407	0.09254795547654507	0.015353720790772449	0.012977417808836293	0.567921568627451	15
sample0_to_1	development_LOPO17	Rnf40	retained	Yy1,Arid2,Setd1b,Brd9,Znhit1,Kansl1,Pbrm1,Tfpt,Setdb1,Chd4,Srcap,Smarcd1,Rest,Dmap1,Kmt2a,Egr2	0.39999999999999997	0.10454260233334371	2.833711120133693	0.2108	0.08966446342553726	0.010731548837625237	0.012145613716326952	0.6866862745098039	15
sample0_to_1	historical_holdout9	Brd7	identity	Yy1,Arid2,Setd1b,Brd9,Znhit1,Kansl1,Pbrm1,Tfpt,Setdb1,Chd4,Srcap,Smarcd1,Rest,Dmap1,Kmt2a,Egr2,Rnf40	0.0	0.0			0.021317630738972675	0.0024590526335240403	0.0035231050231709724	0.16088235294117648	3
sample0_to_1	historical_holdout9	Brd7	mean	Yy1,Arid2,Setd1b,Brd9,Znhit1,Kansl1,Pbrm1,Tfpt,Setdb1,Chd4,Srcap,Smarcd1,Rest,Dmap1,Kmt2a,Egr2,Rnf40	0.0	0.0730610977323025			0.030225694032123385	0.006339261321373205	0.004424680550537149	0.6165686274509804	3
sample0_to_1	historical_holdout9	Brd7	mse_ridge	Yy1,Arid2,Setd1b,Brd9,Znhit1,Kansl1,Pbrm1,Tfpt,Setdb1,Chd4,Srcap,Smarcd1,Rest,Dmap1,Kmt2a,Egr2,Rnf40	0.0	0.16234554086976682			0.022699469050070722	0.00546821782011768	0.0034911296364731562	0.6040588235294118	3
sample0_to_1	historical_holdout9	Brd7	signed_rank_ridge	Yy1,Arid2,Setd1b,Brd9,Znhit1,Kansl1,Pbrm1,Tfpt,Setdb1,Chd4,Srcap,Smarcd1,Rest,Dmap1,Kmt2a,Egr2,Rnf40	0.0	0.0984882501715004			0.021704276387551798	0.009780492185807092	0.0037263264283544056	0.5648235294117647	3
sample0_to_1	historical_holdout9	Brd7	shuffled_mse	Yy1,Arid2,Setd1b,Brd9,Znhit1,Kansl1,Pbrm1,Tfpt,Setdb1,Chd4,Srcap,Smarcd1,Rest,Dmap1,Kmt2a,Egr2,Rnf40	0.0	0.07679702845625716			0.030536250314073983	0.0073726169831126835	0.00451480272926856	0.6229803921568627	3
sample0_to_1	historical_holdout9	Brd7	shuffled_rank	Yy1,Arid2,Setd1b,Brd9,Znhit1,Kansl1,Pbrm1,Tfpt,Setdb1,Chd4,Srcap,Smarcd1,Rest,Dmap1,Kmt2a,Egr2,Rnf40	0.0	-0.02063857296913131			0.022579394003798707	0.009971933611198882	0.003829368771896497	0.5808039215686275	3
sample0_to_1	historical_holdout9	Brd7	retained	Yy1,Arid2,Setd1b,Brd9,Znhit1,Kansl1,Pbrm1,Tfpt,Setdb1,Chd4,Srcap,Smarcd1,Rest,Dmap1,Kmt2a,Egr2,Rnf40	0.0	0.11615867836438197			0.02380908374200879	0.006442489404254609	0.0039596291201480826	0.6014313725490196	3
sample0_to_1	historical_holdout9	Kat8	identity	Yy1,Arid2,Setd1b,Brd9,Znhit1,Kansl1,Pbrm1,Tfpt,Setdb1,Chd4,Srcap,Smarcd1,Rest,Dmap1,Kmt2a,Egr2,Rnf40	0.0	0.0	6.907755278982137	0.0	0.04060076945259919	0.005244124473756857	0.006334075202427208	0.16088235294117648	9
sample0_to_1	historical_holdout9	Kat8	mean	Yy1,Arid2,Setd1b,Brd9,Znhit1,Kansl1,Pbrm1,Tfpt,Setdb1,Chd4,Srcap,Smarcd1,Rest,Dmap1,Kmt2a,Egr2,Rnf40	-0.39999999999999997	0.20157103054295908	1.9050268664053516	0.5607	0.03711274586650033	0.007691250449351641	0.005015620560059634	0.6165686274509804	9
sample0_to_1	historical_holdout9	Kat8	mse_ridge	Yy1,Arid2,Setd1b,Brd9,Znhit1,Kansl1,Pbrm1,Tfpt,Setdb1,Chd4,Srcap,Smarcd1,Rest,Dmap1,Kmt2a,Egr2,Rnf40	-0.39999999999999997	0.23580082367214145	1.932661935427871	0.698	0.03726690300422132	0.007809322368619822	0.005002134518704927	0.6066078431372549	9
sample0_to_1	historical_holdout9	Kat8	signed_rank_ridge	Yy1,Arid2,Setd1b,Brd9,Znhit1,Kansl1,Pbrm1,Tfpt,Setdb1,Chd4,Srcap,Smarcd1,Rest,Dmap1,Kmt2a,Egr2,Rnf40	-0.6	0.20451870472510986	3.5566530855709164	0.3437	0.03999888666102146	0.012026459703589119	0.006105790307863008	0.5859803921568627	9
sample0_to_1	historical_holdout9	Kat8	shuffled_mse	Yy1,Arid2,Setd1b,Brd9,Znhit1,Kansl1,Pbrm1,Tfpt,Setdb1,Chd4,Srcap,Smarcd1,Rest,Dmap1,Kmt2a,Egr2,Rnf40	-0.39999999999999997	0.17126404564030648	1.9386064685015192	0.7282	0.03741845274148792	0.008056281212524764	0.0051095884261975425	0.5979803921568627	9
sample0_to_1	historical_holdout9	Kat8	shuffled_rank	Yy1,Arid2,Setd1b,Brd9,Znhit1,Kansl1,Pbrm1,Tfpt,Setdb1,Chd4,Srcap,Smarcd1,Rest,Dmap1,Kmt2a,Egr2,Rnf40	-0.39999999999999997	0.13602075420487672	3.3385279020457888	0.5666	0.04005260890130476	0.01210804399749717	0.006150541906769403	0.5647843137254902	9
sample0_to_1	historical_holdout9	Kat8	retained	Yy1,Arid2,Setd1b,Brd9,Znhit1,Kansl1,Pbrm1,Tfpt,Setdb1,Chd4,Srcap,Smarcd1,Rest,Dmap1,Kmt2a,Egr2,Rnf40	-0.19999999999999998	0.2879536121212755	1.7489374701342768	0.5203	0.03500270845053561	0.00693265855719987	0.004388951683515609	0.6152156862745098	9
sample0_to_1	historical_holdout9	Kat5	identity	Yy1,Arid2,Setd1b,Brd9,Znhit1,Kansl1,Pbrm1,Tfpt,Setdb1,Chd4,Srcap,Smarcd1,Rest,Dmap1,Kmt2a,Egr2,Rnf40	0.0	0.0	6.907755278982137	0.0	0.08622113955968946	0.009371052438715733	0.01161329533084091	0.16088235294117648	21
sample0_to_1	historical_holdout9	Kat5	mean	Yy1,Arid2,Setd1b,Brd9,Znhit1,Kansl1,Pbrm1,Tfpt,Setdb1,Chd4,Srcap,Smarcd1,Rest,Dmap1,Kmt2a,Egr2,Rnf40	0.07142857142857141	-0.019923012469798967	2.497434258619761	0.0355	0.0869441183125054	0.012508005108514545	0.010723772489283252	0.6165686274509804	21
sample0_to_1	historical_holdout9	Kat5	mse_ridge	Yy1,Arid2,Setd1b,Brd9,Znhit1,Kansl1,Pbrm1,Tfpt,Setdb1,Chd4,Srcap,Smarcd1,Rest,Dmap1,Kmt2a,Egr2,Rnf40	0.28571428571428575	0.008834957475185715	2.2941443980649994	0.1386	0.08418276866592311	0.012068506638729094	0.010318038024910346	0.6204509803921568	21
sample0_to_1	historical_holdout9	Kat5	signed_rank_ridge	Yy1,Arid2,Setd1b,Brd9,Znhit1,Kansl1,Pbrm1,Tfpt,Setdb1,Chd4,Srcap,Smarcd1,Rest,Dmap1,Kmt2a,Egr2,Rnf40	0.0	-0.028733227901814606	6.907755278982137	-0.0352	0.08681581465304855	0.016254856743064948	0.011548735484562445	0.5798823529411765	21
sample0_to_1	historical_holdout9	Kat5	shuffled_mse	Yy1,Arid2,Setd1b,Brd9,Znhit1,Kansl1,Pbrm1,Tfpt,Setdb1,Chd4,Srcap,Smarcd1,Rest,Dmap1,Kmt2a,Egr2,Rnf40	0.07142857142857141	-0.0031858400820456213	2.6909827511597433	0.033	0.08748647142449409	0.012783527098700953	0.01095743364696602	0.6035882352941176	21
sample0_to_1	historical_holdout9	Kat5	shuffled_rank	Yy1,Arid2,Setd1b,Brd9,Znhit1,Kansl1,Pbrm1,Tfpt,Setdb1,Chd4,Srcap,Smarcd1,Rest,Dmap1,Kmt2a,Egr2,Rnf40	-0.28571428571428564	-0.07894314700480748	6.907755278982137	-0.0354	0.08798234458683522	0.016532740108271736	0.011820441101726973	0.5662352941176471	21
sample0_to_1	historical_holdout9	Kat5	retained	Yy1,Arid2,Setd1b,Brd9,Znhit1,Kansl1,Pbrm1,Tfpt,Setdb1,Chd4,Srcap,Smarcd1,Rest,Dmap1,Kmt2a,Egr2,Rnf40	0.28571428571428575	0.2016297975869928	1.914225776008667	0.3151	0.07837069228864715	0.012348001122000057	0.009530376456195408	0.6382156862745098	21
sample0_to_1	historical_holdout9	Ino80	identity	Yy1,Arid2,Setd1b,Brd9,Znhit1,Kansl1,Pbrm1,Tfpt,Setdb1,Chd4,Srcap,Smarcd1,Rest,Dmap1,Kmt2a,Egr2,Rnf40	0.0	0.0	6.907755278982137	0.0	0.05227323773943845	0.004741817742496348	0.006915106662895786	0.16088235294117648	10
sample0_to_1	historical_holdout9	Ino80	mean	Yy1,Arid2,Setd1b,Brd9,Znhit1,Kansl1,Pbrm1,Tfpt,Setdb1,Chd4,Srcap,Smarcd1,Rest,Dmap1,Kmt2a,Egr2,Rnf40	-0.3333333333333332	0.027784649257945937	1.7123040990462202	0.0941	0.045517329606954746	0.008669406948790566	0.0055428798161810625	0.6165686274509804	10
sample0_to_1	historical_holdout9	Ino80	mse_ridge	Yy1,Arid2,Setd1b,Brd9,Znhit1,Kansl1,Pbrm1,Tfpt,Setdb1,Chd4,Srcap,Smarcd1,Rest,Dmap1,Kmt2a,Egr2,Rnf40	-0.3333333333333332	0.07134564513266642	1.3426010010411378	0.1498	0.041951856495778074	0.008541791317559081	0.004686622569908088	0.5970588235294118	10
sample0_to_1	historical_holdout9	Ino80	signed_rank_ridge	Yy1,Arid2,Setd1b,Brd9,Znhit1,Kansl1,Pbrm1,Tfpt,Setdb1,Chd4,Srcap,Smarcd1,Rest,Dmap1,Kmt2a,Egr2,Rnf40	-0.6666666666666664	0.07809730185077389	6.907755278982137	-0.685	0.049142901946452835	0.012463753773459114	0.0064785518692830595	0.5567254901960784	10
sample0_to_1	historical_holdout9	Ino80	shuffled_mse	Yy1,Arid2,Setd1b,Brd9,Znhit1,Kansl1,Pbrm1,Tfpt,Setdb1,Chd4,Srcap,Smarcd1,Rest,Dmap1,Kmt2a,Egr2,Rnf40	-0.3333333333333332	-0.04188550881623322	6.907755278982137	-0.0132	0.048842813499838114	0.008799858546816988	0.006146609886758439	0.577156862745098	10
sample0_to_1	historical_holdout9	Ino80	shuffled_rank	Yy1,Arid2,Setd1b,Brd9,Znhit1,Kansl1,Pbrm1,Tfpt,Setdb1,Chd4,Srcap,Smarcd1,Rest,Dmap1,Kmt2a,Egr2,Rnf40	-0.9999999999999997	-0.02027388467951441	6.907755278982137	-0.1544	0.05201445456794416	0.013219432468189202	0.0070157195797564695	0.5676470588235294	10
sample0_to_1	historical_holdout9	Ino80	retained	Yy1,Arid2,Setd1b,Brd9,Znhit1,Kansl1,Pbrm1,Tfpt,Setdb1,Chd4,Srcap,Smarcd1,Rest,Dmap1,Kmt2a,Egr2,Rnf40	-0.3333333333333332	0.19523729217690738	1.1078251090983524	0.0744	0.036502752815184204	0.007352307146072797	0.004040144917145236	0.5972549019607843	10
sample0_to_1	historical_holdout9	Wdr82	identity	Yy1,Arid2,Setd1b,Brd9,Znhit1,Kansl1,Pbrm1,Tfpt,Setdb1,Chd4,Srcap,Smarcd1,Rest,Dmap1,Kmt2a,Egr2,Rnf40	0.0	0.0	6.907755278982137	0.0	0.13019799927305692	0.014192698144054109	0.018931319276747696	0.16088235294117648	21
sample0_to_1	historical_holdout9	Wdr82	mean	Yy1,Arid2,Setd1b,Brd9,Znhit1,Kansl1,Pbrm1,Tfpt,Setdb1,Chd4,Srcap,Smarcd1,Rest,Dmap1,Kmt2a,Egr2,Rnf40	0.28571428571428575	0.08549476271340717	2.635855493257291	0.1277	0.12582155274247203	0.017373517966559435	0.01725815011564416	0.6165686274509804	21
sample0_to_1	historical_holdout9	Wdr82	mse_ridge	Yy1,Arid2,Setd1b,Brd9,Znhit1,Kansl1,Pbrm1,Tfpt,Setdb1,Chd4,Srcap,Smarcd1,Rest,Dmap1,Kmt2a,Egr2,Rnf40	0.14285714285714282	0.08368632201929106	2.7175488443622577	0.1029	0.1275032183923442	0.018444036106342817	0.017663368971945603	0.6064509803921568	21
sample0_to_1	historical_holdout9	Wdr82	signed_rank_ridge	Yy1,Arid2,Setd1b,Brd9,Znhit1,Kansl1,Pbrm1,Tfpt,Setdb1,Chd4,Srcap,Smarcd1,Rest,Dmap1,Kmt2a,Egr2,Rnf40	0.0	0.08706087128353387	6.907755278982137	-0.0101	0.1303128652187231	0.021739421013240702	0.01882676563991786	0.5756470588235294	21
sample0_to_1	historical_holdout9	Wdr82	shuffled_mse	Yy1,Arid2,Setd1b,Brd9,Znhit1,Kansl1,Pbrm1,Tfpt,Setdb1,Chd4,Srcap,Smarcd1,Rest,Dmap1,Kmt2a,Egr2,Rnf40	0.14285714285714282	0.028608938280605175	6.907755278982137	-0.0506	0.13007309363249467	0.018381145338688416	0.0181525053841057	0.596156862745098	21
sample0_to_1	historical_holdout9	Wdr82	shuffled_rank	Yy1,Arid2,Setd1b,Brd9,Znhit1,Kansl1,Pbrm1,Tfpt,Setdb1,Chd4,Srcap,Smarcd1,Rest,Dmap1,Kmt2a,Egr2,Rnf40	-0.14285714285714282	0.030823786165505202	6.907755278982137	-0.0588	0.1319840532486617	0.02203924452263156	0.01912437057194165	0.579	21
sample0_to_1	historical_holdout9	Wdr82	retained	Yy1,Arid2,Setd1b,Brd9,Znhit1,Kansl1,Pbrm1,Tfpt,Setdb1,Chd4,Srcap,Smarcd1,Rest,Dmap1,Kmt2a,Egr2,Rnf40	0.21428571428571425	0.2281393406867203	6.907755278982137	0.0034	0.13649035827595468	0.01600282259879057	0.018590422480712084	0.6136470588235294	21
sample0_to_1	historical_holdout9	Smarca4	identity	Yy1,Arid2,Setd1b,Brd9,Znhit1,Kansl1,Pbrm1,Tfpt,Setdb1,Chd4,Srcap,Smarcd1,Rest,Dmap1,Kmt2a,Egr2,Rnf40	0.0	0.0	6.907755278982137	0.0	0.0827400540183904	0.008260589077093462	0.010982123145795164	0.16088235294117648	14
sample0_to_1	historical_holdout9	Smarca4	mean	Yy1,Arid2,Setd1b,Brd9,Znhit1,Kansl1,Pbrm1,Tfpt,Setdb1,Chd4,Srcap,Smarcd1,Rest,Dmap1,Kmt2a,Egr2,Rnf40	0.12500000000000006	-0.011985276104007585	2.4047104774825403	0.0707	0.08016132346243512	0.012664799247350594	0.01010185257618776	0.6165686274509804	14
sample0_to_1	historical_holdout9	Smarca4	mse_ridge	Yy1,Arid2,Setd1b,Brd9,Znhit1,Kansl1,Pbrm1,Tfpt,Setdb1,Chd4,Srcap,Smarcd1,Rest,Dmap1,Kmt2a,Egr2,Rnf40	0.0	0.03621035702359991	2.405340218764964	0.0684	0.07868504847287466	0.012072182405175155	0.009943050043567027	0.575921568627451	14
sample0_to_1	historical_holdout9	Smarca4	signed_rank_ridge	Yy1,Arid2,Setd1b,Brd9,Znhit1,Kansl1,Pbrm1,Tfpt,Setdb1,Chd4,Srcap,Smarcd1,Rest,Dmap1,Kmt2a,Egr2,Rnf40	-0.12499999999999994	0.06814876487114632	6.907755278982137	-0.06	0.08194411251394651	0.015756165497204235	0.01079829541624528	0.5493921568627451	14
sample0_to_1	historical_holdout9	Smarca4	shuffled_mse	Yy1,Arid2,Setd1b,Brd9,Znhit1,Kansl1,Pbrm1,Tfpt,Setdb1,Chd4,Srcap,Smarcd1,Rest,Dmap1,Kmt2a,Egr2,Rnf40	0.0	-0.09951700441778918	2.6193659144646193	0.0103	0.08358840631189006	0.014937150891603074	0.010803671950739032	0.5992156862745098	14
sample0_to_1	historical_holdout9	Smarca4	shuffled_rank	Yy1,Arid2,Setd1b,Brd9,Znhit1,Kansl1,Pbrm1,Tfpt,Setdb1,Chd4,Srcap,Smarcd1,Rest,Dmap1,Kmt2a,Egr2,Rnf40	0.0	-0.0678792935881745	6.907755278982137	-0.2103	0.08230860233365696	0.01704366815913848	0.01094026660813201	0.5811960784313726	14
sample0_to_1	historical_holdout9	Smarca4	retained	Yy1,Arid2,Setd1b,Brd9,Znhit1,Kansl1,Pbrm1,Tfpt,Setdb1,Chd4,Srcap,Smarcd1,Rest,Dmap1,Kmt2a,Egr2,Rnf40	0.0	0.10925150407369623	2.840566190548528	0.0374	0.08267708435388141	0.012119208066462307	0.011046482989737776	0.6517254901960784	14
sample0_to_1	historical_holdout9	Paxip1	identity	Yy1,Arid2,Setd1b,Brd9,Znhit1,Kansl1,Pbrm1,Tfpt,Setdb1,Chd4,Srcap,Smarcd1,Rest,Dmap1,Kmt2a,Egr2,Rnf40	0.0	0.0	6.907755278982137	0.0	0.04990649003830354	0.007200456591591146	0.00888580433843936	0.16088235294117648	13
sample0_to_1	historical_holdout9	Paxip1	mean	Yy1,Arid2,Setd1b,Brd9,Znhit1,Kansl1,Pbrm1,Tfpt,Setdb1,Chd4,Srcap,Smarcd1,Rest,Dmap1,Kmt2a,Egr2,Rnf40	0.0	-0.033990638708838034	6.907755278982137	-0.1043	0.0644786367450253	0.012149506100020519	0.010095013521317255	0.6165686274509804	13
sample0_to_1	historical_holdout9	Paxip1	mse_ridge	Yy1,Arid2,Setd1b,Brd9,Znhit1,Kansl1,Pbrm1,Tfpt,Setdb1,Chd4,Srcap,Smarcd1,Rest,Dmap1,Kmt2a,Egr2,Rnf40	0.0	-0.09063574308659121	6.907755278982137	-0.1563	0.06353636580309548	0.01207751645131993	0.010067311826469019	0.6009803921568627	13
sample0_to_1	historical_holdout9	Paxip1	signed_rank_ridge	Yy1,Arid2,Setd1b,Brd9,Znhit1,Kansl1,Pbrm1,Tfpt,Setdb1,Chd4,Srcap,Smarcd1,Rest,Dmap1,Kmt2a,Egr2,Rnf40	-0.09090909090909091	-0.029644479810681627	6.907755278982137	-0.1411	0.05336419068049	0.014668926796790245	0.0092929165001782	0.5734509803921569	13
sample0_to_1	historical_holdout9	Paxip1	shuffled_mse	Yy1,Arid2,Setd1b,Brd9,Znhit1,Kansl1,Pbrm1,Tfpt,Setdb1,Chd4,Srcap,Smarcd1,Rest,Dmap1,Kmt2a,Egr2,Rnf40	0.09090909090909091	-0.05984969084874444	6.907755278982137	0.0258	0.0614214877237768	0.012365309617468883	0.010074434466533005	0.6129607843137255	13
sample0_to_1	historical_holdout9	Paxip1	shuffled_rank	Yy1,Arid2,Setd1b,Brd9,Znhit1,Kansl1,Pbrm1,Tfpt,Setdb1,Chd4,Srcap,Smarcd1,Rest,Dmap1,Kmt2a,Egr2,Rnf40	-0.09090909090909091	0.009891280073670572	6.907755278982137	0.0574	0.05349341174392032	0.015422782805960116	0.009384197998152669	0.5824901960784313	13
sample0_to_1	historical_holdout9	Paxip1	retained	Yy1,Arid2,Setd1b,Brd9,Znhit1,Kansl1,Pbrm1,Tfpt,Setdb1,Chd4,Srcap,Smarcd1,Rest,Dmap1,Kmt2a,Egr2,Rnf40	0.0	-0.04725000238009148	6.907755278982137	0.0005	0.060119823141760585	0.011169362661292448	0.00977885899672873	0.6907843137254902	13
sample0_to_1	historical_holdout9	Hcfc1	identity	Yy1,Arid2,Setd1b,Brd9,Znhit1,Kansl1,Pbrm1,Tfpt,Setdb1,Chd4,Srcap,Smarcd1,Rest,Dmap1,Kmt2a,Egr2,Rnf40	0.0	0.0	6.907755278982137	0.0	0.06703291490789828	0.008177058841414021	0.008773828426331915	0.16088235294117648	17
sample0_to_1	historical_holdout9	Hcfc1	mean	Yy1,Arid2,Setd1b,Brd9,Znhit1,Kansl1,Pbrm1,Tfpt,Setdb1,Chd4,Srcap,Smarcd1,Rest,Dmap1,Kmt2a,Egr2,Rnf40	0.2142857142857143	0.349679358881605	2.2724207602411934	0.1127	0.06415094351767671	0.008234670977321144	0.007673143888801007	0.6165686274509804	17
sample0_to_1	historical_holdout9	Hcfc1	mse_ridge	Yy1,Arid2,Setd1b,Brd9,Znhit1,Kansl1,Pbrm1,Tfpt,Setdb1,Chd4,Srcap,Smarcd1,Rest,Dmap1,Kmt2a,Egr2,Rnf40	0.2142857142857143	0.39823357567224493	1.88207969715128	0.3085	0.0599700876296567	0.008266804564565067	0.007001919881938309	0.6214313725490196	17
sample0_to_1	historical_holdout9	Hcfc1	signed_rank_ridge	Yy1,Arid2,Setd1b,Brd9,Znhit1,Kansl1,Pbrm1,Tfpt,Setdb1,Chd4,Srcap,Smarcd1,Rest,Dmap1,Kmt2a,Egr2,Rnf40	0.14285714285714285	0.35699008669874716	3.0892220877016756	0.4435	0.06391670679692234	0.012162762617964017	0.008009814465430651	0.5923725490196079	17
sample0_to_1	historical_holdout9	Hcfc1	shuffled_mse	Yy1,Arid2,Setd1b,Brd9,Znhit1,Kansl1,Pbrm1,Tfpt,Setdb1,Chd4,Srcap,Smarcd1,Rest,Dmap1,Kmt2a,Egr2,Rnf40	0.07142857142857141	0.3246675752886788	2.279813847928049	0.1824	0.06398935320083346	0.008538298063151496	0.00765626431437746	0.6024901960784314	17
sample0_to_1	historical_holdout9	Hcfc1	shuffled_rank	Yy1,Arid2,Setd1b,Brd9,Znhit1,Kansl1,Pbrm1,Tfpt,Setdb1,Chd4,Srcap,Smarcd1,Rest,Dmap1,Kmt2a,Egr2,Rnf40	0.0	0.26500656873338635	3.426856579597096	0.2204	0.0655308297842955	0.012402383178756837	0.008275698269160576	0.5743333333333334	17
sample0_to_1	historical_holdout9	Hcfc1	retained	Yy1,Arid2,Setd1b,Brd9,Znhit1,Kansl1,Pbrm1,Tfpt,Setdb1,Chd4,Srcap,Smarcd1,Rest,Dmap1,Kmt2a,Egr2,Rnf40	0.3571428571428571	0.3859496598881052	1.7988476213033502	0.3382	0.0598124730223213	0.0074354111705665	0.006796525011435888	0.5936862745098039	17
sample0_to_1	historical_holdout9	Yeats4	identity	Yy1,Arid2,Setd1b,Brd9,Znhit1,Kansl1,Pbrm1,Tfpt,Setdb1,Chd4,Srcap,Smarcd1,Rest,Dmap1,Kmt2a,Egr2,Rnf40	0.0	0.0			0.02656764853450357	0.0028414009414889168	0.002868873884303647	0.16088235294117648	2
sample0_to_1	historical_holdout9	Yeats4	mean	Yy1,Arid2,Setd1b,Brd9,Znhit1,Kansl1,Pbrm1,Tfpt,Setdb1,Chd4,Srcap,Smarcd1,Rest,Dmap1,Kmt2a,Egr2,Rnf40	0.0	0.10667186928977271			0.028669871809965903	0.005261900309930184	0.002610779848954176	0.6165686274509804	2
sample0_to_1	historical_holdout9	Yeats4	mse_ridge	Yy1,Arid2,Setd1b,Brd9,Znhit1,Kansl1,Pbrm1,Tfpt,Setdb1,Chd4,Srcap,Smarcd1,Rest,Dmap1,Kmt2a,Egr2,Rnf40	0.5	0.11801863785718573			0.02690114969505177	0.005011907807505861	0.002236979382663243	0.5935686274509804	2
sample0_to_1	historical_holdout9	Yeats4	signed_rank_ridge	Yy1,Arid2,Setd1b,Brd9,Znhit1,Kansl1,Pbrm1,Tfpt,Setdb1,Chd4,Srcap,Smarcd1,Rest,Dmap1,Kmt2a,Egr2,Rnf40	0.0	0.05840580712387358			0.027021702644436367	0.009030927002499706	0.002878358205475793	0.5708823529411765	2
sample0_to_1	historical_holdout9	Yeats4	shuffled_mse	Yy1,Arid2,Setd1b,Brd9,Znhit1,Kansl1,Pbrm1,Tfpt,Setdb1,Chd4,Srcap,Smarcd1,Rest,Dmap1,Kmt2a,Egr2,Rnf40	0.0	0.10572150656767111			0.0271976284433156	0.005333566395808048	0.0024425458208472426	0.6219019607843137	2
sample0_to_1	historical_holdout9	Yeats4	shuffled_rank	Yy1,Arid2,Setd1b,Brd9,Znhit1,Kansl1,Pbrm1,Tfpt,Setdb1,Chd4,Srcap,Smarcd1,Rest,Dmap1,Kmt2a,Egr2,Rnf40	0.0	0.044953336761941964			0.02765923157371778	0.009327888317040473	0.003013448593447164	0.590078431372549	2
sample0_to_1	historical_holdout9	Yeats4	retained	Yy1,Arid2,Setd1b,Brd9,Znhit1,Kansl1,Pbrm1,Tfpt,Setdb1,Chd4,Srcap,Smarcd1,Rest,Dmap1,Kmt2a,Egr2,Rnf40	0.5	0.27552911920368267			0.022500459035126086	0.005811722987665301	0.0016987141222740826	0.6549411764705882	2
sample1_to_0	development_LOPO17	Yy1	identity	Arid2,Setd1b,Brd9,Znhit1,Kansl1,Pbrm1,Tfpt,Setdb1,Chd4,Srcap,Smarcd1,Rest,Dmap1,Kmt2a,Egr2,Rnf40	0.0	0.0	6.907755278982137	0.0	0.10010156202725864	0.009796189696719894	0.014599286063116737	0.17372881355932204	18
sample1_to_0	development_LOPO17	Yy1	mean	Arid2,Setd1b,Brd9,Znhit1,Kansl1,Pbrm1,Tfpt,Setdb1,Chd4,Srcap,Smarcd1,Rest,Dmap1,Kmt2a,Egr2,Rnf40	0.22222222222222232	0.0038539776151667155	2.367527177899928	0.11	0.09523194243361427	0.013632133484926175	0.01328635291688826	0.5788813559322034	18
sample1_to_0	development_LOPO17	Yy1	mse_ridge	Arid2,Setd1b,Brd9,Znhit1,Kansl1,Pbrm1,Tfpt,Setdb1,Chd4,Srcap,Smarcd1,Rest,Dmap1,Kmt2a,Egr2,Rnf40	-0.11111111111111116	0.01873887884682047	2.673833485665463	0.0765	0.09765284062941207	0.013806821813588716	0.013825166734681635	0.5621525423728814	18
sample1_to_0	development_LOPO17	Yy1	signed_rank_ridge	Arid2,Setd1b,Brd9,Znhit1,Kansl1,Pbrm1,Tfpt,Setdb1,Chd4,Srcap,Smarcd1,Rest,Dmap1,Kmt2a,Egr2,Rnf40	-0.11111111111111116	0.04487448285459698	3.956520394730438	0.0391	0.10017642015789958	0.016934258324260345	0.01446278936776473	0.5420508474576271	18
sample1_to_0	development_LOPO17	Yy1	shuffled_mse	Arid2,Setd1b,Brd9,Znhit1,Kansl1,Pbrm1,Tfpt,Setdb1,Chd4,Srcap,Smarcd1,Rest,Dmap1,Kmt2a,Egr2,Rnf40	0.22222222222222232	0.042099170546908836	1.8159449866572264	0.2814	0.08610594856299877	0.013313888897288193	0.011565550791282443	0.5744745762711865	18
sample1_to_0	development_LOPO17	Yy1	shuffled_rank	Arid2,Setd1b,Brd9,Znhit1,Kansl1,Pbrm1,Tfpt,Setdb1,Chd4,Srcap,Smarcd1,Rest,Dmap1,Kmt2a,Egr2,Rnf40	0.0	0.05243114128297793	3.540495534182083	0.0495	0.09844559711586923	0.016866249121423975	0.014132331902762016	0.5552542372881356	18
sample1_to_0	development_LOPO17	Yy1	retained	Arid2,Setd1b,Brd9,Znhit1,Kansl1,Pbrm1,Tfpt,Setdb1,Chd4,Srcap,Smarcd1,Rest,Dmap1,Kmt2a,Egr2,Rnf40	0.22222222222222232	0.12417332435297568	1.6870785652783988	0.3168	0.08309326137390091	0.011108732997654178	0.010827078780477797	0.5662372881355933	18
sample1_to_0	development_LOPO17	Arid2	identity	Yy1,Setd1b,Brd9,Znhit1,Kansl1,Pbrm1,Tfpt,Setdb1,Chd4,Srcap,Smarcd1,Rest,Dmap1,Kmt2a,Egr2,Rnf40	0.0	0.0	6.907755278982137	0.0	0.03055831537254952	0.00429894061639865	0.00475399766054624	0.17372881355932204	6
sample1_to_0	development_LOPO17	Arid2	mean	Yy1,Setd1b,Brd9,Znhit1,Kansl1,Pbrm1,Tfpt,Setdb1,Chd4,Srcap,Smarcd1,Rest,Dmap1,Kmt2a,Egr2,Rnf40	0.0	-0.01392197458607963	2.9794003436160654	0.0188	0.03282488085420841	0.00813169826738468	0.004849000964197264	0.5738983050847457	6
sample1_to_0	development_LOPO17	Arid2	mse_ridge	Yy1,Setd1b,Brd9,Znhit1,Kansl1,Pbrm1,Tfpt,Setdb1,Chd4,Srcap,Smarcd1,Rest,Dmap1,Kmt2a,Egr2,Rnf40	0.16666666666666666	0.14478043883548639	1.62748661742252	0.6115	0.022234538319476718	0.006155068138499747	0.0035025393022769455	0.560677966101695	6
sample1_to_0	development_LOPO17	Arid2	signed_rank_ridge	Yy1,Setd1b,Brd9,Znhit1,Kansl1,Pbrm1,Tfpt,Setdb1,Chd4,Srcap,Smarcd1,Rest,Dmap1,Kmt2a,Egr2,Rnf40	0.16666666666666666	0.09019614457169739	3.170201957949261	0.2652	0.02810686650493934	0.010415482971450715	0.00448510362441209	0.5377966101694915	6
sample1_to_0	development_LOPO17	Arid2	shuffled_mse	Yy1,Setd1b,Brd9,Znhit1,Kansl1,Pbrm1,Tfpt,Setdb1,Chd4,Srcap,Smarcd1,Rest,Dmap1,Kmt2a,Egr2,Rnf40	0.3333333333333333	-0.024124566876833713	2.295992707824291	0.113	0.029913889545569044	0.0079982673263213	0.004621293678217976	0.5728305084745763	6
sample1_to_0	development_LOPO17	Arid2	shuffled_rank	Yy1,Setd1b,Brd9,Znhit1,Kansl1,Pbrm1,Tfpt,Setdb1,Chd4,Srcap,Smarcd1,Rest,Dmap1,Kmt2a,Egr2,Rnf40	0.0	0.015604236033404687	3.8817593935875783	0.057	0.029892193274338296	0.011328756523368405	0.004814926692204406	0.5605254237288135	6
sample1_to_0	development_LOPO17	Arid2	retained	Yy1,Setd1b,Brd9,Znhit1,Kansl1,Pbrm1,Tfpt,Setdb1,Chd4,Srcap,Smarcd1,Rest,Dmap1,Kmt2a,Egr2,Rnf40	0.5	0.30334600415408225	0.5005438669673189	0.9095	0.01039520527189978	0.005017566143807862	0.0022324677713432984	0.5833389830508474	6
sample1_to_0	development_LOPO17	Setd1b	identity	Yy1,Arid2,Brd9,Znhit1,Kansl1,Pbrm1,Tfpt,Setdb1,Chd4,Srcap,Smarcd1,Rest,Dmap1,Kmt2a,Egr2,Rnf40	0.0	0.0	6.907755278982137	0.0	0.020099215503995755	0.0030650730677114087	0.0040729469858346015	0.17372881355932204	6
sample1_to_0	development_LOPO17	Setd1b	mean	Yy1,Arid2,Brd9,Znhit1,Kansl1,Pbrm1,Tfpt,Setdb1,Chd4,Srcap,Smarcd1,Rest,Dmap1,Kmt2a,Egr2,Rnf40	0.0	0.08091172118376225	6.907755278982137	-0.1675	0.02522767045763975	0.006007381667615985	0.005108780140859251	0.5747118644067797	6
sample1_to_0	development_LOPO17	Setd1b	mse_ridge	Yy1,Arid2,Brd9,Znhit1,Kansl1,Pbrm1,Tfpt,Setdb1,Chd4,Srcap,Smarcd1,Rest,Dmap1,Kmt2a,Egr2,Rnf40	0.0	0.08732695283495726	6.907755278982137	-0.1857	0.02739464876595955	0.006005172798355032	0.005413135346966993	0.5741525423728814	6
sample1_to_0	development_LOPO17	Setd1b	signed_rank_ridge	Yy1,Arid2,Brd9,Znhit1,Kansl1,Pbrm1,Tfpt,Setdb1,Chd4,Srcap,Smarcd1,Rest,Dmap1,Kmt2a,Egr2,Rnf40	-0.19999999999999998	0.08735639559869351	6.907755278982137	-0.0047	0.021017142676956223	0.009073233091112819	0.004393669110493765	0.5335084745762712	6
sample1_to_0	development_LOPO17	Setd1b	shuffled_mse	Yy1,Arid2,Brd9,Znhit1,Kansl1,Pbrm1,Tfpt,Setdb1,Chd4,Srcap,Smarcd1,Rest,Dmap1,Kmt2a,Egr2,Rnf40	-0.19999999999999998	0.07788088879668793	6.907755278982137	-0.3559	0.026946484590040388	0.0056744095640222335	0.005271357490858595	0.5586610169491525	6
sample1_to_0	development_LOPO17	Setd1b	shuffled_rank	Yy1,Arid2,Brd9,Znhit1,Kansl1,Pbrm1,Tfpt,Setdb1,Chd4,Srcap,Smarcd1,Rest,Dmap1,Kmt2a,Egr2,Rnf40	-0.19999999999999998	0.08844589577590052	6.907755278982137	-0.0138	0.02078844667366913	0.008903200635650737	0.004311806403579166	0.5424915254237288	6
sample1_to_0	development_LOPO17	Setd1b	retained	Yy1,Arid2,Brd9,Znhit1,Kansl1,Pbrm1,Tfpt,Setdb1,Chd4,Srcap,Smarcd1,Rest,Dmap1,Kmt2a,Egr2,Rnf40	0.0	0.04677482163339979	6.907755278982137	-0.1182	0.02253600982695968	0.005508092506433363	0.004643216252077952	0.6719152542372882	6
sample1_to_0	development_LOPO17	Brd9	identity	Yy1,Arid2,Setd1b,Znhit1,Kansl1,Pbrm1,Tfpt,Setdb1,Chd4,Srcap,Smarcd1,Rest,Dmap1,Kmt2a,Egr2,Rnf40	0.0	0.0			0.010763992129120496	0.0024101578055367753	0.002402451511595628	0.17372881355932204	1
sample1_to_0	development_LOPO17	Brd9	mean	Yy1,Arid2,Setd1b,Znhit1,Kansl1,Pbrm1,Tfpt,Setdb1,Chd4,Srcap,Smarcd1,Rest,Dmap1,Kmt2a,Egr2,Rnf40	0.0	-0.047904986201647445			0.015923586176443592	0.005194393613103595	0.0034068855236840307	0.5759830508474576	1
sample1_to_0	development_LOPO17	Brd9	mse_ridge	Yy1,Arid2,Setd1b,Znhit1,Kansl1,Pbrm1,Tfpt,Setdb1,Chd4,Srcap,Smarcd1,Rest,Dmap1,Kmt2a,Egr2,Rnf40	0.0	-0.005606795048332572			0.015818378110997844	0.005175380561401418	0.0033340072778346333	0.579728813559322	1
sample1_to_0	development_LOPO17	Brd9	signed_rank_ridge	Yy1,Arid2,Setd1b,Znhit1,Kansl1,Pbrm1,Tfpt,Setdb1,Chd4,Srcap,Smarcd1,Rest,Dmap1,Kmt2a,Egr2,Rnf40	0.0	-0.01834457260398704			0.01110520667778421	0.007802994441404979	0.002671180066196	0.5494745762711865	1
sample1_to_0	development_LOPO17	Brd9	shuffled_mse	Yy1,Arid2,Setd1b,Znhit1,Kansl1,Pbrm1,Tfpt,Setdb1,Chd4,Srcap,Smarcd1,Rest,Dmap1,Kmt2a,Egr2,Rnf40	0.0	-0.06846971453187489			0.01641342921289914	0.005278303948405289	0.003487395942899525	0.5815932203389831	1
sample1_to_0	development_LOPO17	Brd9	shuffled_rank	Yy1,Arid2,Setd1b,Znhit1,Kansl1,Pbrm1,Tfpt,Setdb1,Chd4,Srcap,Smarcd1,Rest,Dmap1,Kmt2a,Egr2,Rnf40	0.0	-0.027066348095490845			0.011365919865420302	0.0077873311860359945	0.002725141736529674	0.5544576271186441	1
sample1_to_0	development_LOPO17	Brd9	retained	Yy1,Arid2,Setd1b,Znhit1,Kansl1,Pbrm1,Tfpt,Setdb1,Chd4,Srcap,Smarcd1,Rest,Dmap1,Kmt2a,Egr2,Rnf40	0.0	0.0548296783795704			0.015010748516936026	0.004075969076915625	0.00307908871190425	0.5983559322033898	1
sample1_to_0	development_LOPO17	Znhit1	identity	Yy1,Arid2,Setd1b,Brd9,Kansl1,Pbrm1,Tfpt,Setdb1,Chd4,Srcap,Smarcd1,Rest,Dmap1,Kmt2a,Egr2,Rnf40		0.0			0.024590954075350967	0.003141088936143372	0.0028285173715400136	0.17372881355932204	0
sample1_to_0	development_LOPO17	Znhit1	mean	Yy1,Arid2,Setd1b,Brd9,Kansl1,Pbrm1,Tfpt,Setdb1,Chd4,Srcap,Smarcd1,Rest,Dmap1,Kmt2a,Egr2,Rnf40		0.05063184616954419			0.033186701486466505	0.00624343052867774	0.0036781829632644473	0.5690847457627118	0
sample1_to_0	development_LOPO17	Znhit1	mse_ridge	Yy1,Arid2,Setd1b,Brd9,Kansl1,Pbrm1,Tfpt,Setdb1,Chd4,Srcap,Smarcd1,Rest,Dmap1,Kmt2a,Egr2,Rnf40		0.0012461700618262858			0.03431485479162309	0.006282133439899576	0.003951340858566355	0.5547966101694916	0
sample1_to_0	development_LOPO17	Znhit1	signed_rank_ridge	Yy1,Arid2,Setd1b,Brd9,Kansl1,Pbrm1,Tfpt,Setdb1,Chd4,Srcap,Smarcd1,Rest,Dmap1,Kmt2a,Egr2,Rnf40		-0.026228613805663364			0.027083193543073536	0.00942632515645721	0.0031939972949873337	0.5363050847457627	0
sample1_to_0	development_LOPO17	Znhit1	shuffled_mse	Yy1,Arid2,Setd1b,Brd9,Kansl1,Pbrm1,Tfpt,Setdb1,Chd4,Srcap,Smarcd1,Rest,Dmap1,Kmt2a,Egr2,Rnf40		0.09149216173261852			0.031422490231840336	0.006276980860181969	0.003382022808327335	0.579406779661017	0
sample1_to_0	development_LOPO17	Znhit1	shuffled_rank	Yy1,Arid2,Setd1b,Brd9,Kansl1,Pbrm1,Tfpt,Setdb1,Chd4,Srcap,Smarcd1,Rest,Dmap1,Kmt2a,Egr2,Rnf40		0.04071629616954539			0.026341829795771977	0.00926094900907706	0.003036899006926762	0.5586440677966101	0
sample1_to_0	development_LOPO17	Znhit1	retained	Yy1,Arid2,Setd1b,Brd9,Kansl1,Pbrm1,Tfpt,Setdb1,Chd4,Srcap,Smarcd1,Rest,Dmap1,Kmt2a,Egr2,Rnf40		0.2418121444495879			0.028196732036756496	0.0051131161510383286	0.0024790903289989325	0.5172711864406779	0
sample1_to_0	development_LOPO17	Kansl1	identity	Yy1,Arid2,Setd1b,Brd9,Znhit1,Pbrm1,Tfpt,Setdb1,Chd4,Srcap,Smarcd1,Rest,Dmap1,Kmt2a,Egr2,Rnf40	0.0	0.0			0.030096608114552937	0.0038412903302763317	0.004691560872682025	0.17372881355932204	4
sample1_to_0	development_LOPO17	Kansl1	mean	Yy1,Arid2,Setd1b,Brd9,Znhit1,Pbrm1,Tfpt,Setdb1,Chd4,Srcap,Smarcd1,Rest,Dmap1,Kmt2a,Egr2,Rnf40	0.0	0.02569001001685095			0.03989690696701001	0.007164009077304417	0.006020014239973359	0.5730847457627118	4
sample1_to_0	development_LOPO17	Kansl1	mse_ridge	Yy1,Arid2,Setd1b,Brd9,Znhit1,Pbrm1,Tfpt,Setdb1,Chd4,Srcap,Smarcd1,Rest,Dmap1,Kmt2a,Egr2,Rnf40	0.0	0.017262775625719224			0.038792383234670144	0.007172602668067302	0.0057506484708644175	0.5697796610169491	4
sample1_to_0	development_LOPO17	Kansl1	signed_rank_ridge	Yy1,Arid2,Setd1b,Brd9,Znhit1,Pbrm1,Tfpt,Setdb1,Chd4,Srcap,Smarcd1,Rest,Dmap1,Kmt2a,Egr2,Rnf40	0.0	-0.009624640281109126			0.0322540479669648	0.009924612885782277	0.005007913390581291	0.5365593220338983	4
sample1_to_0	development_LOPO17	Kansl1	shuffled_mse	Yy1,Arid2,Setd1b,Brd9,Znhit1,Pbrm1,Tfpt,Setdb1,Chd4,Srcap,Smarcd1,Rest,Dmap1,Kmt2a,Egr2,Rnf40	0.0	-0.027992535826102217			0.039578237164977735	0.007099370992918293	0.006003465306987991	0.5517118644067797	4
sample1_to_0	development_LOPO17	Kansl1	shuffled_rank	Yy1,Arid2,Setd1b,Brd9,Znhit1,Pbrm1,Tfpt,Setdb1,Chd4,Srcap,Smarcd1,Rest,Dmap1,Kmt2a,Egr2,Rnf40	0.0	-0.034688801419124726			0.03268964378855334	0.009715242570449622	0.005095409482921438	0.5283050847457628	4
sample1_to_0	development_LOPO17	Kansl1	retained	Yy1,Arid2,Setd1b,Brd9,Znhit1,Pbrm1,Tfpt,Setdb1,Chd4,Srcap,Smarcd1,Rest,Dmap1,Kmt2a,Egr2,Rnf40	0.0	0.1372961986266117			0.03728920793769712	0.007280989575775723	0.005303216051787302	0.6146610169491525	4
sample1_to_0	development_LOPO17	Pbrm1	identity	Yy1,Arid2,Setd1b,Brd9,Znhit1,Kansl1,Tfpt,Setdb1,Chd4,Srcap,Smarcd1,Rest,Dmap1,Kmt2a,Egr2,Rnf40		0.0			0.012106065318603896	0.0026565365344027136	0.0023512010610533367	0.17372881355932204	0
sample1_to_0	development_LOPO17	Pbrm1	mean	Yy1,Arid2,Setd1b,Brd9,Znhit1,Kansl1,Tfpt,Setdb1,Chd4,Srcap,Smarcd1,Rest,Dmap1,Kmt2a,Egr2,Rnf40		-0.04308149451774372			0.01791060810877942	0.006656324250644771	0.0033248555166684028	0.5724745762711865	0
sample1_to_0	development_LOPO17	Pbrm1	mse_ridge	Yy1,Arid2,Setd1b,Brd9,Znhit1,Kansl1,Tfpt,Setdb1,Chd4,Srcap,Smarcd1,Rest,Dmap1,Kmt2a,Egr2,Rnf40		0.13168080087032724			0.013981758931850111	0.0049744182511975	0.002728454239751838	0.5507796610169492	0
sample1_to_0	development_LOPO17	Pbrm1	signed_rank_ridge	Yy1,Arid2,Setd1b,Brd9,Znhit1,Kansl1,Tfpt,Setdb1,Chd4,Srcap,Smarcd1,Rest,Dmap1,Kmt2a,Egr2,Rnf40		0.0790070909360249			0.011840978556447612	0.008784834398726475	0.0024762561891092227	0.5327627118644068	0
sample1_to_0	development_LOPO17	Pbrm1	shuffled_mse	Yy1,Arid2,Setd1b,Brd9,Znhit1,Kansl1,Tfpt,Setdb1,Chd4,Srcap,Smarcd1,Rest,Dmap1,Kmt2a,Egr2,Rnf40		-0.02830429357815803			0.017453145040712954	0.006117110914022403	0.0032486120032706738	0.5591525423728814	0
sample1_to_0	development_LOPO17	Pbrm1	shuffled_rank	Yy1,Arid2,Setd1b,Brd9,Znhit1,Kansl1,Tfpt,Setdb1,Chd4,Srcap,Smarcd1,Rest,Dmap1,Kmt2a,Egr2,Rnf40		-0.021516042206896995			0.013516527661298983	0.01005242828863832	0.002859582228134386	0.5461864406779661	0
sample1_to_0	development_LOPO17	Pbrm1	retained	Yy1,Arid2,Setd1b,Brd9,Znhit1,Kansl1,Tfpt,Setdb1,Chd4,Srcap,Smarcd1,Rest,Dmap1,Kmt2a,Egr2,Rnf40		0.2643121843302046			0.017169438443403497	0.0049510748739493345	0.0031945404921069295	0.6232372881355932	0
sample1_to_0	development_LOPO17	Tfpt	identity	Yy1,Arid2,Setd1b,Brd9,Znhit1,Kansl1,Pbrm1,Setdb1,Chd4,Srcap,Smarcd1,Rest,Dmap1,Kmt2a,Egr2,Rnf40		0.0			0.00746488907464869	0.0013002544089414784	0.0016901915254025467	0.17372881355932204	0
sample1_to_0	development_LOPO17	Tfpt	mean	Yy1,Arid2,Setd1b,Brd9,Znhit1,Kansl1,Pbrm1,Setdb1,Chd4,Srcap,Smarcd1,Rest,Dmap1,Kmt2a,Egr2,Rnf40		0.011057033346677929			0.008761249477948412	0.004800057227859769	0.0020054286983067016	0.5770508474576271	0
sample1_to_0	development_LOPO17	Tfpt	mse_ridge	Yy1,Arid2,Setd1b,Brd9,Znhit1,Kansl1,Pbrm1,Setdb1,Chd4,Srcap,Smarcd1,Rest,Dmap1,Kmt2a,Egr2,Rnf40		-0.01576997106790156			0.00847981657554138	0.005035744739287952	0.001891833275377887	0.5589152542372882	0
sample1_to_0	development_LOPO17	Tfpt	signed_rank_ridge	Yy1,Arid2,Setd1b,Brd9,Znhit1,Kansl1,Pbrm1,Setdb1,Chd4,Srcap,Smarcd1,Rest,Dmap1,Kmt2a,Egr2,Rnf40		-0.004822804488822134			0.007374980052952748	0.007498264242422171	0.001831201825910475	0.5377118644067796	0
sample1_to_0	development_LOPO17	Tfpt	shuffled_mse	Yy1,Arid2,Setd1b,Brd9,Znhit1,Kansl1,Pbrm1,Setdb1,Chd4,Srcap,Smarcd1,Rest,Dmap1,Kmt2a,Egr2,Rnf40		0.0005425798524924429			0.011380017724309332	0.005006665127523227	0.002452896047913735	0.5725423728813559	0
sample1_to_0	development_LOPO17	Tfpt	shuffled_rank	Yy1,Arid2,Setd1b,Brd9,Znhit1,Kansl1,Pbrm1,Setdb1,Chd4,Srcap,Smarcd1,Rest,Dmap1,Kmt2a,Egr2,Rnf40		-0.011157372394586718			0.008157784310721058	0.008249121581369536	0.0020143496857447877	0.5437118644067797	0
sample1_to_0	development_LOPO17	Tfpt	retained	Yy1,Arid2,Setd1b,Brd9,Znhit1,Kansl1,Pbrm1,Setdb1,Chd4,Srcap,Smarcd1,Rest,Dmap1,Kmt2a,Egr2,Rnf40		0.05762327295449446			0.004662575773088212	0.0031241792889000176	0.0012791856628935098	0.561677966101695	0
sample1_to_0	development_LOPO17	Setdb1	identity	Yy1,Arid2,Setd1b,Brd9,Znhit1,Kansl1,Pbrm1,Tfpt,Chd4,Srcap,Smarcd1,Rest,Dmap1,Kmt2a,Egr2,Rnf40	0.0	0.0	6.907755278982137	0.0	0.03862657868374802	0.006405855699313537	0.00569178749195453	0.17372881355932204	10
sample1_to_0	development_LOPO17	Setdb1	mean	Yy1,Arid2,Setd1b,Brd9,Znhit1,Kansl1,Pbrm1,Tfpt,Chd4,Srcap,Smarcd1,Rest,Dmap1,Kmt2a,Egr2,Rnf40	0.0	-0.015207613315803677	3.1421337475550493	0.107	0.04294126458006329	0.010319148643466298	0.006413574451517607	0.5679661016949152	10
sample1_to_0	development_LOPO17	Setdb1	mse_ridge	Yy1,Arid2,Setd1b,Brd9,Znhit1,Kansl1,Pbrm1,Tfpt,Chd4,Srcap,Smarcd1,Rest,Dmap1,Kmt2a,Egr2,Rnf40	0.1	0.01923692420704196	2.8365912221346448	0.1723	0.043311413628855024	0.01069457234837196	0.00644962649654209	0.5652881355932203	10
sample1_to_0	development_LOPO17	Setdb1	signed_rank_ridge	Yy1,Arid2,Setd1b,Brd9,Znhit1,Kansl1,Pbrm1,Tfpt,Chd4,Srcap,Smarcd1,Rest,Dmap1,Kmt2a,Egr2,Rnf40	0.0	-0.0013691262962845817	3.807507095430253	0.1018	0.03889719931880433	0.013009112768150108	0.005932552418286452	0.5472542372881356	10
sample1_to_0	development_LOPO17	Setdb1	shuffled_mse	Yy1,Arid2,Setd1b,Brd9,Znhit1,Kansl1,Pbrm1,Tfpt,Chd4,Srcap,Smarcd1,Rest,Dmap1,Kmt2a,Egr2,Rnf40	0.1	0.018781507722313562	2.6905671310851664	0.2868	0.041213229954652666	0.010473407191243553	0.0061928150551661685	0.560864406779661	10
sample1_to_0	development_LOPO17	Setdb1	shuffled_rank	Yy1,Arid2,Setd1b,Brd9,Znhit1,Kansl1,Pbrm1,Tfpt,Chd4,Srcap,Smarcd1,Rest,Dmap1,Kmt2a,Egr2,Rnf40	0.0	0.0036527161095886826	3.7801700289228446	0.1573	0.038383439836612895	0.01323483912136368	0.005891533239478439	0.5417118644067797	10
sample1_to_0	development_LOPO17	Setdb1	retained	Yy1,Arid2,Setd1b,Brd9,Znhit1,Kansl1,Pbrm1,Tfpt,Chd4,Srcap,Smarcd1,Rest,Dmap1,Kmt2a,Egr2,Rnf40	0.0	-0.003299401340117179	3.3376958221154425	0.1586	0.04103051102024857	0.009638563569724957	0.0061333227117484415	0.5778305084745763	10
sample1_to_0	development_LOPO17	Chd4	identity	Yy1,Arid2,Setd1b,Brd9,Znhit1,Kansl1,Pbrm1,Tfpt,Setdb1,Srcap,Smarcd1,Rest,Dmap1,Kmt2a,Egr2,Rnf40	0.0	0.0	6.907755278982137	0.0	0.053769049254847504	0.0067633141453793955	0.007119745275138821	0.17372881355932204	11
sample1_to_0	development_LOPO17	Chd4	mean	Yy1,Arid2,Setd1b,Brd9,Znhit1,Kansl1,Pbrm1,Tfpt,Setdb1,Srcap,Smarcd1,Rest,Dmap1,Kmt2a,Egr2,Rnf40	-0.1	0.08129742451150572	6.907755278982137	0.0673	0.06998468686551525	0.008559070525930069	0.00910628197507355	0.5623728813559322	11
sample1_to_0	development_LOPO17	Chd4	mse_ridge	Yy1,Arid2,Setd1b,Brd9,Znhit1,Kansl1,Pbrm1,Tfpt,Setdb1,Srcap,Smarcd1,Rest,Dmap1,Kmt2a,Egr2,Rnf40	0.0	0.1219349982833982	6.907755278982137	0.0364	0.07206824464591396	0.008635934432322337	0.009227246789938562	0.5593050847457627	11
sample1_to_0	development_LOPO17	Chd4	signed_rank_ridge	Yy1,Arid2,Setd1b,Brd9,Znhit1,Kansl1,Pbrm1,Tfpt,Setdb1,Srcap,Smarcd1,Rest,Dmap1,Kmt2a,Egr2,Rnf40	-0.1	0.13518194922599783	6.907755278982137	0.0183	0.05611303141498127	0.010747538079455039	0.0073784396710939665	0.5485762711864407	11
sample1_to_0	development_LOPO17	Chd4	shuffled_mse	Yy1,Arid2,Setd1b,Brd9,Znhit1,Kansl1,Pbrm1,Tfpt,Setdb1,Srcap,Smarcd1,Rest,Dmap1,Kmt2a,Egr2,Rnf40	-0.1	0.157886534981427	6.907755278982137	0.0156	0.07288133342699121	0.008650618584814211	0.009204124657630453	0.5569491525423729	11
sample1_to_0	development_LOPO17	Chd4	shuffled_rank	Yy1,Arid2,Setd1b,Brd9,Znhit1,Kansl1,Pbrm1,Tfpt,Setdb1,Srcap,Smarcd1,Rest,Dmap1,Kmt2a,Egr2,Rnf40	-0.1	0.128242443769127	6.907755278982137	0.0114	0.056224563807347014	0.010918420560514145	0.007366553523923768	0.538542372881356	11
sample1_to_0	development_LOPO17	Chd4	retained	Yy1,Arid2,Setd1b,Brd9,Znhit1,Kansl1,Pbrm1,Tfpt,Setdb1,Srcap,Smarcd1,Rest,Dmap1,Kmt2a,Egr2,Rnf40	-0.1	0.12189136321127318	6.907755278982137	0.0417	0.06331786745390415	0.007953752886688913	0.008270547115834338	0.6845084745762712	11
sample1_to_0	development_LOPO17	Srcap	identity	Yy1,Arid2,Setd1b,Brd9,Znhit1,Kansl1,Pbrm1,Tfpt,Setdb1,Chd4,Smarcd1,Rest,Dmap1,Kmt2a,Egr2,Rnf40	0.0	0.0	6.907755278982137	0.0	0.0662497294774684	0.007347109656678243	0.009521384133742343	0.17372881355932204	11
sample1_to_0	development_LOPO17	Srcap	mean	Yy1,Arid2,Setd1b,Brd9,Znhit1,Kansl1,Pbrm1,Tfpt,Setdb1,Chd4,Smarcd1,Rest,Dmap1,Kmt2a,Egr2,Rnf40	-0.12499999999999996	0.05692245077376344	6.907755278982137	-0.0016	0.06889391728660946	0.00997708134705981	0.009528749349707948	0.5765254237288135	11
sample1_to_0	development_LOPO17	Srcap	mse_ridge	Yy1,Arid2,Setd1b,Brd9,Znhit1,Kansl1,Pbrm1,Tfpt,Setdb1,Chd4,Smarcd1,Rest,Dmap1,Kmt2a,Egr2,Rnf40	-0.12499999999999996	0.1066757854023572	6.907755278982137	0.0041	0.0688645058076845	0.01047449782236589	0.00957829481353922	0.5818135593220339	11
sample1_to_0	development_LOPO17	Srcap	signed_rank_ridge	Yy1,Arid2,Setd1b,Brd9,Znhit1,Kansl1,Pbrm1,Tfpt,Setdb1,Chd4,Smarcd1,Rest,Dmap1,Kmt2a,Egr2,Rnf40	0.12500000000000003	0.04415169971588417	6.907755278982137	-0.0164	0.06768995913799394	0.013292501107043112	0.009619968789884222	0.5586440677966101	11
sample1_to_0	development_LOPO17	Srcap	shuffled_mse	Yy1,Arid2,Setd1b,Brd9,Znhit1,Kansl1,Pbrm1,Tfpt,Setdb1,Chd4,Smarcd1,Rest,Dmap1,Kmt2a,Egr2,Rnf40	0.0	0.12434664642507987	3.2745385872225325	0.0322	0.06679696357089684	0.009829230464046844	0.009041689660151403	0.5833728813559322	11
sample1_to_0	development_LOPO17	Srcap	shuffled_rank	Yy1,Arid2,Setd1b,Brd9,Znhit1,Kansl1,Pbrm1,Tfpt,Setdb1,Chd4,Smarcd1,Rest,Dmap1,Kmt2a,Egr2,Rnf40	-0.12499999999999996	0.09564530087117115	4.495330921492307	0.014	0.06676435453530521	0.012891345955518036	0.009409192141133654	0.5616610169491525	11
sample1_to_0	development_LOPO17	Srcap	retained	Yy1,Arid2,Setd1b,Brd9,Znhit1,Kansl1,Pbrm1,Tfpt,Setdb1,Chd4,Smarcd1,Rest,Dmap1,Kmt2a,Egr2,Rnf40	0.0	0.2280643588610848	6.907755278982137	-0.2133	0.0684905960385832	0.011270200946118839	0.00991707315482901	0.5581016949152542	11
sample1_to_0	development_LOPO17	Smarcd1	identity	Yy1,Arid2,Setd1b,Brd9,Znhit1,Kansl1,Pbrm1,Tfpt,Setdb1,Chd4,Srcap,Rest,Dmap1,Kmt2a,Egr2,Rnf40	0.0	0.0			0.008621689489161182	0.0019295321992576944	0.002031946982335885	0.17372881355932204	3
sample1_to_0	development_LOPO17	Smarcd1	mean	Yy1,Arid2,Setd1b,Brd9,Znhit1,Kansl1,Pbrm1,Tfpt,Setdb1,Chd4,Srcap,Rest,Dmap1,Kmt2a,Egr2,Rnf40	0.3333333333333333	0.02915516104489533			0.01146102601375154	0.00467018105574745	0.0023869159251027794	0.5732203389830508	3
sample1_to_0	development_LOPO17	Smarcd1	mse_ridge	Yy1,Arid2,Setd1b,Brd9,Znhit1,Kansl1,Pbrm1,Tfpt,Setdb1,Chd4,Srcap,Rest,Dmap1,Kmt2a,Egr2,Rnf40	0.3333333333333333	-0.06831242833224434			0.015114138003002275	0.004761365365909647	0.003106122917584695	0.5577457627118644	3
sample1_to_0	development_LOPO17	Smarcd1	signed_rank_ridge	Yy1,Arid2,Setd1b,Brd9,Znhit1,Kansl1,Pbrm1,Tfpt,Setdb1,Chd4,Srcap,Rest,Dmap1,Kmt2a,Egr2,Rnf40	0.3333333333333333	-0.04234562355853826			0.009065575478464363	0.007638152262634654	0.0023245984555862213	0.529728813559322	3
sample1_to_0	development_LOPO17	Smarcd1	shuffled_mse	Yy1,Arid2,Setd1b,Brd9,Znhit1,Kansl1,Pbrm1,Tfpt,Setdb1,Chd4,Srcap,Rest,Dmap1,Kmt2a,Egr2,Rnf40	0.0	-0.007222755580727973			0.012822021524579372	0.005505046626070842	0.0026572030908713685	0.5630169491525424	3
sample1_to_0	development_LOPO17	Smarcd1	shuffled_rank	Yy1,Arid2,Setd1b,Brd9,Znhit1,Kansl1,Pbrm1,Tfpt,Setdb1,Chd4,Srcap,Rest,Dmap1,Kmt2a,Egr2,Rnf40	0.0	0.012748999456851769			0.009001592349181428	0.008138740143528238	0.0022882232671281723	0.5634745762711865	3
sample1_to_0	development_LOPO17	Smarcd1	retained	Yy1,Arid2,Setd1b,Brd9,Znhit1,Kansl1,Pbrm1,Tfpt,Setdb1,Chd4,Srcap,Rest,Dmap1,Kmt2a,Egr2,Rnf40	0.3333333333333333	-0.07823822132514556			0.014691108871675167	0.004043692057255148	0.0030919522801294928	0.5550338983050848	3
sample1_to_0	development_LOPO17	Rest	identity	Yy1,Arid2,Setd1b,Brd9,Znhit1,Kansl1,Pbrm1,Tfpt,Setdb1,Chd4,Srcap,Smarcd1,Dmap1,Kmt2a,Egr2,Rnf40	0.0	0.0			0.012368050555160187	0.0021111030176195595	0.002016907397759055	0.17372881355932204	3
sample1_to_0	development_LOPO17	Rest	mean	Yy1,Arid2,Setd1b,Brd9,Znhit1,Kansl1,Pbrm1,Tfpt,Setdb1,Chd4,Srcap,Smarcd1,Dmap1,Kmt2a,Egr2,Rnf40	0.0	-0.02298093192254159			0.0210300011708707	0.005052651794773651	0.0032724033333065856	0.5627796610169492	3
sample1_to_0	development_LOPO17	Rest	mse_ridge	Yy1,Arid2,Setd1b,Brd9,Znhit1,Kansl1,Pbrm1,Tfpt,Setdb1,Chd4,Srcap,Smarcd1,Dmap1,Kmt2a,Egr2,Rnf40	0.0	-0.007479006963175609			0.02064048068342145	0.005087478160528018	0.003225604244831384	0.5687457627118644	3
sample1_to_0	development_LOPO17	Rest	signed_rank_ridge	Yy1,Arid2,Setd1b,Brd9,Znhit1,Kansl1,Pbrm1,Tfpt,Setdb1,Chd4,Srcap,Smarcd1,Dmap1,Kmt2a,Egr2,Rnf40	0.0	-0.022032921918872062			0.014206345730329676	0.007796452363599932	0.0023741719083350647	0.5355254237288135	3
sample1_to_0	development_LOPO17	Rest	shuffled_mse	Yy1,Arid2,Setd1b,Brd9,Znhit1,Kansl1,Pbrm1,Tfpt,Setdb1,Chd4,Srcap,Smarcd1,Dmap1,Kmt2a,Egr2,Rnf40	0.0	0.016170641076004917			0.020802071662869404	0.004903793871513936	0.0032467443279175986	0.562728813559322	3
sample1_to_0	development_LOPO17	Rest	shuffled_rank	Yy1,Arid2,Setd1b,Brd9,Znhit1,Kansl1,Pbrm1,Tfpt,Setdb1,Chd4,Srcap,Smarcd1,Dmap1,Kmt2a,Egr2,Rnf40	0.0	-0.027695797740828077			0.014217219839341733	0.00752159334700061	0.0023496468493537375	0.5418983050847458	3
sample1_to_0	development_LOPO17	Rest	retained	Yy1,Arid2,Setd1b,Brd9,Znhit1,Kansl1,Pbrm1,Tfpt,Setdb1,Chd4,Srcap,Smarcd1,Dmap1,Kmt2a,Egr2,Rnf40	0.0	-0.025957903173241093			0.018138472173691324	0.004508744224406944	0.002872356232350462	0.6987457627118644	3
sample1_to_0	development_LOPO17	Dmap1	identity	Yy1,Arid2,Setd1b,Brd9,Znhit1,Kansl1,Pbrm1,Tfpt,Setdb1,Chd4,Srcap,Smarcd1,Rest,Kmt2a,Egr2,Rnf40	0.0	0.0	6.907755278982137	0.0	0.056539349758102396	0.006681971104637666	0.0074351726125346075	0.17372881355932204	12
sample1_to_0	development_LOPO17	Dmap1	mean	Yy1,Arid2,Setd1b,Brd9,Znhit1,Kansl1,Pbrm1,Tfpt,Setdb1,Chd4,Srcap,Smarcd1,Rest,Kmt2a,Egr2,Rnf40	0.0	-0.013774084906579474	6.907755278982137	-0.0677	0.06563494435007573	0.008876356888704069	0.008521865953910605	0.5748135593220339	12
sample1_to_0	development_LOPO17	Dmap1	mse_ridge	Yy1,Arid2,Setd1b,Brd9,Znhit1,Kansl1,Pbrm1,Tfpt,Setdb1,Chd4,Srcap,Smarcd1,Rest,Kmt2a,Egr2,Rnf40	0.09090909090909091	0.038780615042290245	6.907755278982137	-0.1307	0.06507432983066763	0.008759532494151802	0.008324893325536785	0.5558983050847458	12
sample1_to_0	development_LOPO17	Dmap1	signed_rank_ridge	Yy1,Arid2,Setd1b,Brd9,Znhit1,Kansl1,Pbrm1,Tfpt,Setdb1,Chd4,Srcap,Smarcd1,Rest,Kmt2a,Egr2,Rnf40	0.0	-0.01819391323519043	6.907755278982137	0.0182	0.05904271009036939	0.011846650406006383	0.0077754572483033175	0.5256949152542373	12
sample1_to_0	development_LOPO17	Dmap1	shuffled_mse	Yy1,Arid2,Setd1b,Brd9,Znhit1,Kansl1,Pbrm1,Tfpt,Setdb1,Chd4,Srcap,Smarcd1,Rest,Kmt2a,Egr2,Rnf40	0.09090909090909091	-0.0595605209800299	6.907755278982137	-0.1269	0.06710547966162636	0.008842717916096308	0.008597623872777096	0.5513389830508475	12
sample1_to_0	development_LOPO17	Dmap1	shuffled_rank	Yy1,Arid2,Setd1b,Brd9,Znhit1,Kansl1,Pbrm1,Tfpt,Setdb1,Chd4,Srcap,Smarcd1,Rest,Kmt2a,Egr2,Rnf40	0.0	-0.05367382008515055	6.907755278982137	0.0129	0.0593597646680419	0.01169120883174553	0.007825346566172814	0.5248305084745762	12
sample1_to_0	development_LOPO17	Dmap1	retained	Yy1,Arid2,Setd1b,Brd9,Znhit1,Kansl1,Pbrm1,Tfpt,Setdb1,Chd4,Srcap,Smarcd1,Rest,Kmt2a,Egr2,Rnf40	0.18181818181818185	0.12541151983965498	1.7464844941534037	0.3685	0.05391702196158752	0.007456089701730284	0.006359407296430401	0.5867796610169491	12
sample1_to_0	development_LOPO17	Kmt2a	identity	Yy1,Arid2,Setd1b,Brd9,Znhit1,Kansl1,Pbrm1,Tfpt,Setdb1,Chd4,Srcap,Smarcd1,Rest,Dmap1,Egr2,Rnf40	0.0	0.0	6.907755278982137	0.0	0.045555822911585	0.006961414403286853	0.006504745674567898	0.17372881355932204	14
sample1_to_0	development_LOPO17	Kmt2a	mean	Yy1,Arid2,Setd1b,Brd9,Znhit1,Kansl1,Pbrm1,Tfpt,Setdb1,Chd4,Srcap,Smarcd1,Rest,Dmap1,Egr2,Rnf40	0.18181818181818185	0.07132380097509414	6.907755278982137	-0.0114	0.04675363190782248	0.009857120851776107	0.006657793035892798	0.5662372881355933	14
sample1_to_0	development_LOPO17	Kmt2a	mse_ridge	Yy1,Arid2,Setd1b,Brd9,Znhit1,Kansl1,Pbrm1,Tfpt,Setdb1,Chd4,Srcap,Smarcd1,Rest,Dmap1,Egr2,Rnf40	0.36363636363636365	0.1292857851436855	1.9671492348522324	0.0271	0.04482690600042312	0.009553759346544082	0.0063110310133161355	0.5665084745762712	14
sample1_to_0	development_LOPO17	Kmt2a	signed_rank_ridge	Yy1,Arid2,Setd1b,Brd9,Znhit1,Kansl1,Pbrm1,Tfpt,Setdb1,Chd4,Srcap,Smarcd1,Rest,Dmap1,Egr2,Rnf40	0.18181818181818185	0.08305763129408626	3.331747651589104	0.1046	0.044687213490110886	0.013145333718464606	0.006453583750121695	0.5537966101694916	14
sample1_to_0	development_LOPO17	Kmt2a	shuffled_mse	Yy1,Arid2,Setd1b,Brd9,Znhit1,Kansl1,Pbrm1,Tfpt,Setdb1,Chd4,Srcap,Smarcd1,Rest,Dmap1,Egr2,Rnf40	0.2727272727272727	0.07827499462353665	1.9306248760091775	0.0138	0.04538391892777923	0.01011109546098465	0.006491384906455698	0.5760847457627118	14
sample1_to_0	development_LOPO17	Kmt2a	shuffled_rank	Yy1,Arid2,Setd1b,Brd9,Znhit1,Kansl1,Pbrm1,Tfpt,Setdb1,Chd4,Srcap,Smarcd1,Rest,Dmap1,Egr2,Rnf40	0.18181818181818185	0.060833592071634524	3.3602577299554284	0.1162	0.044928684499779534	0.013055718791847595	0.00646772020362149	0.5557118644067797	14
sample1_to_0	development_LOPO17	Kmt2a	retained	Yy1,Arid2,Setd1b,Brd9,Znhit1,Kansl1,Pbrm1,Tfpt,Setdb1,Chd4,Srcap,Smarcd1,Rest,Dmap1,Egr2,Rnf40	0.36363636363636365	0.09416667762925701	1.2969918365229587	0.4683	0.04226979199670915	0.011123201928672269	0.0054087208125652726	0.6316610169491526	14
sample1_to_0	development_LOPO17	Egr2	identity	Yy1,Arid2,Setd1b,Brd9,Znhit1,Kansl1,Pbrm1,Tfpt,Setdb1,Chd4,Srcap,Smarcd1,Rest,Dmap1,Kmt2a,Rnf40	0.0	0.0			0.01549891003099697	0.0025177508853538593	0.0026878100877408937	0.17372881355932204	3
sample1_to_0	development_LOPO17	Egr2	mean	Yy1,Arid2,Setd1b,Brd9,Znhit1,Kansl1,Pbrm1,Tfpt,Setdb1,Chd4,Srcap,Smarcd1,Rest,Dmap1,Kmt2a,Rnf40	0.0	0.01880875076558342			0.025119454422812347	0.0052413104904293715	0.004196170074552779	0.5654576271186441	3
sample1_to_0	development_LOPO17	Egr2	mse_ridge	Yy1,Arid2,Setd1b,Brd9,Znhit1,Kansl1,Pbrm1,Tfpt,Setdb1,Chd4,Srcap,Smarcd1,Rest,Dmap1,Kmt2a,Rnf40	0.0	0.021341434987789048			0.0281539792075583	0.005730657691072234	0.004608446300848708	0.5595423728813559	3
sample1_to_0	development_LOPO17	Egr2	signed_rank_ridge	Yy1,Arid2,Setd1b,Brd9,Znhit1,Kansl1,Pbrm1,Tfpt,Setdb1,Chd4,Srcap,Smarcd1,Rest,Dmap1,Kmt2a,Rnf40	0.0	-0.0010877304763251814			0.017417039014697065	0.008248820630678668	0.0031600362196783577	0.5416949152542373	3
sample1_to_0	development_LOPO17	Egr2	shuffled_mse	Yy1,Arid2,Setd1b,Brd9,Znhit1,Kansl1,Pbrm1,Tfpt,Setdb1,Chd4,Srcap,Smarcd1,Rest,Dmap1,Kmt2a,Rnf40	0.0	0.055134476867428166			0.024214584358658416	0.005368461940688607	0.004022997321914913	0.5609491525423729	3
sample1_to_0	development_LOPO17	Egr2	shuffled_rank	Yy1,Arid2,Setd1b,Brd9,Znhit1,Kansl1,Pbrm1,Tfpt,Setdb1,Chd4,Srcap,Smarcd1,Rest,Dmap1,Kmt2a,Rnf40	0.0	0.029442051211955547			0.01677095578686394	0.008245134237506183	0.0030924910361305787	0.5348305084745762	3
sample1_to_0	development_LOPO17	Egr2	retained	Yy1,Arid2,Setd1b,Brd9,Znhit1,Kansl1,Pbrm1,Tfpt,Setdb1,Chd4,Srcap,Smarcd1,Rest,Dmap1,Kmt2a,Rnf40	0.0	0.03634356153962982			0.021485695112722438	0.004565564452574642	0.0036759018455697757	0.5685762711864407	3
sample1_to_0	development_LOPO17	Rnf40	identity	Yy1,Arid2,Setd1b,Brd9,Znhit1,Kansl1,Pbrm1,Tfpt,Setdb1,Chd4,Srcap,Smarcd1,Rest,Dmap1,Kmt2a,Egr2	0.0	0.0	6.907755278982137	0.0	0.0718523791008535	0.00638163523796787	0.009325396108573218	0.17372881355932204	11
sample1_to_0	development_LOPO17	Rnf40	mean	Yy1,Arid2,Setd1b,Brd9,Znhit1,Kansl1,Pbrm1,Tfpt,Setdb1,Chd4,Srcap,Smarcd1,Rest,Dmap1,Kmt2a,Egr2	0.42857142857142855	0.1852558596973339	1.5736215301781984	0.3584	0.060745449752862744	0.006958855487566981	0.007350578104120528	0.5650677966101695	11
sample1_to_0	development_LOPO17	Rnf40	mse_ridge	Yy1,Arid2,Setd1b,Brd9,Znhit1,Kansl1,Pbrm1,Tfpt,Setdb1,Chd4,Srcap,Smarcd1,Rest,Dmap1,Kmt2a,Egr2	0.42857142857142855	0.1935082018278988	1.6877855323553344	0.4655	0.06115611786607926	0.007029072245971675	0.00748121022486269	0.5676271186440678	11
sample1_to_0	development_LOPO17	Rnf40	signed_rank_ridge	Yy1,Arid2,Setd1b,Brd9,Znhit1,Kansl1,Pbrm1,Tfpt,Setdb1,Chd4,Srcap,Smarcd1,Rest,Dmap1,Kmt2a,Egr2	0.28571428571428564	0.15518922661196793	3.0049021862915746	0.3248	0.06931192130738106	0.010985366518602439	0.0089062173040121	0.5455084745762712	11
sample1_to_0	development_LOPO17	Rnf40	shuffled_mse	Yy1,Arid2,Setd1b,Brd9,Znhit1,Kansl1,Pbrm1,Tfpt,Setdb1,Chd4,Srcap,Smarcd1,Rest,Dmap1,Kmt2a,Egr2	0.42857142857142855	0.18285901856834577	1.5048186674141182	0.3188	0.05992880927704351	0.007295371516504604	0.007243468183035467	0.5765254237288135	11
sample1_to_0	development_LOPO17	Rnf40	shuffled_rank	Yy1,Arid2,Setd1b,Brd9,Znhit1,Kansl1,Pbrm1,Tfpt,Setdb1,Chd4,Srcap,Smarcd1,Rest,Dmap1,Kmt2a,Egr2	0.14285714285714282	0.14329571426824156	3.1370926289026393	0.4036	0.06949385647453939	0.010583151783700229	0.008897120313271934	0.5429830508474577	11
sample1_to_0	development_LOPO17	Rnf40	retained	Yy1,Arid2,Setd1b,Brd9,Znhit1,Kansl1,Pbrm1,Tfpt,Setdb1,Chd4,Srcap,Smarcd1,Rest,Dmap1,Kmt2a,Egr2	0.42857142857142855	0.19997195840238083	1.9017447157119955	0.4577	0.06337425482007394	0.006783270644930229	0.007810868234683627	0.630542372881356	11
sample1_to_0	historical_holdout9	Brd7	identity	Yy1,Arid2,Setd1b,Brd9,Znhit1,Kansl1,Pbrm1,Tfpt,Setdb1,Chd4,Srcap,Smarcd1,Rest,Dmap1,Kmt2a,Egr2,Rnf40		0.0			0.00686107044923453	0.00170376216045548	0.0014226347827084138	0.17372881355932204	0
sample1_to_0	historical_holdout9	Brd7	mean	Yy1,Arid2,Setd1b,Brd9,Znhit1,Kansl1,Pbrm1,Tfpt,Setdb1,Chd4,Srcap,Smarcd1,Rest,Dmap1,Kmt2a,Egr2,Rnf40		-0.05847216196714117			0.011908578008674436	0.004798101771304121	0.0021982928757849954	0.5767966101694916	0
sample1_to_0	historical_holdout9	Brd7	mse_ridge	Yy1,Arid2,Setd1b,Brd9,Znhit1,Kansl1,Pbrm1,Tfpt,Setdb1,Chd4,Srcap,Smarcd1,Rest,Dmap1,Kmt2a,Egr2,Rnf40		0.045087477101247234			0.009026603061929196	0.004054008167854954	0.0019548189047004657	0.5604576271186441	0
sample1_to_0	historical_holdout9	Brd7	signed_rank_ridge	Yy1,Arid2,Setd1b,Brd9,Znhit1,Kansl1,Pbrm1,Tfpt,Setdb1,Chd4,Srcap,Smarcd1,Rest,Dmap1,Kmt2a,Egr2,Rnf40		0.025519022695299147			0.0071029916393278904	0.007472744153854057	0.0016166788011788124	0.5414745762711864	0
sample1_to_0	historical_holdout9	Brd7	shuffled_mse	Yy1,Arid2,Setd1b,Brd9,Znhit1,Kansl1,Pbrm1,Tfpt,Setdb1,Chd4,Srcap,Smarcd1,Rest,Dmap1,Kmt2a,Egr2,Rnf40		-0.009846776431647202			0.011334013652679567	0.005487232350594758	0.002226470487650262	0.5832372881355932	0
sample1_to_0	historical_holdout9	Brd7	shuffled_rank	Yy1,Arid2,Setd1b,Brd9,Znhit1,Kansl1,Pbrm1,Tfpt,Setdb1,Chd4,Srcap,Smarcd1,Rest,Dmap1,Kmt2a,Egr2,Rnf40		-0.06451655325548183			0.00783651479228568	0.007799630670026929	0.0017272367729163826	0.5683050847457627	0
sample1_to_0	historical_holdout9	Brd7	retained	Yy1,Arid2,Setd1b,Brd9,Znhit1,Kansl1,Pbrm1,Tfpt,Setdb1,Chd4,Srcap,Smarcd1,Rest,Dmap1,Kmt2a,Egr2,Rnf40		0.024672935207258898			0.0120345983199061	0.004663647654495046	0.00256641615188315	0.5610847457627118	0
sample1_to_0	historical_holdout9	Kat8	identity	Yy1,Arid2,Setd1b,Brd9,Znhit1,Kansl1,Pbrm1,Tfpt,Setdb1,Chd4,Srcap,Smarcd1,Rest,Dmap1,Kmt2a,Egr2,Rnf40	0.0	0.0	6.907755278982137	0.0	0.035970626570982746	0.00465735589001408	0.005512783457395436	0.17372881355932204	6
sample1_to_0	historical_holdout9	Kat8	mean	Yy1,Arid2,Setd1b,Brd9,Znhit1,Kansl1,Pbrm1,Tfpt,Setdb1,Chd4,Srcap,Smarcd1,Rest,Dmap1,Kmt2a,Egr2,Rnf40	-0.19999999999999998	0.14919589684855777	6.907755278982137	0.0439	0.040682376499431835	0.008032274118913746	0.006100315949330772	0.5767966101694916	6
sample1_to_0	historical_holdout9	Kat8	mse_ridge	Yy1,Arid2,Setd1b,Brd9,Znhit1,Kansl1,Pbrm1,Tfpt,Setdb1,Chd4,Srcap,Smarcd1,Rest,Dmap1,Kmt2a,Egr2,Rnf40	-0.19999999999999998	0.19122864116921273	6.907755278982137	-0.0515	0.03948974904262566	0.008181224297465033	0.00586880629150167	0.5759491525423729	6
sample1_to_0	historical_holdout9	Kat8	signed_rank_ridge	Yy1,Arid2,Setd1b,Brd9,Znhit1,Kansl1,Pbrm1,Tfpt,Setdb1,Chd4,Srcap,Smarcd1,Rest,Dmap1,Kmt2a,Egr2,Rnf40	-0.19999999999999998	0.1484931948008437	6.907755278982137	-0.0819	0.0362984146865231	0.011356129332767702	0.005641055181510189	0.5621694915254237	6
sample1_to_0	historical_holdout9	Kat8	shuffled_mse	Yy1,Arid2,Setd1b,Brd9,Znhit1,Kansl1,Pbrm1,Tfpt,Setdb1,Chd4,Srcap,Smarcd1,Rest,Dmap1,Kmt2a,Egr2,Rnf40	-0.19999999999999998	0.135460680851795	6.907755278982137	0.0269	0.04051741114328618	0.007771195196310702	0.006039765366650904	0.5686271186440678	6
sample1_to_0	historical_holdout9	Kat8	shuffled_rank	Yy1,Arid2,Setd1b,Brd9,Znhit1,Kansl1,Pbrm1,Tfpt,Setdb1,Chd4,Srcap,Smarcd1,Rest,Dmap1,Kmt2a,Egr2,Rnf40	-0.19999999999999998	0.06451002234591084	6.907755278982137	-0.0612	0.036498139450182314	0.010871649276744815	0.0056334162668680325	0.5354915254237288	6
sample1_to_0	historical_holdout9	Kat8	retained	Yy1,Arid2,Setd1b,Brd9,Znhit1,Kansl1,Pbrm1,Tfpt,Setdb1,Chd4,Srcap,Smarcd1,Rest,Dmap1,Kmt2a,Egr2,Rnf40	0.4	0.34049247711507996	1.3760036810381873	0.6447	0.028450353721207956	0.006865648646440091	0.00359164113264899	0.5473220338983051	6
sample1_to_0	historical_holdout9	Kat5	identity	Yy1,Arid2,Setd1b,Brd9,Znhit1,Kansl1,Pbrm1,Tfpt,Setdb1,Chd4,Srcap,Smarcd1,Rest,Dmap1,Kmt2a,Egr2,Rnf40	0.0	0.0	6.907755278982137	0.0	0.12977222677222405	0.013816205809249601	0.01962464538220518	0.17372881355932204	29
sample1_to_0	historical_holdout9	Kat5	mean	Yy1,Arid2,Setd1b,Brd9,Znhit1,Kansl1,Pbrm1,Tfpt,Setdb1,Chd4,Srcap,Smarcd1,Rest,Dmap1,Kmt2a,Egr2,Rnf40	-0.40000000000000013	0.02461747095287215	6.907755278982137	-0.01	0.13193948149304272	0.01746971695229924	0.019252967376787555	0.5767966101694916	29
sample1_to_0	historical_holdout9	Kat5	mse_ridge	Yy1,Arid2,Setd1b,Brd9,Znhit1,Kansl1,Pbrm1,Tfpt,Setdb1,Chd4,Srcap,Smarcd1,Rest,Dmap1,Kmt2a,Egr2,Rnf40	-0.3333333333333334	0.06545308371436762	3.1600868774381414	0.0192	0.12978183188607004	0.016882107507950266	0.018873544706835423	0.5744237288135593	29
sample1_to_0	historical_holdout9	Kat5	signed_rank_ridge	Yy1,Arid2,Setd1b,Brd9,Znhit1,Kansl1,Pbrm1,Tfpt,Setdb1,Chd4,Srcap,Smarcd1,Rest,Dmap1,Kmt2a,Egr2,Rnf40	-0.46666666666666673	0.03790074533389819	5.072260824001766	0.0158	0.1305120489327967	0.020099022601143848	0.0196415799558328	0.5535762711864407	29
sample1_to_0	historical_holdout9	Kat5	shuffled_mse	Yy1,Arid2,Setd1b,Brd9,Znhit1,Kansl1,Pbrm1,Tfpt,Setdb1,Chd4,Srcap,Smarcd1,Rest,Dmap1,Kmt2a,Egr2,Rnf40	-0.3333333333333334	-0.008249026365408927	6.907755278982137	-0.0138	0.13398929307876467	0.017280710791708082	0.019712765655003125	0.5711864406779661	29
sample1_to_0	historical_holdout9	Kat5	shuffled_rank	Yy1,Arid2,Setd1b,Brd9,Znhit1,Kansl1,Pbrm1,Tfpt,Setdb1,Chd4,Srcap,Smarcd1,Rest,Dmap1,Kmt2a,Egr2,Rnf40	-0.40000000000000013	-0.01264129082367194	6.907755278982137	-0.0047	0.1315821413976326	0.020053557611514294	0.019824656986538444	0.5313559322033898	29
sample1_to_0	historical_holdout9	Kat5	retained	Yy1,Arid2,Setd1b,Brd9,Znhit1,Kansl1,Pbrm1,Tfpt,Setdb1,Chd4,Srcap,Smarcd1,Rest,Dmap1,Kmt2a,Egr2,Rnf40	-0.13333333333333341	0.252889916190811	2.59981935756554	0.1107	0.12410929098292856	0.016402285702987286	0.0179092334385683	0.5617796610169492	29
sample1_to_0	historical_holdout9	Ino80	identity	Yy1,Arid2,Setd1b,Brd9,Znhit1,Kansl1,Pbrm1,Tfpt,Setdb1,Chd4,Srcap,Smarcd1,Rest,Dmap1,Kmt2a,Egr2,Rnf40	0.0	0.0	6.907755278982137	0.0	0.04306591969262199	0.004451442119928308	0.006990442831839112	0.17372881355932204	9
sample1_to_0	historical_holdout9	Ino80	mean	Yy1,Arid2,Setd1b,Brd9,Znhit1,Kansl1,Pbrm1,Tfpt,Setdb1,Chd4,Srcap,Smarcd1,Rest,Dmap1,Kmt2a,Egr2,Rnf40	-0.2500000000000001	0.038646091662581275	1.6557616180605672	0.0722	0.03748136603702766	0.007969821217256784	0.0061821865897208955	0.5767966101694916	9
sample1_to_0	historical_holdout9	Ino80	mse_ridge	Yy1,Arid2,Setd1b,Brd9,Znhit1,Kansl1,Pbrm1,Tfpt,Setdb1,Chd4,Srcap,Smarcd1,Rest,Dmap1,Kmt2a,Egr2,Rnf40	-0.2500000000000001	0.11069421070451092	1.072880202870688	0.2528	0.02952451310585068	0.007427482532106513	0.004740648327333882	0.5351016949152543	9
sample1_to_0	historical_holdout9	Ino80	signed_rank_ridge	Yy1,Arid2,Setd1b,Brd9,Znhit1,Kansl1,Pbrm1,Tfpt,Setdb1,Chd4,Srcap,Smarcd1,Rest,Dmap1,Kmt2a,Egr2,Rnf40	-0.2500000000000001	0.11128107846705093	3.0190110716121454	0.0998	0.041108733400761155	0.010514417674314613	0.006633592546076475	0.5115084745762711	9
sample1_to_0	historical_holdout9	Ino80	shuffled_mse	Yy1,Arid2,Setd1b,Brd9,Znhit1,Kansl1,Pbrm1,Tfpt,Setdb1,Chd4,Srcap,Smarcd1,Rest,Dmap1,Kmt2a,Egr2,Rnf40	-0.2500000000000001	-0.00789483988888673	2.7804399300339795	0.011	0.04488913110488392	0.008468779259028229	0.007560320653003021	0.5643898305084746	9
sample1_to_0	historical_holdout9	Ino80	shuffled_rank	Yy1,Arid2,Setd1b,Brd9,Znhit1,Kansl1,Pbrm1,Tfpt,Setdb1,Chd4,Srcap,Smarcd1,Rest,Dmap1,Kmt2a,Egr2,Rnf40	-0.2500000000000001	0.01108398960299486	6.907755278982137	0.0097	0.04407500368299353	0.01196153632686212	0.007374953540764047	0.5416271186440678	9
sample1_to_0	historical_holdout9	Ino80	retained	Yy1,Arid2,Setd1b,Brd9,Znhit1,Kansl1,Pbrm1,Tfpt,Setdb1,Chd4,Srcap,Smarcd1,Rest,Dmap1,Kmt2a,Egr2,Rnf40	0.24999999999999986	0.27104016811616005	1.0188314935304492	0.0558	0.029723277713383782	0.005638909397602283	0.004597622521929734	0.541135593220339	9
sample1_to_0	historical_holdout9	Wdr82	identity	Yy1,Arid2,Setd1b,Brd9,Znhit1,Kansl1,Pbrm1,Tfpt,Setdb1,Chd4,Srcap,Smarcd1,Rest,Dmap1,Kmt2a,Egr2,Rnf40	0.0	0.0	6.907755278982137	0.0	0.12085515830975638	0.012612542721741263	0.01813001707379891	0.17372881355932204	18
sample1_to_0	historical_holdout9	Wdr82	mean	Yy1,Arid2,Setd1b,Brd9,Znhit1,Kansl1,Pbrm1,Tfpt,Setdb1,Chd4,Srcap,Smarcd1,Rest,Dmap1,Kmt2a,Egr2,Rnf40	-0.12500000000000006	0.14214013180149612	1.94187425555806	0.3546	0.10452334368520519	0.013751793565351495	0.01473463243647426	0.5767966101694916	18
sample1_to_0	historical_holdout9	Wdr82	mse_ridge	Yy1,Arid2,Setd1b,Brd9,Znhit1,Kansl1,Pbrm1,Tfpt,Setdb1,Chd4,Srcap,Smarcd1,Rest,Dmap1,Kmt2a,Egr2,Rnf40	-0.2500000000000001	0.15766534974730134	1.9216991114988553	0.3906	0.10350525486701412	0.014267126948091452	0.014602561212442567	0.5702203389830508	18
sample1_to_0	historical_holdout9	Wdr82	signed_rank_ridge	Yy1,Arid2,Setd1b,Brd9,Znhit1,Kansl1,Pbrm1,Tfpt,Setdb1,Chd4,Srcap,Smarcd1,Rest,Dmap1,Kmt2a,Egr2,Rnf40	-0.2500000000000001	0.1372624203454451	3.6934580077263637	0.1598	0.1184731374292419	0.01823122359182494	0.01758623874597521	0.5565762711864407	18
sample1_to_0	historical_holdout9	Wdr82	shuffled_mse	Yy1,Arid2,Setd1b,Brd9,Znhit1,Kansl1,Pbrm1,Tfpt,Setdb1,Chd4,Srcap,Smarcd1,Rest,Dmap1,Kmt2a,Egr2,Rnf40	-0.2500000000000001	0.08007718908580524	2.129166566879988	0.2748	0.10844000816202956	0.014410111349746957	0.015500832841718847	0.5681186440677967	18
sample1_to_0	historical_holdout9	Wdr82	shuffled_rank	Yy1,Arid2,Setd1b,Brd9,Znhit1,Kansl1,Pbrm1,Tfpt,Setdb1,Chd4,Srcap,Smarcd1,Rest,Dmap1,Kmt2a,Egr2,Rnf40	-0.37500000000000006	0.08631500638819553	3.851956410045968	0.124	0.11919542819918201	0.018298374042003563	0.01779513039471052	0.5496949152542373	18
sample1_to_0	historical_holdout9	Wdr82	retained	Yy1,Arid2,Setd1b,Brd9,Znhit1,Kansl1,Pbrm1,Tfpt,Setdb1,Chd4,Srcap,Smarcd1,Rest,Dmap1,Kmt2a,Egr2,Rnf40	-0.37500000000000006	0.2903798696040784	3.043203940403407	0.0445	0.11911497143590144	0.012861652021950673	0.016925434841162944	0.5732542372881356	18
sample1_to_0	historical_holdout9	Smarca4	identity	Yy1,Arid2,Setd1b,Brd9,Znhit1,Kansl1,Pbrm1,Tfpt,Setdb1,Chd4,Srcap,Smarcd1,Rest,Dmap1,Kmt2a,Egr2,Rnf40	0.0	0.0	6.907755278982137	0.0	0.06904158547289137	0.007859188941570141	0.010527073162305604	0.17372881355932204	16
sample1_to_0	historical_holdout9	Smarca4	mean	Yy1,Arid2,Setd1b,Brd9,Znhit1,Kansl1,Pbrm1,Tfpt,Setdb1,Chd4,Srcap,Smarcd1,Rest,Dmap1,Kmt2a,Egr2,Rnf40	-0.2222222222222222	-0.052041245757964004	1.979715015904103	0.2892	0.0638337282990855	0.011842412969350244	0.009322039586326044	0.5767966101694916	16
sample1_to_0	historical_holdout9	Smarca4	mse_ridge	Yy1,Arid2,Setd1b,Brd9,Znhit1,Kansl1,Pbrm1,Tfpt,Setdb1,Chd4,Srcap,Smarcd1,Rest,Dmap1,Kmt2a,Egr2,Rnf40	-0.2222222222222222	-0.020160011535222948	2.273671454354166	0.1328	0.06765183637700015	0.011863050040462583	0.010203445688723283	0.5569322033898305	16
sample1_to_0	historical_holdout9	Smarca4	signed_rank_ridge	Yy1,Arid2,Setd1b,Brd9,Znhit1,Kansl1,Pbrm1,Tfpt,Setdb1,Chd4,Srcap,Smarcd1,Rest,Dmap1,Kmt2a,Egr2,Rnf40	-0.1111111111111111	-0.02854044983523642	3.9146020126471557	0.0657	0.0695822880104019	0.015062835246848268	0.010662154277234756	0.5303050847457628	16
sample1_to_0	historical_holdout9	Smarca4	shuffled_mse	Yy1,Arid2,Setd1b,Brd9,Znhit1,Kansl1,Pbrm1,Tfpt,Setdb1,Chd4,Srcap,Smarcd1,Rest,Dmap1,Kmt2a,Egr2,Rnf40	-0.2222222222222222	-0.06032331050935658	1.9346637039532448	0.3275	0.06376901047506284	0.013387670788191568	0.009351507228928089	0.5677796610169491	16
sample1_to_0	historical_holdout9	Smarca4	shuffled_rank	Yy1,Arid2,Setd1b,Brd9,Znhit1,Kansl1,Pbrm1,Tfpt,Setdb1,Chd4,Srcap,Smarcd1,Rest,Dmap1,Kmt2a,Egr2,Rnf40	-0.2222222222222222	-0.09000259669056739	3.721841774133712	0.0946	0.0695710908474137	0.016028990258910813	0.010679117955165572	0.5496949152542373	16
sample1_to_0	historical_holdout9	Smarca4	retained	Yy1,Arid2,Setd1b,Brd9,Znhit1,Kansl1,Pbrm1,Tfpt,Setdb1,Chd4,Srcap,Smarcd1,Rest,Dmap1,Kmt2a,Egr2,Rnf40	-0.2222222222222222	0.024094656733103154	2.3527789033523594	0.1012	0.070487693392952	0.011760503627845852	0.010669182370917067	0.6382372881355932	16
sample1_to_0	historical_holdout9	Paxip1	identity	Yy1,Arid2,Setd1b,Brd9,Znhit1,Kansl1,Pbrm1,Tfpt,Setdb1,Chd4,Srcap,Smarcd1,Rest,Dmap1,Kmt2a,Egr2,Rnf40	0.0	0.0	6.907755278982137	0.0	0.04212639954235455	0.0059399615261036135	0.006140399046890265	0.17372881355932204	10
sample1_to_0	historical_holdout9	Paxip1	mean	Yy1,Arid2,Setd1b,Brd9,Znhit1,Kansl1,Pbrm1,Tfpt,Setdb1,Chd4,Srcap,Smarcd1,Rest,Dmap1,Kmt2a,Egr2,Rnf40	0.12499999999999997	0.07019639548444953	2.11096519296843	0.0672	0.04119487639972273	0.009271201776625791	0.006213701480460955	0.5767966101694916	10
sample1_to_0	historical_holdout9	Paxip1	mse_ridge	Yy1,Arid2,Setd1b,Brd9,Znhit1,Kansl1,Pbrm1,Tfpt,Setdb1,Chd4,Srcap,Smarcd1,Rest,Dmap1,Kmt2a,Egr2,Rnf40	0.12499999999999997	0.038575509230969265	6.907755278982137	-0.0293	0.04410407157213687	0.009637980738626971	0.006663246986478504	0.5554745762711865	10
sample1_to_0	historical_holdout9	Paxip1	signed_rank_ridge	Yy1,Arid2,Setd1b,Brd9,Znhit1,Kansl1,Pbrm1,Tfpt,Setdb1,Chd4,Srcap,Smarcd1,Rest,Dmap1,Kmt2a,Egr2,Rnf40	0.0	0.08308661447778536	6.907755278982137	-0.0128	0.04191557807251102	0.012328887724473039	0.006263938293554283	0.5385254237288135	10
sample1_to_0	historical_holdout9	Paxip1	shuffled_mse	Yy1,Arid2,Setd1b,Brd9,Znhit1,Kansl1,Pbrm1,Tfpt,Setdb1,Chd4,Srcap,Smarcd1,Rest,Dmap1,Kmt2a,Egr2,Rnf40	0.25	0.12178643470750738	2.3842054297162325	0.1042	0.04039225233129214	0.009395163231050491	0.00608569213206275	0.5787118644067797	10
sample1_to_0	historical_holdout9	Paxip1	shuffled_rank	Yy1,Arid2,Setd1b,Brd9,Znhit1,Kansl1,Pbrm1,Tfpt,Setdb1,Chd4,Srcap,Smarcd1,Rest,Dmap1,Kmt2a,Egr2,Rnf40	0.0	0.14274021980447207	3.445731731599226	0.2167	0.040746756284344286	0.012742368041680318	0.006148600155134945	0.5493389830508475	10
sample1_to_0	historical_holdout9	Paxip1	retained	Yy1,Arid2,Setd1b,Brd9,Znhit1,Kansl1,Pbrm1,Tfpt,Setdb1,Chd4,Srcap,Smarcd1,Rest,Dmap1,Kmt2a,Egr2,Rnf40	0.12499999999999997	0.11345711790534067	2.466922498350863	0.1236	0.040203596833854785	0.008616556855704617	0.006009289613753617	0.6362881355932204	10
sample1_to_0	historical_holdout9	Hcfc1	identity	Yy1,Arid2,Setd1b,Brd9,Znhit1,Kansl1,Pbrm1,Tfpt,Setdb1,Chd4,Srcap,Smarcd1,Rest,Dmap1,Kmt2a,Egr2,Rnf40	0.0	0.0	6.907755278982137	0.0	0.06232596952802202	0.008788962224387506	0.009242755947534096	0.17372881355932204	15
sample1_to_0	historical_holdout9	Hcfc1	mean	Yy1,Arid2,Setd1b,Brd9,Znhit1,Kansl1,Pbrm1,Tfpt,Setdb1,Chd4,Srcap,Smarcd1,Rest,Dmap1,Kmt2a,Egr2,Rnf40	0.0	0.06250102794326291	6.907755278982137	0.0671	0.07543032957934667	0.010243640238456524	0.010663111359685831	0.5767966101694916	15
sample1_to_0	historical_holdout9	Hcfc1	mse_ridge	Yy1,Arid2,Setd1b,Brd9,Znhit1,Kansl1,Pbrm1,Tfpt,Setdb1,Chd4,Srcap,Smarcd1,Rest,Dmap1,Kmt2a,Egr2,Rnf40	0.0	0.14525877038250315	6.907755278982137	-0.0182	0.07158669759217302	0.009703380719035211	0.009878293996918612	0.5692542372881356	15
sample1_to_0	historical_holdout9	Hcfc1	signed_rank_ridge	Yy1,Arid2,Setd1b,Brd9,Znhit1,Kansl1,Pbrm1,Tfpt,Setdb1,Chd4,Srcap,Smarcd1,Rest,Dmap1,Kmt2a,Egr2,Rnf40	-0.07142857142857142	0.09302299226555166	6.907755278982137	0.0215	0.0648407891013366	0.01229681365085873	0.00929308083637849	0.557728813559322	15
sample1_to_0	historical_holdout9	Hcfc1	shuffled_mse	Yy1,Arid2,Setd1b,Brd9,Znhit1,Kansl1,Pbrm1,Tfpt,Setdb1,Chd4,Srcap,Smarcd1,Rest,Dmap1,Kmt2a,Egr2,Rnf40	0.0	0.05483272396326485	6.907755278982137	0.2536	0.0772308682939085	0.01066053268670982	0.011029116432200127	0.5644915254237288	15
sample1_to_0	historical_holdout9	Hcfc1	shuffled_rank	Yy1,Arid2,Setd1b,Brd9,Znhit1,Kansl1,Pbrm1,Tfpt,Setdb1,Chd4,Srcap,Smarcd1,Rest,Dmap1,Kmt2a,Egr2,Rnf40	-0.07142857142857142	-0.0021949914278188436	6.907755278982137	0.1985	0.06678633750212173	0.01331198077995418	0.009729063284318513	0.5321016949152543	15
sample1_to_0	historical_holdout9	Hcfc1	retained	Yy1,Arid2,Setd1b,Brd9,Znhit1,Kansl1,Pbrm1,Tfpt,Setdb1,Chd4,Srcap,Smarcd1,Rest,Dmap1,Kmt2a,Egr2,Rnf40	0.14285714285714288	0.18981294042792676	2.6997538555210543	0.0915	0.06655330093568312	0.008915423357479984	0.008646903344623862	0.5529322033898305	15
sample1_to_0	historical_holdout9	Yeats4	identity	Yy1,Arid2,Setd1b,Brd9,Znhit1,Kansl1,Pbrm1,Tfpt,Setdb1,Chd4,Srcap,Smarcd1,Rest,Dmap1,Kmt2a,Egr2,Rnf40	0.0	0.0			0.02260724100517012	0.002838905059662328	0.002959622566636407	0.17372881355932204	1
sample1_to_0	historical_holdout9	Yeats4	mean	Yy1,Arid2,Setd1b,Brd9,Znhit1,Kansl1,Pbrm1,Tfpt,Setdb1,Chd4,Srcap,Smarcd1,Rest,Dmap1,Kmt2a,Egr2,Rnf40	0.0	0.016060988972348637			0.03221040611898012	0.005492333318782146	0.004087503614766158	0.5767966101694916	1
sample1_to_0	historical_holdout9	Yeats4	mse_ridge	Yy1,Arid2,Setd1b,Brd9,Znhit1,Kansl1,Pbrm1,Tfpt,Setdb1,Chd4,Srcap,Smarcd1,Rest,Dmap1,Kmt2a,Egr2,Rnf40	0.0	0.0786802863471226			0.030150135186410788	0.004975649337328277	0.003714653150317376	0.5610169491525424	1
sample1_to_0	historical_holdout9	Yeats4	signed_rank_ridge	Yy1,Arid2,Setd1b,Brd9,Znhit1,Kansl1,Pbrm1,Tfpt,Setdb1,Chd4,Srcap,Smarcd1,Rest,Dmap1,Kmt2a,Egr2,Rnf40	0.0	0.042692937597225304			0.024239615168401916	0.008132117463753856	0.003165653056832141	0.5425762711864407	1
sample1_to_0	historical_holdout9	Yeats4	shuffled_mse	Yy1,Arid2,Setd1b,Brd9,Znhit1,Kansl1,Pbrm1,Tfpt,Setdb1,Chd4,Srcap,Smarcd1,Rest,Dmap1,Kmt2a,Egr2,Rnf40	0.0	0.04036320057928874			0.029957082140685952	0.005183051168182876	0.0038670398084138533	0.5690847457627118	1
sample1_to_0	historical_holdout9	Yeats4	shuffled_rank	Yy1,Arid2,Setd1b,Brd9,Znhit1,Kansl1,Pbrm1,Tfpt,Setdb1,Chd4,Srcap,Smarcd1,Rest,Dmap1,Kmt2a,Egr2,Rnf40	0.0	0.0010165228012584291			0.024887089250887583	0.008287997847198211	0.0032759780682864587	0.5324915254237288	1
sample1_to_0	historical_holdout9	Yeats4	retained	Yy1,Arid2,Setd1b,Brd9,Znhit1,Kansl1,Pbrm1,Tfpt,Setdb1,Chd4,Srcap,Smarcd1,Rest,Dmap1,Kmt2a,Egr2,Rnf40	0.0	0.3110104464813023			0.018847722881001783	0.004882000776189652	0.0022236612815507407	0.5463389830508475	1
