source	sample	cell	condition	guide	treatment	reason	model_input
GSE261783	GSM8151756	AACCAACTCAACTGGT-1	Arid2	Arid2_As_73066	Unstimulated	PROVISIONAL_KEEP_MANUAL_PHENOCOPY_REVIEW_PENDING	false
GSE261783	GSM8151756	AACCACAGTAAGGCCA-1	Arid2	Arid2_As_73066	Unstimulated	PROVISIONAL_KEEP_MANUAL_PHENOCOPY_REVIEW_PENDING	false
GSE261783	GSM8151756	AATGACCCAAGTCGTT-1	Arid2	Arid2_As_73066	Unstimulated	PROVISIONAL_KEEP_MANUAL_PHENOCOPY_REVIEW_PENDING	false
GSE261783	GSM8151756	AATGACCTCGACGTCG-1	Arid2	Arid2_As_73066	Unstimulated	PROVISIONAL_KEEP_MANUAL_PHENOCOPY_REVIEW_PENDING	false
GSE261783	GSM8151756	ACACGCGAGGCACTCC-1	Arid2	Arid2_As_73066	Unstimulated	PROVISIONAL_KEEP_MANUAL_PHENOCOPY_REVIEW_PENDING	false
GSE261783	GSM8151756	ACTATCTGTTAAACAG-1	Arid2	Arid2_As_73066	Unstimulated	PROVISIONAL_KEEP_MANUAL_PHENOCOPY_REVIEW_PENDING	false
GSE261783	GSM8151756	ACTCCCAGTCAGCGTC-1	Arid2	Arid2_As_73066	Unstimulated	PROVISIONAL_KEEP_MANUAL_PHENOCOPY_REVIEW_PENDING	false
GSE261783	GSM8151756	AGGGAGTGTAGGCTGA-1	Arid2	Arid2_As_73066	Unstimulated	PROVISIONAL_KEEP_MANUAL_PHENOCOPY_REVIEW_PENDING	false
GSE261783	GSM8151756	ATCACTTTCGAGATAA-1	Arid2	Arid2_As_73066	Unstimulated	PROVISIONAL_KEEP_MANUAL_PHENOCOPY_REVIEW_PENDING	false
GSE261783	GSM8151756	ATCAGGTTCCTAACAG-1	Arid2	Arid2_As_73066	Unstimulated	PROVISIONAL_KEEP_MANUAL_PHENOCOPY_REVIEW_PENDING	false
GSE261783	GSM8151756	CACTAAGAGTACCGGA-1	Arid2	Arid2_As_73066	Unstimulated	PROVISIONAL_KEEP_MANUAL_PHENOCOPY_REVIEW_PENDING	false
GSE261783	GSM8151756	CATCGCTAGCTCTATG-1	Arid2	Arid2_As_73066	Unstimulated	PROVISIONAL_KEEP_MANUAL_PHENOCOPY_REVIEW_PENDING	false
GSE261783	GSM8151756	CCCGAAGGTCGGTGTC-1	Arid2	Arid2_As_73066	Unstimulated	PROVISIONAL_KEEP_MANUAL_PHENOCOPY_REVIEW_PENDING	false
GSE261783	GSM8151756	CGCGTGAGTTGTAGCT-1	Arid2	Arid2_As_73066	Unstimulated	PROVISIONAL_KEEP_MANUAL_PHENOCOPY_REVIEW_PENDING	false
GSE261783	GSM8151756	CGGGACTGTAGGCAGT-1	Arid2	Arid2_As_73066	Unstimulated	PROVISIONAL_KEEP_MANUAL_PHENOCOPY_REVIEW_PENDING	false
GSE261783	GSM8151756	CGTCAAATCCGCCTAT-1	Arid2	Arid2_As_73066	Unstimulated	PROVISIONAL_KEEP_MANUAL_PHENOCOPY_REVIEW_PENDING	false
GSE261783	GSM8151756	CTATAGGCAGCAGATG-1	Arid2	Arid2_As_73066	Unstimulated	PROVISIONAL_KEEP_MANUAL_PHENOCOPY_REVIEW_PENDING	false
GSE261783	GSM8151756	CTCCCAATCGCCACTT-1	Arid2	Arid2_As_73066	Unstimulated	PROVISIONAL_KEEP_MANUAL_PHENOCOPY_REVIEW_PENDING	false
GSE261783	GSM8151756	CTCCTCCGTACTAACC-1	Arid2	Arid2_As_73066	Unstimulated	PROVISIONAL_KEEP_MANUAL_PHENOCOPY_REVIEW_PENDING	false
GSE261783	GSM8151756	CTTCGGTAGAGTGGCT-1	Arid2	Arid2_As_73066	Unstimulated	PROVISIONAL_KEEP_MANUAL_PHENOCOPY_REVIEW_PENDING	false
GSE261783	GSM8151756	GAAACCTCAAATGGTA-1	Arid2	Arid2_As_73066	Unstimulated	PROVISIONAL_KEEP_MANUAL_PHENOCOPY_REVIEW_PENDING	false
GSE261783	GSM8151756	GACTCTCCAAGCTCTA-1	Arid2	Arid2_As_73066	Unstimulated	PROVISIONAL_KEEP_MANUAL_PHENOCOPY_REVIEW_PENDING	false
GSE261783	GSM8151756	GCAGTTATCAATCAGC-1	Arid2	Arid2_As_73066	Unstimulated	PROVISIONAL_KEEP_MANUAL_PHENOCOPY_REVIEW_PENDING	false
GSE261783	GSM8151756	GCCTGTTAGTATGACA-1	Arid2	Arid2_As_73066	Unstimulated	PROVISIONAL_KEEP_MANUAL_PHENOCOPY_REVIEW_PENDING	false
GSE261783	GSM8151756	GTCGCGAGTCCAGCAC-1	Arid2	Arid2_As_73066	Unstimulated	PROVISIONAL_KEEP_MANUAL_PHENOCOPY_REVIEW_PENDING	false
GSE261783	GSM8151756	GTCGTTCCAACTTGCA-1	Arid2	Arid2_As_73066	Unstimulated	PROVISIONAL_KEEP_MANUAL_PHENOCOPY_REVIEW_PENDING	false
GSE261783	GSM8151756	GTGTTCCTCCGACGGT-1	Arid2	Arid2_As_73066	Unstimulated	PROVISIONAL_KEEP_MANUAL_PHENOCOPY_REVIEW_PENDING	false
GSE261783	GSM8151756	GTTGTGATCGGACTTA-1	Arid2	Arid2_As_73066	Unstimulated	PROVISIONAL_KEEP_MANUAL_PHENOCOPY_REVIEW_PENDING	false
GSE261783	GSM8151756	TAACACGAGGATTTGA-1	Arid2	Arid2_As_73066	Unstimulated	PROVISIONAL_KEEP_MANUAL_PHENOCOPY_REVIEW_PENDING	false
GSE261783	GSM8151756	TACAGGTTCTATACGG-1	Arid2	Arid2_As_73066	Unstimulated	PROVISIONAL_KEEP_MANUAL_PHENOCOPY_REVIEW_PENDING	false
GSE261783	GSM8151756	TAGAGTCCAAATTGCC-1	Arid2	Arid2_As_73066	Unstimulated	PROVISIONAL_KEEP_MANUAL_PHENOCOPY_REVIEW_PENDING	false
GSE261783	GSM8151756	TCACACCAGAGCAGCT-1	Arid2	Arid2_As_73066	Unstimulated	PROVISIONAL_KEEP_MANUAL_PHENOCOPY_REVIEW_PENDING	false
GSE261783	GSM8151756	TCATGAGAGAGCAGAA-1	Arid2	Arid2_As_73066	Unstimulated	PROVISIONAL_KEEP_MANUAL_PHENOCOPY_REVIEW_PENDING	false
GSE261783	GSM8151756	TCATTTGCACGTGAGA-1	Arid2	Arid2_As_73066	Unstimulated	PROVISIONAL_KEEP_MANUAL_PHENOCOPY_REVIEW_PENDING	false
GSE261783	GSM8151756	TCCACGTAGCCGAACA-1	Arid2	Arid2_As_73066	Unstimulated	PROVISIONAL_KEEP_MANUAL_PHENOCOPY_REVIEW_PENDING	false
GSE261783	GSM8151756	TCCAGAAGTTAGGGTG-1	Arid2	Arid2_As_73066	Unstimulated	PROVISIONAL_KEEP_MANUAL_PHENOCOPY_REVIEW_PENDING	false
GSE261783	GSM8151756	TCGCAGGGTCCCAAAT-1	Arid2	Arid2_As_73066	Unstimulated	PROVISIONAL_KEEP_MANUAL_PHENOCOPY_REVIEW_PENDING	false
GSE261783	GSM8151756	TCTCTGGCAGTTGAAA-1	Arid2	Arid2_As_73066	Unstimulated	PROVISIONAL_KEEP_MANUAL_PHENOCOPY_REVIEW_PENDING	false
GSE261783	GSM8151756	TGAGCATAGCTATCCA-1	Arid2	Arid2_As_73066	Unstimulated	PROVISIONAL_KEEP_MANUAL_PHENOCOPY_REVIEW_PENDING	false
GSE261783	GSM8151756	TGCTTGCTCTGAGAAA-1	Arid2	Arid2_As_73066	Unstimulated	PROVISIONAL_KEEP_MANUAL_PHENOCOPY_REVIEW_PENDING	false
GSE261783	GSM8151756	TGGGATTCACATGTTG-1	Arid2	Arid2_As_73066	Unstimulated	PROVISIONAL_KEEP_MANUAL_PHENOCOPY_REVIEW_PENDING	false
GSE261783	GSM8151756	TGGGATTTCACGGGAA-1	Arid2	Arid2_As_73066	Unstimulated	PROVISIONAL_KEEP_MANUAL_PHENOCOPY_REVIEW_PENDING	false
GSE261783	GSM8151756	TGTGAGTAGCTGAGTG-1	Arid2	Arid2_As_73066	Unstimulated	PROVISIONAL_KEEP_MANUAL_PHENOCOPY_REVIEW_PENDING	false
GSE261783	GSM8151756	TTCCACGAGATTGCGG-1	Arid2	Arid2_As_73066	Unstimulated	PROVISIONAL_KEEP_MANUAL_PHENOCOPY_REVIEW_PENDING	false
GSE261783	GSM8151756	TTCCACGTCCGAAATC-1	Arid2	Arid2_As_73066	Unstimulated	PROVISIONAL_KEEP_MANUAL_PHENOCOPY_REVIEW_PENDING	false
GSE261783	GSM8151756	TTCGCTGGTCACCACG-1	Arid2	Arid2_As_73066	Unstimulated	PROVISIONAL_KEEP_MANUAL_PHENOCOPY_REVIEW_PENDING	false
GSE261783	GSM8151756	TTGCTGCCAACCCTAA-1	Arid2	Arid2_As_73066	Unstimulated	PROVISIONAL_KEEP_MANUAL_PHENOCOPY_REVIEW_PENDING	false
GSE261783	GSM8151756	AACCACATCTACCAGA-1	Arid2	Arid2_As_73067	Unstimulated	PROVISIONAL_KEEP_MANUAL_PHENOCOPY_REVIEW_PENDING	false
GSE261783	GSM8151756	AAGTACCAGTGCCAGA-1	Arid2	Arid2_As_73067	Unstimulated	PROVISIONAL_KEEP_MANUAL_PHENOCOPY_REVIEW_PENDING	false
GSE261783	GSM8151756	AAGTTCGAGTACCCTA-1	Arid2	Arid2_As_73067	Unstimulated	PROVISIONAL_KEEP_MANUAL_PHENOCOPY_REVIEW_PENDING	false
GSE261783	GSM8151756	AATGGCTGTCATAACC-1	Arid2	Arid2_As_73067	Unstimulated	PROVISIONAL_KEEP_MANUAL_PHENOCOPY_REVIEW_PENDING	false
GSE261783	GSM8151756	ACAACCACAAGCGATG-1	Arid2	Arid2_As_73067	Unstimulated	PROVISIONAL_KEEP_MANUAL_PHENOCOPY_REVIEW_PENDING	false
GSE261783	GSM8151756	ACATCGATCCTTCACG-1	Arid2	Arid2_As_73067	Unstimulated	PROVISIONAL_KEEP_MANUAL_PHENOCOPY_REVIEW_PENDING	false
GSE261783	GSM8151756	ACATTTCGTCTGGTTA-1	Arid2	Arid2_As_73067	Unstimulated	PROVISIONAL_KEEP_MANUAL_PHENOCOPY_REVIEW_PENDING	false
GSE261783	GSM8151756	ACGGAAGAGACGACGT-1	Arid2	Arid2_As_73067	Unstimulated	PROVISIONAL_KEEP_MANUAL_PHENOCOPY_REVIEW_PENDING	false
GSE261783	GSM8151756	ACGGTTACAAGTAGTA-1	Arid2	Arid2_As_73067	Unstimulated	PROVISIONAL_KEEP_MANUAL_PHENOCOPY_REVIEW_PENDING	false
GSE261783	GSM8151756	ACGTAACTCTGGCTGG-1	Arid2	Arid2_As_73067	Unstimulated	PROVISIONAL_KEEP_MANUAL_PHENOCOPY_REVIEW_PENDING	false
GSE261783	GSM8151756	ACTCCCAAGCCTCCAG-1	Arid2	Arid2_As_73067	Unstimulated	PROVISIONAL_KEEP_MANUAL_PHENOCOPY_REVIEW_PENDING	false
GSE261783	GSM8151756	ACTTCCGTCCATGAGT-1	Arid2	Arid2_As_73067	Unstimulated	PROVISIONAL_KEEP_MANUAL_PHENOCOPY_REVIEW_PENDING	false
GSE261783	GSM8151756	AGACACTCAGACCTGC-1	Arid2	Arid2_As_73067	Unstimulated	PROVISIONAL_KEEP_MANUAL_PHENOCOPY_REVIEW_PENDING	false
GSE261783	GSM8151756	AGACCATGTCAGCTTA-1	Arid2	Arid2_As_73067	Unstimulated	PROVISIONAL_KEEP_MANUAL_PHENOCOPY_REVIEW_PENDING	false
GSE261783	GSM8151756	AGAGAATAGTACTGTC-1	Arid2	Arid2_As_73067	Unstimulated	PROVISIONAL_KEEP_MANUAL_PHENOCOPY_REVIEW_PENDING	false
GSE261783	GSM8151756	AGCCAATCACTTACAG-1	Arid2	Arid2_As_73067	Unstimulated	PROVISIONAL_KEEP_MANUAL_PHENOCOPY_REVIEW_PENDING	false
GSE261783	GSM8151756	AGCGCTGGTAGGGTAC-1	Arid2	Arid2_As_73067	Unstimulated	PROVISIONAL_KEEP_MANUAL_PHENOCOPY_REVIEW_PENDING	false
GSE261783	GSM8151756	AGGGCCTGTCGATTTG-1	Arid2	Arid2_As_73067	Unstimulated	PROVISIONAL_KEEP_MANUAL_PHENOCOPY_REVIEW_PENDING	false
GSE261783	GSM8151756	AGTCATGCAATCTGCA-1	Arid2	Arid2_As_73067	Unstimulated	PROVISIONAL_KEEP_MANUAL_PHENOCOPY_REVIEW_PENDING	false
GSE261783	GSM8151756	ATTGGGTCATTGACAC-1	Arid2	Arid2_As_73067	Unstimulated	PROVISIONAL_KEEP_MANUAL_PHENOCOPY_REVIEW_PENDING	false
GSE261783	GSM8151756	CACGGGTAGCACTCAT-1	Arid2	Arid2_As_73067	Unstimulated	PROVISIONAL_KEEP_MANUAL_PHENOCOPY_REVIEW_PENDING	false
GSE261783	GSM8151756	CATCCGTTCATGGGAG-1	Arid2	Arid2_As_73067	Unstimulated	PROVISIONAL_KEEP_MANUAL_PHENOCOPY_REVIEW_PENDING	false
GSE261783	GSM8151756	CATGGTACACCGTGGT-1	Arid2	Arid2_As_73067	Unstimulated	PROVISIONAL_KEEP_MANUAL_PHENOCOPY_REVIEW_PENDING	false
GSE261783	GSM8151756	CATTGCCTCGTGTTCC-1	Arid2	Arid2_As_73067	Unstimulated	PROVISIONAL_KEEP_MANUAL_PHENOCOPY_REVIEW_PENDING	false
GSE261783	GSM8151756	CCCTAACCAGTCGAGA-1	Arid2	Arid2_As_73067	Unstimulated	PROVISIONAL_KEEP_MANUAL_PHENOCOPY_REVIEW_PENDING	false
GSE261783	GSM8151756	CGACAGCTCCGAGCTG-1	Arid2	Arid2_As_73067	Unstimulated	PROVISIONAL_KEEP_MANUAL_PHENOCOPY_REVIEW_PENDING	false
GSE261783	GSM8151756	CGCCATTTCCACTGGG-1	Arid2	Arid2_As_73067	Unstimulated	PROVISIONAL_KEEP_MANUAL_PHENOCOPY_REVIEW_PENDING	false
GSE261783	GSM8151756	CGTAAGTCATTGTCGA-1	Arid2	Arid2_As_73067	Unstimulated	PROVISIONAL_KEEP_MANUAL_PHENOCOPY_REVIEW_PENDING	false
GSE261783	GSM8151756	CGTAAGTTCGTGGCTG-1	Arid2	Arid2_As_73067	Unstimulated	PROVISIONAL_KEEP_MANUAL_PHENOCOPY_REVIEW_PENDING	false
GSE261783	GSM8151756	CGTGATAAGTACTCGT-1	Arid2	Arid2_As_73067	Unstimulated	PROVISIONAL_KEEP_MANUAL_PHENOCOPY_REVIEW_PENDING	false
GSE261783	GSM8151756	CTGGACGGTGGTCTCG-1	Arid2	Arid2_As_73067	Unstimulated	PROVISIONAL_KEEP_MANUAL_PHENOCOPY_REVIEW_PENDING	false
GSE261783	GSM8151756	GAAATGACAGCTTTGA-1	Arid2	Arid2_As_73067	Unstimulated	PROVISIONAL_KEEP_MANUAL_PHENOCOPY_REVIEW_PENDING	false
GSE261783	GSM8151756	GATGAGGTCTCTTAAC-1	Arid2	Arid2_As_73067	Unstimulated	PROVISIONAL_KEEP_MANUAL_PHENOCOPY_REVIEW_PENDING	false
GSE261783	GSM8151756	GCTTTCGAGATGAAGG-1	Arid2	Arid2_As_73067	Unstimulated	PROVISIONAL_KEEP_MANUAL_PHENOCOPY_REVIEW_PENDING	false
GSE261783	GSM8151756	GGATCTAAGATTGCGG-1	Arid2	Arid2_As_73067	Unstimulated	PROVISIONAL_KEEP_MANUAL_PHENOCOPY_REVIEW_PENDING	false
GSE261783	GSM8151756	GGCTTGGTCCCAGGAC-1	Arid2	Arid2_As_73067	Unstimulated	PROVISIONAL_KEEP_MANUAL_PHENOCOPY_REVIEW_PENDING	false
GSE261783	GSM8151756	GGGATGAAGGCCCACT-1	Arid2	Arid2_As_73067	Unstimulated	PROVISIONAL_KEEP_MANUAL_PHENOCOPY_REVIEW_PENDING	false
GSE261783	GSM8151756	GGTCTGGTCATTACTC-1	Arid2	Arid2_As_73067	Unstimulated	PROVISIONAL_KEEP_MANUAL_PHENOCOPY_REVIEW_PENDING	false
GSE261783	GSM8151756	GTAATGCTCGTGGGAA-1	Arid2	Arid2_As_73067	Unstimulated	PROVISIONAL_KEEP_MANUAL_PHENOCOPY_REVIEW_PENDING	false
GSE261783	GSM8151756	TACATTCAGATTAGAC-1	Arid2	Arid2_As_73067	Unstimulated	PROVISIONAL_KEEP_MANUAL_PHENOCOPY_REVIEW_PENDING	false
GSE261783	GSM8151756	TACCTCGAGATCCTAC-1	Arid2	Arid2_As_73067	Unstimulated	PROVISIONAL_KEEP_MANUAL_PHENOCOPY_REVIEW_PENDING	false
GSE261783	GSM8151756	TAGCACATCTTGGGCG-1	Arid2	Arid2_As_73067	Unstimulated	PROVISIONAL_KEEP_MANUAL_PHENOCOPY_REVIEW_PENDING	false
GSE261783	GSM8151756	TATCGCCGTCCTGAAT-1	Arid2	Arid2_As_73067	Unstimulated	PROVISIONAL_KEEP_MANUAL_PHENOCOPY_REVIEW_PENDING	false
GSE261783	GSM8151756	TCAAGCAGTGGGACAT-1	Arid2	Arid2_As_73067	Unstimulated	PROVISIONAL_KEEP_MANUAL_PHENOCOPY_REVIEW_PENDING	false
GSE261783	GSM8151756	TCACGGGAGGGACCAT-1	Arid2	Arid2_As_73067	Unstimulated	PROVISIONAL_KEEP_MANUAL_PHENOCOPY_REVIEW_PENDING	false
GSE261783	GSM8151756	TCAGTGAAGCATGAAT-1	Arid2	Arid2_As_73067	Unstimulated	PROVISIONAL_KEEP_MANUAL_PHENOCOPY_REVIEW_PENDING	false
GSE261783	GSM8151756	TCGTAGACATTACTCT-1	Arid2	Arid2_As_73067	Unstimulated	PROVISIONAL_KEEP_MANUAL_PHENOCOPY_REVIEW_PENDING	false
GSE261783	GSM8151756	TCTTAGTAGCAGCCTC-1	Arid2	Arid2_As_73067	Unstimulated	PROVISIONAL_KEEP_MANUAL_PHENOCOPY_REVIEW_PENDING	false
GSE261783	GSM8151756	TGAATCGCATCGCTCT-1	Arid2	Arid2_As_73067	Unstimulated	PROVISIONAL_KEEP_MANUAL_PHENOCOPY_REVIEW_PENDING	false
GSE261783	GSM8151756	TGACAGTAGACTGAGC-1	Arid2	Arid2_As_73067	Unstimulated	PROVISIONAL_KEEP_MANUAL_PHENOCOPY_REVIEW_PENDING	false
GSE261783	GSM8151756	TGACAGTCATGAGATA-1	Arid2	Arid2_As_73067	Unstimulated	PROVISIONAL_KEEP_MANUAL_PHENOCOPY_REVIEW_PENDING	false
GSE261783	GSM8151756	TGACTCCTCGAGCCAC-1	Arid2	Arid2_As_73067	Unstimulated	PROVISIONAL_KEEP_MANUAL_PHENOCOPY_REVIEW_PENDING	false
GSE261783	GSM8151756	TGGTACAGTAGTCTGT-1	Arid2	Arid2_As_73067	Unstimulated	PROVISIONAL_KEEP_MANUAL_PHENOCOPY_REVIEW_PENDING	false
GSE261783	GSM8151756	TTGGATGTCACGGACC-1	Arid2	Arid2_As_73067	Unstimulated	PROVISIONAL_KEEP_MANUAL_PHENOCOPY_REVIEW_PENDING	false
GSE261783	GSM8151756	AACGGGAAGAGAGAAC-1	Brd7	Brd7_As_70314	Unstimulated	PROVISIONAL_KEEP_MANUAL_PHENOCOPY_REVIEW_PENDING	false
GSE261783	GSM8151756	AAGACAAAGACCATGG-1	Brd7	Brd7_As_70314	Unstimulated	PROVISIONAL_KEEP_MANUAL_PHENOCOPY_REVIEW_PENDING	false
GSE261783	GSM8151756	AAGTCGTCAAGAAACT-1	Brd7	Brd7_As_70314	Unstimulated	PROVISIONAL_KEEP_MANUAL_PHENOCOPY_REVIEW_PENDING	false
GSE261783	GSM8151756	ACTATCTTCGGCATAT-1	Brd7	Brd7_As_70314	Unstimulated	PROVISIONAL_KEEP_MANUAL_PHENOCOPY_REVIEW_PENDING	false
GSE261783	GSM8151756	ACTTCGCAGGCTAGCA-1	Brd7	Brd7_As_70314	Unstimulated	PROVISIONAL_KEEP_MANUAL_PHENOCOPY_REVIEW_PENDING	false
GSE261783	GSM8151756	AGACAGGGTATGGTAA-1	Brd7	Brd7_As_70314	Unstimulated	PROVISIONAL_KEEP_MANUAL_PHENOCOPY_REVIEW_PENDING	false
GSE261783	GSM8151756	AGCCACGAGACGTCGA-1	Brd7	Brd7_As_70314	Unstimulated	PROVISIONAL_KEEP_MANUAL_PHENOCOPY_REVIEW_PENDING	false
GSE261783	GSM8151756	AGCCACGTCAAGCTGT-1	Brd7	Brd7_As_70314	Unstimulated	PROVISIONAL_KEEP_MANUAL_PHENOCOPY_REVIEW_PENDING	false
GSE261783	GSM8151756	AGGGCCTTCTATTTCG-1	Brd7	Brd7_As_70314	Unstimulated	PROVISIONAL_KEEP_MANUAL_PHENOCOPY_REVIEW_PENDING	false
GSE261783	GSM8151756	ATGCCTCTCATGCCAA-1	Brd7	Brd7_As_70314	Unstimulated	PROVISIONAL_KEEP_MANUAL_PHENOCOPY_REVIEW_PENDING	false
GSE261783	GSM8151756	ATGTCCCTCTTCCGTG-1	Brd7	Brd7_As_70314	Unstimulated	PROVISIONAL_KEEP_MANUAL_PHENOCOPY_REVIEW_PENDING	false
GSE261783	GSM8151756	ATTCACTGTCGTCATA-1	Brd7	Brd7_As_70314	Unstimulated	PROVISIONAL_KEEP_MANUAL_PHENOCOPY_REVIEW_PENDING	false
GSE261783	GSM8151756	ATTGGGTAGTGATGGC-1	Brd7	Brd7_As_70314	Unstimulated	PROVISIONAL_KEEP_MANUAL_PHENOCOPY_REVIEW_PENDING	false
GSE261783	GSM8151756	CAAGGGAGTGCACGCT-1	Brd7	Brd7_As_70314	Unstimulated	PROVISIONAL_KEEP_MANUAL_PHENOCOPY_REVIEW_PENDING	false
GSE261783	GSM8151756	CACAACAAGCGTTCAT-1	Brd7	Brd7_As_70314	Unstimulated	PROVISIONAL_KEEP_MANUAL_PHENOCOPY_REVIEW_PENDING	false
GSE261783	GSM8151756	CACATGATCCACGTAA-1	Brd7	Brd7_As_70314	Unstimulated	PROVISIONAL_KEEP_MANUAL_PHENOCOPY_REVIEW_PENDING	false
GSE261783	GSM8151756	CACTTCGGTCCATACA-1	Brd7	Brd7_As_70314	Unstimulated	PROVISIONAL_KEEP_MANUAL_PHENOCOPY_REVIEW_PENDING	false
GSE261783	GSM8151756	CATCAAGCAAGTGTCT-1	Brd7	Brd7_As_70314	Unstimulated	PROVISIONAL_KEEP_MANUAL_PHENOCOPY_REVIEW_PENDING	false
GSE261783	GSM8151756	CATCCCAGTTAAACCC-1	Brd7	Brd7_As_70314	Unstimulated	PROVISIONAL_KEEP_MANUAL_PHENOCOPY_REVIEW_PENDING	false
GSE261783	GSM8151756	CATTGCCTCTACACAG-1	Brd7	Brd7_As_70314	Unstimulated	PROVISIONAL_KEEP_MANUAL_PHENOCOPY_REVIEW_PENDING	false
GSE261783	GSM8151756	CCAAGCGAGTATGATG-1	Brd7	Brd7_As_70314	Unstimulated	PROVISIONAL_KEEP_MANUAL_PHENOCOPY_REVIEW_PENDING	false
GSE261783	GSM8151756	CCACCATAGTTCAACC-1	Brd7	Brd7_As_70314	Unstimulated	PROVISIONAL_KEEP_MANUAL_PHENOCOPY_REVIEW_PENDING	false
GSE261783	GSM8151756	CCACTTGAGAAACTGT-1	Brd7	Brd7_As_70314	Unstimulated	PROVISIONAL_KEEP_MANUAL_PHENOCOPY_REVIEW_PENDING	false
GSE261783	GSM8151756	CGGAACCGTGGCCTCA-1	Brd7	Brd7_As_70314	Unstimulated	PROVISIONAL_KEEP_MANUAL_PHENOCOPY_REVIEW_PENDING	false
GSE261783	GSM8151756	CGGAATTGTCGCCACA-1	Brd7	Brd7_As_70314	Unstimulated	PROVISIONAL_KEEP_MANUAL_PHENOCOPY_REVIEW_PENDING	false
GSE261783	GSM8151756	CGTAAGTTCTCGGTCT-1	Brd7	Brd7_As_70314	Unstimulated	PROVISIONAL_KEEP_MANUAL_PHENOCOPY_REVIEW_PENDING	false
GSE261783	GSM8151756	CGTGCTTTCATTCACT-1	Brd7	Brd7_As_70314	Unstimulated	PROVISIONAL_KEEP_MANUAL_PHENOCOPY_REVIEW_PENDING	false
GSE261783	GSM8151756	CTATAGGGTGGGTTGA-1	Brd7	Brd7_As_70314	Unstimulated	PROVISIONAL_KEEP_MANUAL_PHENOCOPY_REVIEW_PENDING	false
GSE261783	GSM8151756	CTATCCGGTAGGCTCC-1	Brd7	Brd7_As_70314	Unstimulated	PROVISIONAL_KEEP_MANUAL_PHENOCOPY_REVIEW_PENDING	false
GSE261783	GSM8151756	CTCATCGAGATTAGAC-1	Brd7	Brd7_As_70314	Unstimulated	PROVISIONAL_KEEP_MANUAL_PHENOCOPY_REVIEW_PENDING	false
GSE261783	GSM8151756	CTCATTAGTACCGTCG-1	Brd7	Brd7_As_70314	Unstimulated	PROVISIONAL_KEEP_MANUAL_PHENOCOPY_REVIEW_PENDING	false
GSE261783	GSM8151756	CTCCACATCAATCAGC-1	Brd7	Brd7_As_70314	Unstimulated	PROVISIONAL_KEEP_MANUAL_PHENOCOPY_REVIEW_PENDING	false
GSE261783	GSM8151756	CTCCTTTAGTATGGCG-1	Brd7	Brd7_As_70314	Unstimulated	PROVISIONAL_KEEP_MANUAL_PHENOCOPY_REVIEW_PENDING	false
GSE261783	GSM8151756	CTGCCTAAGACTCGAG-1	Brd7	Brd7_As_70314	Unstimulated	PROVISIONAL_KEEP_MANUAL_PHENOCOPY_REVIEW_PENDING	false
GSE261783	GSM8151756	GAATAGACAAAGGCAC-1	Brd7	Brd7_As_70314	Unstimulated	PROVISIONAL_KEEP_MANUAL_PHENOCOPY_REVIEW_PENDING	false
GSE261783	GSM8151756	GACCTTCTCGTTGCCT-1	Brd7	Brd7_As_70314	Unstimulated	PROVISIONAL_KEEP_MANUAL_PHENOCOPY_REVIEW_PENDING	false
GSE261783	GSM8151756	GACTGATTCTGATTCT-1	Brd7	Brd7_As_70314	Unstimulated	PROVISIONAL_KEEP_MANUAL_PHENOCOPY_REVIEW_PENDING	false
GSE261783	GSM8151756	GATCAGTTCATGGATC-1	Brd7	Brd7_As_70314	Unstimulated	PROVISIONAL_KEEP_MANUAL_PHENOCOPY_REVIEW_PENDING	false
GSE261783	GSM8151756	GCTCAAACATACTTTC-1	Brd7	Brd7_As_70314	Unstimulated	PROVISIONAL_KEEP_MANUAL_PHENOCOPY_REVIEW_PENDING	false
GSE261783	GSM8151756	GGCACGTCAAATTAGG-1	Brd7	Brd7_As_70314	Unstimulated	PROVISIONAL_KEEP_MANUAL_PHENOCOPY_REVIEW_PENDING	false
GSE261783	GSM8151756	GGCTTGGCAAAGGAGA-1	Brd7	Brd7_As_70314	Unstimulated	PROVISIONAL_KEEP_MANUAL_PHENOCOPY_REVIEW_PENDING	false
GSE261783	GSM8151756	GGGCGTTCACCCTGAG-1	Brd7	Brd7_As_70314	Unstimulated	PROVISIONAL_KEEP_MANUAL_PHENOCOPY_REVIEW_PENDING	false
GSE261783	GSM8151756	GGGTCTGTCCCTTTGG-1	Brd7	Brd7_As_70314	Unstimulated	PROVISIONAL_KEEP_MANUAL_PHENOCOPY_REVIEW_PENDING	false
GSE261783	GSM8151756	GTAATCGAGTTGAAGT-1	Brd7	Brd7_As_70314	Unstimulated	PROVISIONAL_KEEP_MANUAL_PHENOCOPY_REVIEW_PENDING	false
GSE261783	GSM8151756	GTTCTATAGGTCGTGA-1	Brd7	Brd7_As_70314	Unstimulated	PROVISIONAL_KEEP_MANUAL_PHENOCOPY_REVIEW_PENDING	false
GSE261783	GSM8151756	GTTGTAGCAGAGCTAG-1	Brd7	Brd7_As_70314	Unstimulated	PROVISIONAL_KEEP_MANUAL_PHENOCOPY_REVIEW_PENDING	false
GSE261783	GSM8151756	TACCCACGTGACACGA-1	Brd7	Brd7_As_70314	Unstimulated	PROVISIONAL_KEEP_MANUAL_PHENOCOPY_REVIEW_PENDING	false
GSE261783	GSM8151756	TCACGCTCAGCTATTG-1	Brd7	Brd7_As_70314	Unstimulated	PROVISIONAL_KEEP_MANUAL_PHENOCOPY_REVIEW_PENDING	false
GSE261783	GSM8151756	TCCTGCATCTTCTGTA-1	Brd7	Brd7_As_70314	Unstimulated	PROVISIONAL_KEEP_MANUAL_PHENOCOPY_REVIEW_PENDING	false
GSE261783	GSM8151756	TCGGGTGCAAACACGG-1	Brd7	Brd7_As_70314	Unstimulated	PROVISIONAL_KEEP_MANUAL_PHENOCOPY_REVIEW_PENDING	false
GSE261783	GSM8151756	TCGTAGACACTATGTG-1	Brd7	Brd7_As_70314	Unstimulated	PROVISIONAL_KEEP_MANUAL_PHENOCOPY_REVIEW_PENDING	false
GSE261783	GSM8151756	TCGTCCAAGAGGCGTT-1	Brd7	Brd7_As_70314	Unstimulated	PROVISIONAL_KEEP_MANUAL_PHENOCOPY_REVIEW_PENDING	false
GSE261783	GSM8151756	TGAATCGTCTTGCGCT-1	Brd7	Brd7_As_70314	Unstimulated	PROVISIONAL_KEEP_MANUAL_PHENOCOPY_REVIEW_PENDING	false
GSE261783	GSM8151756	TGGAACTGTATCACCA-1	Brd7	Brd7_As_70314	Unstimulated	PROVISIONAL_KEEP_MANUAL_PHENOCOPY_REVIEW_PENDING	false
GSE261783	GSM8151756	TGTACAGAGGCGAAGG-1	Brd7	Brd7_As_70314	Unstimulated	PROVISIONAL_KEEP_MANUAL_PHENOCOPY_REVIEW_PENDING	false
GSE261783	GSM8151756	TGTAGACGTCGACGCT-1	Brd7	Brd7_As_70314	Unstimulated	PROVISIONAL_KEEP_MANUAL_PHENOCOPY_REVIEW_PENDING	false
GSE261783	GSM8151756	TTCCTAATCATACGAC-1	Brd7	Brd7_As_70314	Unstimulated	PROVISIONAL_KEEP_MANUAL_PHENOCOPY_REVIEW_PENDING	false
GSE261783	GSM8151756	TTCGCTGAGGACATCG-1	Brd7	Brd7_As_70314	Unstimulated	PROVISIONAL_KEEP_MANUAL_PHENOCOPY_REVIEW_PENDING	false
GSE261783	GSM8151756	TTGCCTGCACAACGCC-1	Brd7	Brd7_As_70314	Unstimulated	PROVISIONAL_KEEP_MANUAL_PHENOCOPY_REVIEW_PENDING	false
GSE261783	GSM8151756	TTGTTTGAGAGCTGAC-1	Brd7	Brd7_As_70314	Unstimulated	PROVISIONAL_KEEP_MANUAL_PHENOCOPY_REVIEW_PENDING	false
GSE261783	GSM8151756	AAATGGAAGAGAATCT-1	Brd7	Brd7_As_70316	Unstimulated	PROVISIONAL_KEEP_MANUAL_PHENOCOPY_REVIEW_PENDING	false
GSE261783	GSM8151756	ACACTGAGTACCCGAC-1	Brd7	Brd7_As_70316	Unstimulated	PROVISIONAL_KEEP_MANUAL_PHENOCOPY_REVIEW_PENDING	false
GSE261783	GSM8151756	ACATCGATCCTCACGT-1	Brd7	Brd7_As_70316	Unstimulated	PROVISIONAL_KEEP_MANUAL_PHENOCOPY_REVIEW_PENDING	false
GSE261783	GSM8151756	ACCCAAATCGCTGTCT-1	Brd7	Brd7_As_70316	Unstimulated	PROVISIONAL_KEEP_MANUAL_PHENOCOPY_REVIEW_PENDING	false
GSE261783	GSM8151756	ACGGAAGAGTTCCTGA-1	Brd7	Brd7_As_70316	Unstimulated	PROVISIONAL_KEEP_MANUAL_PHENOCOPY_REVIEW_PENDING	false
GSE261783	GSM8151756	ACTCCCACACACAGCC-1	Brd7	Brd7_As_70316	Unstimulated	PROVISIONAL_KEEP_MANUAL_PHENOCOPY_REVIEW_PENDING	false
GSE261783	GSM8151756	AGAAATGTCGTAGTCA-1	Brd7	Brd7_As_70316	Unstimulated	PROVISIONAL_KEEP_MANUAL_PHENOCOPY_REVIEW_PENDING	false
GSE261783	GSM8151756	AGGAGGTAGAGACAAG-1	Brd7	Brd7_As_70316	Unstimulated	PROVISIONAL_KEEP_MANUAL_PHENOCOPY_REVIEW_PENDING	false
GSE261783	GSM8151756	AGGAGGTCACGCAAAG-1	Brd7	Brd7_As_70316	Unstimulated	PROVISIONAL_KEEP_MANUAL_PHENOCOPY_REVIEW_PENDING	false
GSE261783	GSM8151756	AGTACCAAGGCAGGTT-1	Brd7	Brd7_As_70316	Unstimulated	PROVISIONAL_KEEP_MANUAL_PHENOCOPY_REVIEW_PENDING	false
GSE261783	GSM8151756	AGTCATGTCCAACTAG-1	Brd7	Brd7_As_70316	Unstimulated	PROVISIONAL_KEEP_MANUAL_PHENOCOPY_REVIEW_PENDING	false
GSE261783	GSM8151756	ATATCCTTCAAGAGTA-1	Brd7	Brd7_As_70316	Unstimulated	PROVISIONAL_KEEP_MANUAL_PHENOCOPY_REVIEW_PENDING	false
GSE261783	GSM8151756	ATCCGTCTCCGATCGG-1	Brd7	Brd7_As_70316	Unstimulated	PROVISIONAL_KEEP_MANUAL_PHENOCOPY_REVIEW_PENDING	false
GSE261783	GSM8151756	CAACCAACACACCTTC-1	Brd7	Brd7_As_70316	Unstimulated	PROVISIONAL_KEEP_MANUAL_PHENOCOPY_REVIEW_PENDING	false
GSE261783	GSM8151756	CACTGTCAGGCTCTAT-1	Brd7	Brd7_As_70316	Unstimulated	PROVISIONAL_KEEP_MANUAL_PHENOCOPY_REVIEW_PENDING	false
GSE261783	GSM8151756	CATTGCCTCCGTGCGA-1	Brd7	Brd7_As_70316	Unstimulated	PROVISIONAL_KEEP_MANUAL_PHENOCOPY_REVIEW_PENDING	false
GSE261783	GSM8151756	CCGATCTCAGCTCTGG-1	Brd7	Brd7_As_70316	Unstimulated	PROVISIONAL_KEEP_MANUAL_PHENOCOPY_REVIEW_PENDING	false
GSE261783	GSM8151756	CCTCCAATCGAGAGCA-1	Brd7	Brd7_As_70316	Unstimulated	PROVISIONAL_KEEP_MANUAL_PHENOCOPY_REVIEW_PENDING	false
GSE261783	GSM8151756	CGTAATGCAAAGCTAA-1	Brd7	Brd7_As_70316	Unstimulated	PROVISIONAL_KEEP_MANUAL_PHENOCOPY_REVIEW_PENDING	false
GSE261783	GSM8151756	CGTGTCTCACATGACT-1	Brd7	Brd7_As_70316	Unstimulated	PROVISIONAL_KEEP_MANUAL_PHENOCOPY_REVIEW_PENDING	false
GSE261783	GSM8151756	CTAACCCGTTGCCATA-1	Brd7	Brd7_As_70316	Unstimulated	PROVISIONAL_KEEP_MANUAL_PHENOCOPY_REVIEW_PENDING	false
GSE261783	GSM8151756	CTCAACCCAAGTGTCT-1	Brd7	Brd7_As_70316	Unstimulated	PROVISIONAL_KEEP_MANUAL_PHENOCOPY_REVIEW_PENDING	false
GSE261783	GSM8151756	CTCCAACCAAATGGAT-1	Brd7	Brd7_As_70316	Unstimulated	PROVISIONAL_KEEP_MANUAL_PHENOCOPY_REVIEW_PENDING	false
GSE261783	GSM8151756	CTCTGGTAGGGTTGCA-1	Brd7	Brd7_As_70316	Unstimulated	PROVISIONAL_KEEP_MANUAL_PHENOCOPY_REVIEW_PENDING	false
GSE261783	GSM8151756	CTTCCGACAGGGTCTC-1	Brd7	Brd7_As_70316	Unstimulated	PROVISIONAL_KEEP_MANUAL_PHENOCOPY_REVIEW_PENDING	false
GSE261783	GSM8151756	GAACGTTGTATGGAGC-1	Brd7	Brd7_As_70316	Unstimulated	PROVISIONAL_KEEP_MANUAL_PHENOCOPY_REVIEW_PENDING	false
GSE261783	GSM8151756	GAGACCCGTACCGTGC-1	Brd7	Brd7_As_70316	Unstimulated	PROVISIONAL_KEEP_MANUAL_PHENOCOPY_REVIEW_PENDING	false
GSE261783	GSM8151756	GAGACTTCACAGTACT-1	Brd7	Brd7_As_70316	Unstimulated	PROVISIONAL_KEEP_MANUAL_PHENOCOPY_REVIEW_PENDING	false
GSE261783	GSM8151756	GAGCCTGTCCGAGGCT-1	Brd7	Brd7_As_70316	Unstimulated	PROVISIONAL_KEEP_MANUAL_PHENOCOPY_REVIEW_PENDING	false
GSE261783	GSM8151756	GCCAGGTAGATTGACA-1	Brd7	Brd7_As_70316	Unstimulated	PROVISIONAL_KEEP_MANUAL_PHENOCOPY_REVIEW_PENDING	false
GSE261783	GSM8151756	GCCATTCAGGAGTATT-1	Brd7	Brd7_As_70316	Unstimulated	PROVISIONAL_KEEP_MANUAL_PHENOCOPY_REVIEW_PENDING	false
GSE261783	GSM8151756	GGAGATGAGAGGTTAT-1	Brd7	Brd7_As_70316	Unstimulated	PROVISIONAL_KEEP_MANUAL_PHENOCOPY_REVIEW_PENDING	false
GSE261783	GSM8151756	GGGCGTTTCAGATGCT-1	Brd7	Brd7_As_70316	Unstimulated	PROVISIONAL_KEEP_MANUAL_PHENOCOPY_REVIEW_PENDING	false
GSE261783	GSM8151756	GGGCTCATCGCAGATT-1	Brd7	Brd7_As_70316	Unstimulated	PROVISIONAL_KEEP_MANUAL_PHENOCOPY_REVIEW_PENDING	false
GSE261783	GSM8151756	GGGTCACCAGGTTCAT-1	Brd7	Brd7_As_70316	Unstimulated	PROVISIONAL_KEEP_MANUAL_PHENOCOPY_REVIEW_PENDING	false
GSE261783	GSM8151756	GTAGCTATCAAACGTC-1	Brd7	Brd7_As_70316	Unstimulated	PROVISIONAL_KEEP_MANUAL_PHENOCOPY_REVIEW_PENDING	false
GSE261783	GSM8151756	GTCATTTGTTCCCACT-1	Brd7	Brd7_As_70316	Unstimulated	PROVISIONAL_KEEP_MANUAL_PHENOCOPY_REVIEW_PENDING	false
GSE261783	GSM8151756	GTGCTGGTCCAGGACC-1	Brd7	Brd7_As_70316	Unstimulated	PROVISIONAL_KEEP_MANUAL_PHENOCOPY_REVIEW_PENDING	false
GSE261783	GSM8151756	GTGGGAATCCTTATGT-1	Brd7	Brd7_As_70316	Unstimulated	PROVISIONAL_KEEP_MANUAL_PHENOCOPY_REVIEW_PENDING	false
GSE261783	GSM8151756	GTTAGACGTTTGGAGG-1	Brd7	Brd7_As_70316	Unstimulated	PROVISIONAL_KEEP_MANUAL_PHENOCOPY_REVIEW_PENDING	false
GSE261783	GSM8151756	TACCGAAGTGTCACAT-1	Brd7	Brd7_As_70316	Unstimulated	PROVISIONAL_KEEP_MANUAL_PHENOCOPY_REVIEW_PENDING	false
GSE261783	GSM8151756	TACGGTAGTTGCATTG-1	Brd7	Brd7_As_70316	Unstimulated	PROVISIONAL_KEEP_MANUAL_PHENOCOPY_REVIEW_PENDING	false
GSE261783	GSM8151756	TATTGGGAGGCCCAAA-1	Brd7	Brd7_As_70316	Unstimulated	PROVISIONAL_KEEP_MANUAL_PHENOCOPY_REVIEW_PENDING	false
GSE261783	GSM8151756	TCACGGGTCCGATCGG-1	Brd7	Brd7_As_70316	Unstimulated	PROVISIONAL_KEEP_MANUAL_PHENOCOPY_REVIEW_PENDING	false
GSE261783	GSM8151756	TCAGTCCTCATGGCCG-1	Brd7	Brd7_As_70316	Unstimulated	PROVISIONAL_KEEP_MANUAL_PHENOCOPY_REVIEW_PENDING	false
GSE261783	GSM8151756	TCCCACACAGTGCCTG-1	Brd7	Brd7_As_70316	Unstimulated	PROVISIONAL_KEEP_MANUAL_PHENOCOPY_REVIEW_PENDING	false
GSE261783	GSM8151756	TCCTCGAGTGGACCTC-1	Brd7	Brd7_As_70316	Unstimulated	PROVISIONAL_KEEP_MANUAL_PHENOCOPY_REVIEW_PENDING	false
GSE261783	GSM8151756	TCTGCCATCTGTCGCT-1	Brd7	Brd7_As_70316	Unstimulated	PROVISIONAL_KEEP_MANUAL_PHENOCOPY_REVIEW_PENDING	false
GSE261783	GSM8151756	TGACAGTCATCGAACT-1	Brd7	Brd7_As_70316	Unstimulated	PROVISIONAL_KEEP_MANUAL_PHENOCOPY_REVIEW_PENDING	false
GSE261783	GSM8151756	TGCAGATTCCATCTCG-1	Brd7	Brd7_As_70316	Unstimulated	PROVISIONAL_KEEP_MANUAL_PHENOCOPY_REVIEW_PENDING	false
GSE261783	GSM8151756	TTATTGCCATTCATCT-1	Brd7	Brd7_As_70316	Unstimulated	PROVISIONAL_KEEP_MANUAL_PHENOCOPY_REVIEW_PENDING	false
GSE261783	GSM8151756	TTCGCTGTCAAACGTC-1	Brd7	Brd7_As_70316	Unstimulated	PROVISIONAL_KEEP_MANUAL_PHENOCOPY_REVIEW_PENDING	false
GSE261783	GSM8151756	TTGACCCGTGACTAAA-1	Brd7	Brd7_As_70316	Unstimulated	PROVISIONAL_KEEP_MANUAL_PHENOCOPY_REVIEW_PENDING	false
GSE261783	GSM8151756	TTGCCTGCATGACAGG-1	Brd7	Brd7_As_70316	Unstimulated	PROVISIONAL_KEEP_MANUAL_PHENOCOPY_REVIEW_PENDING	false
GSE261783	GSM8151756	TTTCAGTAGACTCTAC-1	Brd7	Brd7_As_70316	Unstimulated	PROVISIONAL_KEEP_MANUAL_PHENOCOPY_REVIEW_PENDING	false
GSE261783	GSM8151756	TTTCGATTCTGGTGGC-1	Brd7	Brd7_As_70316	Unstimulated	PROVISIONAL_KEEP_MANUAL_PHENOCOPY_REVIEW_PENDING	false
GSE261783	GSM8151756	AAATGGACACGGCGTT-1	Brd9	Brd9_As_70306	Unstimulated	PROVISIONAL_KEEP_MANUAL_PHENOCOPY_REVIEW_PENDING	false
GSE261783	GSM8151756	ACCGTTCGTCATCCCT-1	Brd9	Brd9_As_70306	Unstimulated	PROVISIONAL_KEEP_MANUAL_PHENOCOPY_REVIEW_PENDING	false
GSE261783	GSM8151756	ACGATGTGTTGGCCGT-1	Brd9	Brd9_As_70306	Unstimulated	PROVISIONAL_KEEP_MANUAL_PHENOCOPY_REVIEW_PENDING	false
GSE261783	GSM8151756	AGATAGATCTAGAACC-1	Brd9	Brd9_As_70306	Unstimulated	PROVISIONAL_KEEP_MANUAL_PHENOCOPY_REVIEW_PENDING	false
GSE261783	GSM8151756	AGCGATTTCATTGCCC-1	Brd9	Brd9_As_70306	Unstimulated	PROVISIONAL_KEEP_MANUAL_PHENOCOPY_REVIEW_PENDING	false
GSE261783	GSM8151756	AGCGCCATCAGCGGAA-1	Brd9	Brd9_As_70306	Unstimulated	PROVISIONAL_KEEP_MANUAL_PHENOCOPY_REVIEW_PENDING	false
GSE261783	GSM8151756	AGGTTGTTCCAAATGC-1	Brd9	Brd9_As_70306	Unstimulated	PROVISIONAL_KEEP_MANUAL_PHENOCOPY_REVIEW_PENDING	false
GSE261783	GSM8151756	ATGGTTGCAGACCCGT-1	Brd9	Brd9_As_70306	Unstimulated	PROVISIONAL_KEEP_MANUAL_PHENOCOPY_REVIEW_PENDING	false
GSE261783	GSM8151756	CAATACGAGCTAATGA-1	Brd9	Brd9_As_70306	Unstimulated	PROVISIONAL_KEEP_MANUAL_PHENOCOPY_REVIEW_PENDING	false
GSE261783	GSM8151756	CCGTGAGGTCTCTCTG-1	Brd9	Brd9_As_70306	Unstimulated	PROVISIONAL_KEEP_MANUAL_PHENOCOPY_REVIEW_PENDING	false
GSE261783	GSM8151756	CGAAGGACACCCATAA-1	Brd9	Brd9_As_70306	Unstimulated	PROVISIONAL_KEEP_MANUAL_PHENOCOPY_REVIEW_PENDING	false
GSE261783	GSM8151756	CGATCGGAGTTAGTGA-1	Brd9	Brd9_As_70306	Unstimulated	PROVISIONAL_KEEP_MANUAL_PHENOCOPY_REVIEW_PENDING	false
GSE261783	GSM8151756	CGTCCATGTTCGCGTG-1	Brd9	Brd9_As_70306	Unstimulated	PROVISIONAL_KEEP_MANUAL_PHENOCOPY_REVIEW_PENDING	false
GSE261783	GSM8151756	CTCCACATCGTGTGGC-1	Brd9	Brd9_As_70306	Unstimulated	PROVISIONAL_KEEP_MANUAL_PHENOCOPY_REVIEW_PENDING	false
GSE261783	GSM8151756	GAGGGATCAACACGAG-1	Brd9	Brd9_As_70306	Unstimulated	PROVISIONAL_KEEP_MANUAL_PHENOCOPY_REVIEW_PENDING	false
GSE261783	GSM8151756	GATCACACAACCCTAA-1	Brd9	Brd9_As_70306	Unstimulated	PROVISIONAL_KEEP_MANUAL_PHENOCOPY_REVIEW_PENDING	false
GSE261783	GSM8151756	GATCGTATCATTCGGA-1	Brd9	Brd9_As_70306	Unstimulated	PROVISIONAL_KEEP_MANUAL_PHENOCOPY_REVIEW_PENDING	false
GSE261783	GSM8151756	GATTTCTTCGTGAGAG-1	Brd9	Brd9_As_70306	Unstimulated	PROVISIONAL_KEEP_MANUAL_PHENOCOPY_REVIEW_PENDING	false
GSE261783	GSM8151756	GCAACATCAAGGTCAG-1	Brd9	Brd9_As_70306	Unstimulated	PROVISIONAL_KEEP_MANUAL_PHENOCOPY_REVIEW_PENDING	false
GSE261783	GSM8151756	GGCTTTCGTTTGATCG-1	Brd9	Brd9_As_70306	Unstimulated	PROVISIONAL_KEEP_MANUAL_PHENOCOPY_REVIEW_PENDING	false
GSE261783	GSM8151756	GGGAAGTCACTGTGAT-1	Brd9	Brd9_As_70306	Unstimulated	PROVISIONAL_KEEP_MANUAL_PHENOCOPY_REVIEW_PENDING	false
GSE261783	GSM8151756	GGTAACTTCTAGCAAC-1	Brd9	Brd9_As_70306	Unstimulated	PROVISIONAL_KEEP_MANUAL_PHENOCOPY_REVIEW_PENDING	false
GSE261783	GSM8151756	GTAACACCACCCTTGT-1	Brd9	Brd9_As_70306	Unstimulated	PROVISIONAL_KEEP_MANUAL_PHENOCOPY_REVIEW_PENDING	false
GSE261783	GSM8151756	GTCACGGGTGGTCTCG-1	Brd9	Brd9_As_70306	Unstimulated	PROVISIONAL_KEEP_MANUAL_PHENOCOPY_REVIEW_PENDING	false
GSE261783	GSM8151756	GTCATGACACTTCCTG-1	Brd9	Brd9_As_70306	Unstimulated	PROVISIONAL_KEEP_MANUAL_PHENOCOPY_REVIEW_PENDING	false
GSE261783	GSM8151756	TAAGCCAGTAATCAAG-1	Brd9	Brd9_As_70306	Unstimulated	PROVISIONAL_KEEP_MANUAL_PHENOCOPY_REVIEW_PENDING	false
GSE261783	GSM8151756	TATTGGGCACTTCAGA-1	Brd9	Brd9_As_70306	Unstimulated	PROVISIONAL_KEEP_MANUAL_PHENOCOPY_REVIEW_PENDING	false
GSE261783	GSM8151756	TCAAGACTCCATTTCA-1	Brd9	Brd9_As_70306	Unstimulated	PROVISIONAL_KEEP_MANUAL_PHENOCOPY_REVIEW_PENDING	false
GSE261783	GSM8151756	TCCATCGCATGGAACG-1	Brd9	Brd9_As_70306	Unstimulated	PROVISIONAL_KEEP_MANUAL_PHENOCOPY_REVIEW_PENDING	false
GSE261783	GSM8151756	TCGCTCAAGACGATAT-1	Brd9	Brd9_As_70306	Unstimulated	PROVISIONAL_KEEP_MANUAL_PHENOCOPY_REVIEW_PENDING	false
GSE261783	GSM8151756	TCTATCATCAAGATAG-1	Brd9	Brd9_As_70306	Unstimulated	PROVISIONAL_KEEP_MANUAL_PHENOCOPY_REVIEW_PENDING	false
GSE261783	GSM8151756	TGAGCGCAGGGCAATC-1	Brd9	Brd9_As_70306	Unstimulated	PROVISIONAL_KEEP_MANUAL_PHENOCOPY_REVIEW_PENDING	false
GSE261783	GSM8151756	TGAGCGCCAACGTATC-1	Brd9	Brd9_As_70306	Unstimulated	PROVISIONAL_KEEP_MANUAL_PHENOCOPY_REVIEW_PENDING	false
GSE261783	GSM8151756	TGATGGTTCATGGGAG-1	Brd9	Brd9_As_70306	Unstimulated	PROVISIONAL_KEEP_MANUAL_PHENOCOPY_REVIEW_PENDING	false
GSE261783	GSM8151756	TGGGCTGTCAACACGT-1	Brd9	Brd9_As_70306	Unstimulated	PROVISIONAL_KEEP_MANUAL_PHENOCOPY_REVIEW_PENDING	false
GSE261783	GSM8151756	TGTAGACGTAGGTAGC-1	Brd9	Brd9_As_70306	Unstimulated	PROVISIONAL_KEEP_MANUAL_PHENOCOPY_REVIEW_PENDING	false
GSE261783	GSM8151756	TGTCCTGGTCTAGATC-1	Brd9	Brd9_As_70306	Unstimulated	PROVISIONAL_KEEP_MANUAL_PHENOCOPY_REVIEW_PENDING	false
GSE261783	GSM8151756	TGTGATGTCAGCTTCC-1	Brd9	Brd9_As_70306	Unstimulated	PROVISIONAL_KEEP_MANUAL_PHENOCOPY_REVIEW_PENDING	false
GSE261783	GSM8151756	TTACGCCCACATTCGA-1	Brd9	Brd9_As_70306	Unstimulated	PROVISIONAL_KEEP_MANUAL_PHENOCOPY_REVIEW_PENDING	false
GSE261783	GSM8151756	TTATTGCAGCAAGTCG-1	Brd9	Brd9_As_70306	Unstimulated	PROVISIONAL_KEEP_MANUAL_PHENOCOPY_REVIEW_PENDING	false
GSE261783	GSM8151756	TTCCGGTCACAGCTGC-1	Brd9	Brd9_As_70306	Unstimulated	PROVISIONAL_KEEP_MANUAL_PHENOCOPY_REVIEW_PENDING	false
GSE261783	GSM8151756	AAGTACCAGATCGGTG-1	Brd9	Brd9_As_70308	Unstimulated	PROVISIONAL_KEEP_MANUAL_PHENOCOPY_REVIEW_PENDING	false
GSE261783	GSM8151756	ACAGAAACACACTGGC-1	Brd9	Brd9_As_70308	Unstimulated	PROVISIONAL_KEEP_MANUAL_PHENOCOPY_REVIEW_PENDING	false
GSE261783	GSM8151756	ACGGGTCGTCGTATTG-1	Brd9	Brd9_As_70308	Unstimulated	PROVISIONAL_KEEP_MANUAL_PHENOCOPY_REVIEW_PENDING	false
GSE261783	GSM8151756	ACGTTCCGTCCGCAGT-1	Brd9	Brd9_As_70308	Unstimulated	PROVISIONAL_KEEP_MANUAL_PHENOCOPY_REVIEW_PENDING	false
GSE261783	GSM8151756	ACTCTCGTCACCTCGT-1	Brd9	Brd9_As_70308	Unstimulated	PROVISIONAL_KEEP_MANUAL_PHENOCOPY_REVIEW_PENDING	false
GSE261783	GSM8151756	ACTGTGAGTCTGTCAA-1	Brd9	Brd9_As_70308	Unstimulated	PROVISIONAL_KEEP_MANUAL_PHENOCOPY_REVIEW_PENDING	false
GSE261783	GSM8151756	ACTTAGGCACTCTAGA-1	Brd9	Brd9_As_70308	Unstimulated	PROVISIONAL_KEEP_MANUAL_PHENOCOPY_REVIEW_PENDING	false
GSE261783	GSM8151756	AGGTTGTGTAGTTCCA-1	Brd9	Brd9_As_70308	Unstimulated	PROVISIONAL_KEEP_MANUAL_PHENOCOPY_REVIEW_PENDING	false
GSE261783	GSM8151756	ATGCCTCGTCACAGAG-1	Brd9	Brd9_As_70308	Unstimulated	PROVISIONAL_KEEP_MANUAL_PHENOCOPY_REVIEW_PENDING	false
GSE261783	GSM8151756	ATTCACTTCCACAGGC-1	Brd9	Brd9_As_70308	Unstimulated	PROVISIONAL_KEEP_MANUAL_PHENOCOPY_REVIEW_PENDING	false
GSE261783	GSM8151756	ATTCAGGGTGTTCCTC-1	Brd9	Brd9_As_70308	Unstimulated	PROVISIONAL_KEEP_MANUAL_PHENOCOPY_REVIEW_PENDING	false
GSE261783	GSM8151756	ATTGTTCGTCGCAGTC-1	Brd9	Brd9_As_70308	Unstimulated	PROVISIONAL_KEEP_MANUAL_PHENOCOPY_REVIEW_PENDING	false
GSE261783	GSM8151756	CACTGGGTCCGCAACG-1	Brd9	Brd9_As_70308	Unstimulated	PROVISIONAL_KEEP_MANUAL_PHENOCOPY_REVIEW_PENDING	false
GSE261783	GSM8151756	CAGATTGGTTGACTAC-1	Brd9	Brd9_As_70308	Unstimulated	PROVISIONAL_KEEP_MANUAL_PHENOCOPY_REVIEW_PENDING	false
GSE261783	GSM8151756	CATCAAGCAGCCGTTG-1	Brd9	Brd9_As_70308	Unstimulated	PROVISIONAL_KEEP_MANUAL_PHENOCOPY_REVIEW_PENDING	false
GSE261783	GSM8151756	CATCGGGCAAGAGGTC-1	Brd9	Brd9_As_70308	Unstimulated	PROVISIONAL_KEEP_MANUAL_PHENOCOPY_REVIEW_PENDING	false
GSE261783	GSM8151756	CATCGGGGTATGGTTC-1	Brd9	Brd9_As_70308	Unstimulated	PROVISIONAL_KEEP_MANUAL_PHENOCOPY_REVIEW_PENDING	false
GSE261783	GSM8151756	CATTCTAGTAGCGTAG-1	Brd9	Brd9_As_70308	Unstimulated	PROVISIONAL_KEEP_MANUAL_PHENOCOPY_REVIEW_PENDING	false
GSE261783	GSM8151756	CCTAAGACATTGTACG-1	Brd9	Brd9_As_70308	Unstimulated	PROVISIONAL_KEEP_MANUAL_PHENOCOPY_REVIEW_PENDING	false
GSE261783	GSM8151756	CCTCATGAGCACAAAT-1	Brd9	Brd9_As_70308	Unstimulated	PROVISIONAL_KEEP_MANUAL_PHENOCOPY_REVIEW_PENDING	false
GSE261783	GSM8151756	CTACCTGGTGATAGAT-1	Brd9	Brd9_As_70308	Unstimulated	PROVISIONAL_KEEP_MANUAL_PHENOCOPY_REVIEW_PENDING	false
GSE261783	GSM8151756	CTCCCTCAGACGGTCA-1	Brd9	Brd9_As_70308	Unstimulated	PROVISIONAL_KEEP_MANUAL_PHENOCOPY_REVIEW_PENDING	false
GSE261783	GSM8151756	CTCCTTTAGTCTAACC-1	Brd9	Brd9_As_70308	Unstimulated	PROVISIONAL_KEEP_MANUAL_PHENOCOPY_REVIEW_PENDING	false
GSE261783	GSM8151756	GAACTGTAGCTGGTGA-1	Brd9	Brd9_As_70308	Unstimulated	PROVISIONAL_KEEP_MANUAL_PHENOCOPY_REVIEW_PENDING	false
GSE261783	GSM8151756	GAAGAATGTCGGATTT-1	Brd9	Brd9_As_70308	Unstimulated	PROVISIONAL_KEEP_MANUAL_PHENOCOPY_REVIEW_PENDING	false
GSE261783	GSM8151756	GAGAGGTCAAATGGCG-1	Brd9	Brd9_As_70308	Unstimulated	PROVISIONAL_KEEP_MANUAL_PHENOCOPY_REVIEW_PENDING	false
GSE261783	GSM8151756	GCCAGCATCACCGACG-1	Brd9	Brd9_As_70308	Unstimulated	PROVISIONAL_KEEP_MANUAL_PHENOCOPY_REVIEW_PENDING	false
GSE261783	GSM8151756	GCGAGAAAGTGGTTAA-1	Brd9	Brd9_As_70308	Unstimulated	PROVISIONAL_KEEP_MANUAL_PHENOCOPY_REVIEW_PENDING	false
GSE261783	GSM8151756	GCGGATCGTTAAGCAA-1	Brd9	Brd9_As_70308	Unstimulated	PROVISIONAL_KEEP_MANUAL_PHENOCOPY_REVIEW_PENDING	false
GSE261783	GSM8151756	GCTCAAATCGTGGCTG-1	Brd9	Brd9_As_70308	Unstimulated	PROVISIONAL_KEEP_MANUAL_PHENOCOPY_REVIEW_PENDING	false
GSE261783	GSM8151756	GGAGAACAGGGCAATC-1	Brd9	Brd9_As_70308	Unstimulated	PROVISIONAL_KEEP_MANUAL_PHENOCOPY_REVIEW_PENDING	false
GSE261783	GSM8151756	GGGAGATTCTACCAGA-1	Brd9	Brd9_As_70308	Unstimulated	PROVISIONAL_KEEP_MANUAL_PHENOCOPY_REVIEW_PENDING	false
GSE261783	GSM8151756	GGGATGATCCGCACGA-1	Brd9	Brd9_As_70308	Unstimulated	PROVISIONAL_KEEP_MANUAL_PHENOCOPY_REVIEW_PENDING	false
GSE261783	GSM8151756	GGGTGAAGTGCACAAG-1	Brd9	Brd9_As_70308	Unstimulated	PROVISIONAL_KEEP_MANUAL_PHENOCOPY_REVIEW_PENDING	false
GSE261783	GSM8151756	GGTGTCGAGACTCTTG-1	Brd9	Brd9_As_70308	Unstimulated	PROVISIONAL_KEEP_MANUAL_PHENOCOPY_REVIEW_PENDING	false
GSE261783	GSM8151756	GGTTGTAGTGTCCCTT-1	Brd9	Brd9_As_70308	Unstimulated	PROVISIONAL_KEEP_MANUAL_PHENOCOPY_REVIEW_PENDING	false
GSE261783	GSM8151756	GTGCGTGGTCTCCTGT-1	Brd9	Brd9_As_70308	Unstimulated	PROVISIONAL_KEEP_MANUAL_PHENOCOPY_REVIEW_PENDING	false
GSE261783	GSM8151756	GTTAGACAGTCCCAGC-1	Brd9	Brd9_As_70308	Unstimulated	PROVISIONAL_KEEP_MANUAL_PHENOCOPY_REVIEW_PENDING	false
GSE261783	GSM8151756	GTTTACTCAGCACGAA-1	Brd9	Brd9_As_70308	Unstimulated	PROVISIONAL_KEEP_MANUAL_PHENOCOPY_REVIEW_PENDING	false
GSE261783	GSM8151756	TAACGACCATTCATCT-1	Brd9	Brd9_As_70308	Unstimulated	PROVISIONAL_KEEP_MANUAL_PHENOCOPY_REVIEW_PENDING	false
GSE261783	GSM8151756	TACCTGCCACGTCATA-1	Brd9	Brd9_As_70308	Unstimulated	PROVISIONAL_KEEP_MANUAL_PHENOCOPY_REVIEW_PENDING	false
GSE261783	GSM8151756	TATGTTCGTCGTTGGC-1	Brd9	Brd9_As_70308	Unstimulated	PROVISIONAL_KEEP_MANUAL_PHENOCOPY_REVIEW_PENDING	false
GSE261783	GSM8151756	TCCGGGAGTCAGCGTC-1	Brd9	Brd9_As_70308	Unstimulated	PROVISIONAL_KEEP_MANUAL_PHENOCOPY_REVIEW_PENDING	false
GSE261783	GSM8151756	TCCTTCTTCGATACGT-1	Brd9	Brd9_As_70308	Unstimulated	PROVISIONAL_KEEP_MANUAL_PHENOCOPY_REVIEW_PENDING	false
GSE261783	GSM8151756	TCGACCTGTTGCCAAT-1	Brd9	Brd9_As_70308	Unstimulated	PROVISIONAL_KEEP_MANUAL_PHENOCOPY_REVIEW_PENDING	false
GSE261783	GSM8151756	TGATTCTCACGTAGTT-1	Brd9	Brd9_As_70308	Unstimulated	PROVISIONAL_KEEP_MANUAL_PHENOCOPY_REVIEW_PENDING	false
GSE261783	GSM8151756	TGGTGATAGTGTAGAT-1	Brd9	Brd9_As_70308	Unstimulated	PROVISIONAL_KEEP_MANUAL_PHENOCOPY_REVIEW_PENDING	false
GSE261783	GSM8151756	TGTAAGCGTAGTGTGG-1	Brd9	Brd9_As_70308	Unstimulated	PROVISIONAL_KEEP_MANUAL_PHENOCOPY_REVIEW_PENDING	false
GSE261783	GSM8151756	TTACAGGCAGAGCCCT-1	Brd9	Brd9_As_70308	Unstimulated	PROVISIONAL_KEEP_MANUAL_PHENOCOPY_REVIEW_PENDING	false
GSE261783	GSM8151756	TTCACCGGTGGATGAC-1	Brd9	Brd9_As_70308	Unstimulated	PROVISIONAL_KEEP_MANUAL_PHENOCOPY_REVIEW_PENDING	false
GSE261783	GSM8151756	TTGAACGGTCGAATTC-1	Brd9	Brd9_As_70308	Unstimulated	PROVISIONAL_KEEP_MANUAL_PHENOCOPY_REVIEW_PENDING	false
GSE261783	GSM8151756	ACATCCCCATTGCAAC-1	Chd4	Chd4_As_66308	Unstimulated	PROVISIONAL_KEEP_MANUAL_PHENOCOPY_REVIEW_PENDING	false
GSE261783	GSM8151756	ACCATTTAGGAAACGA-1	Chd4	Chd4_As_66308	Unstimulated	PROVISIONAL_KEEP_MANUAL_PHENOCOPY_REVIEW_PENDING	false
GSE261783	GSM8151756	ACGATCATCTCTAGGA-1	Chd4	Chd4_As_66308	Unstimulated	PROVISIONAL_KEEP_MANUAL_PHENOCOPY_REVIEW_PENDING	false
GSE261783	GSM8151756	ACGGAAGAGATGGTCG-1	Chd4	Chd4_As_66308	Unstimulated	PROVISIONAL_KEEP_MANUAL_PHENOCOPY_REVIEW_PENDING	false
GSE261783	GSM8151756	ACTATGGTCGGTCACG-1	Chd4	Chd4_As_66308	Unstimulated	PROVISIONAL_KEEP_MANUAL_PHENOCOPY_REVIEW_PENDING	false
GSE261783	GSM8151756	ATCGGATCAGACCGCT-1	Chd4	Chd4_As_66308	Unstimulated	PROVISIONAL_KEEP_MANUAL_PHENOCOPY_REVIEW_PENDING	false
GSE261783	GSM8151756	ATCTTCAGTTTAGACC-1	Chd4	Chd4_As_66308	Unstimulated	PROVISIONAL_KEEP_MANUAL_PHENOCOPY_REVIEW_PENDING	false
GSE261783	GSM8151756	ATGAGGGCAAGCTCTA-1	Chd4	Chd4_As_66308	Unstimulated	PROVISIONAL_KEEP_MANUAL_PHENOCOPY_REVIEW_PENDING	false
GSE261783	GSM8151756	ATTCAGGTCTTACTGT-1	Chd4	Chd4_As_66308	Unstimulated	PROVISIONAL_KEEP_MANUAL_PHENOCOPY_REVIEW_PENDING	false
GSE261783	GSM8151756	CATTGAGTCCGGCAGT-1	Chd4	Chd4_As_66308	Unstimulated	PROVISIONAL_KEEP_MANUAL_PHENOCOPY_REVIEW_PENDING	false
GSE261783	GSM8151756	CGGTCAGCAGTAACCT-1	Chd4	Chd4_As_66308	Unstimulated	PROVISIONAL_KEEP_MANUAL_PHENOCOPY_REVIEW_PENDING	false
GSE261783	GSM8151756	CGTGAATGTCTGTGGC-1	Chd4	Chd4_As_66308	Unstimulated	PROVISIONAL_KEEP_MANUAL_PHENOCOPY_REVIEW_PENDING	false
GSE261783	GSM8151756	CTCCAACGTGGTACAG-1	Chd4	Chd4_As_66308	Unstimulated	PROVISIONAL_KEEP_MANUAL_PHENOCOPY_REVIEW_PENDING	false
GSE261783	GSM8151756	CTGCTCAGTTTGCAGT-1	Chd4	Chd4_As_66308	Unstimulated	PROVISIONAL_KEEP_MANUAL_PHENOCOPY_REVIEW_PENDING	false
GSE261783	GSM8151756	CTGGTCTGTCACAGTT-1	Chd4	Chd4_As_66308	Unstimulated	PROVISIONAL_KEEP_MANUAL_PHENOCOPY_REVIEW_PENDING	false
GSE261783	GSM8151756	GACGCTGAGCTGTACT-1	Chd4	Chd4_As_66308	Unstimulated	PROVISIONAL_KEEP_MANUAL_PHENOCOPY_REVIEW_PENDING	false
GSE261783	GSM8151756	GGGAGATTCCGCTAGG-1	Chd4	Chd4_As_66308	Unstimulated	PROVISIONAL_KEEP_MANUAL_PHENOCOPY_REVIEW_PENDING	false
GSE261783	GSM8151756	GGTCTGGTCCAAAGGG-1	Chd4	Chd4_As_66308	Unstimulated	PROVISIONAL_KEEP_MANUAL_PHENOCOPY_REVIEW_PENDING	false
GSE261783	GSM8151756	GTAGTACTCGTGTGAT-1	Chd4	Chd4_As_66308	Unstimulated	PROVISIONAL_KEEP_MANUAL_PHENOCOPY_REVIEW_PENDING	false
GSE261783	GSM8151756	GTCTTTAAGTGGACTG-1	Chd4	Chd4_As_66308	Unstimulated	PROVISIONAL_KEEP_MANUAL_PHENOCOPY_REVIEW_PENDING	false
GSE261783	GSM8151756	GTGCAGCCAACGCATT-1	Chd4	Chd4_As_66308	Unstimulated	PROVISIONAL_KEEP_MANUAL_PHENOCOPY_REVIEW_PENDING	false
GSE261783	GSM8151756	TCACGCTCAGACTCTA-1	Chd4	Chd4_As_66308	Unstimulated	PROVISIONAL_KEEP_MANUAL_PHENOCOPY_REVIEW_PENDING	false
GSE261783	GSM8151756	TCAGTTTCAGAACTCT-1	Chd4	Chd4_As_66308	Unstimulated	PROVISIONAL_KEEP_MANUAL_PHENOCOPY_REVIEW_PENDING	false
GSE261783	GSM8151756	TCTCTGGCATGCAGCC-1	Chd4	Chd4_As_66308	Unstimulated	PROVISIONAL_KEEP_MANUAL_PHENOCOPY_REVIEW_PENDING	false
GSE261783	GSM8151756	TCTGGCTGTGCCCAGT-1	Chd4	Chd4_As_66308	Unstimulated	PROVISIONAL_KEEP_MANUAL_PHENOCOPY_REVIEW_PENDING	false
GSE261783	GSM8151756	TGCAGTACAAACAGGC-1	Chd4	Chd4_As_66308	Unstimulated	PROVISIONAL_KEEP_MANUAL_PHENOCOPY_REVIEW_PENDING	false
GSE261783	GSM8151756	TGCCGAGTCAACGAGG-1	Chd4	Chd4_As_66308	Unstimulated	PROVISIONAL_KEEP_MANUAL_PHENOCOPY_REVIEW_PENDING	false
GSE261783	GSM8151756	TGTACAGGTGTTTACG-1	Chd4	Chd4_As_66308	Unstimulated	PROVISIONAL_KEEP_MANUAL_PHENOCOPY_REVIEW_PENDING	false
GSE261783	GSM8151756	TGTCCCAAGACCAGCA-1	Chd4	Chd4_As_66308	Unstimulated	PROVISIONAL_KEEP_MANUAL_PHENOCOPY_REVIEW_PENDING	false
GSE261783	GSM8151756	ACAAAGACAGTTAGGG-1	Chd4	Chd4_As_66309	Unstimulated	PROVISIONAL_KEEP_MANUAL_PHENOCOPY_REVIEW_PENDING	false
GSE261783	GSM8151756	ACACAGTGTTATGTGC-1	Chd4	Chd4_As_66309	Unstimulated	PROVISIONAL_KEEP_MANUAL_PHENOCOPY_REVIEW_PENDING	false
GSE261783	GSM8151756	ACATCGAAGTTACGGG-1	Chd4	Chd4_As_66309	Unstimulated	PROVISIONAL_KEEP_MANUAL_PHENOCOPY_REVIEW_PENDING	false
GSE261783	GSM8151756	ACCGTTCAGCTGAAGC-1	Chd4	Chd4_As_66309	Unstimulated	PROVISIONAL_KEEP_MANUAL_PHENOCOPY_REVIEW_PENDING	false
GSE261783	GSM8151756	ACCGTTCTCTGACGCG-1	Chd4	Chd4_As_66309	Unstimulated	PROVISIONAL_KEEP_MANUAL_PHENOCOPY_REVIEW_PENDING	false
GSE261783	GSM8151756	ACGGAAGAGGCGAACT-1	Chd4	Chd4_As_66309	Unstimulated	PROVISIONAL_KEEP_MANUAL_PHENOCOPY_REVIEW_PENDING	false
GSE261783	GSM8151756	ACGGAAGTCGACCCAG-1	Chd4	Chd4_As_66309	Unstimulated	PROVISIONAL_KEEP_MANUAL_PHENOCOPY_REVIEW_PENDING	false
GSE261783	GSM8151756	ATCCTATCAGCACAGA-1	Chd4	Chd4_As_66309	Unstimulated	PROVISIONAL_KEEP_MANUAL_PHENOCOPY_REVIEW_PENDING	false
GSE261783	GSM8151756	ATGTCCCTCATGGCCG-1	Chd4	Chd4_As_66309	Unstimulated	PROVISIONAL_KEEP_MANUAL_PHENOCOPY_REVIEW_PENDING	false
GSE261783	GSM8151756	CAGCACGCAGCGTTGC-1	Chd4	Chd4_As_66309	Unstimulated	PROVISIONAL_KEEP_MANUAL_PHENOCOPY_REVIEW_PENDING	false
GSE261783	GSM8151756	CATCGTCAGATACATG-1	Chd4	Chd4_As_66309	Unstimulated	PROVISIONAL_KEEP_MANUAL_PHENOCOPY_REVIEW_PENDING	false
GSE261783	GSM8151756	CCACCATTCTTACCGC-1	Chd4	Chd4_As_66309	Unstimulated	PROVISIONAL_KEEP_MANUAL_PHENOCOPY_REVIEW_PENDING	false
GSE261783	GSM8151756	CCGGACAGTGAGACGT-1	Chd4	Chd4_As_66309	Unstimulated	PROVISIONAL_KEEP_MANUAL_PHENOCOPY_REVIEW_PENDING	false
GSE261783	GSM8151756	CCTCAACTCGGCCCAA-1	Chd4	Chd4_As_66309	Unstimulated	PROVISIONAL_KEEP_MANUAL_PHENOCOPY_REVIEW_PENDING	false
GSE261783	GSM8151756	CCTCTCCTCCAGTGTA-1	Chd4	Chd4_As_66309	Unstimulated	PROVISIONAL_KEEP_MANUAL_PHENOCOPY_REVIEW_PENDING	false
GSE261783	GSM8151756	CCTTTGGAGTAAACGT-1	Chd4	Chd4_As_66309	Unstimulated	PROVISIONAL_KEEP_MANUAL_PHENOCOPY_REVIEW_PENDING	false
GSE261783	GSM8151756	CGAATTGCATGGATCT-1	Chd4	Chd4_As_66309	Unstimulated	PROVISIONAL_KEEP_MANUAL_PHENOCOPY_REVIEW_PENDING	false
GSE261783	GSM8151756	CGATGCGAGGCCTAGA-1	Chd4	Chd4_As_66309	Unstimulated	PROVISIONAL_KEEP_MANUAL_PHENOCOPY_REVIEW_PENDING	false
GSE261783	GSM8151756	CGATGCGAGGGTAGCT-1	Chd4	Chd4_As_66309	Unstimulated	PROVISIONAL_KEEP_MANUAL_PHENOCOPY_REVIEW_PENDING	false
GSE261783	GSM8151756	CTAAGTGAGAGGCCAT-1	Chd4	Chd4_As_66309	Unstimulated	PROVISIONAL_KEEP_MANUAL_PHENOCOPY_REVIEW_PENDING	false
GSE261783	GSM8151756	CTACGGGCATGTCGTA-1	Chd4	Chd4_As_66309	Unstimulated	PROVISIONAL_KEEP_MANUAL_PHENOCOPY_REVIEW_PENDING	false
GSE261783	GSM8151756	CTATCCGTCGTGGTAT-1	Chd4	Chd4_As_66309	Unstimulated	PROVISIONAL_KEEP_MANUAL_PHENOCOPY_REVIEW_PENDING	false
GSE261783	GSM8151756	CTCAGTCAGAGGGTCT-1	Chd4	Chd4_As_66309	Unstimulated	PROVISIONAL_KEEP_MANUAL_PHENOCOPY_REVIEW_PENDING	false
GSE261783	GSM8151756	CTCTCGATCTATGCCC-1	Chd4	Chd4_As_66309	Unstimulated	PROVISIONAL_KEEP_MANUAL_PHENOCOPY_REVIEW_PENDING	false
GSE261783	GSM8151756	CTGCTCACAACTCGAT-1	Chd4	Chd4_As_66309	Unstimulated	PROVISIONAL_KEEP_MANUAL_PHENOCOPY_REVIEW_PENDING	false
GSE261783	GSM8151756	CTTAGGACACCTGAAT-1	Chd4	Chd4_As_66309	Unstimulated	PROVISIONAL_KEEP_MANUAL_PHENOCOPY_REVIEW_PENDING	false
GSE261783	GSM8151756	GACCCTTAGTGCCCGT-1	Chd4	Chd4_As_66309	Unstimulated	PROVISIONAL_KEEP_MANUAL_PHENOCOPY_REVIEW_PENDING	false
GSE261783	GSM8151756	GATTCTTCAGTCGTTA-1	Chd4	Chd4_As_66309	Unstimulated	PROVISIONAL_KEEP_MANUAL_PHENOCOPY_REVIEW_PENDING	false
GSE261783	GSM8151756	GCTACAATCTCCGCAT-1	Chd4	Chd4_As_66309	Unstimulated	PROVISIONAL_KEEP_MANUAL_PHENOCOPY_REVIEW_PENDING	false
GSE261783	GSM8151756	GGGCTCAGTGTAGGAC-1	Chd4	Chd4_As_66309	Unstimulated	PROVISIONAL_KEEP_MANUAL_PHENOCOPY_REVIEW_PENDING	false
GSE261783	GSM8151756	GTATTTCAGAACTGAT-1	Chd4	Chd4_As_66309	Unstimulated	PROVISIONAL_KEEP_MANUAL_PHENOCOPY_REVIEW_PENDING	false
GSE261783	GSM8151756	GTTACAGTCCTTCTGG-1	Chd4	Chd4_As_66309	Unstimulated	PROVISIONAL_KEEP_MANUAL_PHENOCOPY_REVIEW_PENDING	false
GSE261783	GSM8151756	TAGCACACACTGGCGT-1	Chd4	Chd4_As_66309	Unstimulated	PROVISIONAL_KEEP_MANUAL_PHENOCOPY_REVIEW_PENDING	false
GSE261783	GSM8151756	TATCGCCAGCGCTGCT-1	Chd4	Chd4_As_66309	Unstimulated	PROVISIONAL_KEEP_MANUAL_PHENOCOPY_REVIEW_PENDING	false
GSE261783	GSM8151756	TATGTTCCACCCTAAA-1	Chd4	Chd4_As_66309	Unstimulated	PROVISIONAL_KEEP_MANUAL_PHENOCOPY_REVIEW_PENDING	false
GSE261783	GSM8151756	TCTGTCGCATTCTGTT-1	Chd4	Chd4_As_66309	Unstimulated	PROVISIONAL_KEEP_MANUAL_PHENOCOPY_REVIEW_PENDING	false
GSE261783	GSM8151756	TGAGCATTCTCAACGA-1	Chd4	Chd4_As_66309	Unstimulated	PROVISIONAL_KEEP_MANUAL_PHENOCOPY_REVIEW_PENDING	false
GSE261783	GSM8151756	TGAGGAGAGCGGTAAC-1	Chd4	Chd4_As_66309	Unstimulated	PROVISIONAL_KEEP_MANUAL_PHENOCOPY_REVIEW_PENDING	false
GSE261783	GSM8151756	TGGGAGACAACGACTT-1	Chd4	Chd4_As_66309	Unstimulated	PROVISIONAL_KEEP_MANUAL_PHENOCOPY_REVIEW_PENDING	false
GSE261783	GSM8151756	TGTACAGGTGGATCAG-1	Chd4	Chd4_As_66309	Unstimulated	PROVISIONAL_KEEP_MANUAL_PHENOCOPY_REVIEW_PENDING	false
GSE261783	GSM8151756	TGTCAGACACAGCCTG-1	Chd4	Chd4_As_66309	Unstimulated	PROVISIONAL_KEEP_MANUAL_PHENOCOPY_REVIEW_PENDING	false
GSE261783	GSM8151756	TTACGTTAGCGGATCA-1	Chd4	Chd4_As_66309	Unstimulated	PROVISIONAL_KEEP_MANUAL_PHENOCOPY_REVIEW_PENDING	false
GSE261783	GSM8151756	TTATTGCGTTACCGTA-1	Chd4	Chd4_As_66309	Unstimulated	PROVISIONAL_KEEP_MANUAL_PHENOCOPY_REVIEW_PENDING	false
GSE261783	GSM8151756	TTGAACGCACACCGCA-1	Chd4	Chd4_As_66309	Unstimulated	PROVISIONAL_KEEP_MANUAL_PHENOCOPY_REVIEW_PENDING	false
GSE261783	GSM8151756	ACGGTTAGTTACAGCT-1	Dmap1	Dmap1_As_60920	Unstimulated	PROVISIONAL_KEEP_MANUAL_PHENOCOPY_REVIEW_PENDING	false
GSE261783	GSM8151756	AGACCCGAGATACAGT-1	Dmap1	Dmap1_As_60920	Unstimulated	PROVISIONAL_KEEP_MANUAL_PHENOCOPY_REVIEW_PENDING	false
GSE261783	GSM8151756	AGAGAGCTCGACGCGT-1	Dmap1	Dmap1_As_60920	Unstimulated	PROVISIONAL_KEEP_MANUAL_PHENOCOPY_REVIEW_PENDING	false
GSE261783	GSM8151756	AGGGCCTGTCTCTCAC-1	Dmap1	Dmap1_As_60920	Unstimulated	PROVISIONAL_KEEP_MANUAL_PHENOCOPY_REVIEW_PENDING	false
GSE261783	GSM8151756	AGTACCATCGGACTGC-1	Dmap1	Dmap1_As_60920	Unstimulated	PROVISIONAL_KEEP_MANUAL_PHENOCOPY_REVIEW_PENDING	false
GSE261783	GSM8151756	AGTCATGCACTGTCCT-1	Dmap1	Dmap1_As_60920	Unstimulated	PROVISIONAL_KEEP_MANUAL_PHENOCOPY_REVIEW_PENDING	false
GSE261783	GSM8151756	ATATCCTGTCGAGATG-1	Dmap1	Dmap1_As_60920	Unstimulated	PROVISIONAL_KEEP_MANUAL_PHENOCOPY_REVIEW_PENDING	false
GSE261783	GSM8151756	ATCACTTTCGCAACAT-1	Dmap1	Dmap1_As_60920	Unstimulated	PROVISIONAL_KEEP_MANUAL_PHENOCOPY_REVIEW_PENDING	false
GSE261783	GSM8151756	ATCCCTGAGTAAGAGG-1	Dmap1	Dmap1_As_60920	Unstimulated	PROVISIONAL_KEEP_MANUAL_PHENOCOPY_REVIEW_PENDING	false
GSE261783	GSM8151756	ATGACCATCATCGGGC-1	Dmap1	Dmap1_As_60920	Unstimulated	PROVISIONAL_KEEP_MANUAL_PHENOCOPY_REVIEW_PENDING	false
GSE261783	GSM8151756	ATGGATCGTAGGTGCA-1	Dmap1	Dmap1_As_60920	Unstimulated	PROVISIONAL_KEEP_MANUAL_PHENOCOPY_REVIEW_PENDING	false
GSE261783	GSM8151756	ATTTACCAGGCTAAAT-1	Dmap1	Dmap1_As_60920	Unstimulated	PROVISIONAL_KEEP_MANUAL_PHENOCOPY_REVIEW_PENDING	false
GSE261783	GSM8151756	CAAGGGAAGTGGATTA-1	Dmap1	Dmap1_As_60920	Unstimulated	PROVISIONAL_KEEP_MANUAL_PHENOCOPY_REVIEW_PENDING	false
GSE261783	GSM8151756	CACCAAACAGCATACT-1	Dmap1	Dmap1_As_60920	Unstimulated	PROVISIONAL_KEEP_MANUAL_PHENOCOPY_REVIEW_PENDING	false
GSE261783	GSM8151756	CCTACGTAGTAGAGTT-1	Dmap1	Dmap1_As_60920	Unstimulated	PROVISIONAL_KEEP_MANUAL_PHENOCOPY_REVIEW_PENDING	false
GSE261783	GSM8151756	CGTTGGGCAGGTCTCG-1	Dmap1	Dmap1_As_60920	Unstimulated	PROVISIONAL_KEEP_MANUAL_PHENOCOPY_REVIEW_PENDING	false
GSE261783	GSM8151756	CTAACTTGTCGCCTAG-1	Dmap1	Dmap1_As_60920	Unstimulated	PROVISIONAL_KEEP_MANUAL_PHENOCOPY_REVIEW_PENDING	false
GSE261783	GSM8151756	CTAGACATCGGTCGAC-1	Dmap1	Dmap1_As_60920	Unstimulated	PROVISIONAL_KEEP_MANUAL_PHENOCOPY_REVIEW_PENDING	false
GSE261783	GSM8151756	CTCAAGATCCGCCTAT-1	Dmap1	Dmap1_As_60920	Unstimulated	PROVISIONAL_KEEP_MANUAL_PHENOCOPY_REVIEW_PENDING	false
GSE261783	GSM8151756	CTGGACGCATGCCGAC-1	Dmap1	Dmap1_As_60920	Unstimulated	PROVISIONAL_KEEP_MANUAL_PHENOCOPY_REVIEW_PENDING	false
GSE261783	GSM8151756	GAAACCTTCTTGGATG-1	Dmap1	Dmap1_As_60920	Unstimulated	PROVISIONAL_KEEP_MANUAL_PHENOCOPY_REVIEW_PENDING	false
GSE261783	GSM8151756	GAAGCCCTCCCAGTGG-1	Dmap1	Dmap1_As_60920	Unstimulated	PROVISIONAL_KEEP_MANUAL_PHENOCOPY_REVIEW_PENDING	false
GSE261783	GSM8151756	GACATCAAGCAGGTCA-1	Dmap1	Dmap1_As_60920	Unstimulated	PROVISIONAL_KEEP_MANUAL_PHENOCOPY_REVIEW_PENDING	false
GSE261783	GSM8151756	GACGCTGCAGGTATGG-1	Dmap1	Dmap1_As_60920	Unstimulated	PROVISIONAL_KEEP_MANUAL_PHENOCOPY_REVIEW_PENDING	false
GSE261783	GSM8151756	GAGCTGCGTCAGTCTA-1	Dmap1	Dmap1_As_60920	Unstimulated	PROVISIONAL_KEEP_MANUAL_PHENOCOPY_REVIEW_PENDING	false
GSE261783	GSM8151756	GCCGATGGTTTACCAG-1	Dmap1	Dmap1_As_60920	Unstimulated	PROVISIONAL_KEEP_MANUAL_PHENOCOPY_REVIEW_PENDING	false
GSE261783	GSM8151756	GCTACAACAGACAATA-1	Dmap1	Dmap1_As_60920	Unstimulated	PROVISIONAL_KEEP_MANUAL_PHENOCOPY_REVIEW_PENDING	false
GSE261783	GSM8151756	GGGATGACAAGCAATA-1	Dmap1	Dmap1_As_60920	Unstimulated	PROVISIONAL_KEEP_MANUAL_PHENOCOPY_REVIEW_PENDING	false
GSE261783	GSM8151756	GTACAACCATCGTTCC-1	Dmap1	Dmap1_As_60920	Unstimulated	PROVISIONAL_KEEP_MANUAL_PHENOCOPY_REVIEW_PENDING	false
GSE261783	GSM8151756	GTACAGTAGGATCATA-1	Dmap1	Dmap1_As_60920	Unstimulated	PROVISIONAL_KEEP_MANUAL_PHENOCOPY_REVIEW_PENDING	false
GSE261783	GSM8151756	GTGGAGAGTAGCACAG-1	Dmap1	Dmap1_As_60920	Unstimulated	PROVISIONAL_KEEP_MANUAL_PHENOCOPY_REVIEW_PENDING	false
GSE261783	GSM8151756	GTGTTAGGTGCCTACG-1	Dmap1	Dmap1_As_60920	Unstimulated	PROVISIONAL_KEEP_MANUAL_PHENOCOPY_REVIEW_PENDING	false
GSE261783	GSM8151756	GTTACGACAATCCTAG-1	Dmap1	Dmap1_As_60920	Unstimulated	PROVISIONAL_KEEP_MANUAL_PHENOCOPY_REVIEW_PENDING	false
GSE261783	GSM8151756	TAAGTCGGTCGAGATG-1	Dmap1	Dmap1_As_60920	Unstimulated	PROVISIONAL_KEEP_MANUAL_PHENOCOPY_REVIEW_PENDING	false
GSE261783	GSM8151756	TACGGGCTCTGCAGCG-1	Dmap1	Dmap1_As_60920	Unstimulated	PROVISIONAL_KEEP_MANUAL_PHENOCOPY_REVIEW_PENDING	false
GSE261783	GSM8151756	TATACCTTCGGACTTA-1	Dmap1	Dmap1_As_60920	Unstimulated	PROVISIONAL_KEEP_MANUAL_PHENOCOPY_REVIEW_PENDING	false
GSE261783	GSM8151756	TCACAAGTCCTACACC-1	Dmap1	Dmap1_As_60920	Unstimulated	PROVISIONAL_KEEP_MANUAL_PHENOCOPY_REVIEW_PENDING	false
GSE261783	GSM8151756	TCACTATCATGAATAG-1	Dmap1	Dmap1_As_60920	Unstimulated	PROVISIONAL_KEEP_MANUAL_PHENOCOPY_REVIEW_PENDING	false
GSE261783	GSM8151756	TCCACGTTCCCGAGGT-1	Dmap1	Dmap1_As_60920	Unstimulated	PROVISIONAL_KEEP_MANUAL_PHENOCOPY_REVIEW_PENDING	false
GSE261783	GSM8151756	TCCGTGTTCCATTGTT-1	Dmap1	Dmap1_As_60920	Unstimulated	PROVISIONAL_KEEP_MANUAL_PHENOCOPY_REVIEW_PENDING	false
GSE261783	GSM8151756	TGACTCCTCACAATGC-1	Dmap1	Dmap1_As_60920	Unstimulated	PROVISIONAL_KEEP_MANUAL_PHENOCOPY_REVIEW_PENDING	false
GSE261783	GSM8151756	TGAGCGCGTATGAGGC-1	Dmap1	Dmap1_As_60920	Unstimulated	PROVISIONAL_KEEP_MANUAL_PHENOCOPY_REVIEW_PENDING	false
GSE261783	GSM8151756	TGCGGGTGTAGTCGTT-1	Dmap1	Dmap1_As_60920	Unstimulated	PROVISIONAL_KEEP_MANUAL_PHENOCOPY_REVIEW_PENDING	false
GSE261783	GSM8151756	TTCCAATGTATGCTTG-1	Dmap1	Dmap1_As_60920	Unstimulated	PROVISIONAL_KEEP_MANUAL_PHENOCOPY_REVIEW_PENDING	false
GSE261783	GSM8151756	TTCCAATGTTAAACCC-1	Dmap1	Dmap1_As_60920	Unstimulated	PROVISIONAL_KEEP_MANUAL_PHENOCOPY_REVIEW_PENDING	false
GSE261783	GSM8151756	TTCCTCTCAGACACAG-1	Dmap1	Dmap1_As_60920	Unstimulated	PROVISIONAL_KEEP_MANUAL_PHENOCOPY_REVIEW_PENDING	false
GSE261783	GSM8151756	AAACGAAGTGTCTAAC-1	Dmap1	Dmap1_As_60922	Unstimulated	PROVISIONAL_KEEP_MANUAL_PHENOCOPY_REVIEW_PENDING	false
GSE261783	GSM8151756	ACGATGTAGTTCAACC-1	Dmap1	Dmap1_As_60922	Unstimulated	PROVISIONAL_KEEP_MANUAL_PHENOCOPY_REVIEW_PENDING	false
GSE261783	GSM8151756	ACGTAACGTATCGCGC-1	Dmap1	Dmap1_As_60922	Unstimulated	PROVISIONAL_KEEP_MANUAL_PHENOCOPY_REVIEW_PENDING	false
GSE261783	GSM8151756	ACTATGGTCTGCTGAA-1	Dmap1	Dmap1_As_60922	Unstimulated	PROVISIONAL_KEEP_MANUAL_PHENOCOPY_REVIEW_PENDING	false
GSE261783	GSM8151756	ACTCTCGTCTTTGCAT-1	Dmap1	Dmap1_As_60922	Unstimulated	PROVISIONAL_KEEP_MANUAL_PHENOCOPY_REVIEW_PENDING	false
GSE261783	GSM8151756	AGTGTTGCAGTCACGC-1	Dmap1	Dmap1_As_60922	Unstimulated	PROVISIONAL_KEEP_MANUAL_PHENOCOPY_REVIEW_PENDING	false
GSE261783	GSM8151756	ATCGTAGAGCTGAGTG-1	Dmap1	Dmap1_As_60922	Unstimulated	PROVISIONAL_KEEP_MANUAL_PHENOCOPY_REVIEW_PENDING	false
GSE261783	GSM8151756	CAATTTCGTACAGAGC-1	Dmap1	Dmap1_As_60922	Unstimulated	PROVISIONAL_KEEP_MANUAL_PHENOCOPY_REVIEW_PENDING	false
GSE261783	GSM8151756	CACACAATCATGTCAG-1	Dmap1	Dmap1_As_60922	Unstimulated	PROVISIONAL_KEEP_MANUAL_PHENOCOPY_REVIEW_PENDING	false
GSE261783	GSM8151756	CATTCCGAGCCATATC-1	Dmap1	Dmap1_As_60922	Unstimulated	PROVISIONAL_KEEP_MANUAL_PHENOCOPY_REVIEW_PENDING	false
GSE261783	GSM8151756	CCCAACTGTATCGATC-1	Dmap1	Dmap1_As_60922	Unstimulated	PROVISIONAL_KEEP_MANUAL_PHENOCOPY_REVIEW_PENDING	false
GSE261783	GSM8151756	CCCTTAGAGTAAATGC-1	Dmap1	Dmap1_As_60922	Unstimulated	PROVISIONAL_KEEP_MANUAL_PHENOCOPY_REVIEW_PENDING	false
GSE261783	GSM8151756	CCTCCAACAAATGAGT-1	Dmap1	Dmap1_As_60922	Unstimulated	PROVISIONAL_KEEP_MANUAL_PHENOCOPY_REVIEW_PENDING	false
GSE261783	GSM8151756	GCAGCTGGTCAAGCGA-1	Dmap1	Dmap1_As_60922	Unstimulated	PROVISIONAL_KEEP_MANUAL_PHENOCOPY_REVIEW_PENDING	false
GSE261783	GSM8151756	GGCACGTGTATTGACC-1	Dmap1	Dmap1_As_60922	Unstimulated	PROVISIONAL_KEEP_MANUAL_PHENOCOPY_REVIEW_PENDING	false
GSE261783	GSM8151756	GGGTCACCACTGTCGG-1	Dmap1	Dmap1_As_60922	Unstimulated	PROVISIONAL_KEEP_MANUAL_PHENOCOPY_REVIEW_PENDING	false
GSE261783	GSM8151756	GTAACCATCGTTGCCT-1	Dmap1	Dmap1_As_60922	Unstimulated	PROVISIONAL_KEEP_MANUAL_PHENOCOPY_REVIEW_PENDING	false
GSE261783	GSM8151756	GTCCACTAGCGTATGG-1	Dmap1	Dmap1_As_60922	Unstimulated	PROVISIONAL_KEEP_MANUAL_PHENOCOPY_REVIEW_PENDING	false
GSE261783	GSM8151756	GTGCTGGTCGCATAGT-1	Dmap1	Dmap1_As_60922	Unstimulated	PROVISIONAL_KEEP_MANUAL_PHENOCOPY_REVIEW_PENDING	false
GSE261783	GSM8151756	TCATGCCAGTGCAGGT-1	Dmap1	Dmap1_As_60922	Unstimulated	PROVISIONAL_KEEP_MANUAL_PHENOCOPY_REVIEW_PENDING	false
GSE261783	GSM8151756	TCCATCGAGCACTCCG-1	Dmap1	Dmap1_As_60922	Unstimulated	PROVISIONAL_KEEP_MANUAL_PHENOCOPY_REVIEW_PENDING	false
GSE261783	GSM8151756	TGACCCTGTCATACCA-1	Dmap1	Dmap1_As_60922	Unstimulated	PROVISIONAL_KEEP_MANUAL_PHENOCOPY_REVIEW_PENDING	false
GSE261783	GSM8151756	TTCACCGAGGATGAGA-1	Dmap1	Dmap1_As_60922	Unstimulated	PROVISIONAL_KEEP_MANUAL_PHENOCOPY_REVIEW_PENDING	false
GSE261783	GSM8151756	TTCATGTAGACGAGCT-1	Dmap1	Dmap1_As_60922	Unstimulated	PROVISIONAL_KEEP_MANUAL_PHENOCOPY_REVIEW_PENDING	false
GSE261783	GSM8151756	TTTGGAGAGCGATCGA-1	Dmap1	Dmap1_As_60922	Unstimulated	PROVISIONAL_KEEP_MANUAL_PHENOCOPY_REVIEW_PENDING	false
GSE261783	GSM8151756	AACCATGGTATGAAGT-1	Egr2	EGR2_2	Unstimulated	PROVISIONAL_KEEP_MANUAL_PHENOCOPY_REVIEW_PENDING	false
GSE261783	GSM8151756	AACCATGGTGCATTTG-1	Egr2	EGR2_2	Unstimulated	PROVISIONAL_KEEP_MANUAL_PHENOCOPY_REVIEW_PENDING	false
GSE261783	GSM8151756	AACCTTTGTGGTATGG-1	Egr2	EGR2_2	Unstimulated	PROVISIONAL_KEEP_MANUAL_PHENOCOPY_REVIEW_PENDING	false
GSE261783	GSM8151756	AAGACAAAGGCATGGT-1	Egr2	EGR2_2	Unstimulated	PROVISIONAL_KEEP_MANUAL_PHENOCOPY_REVIEW_PENDING	false
GSE261783	GSM8151756	ACATCCCCATCTCAAG-1	Egr2	EGR2_2	Unstimulated	PROVISIONAL_KEEP_MANUAL_PHENOCOPY_REVIEW_PENDING	false
GSE261783	GSM8151756	ACATGCAGTATCGAGG-1	Egr2	EGR2_2	Unstimulated	PROVISIONAL_KEEP_MANUAL_PHENOCOPY_REVIEW_PENDING	false
GSE261783	GSM8151756	ACCTACCGTCGGCCTA-1	Egr2	EGR2_2	Unstimulated	PROVISIONAL_KEEP_MANUAL_PHENOCOPY_REVIEW_PENDING	false
GSE261783	GSM8151756	AGGGTGAAGATGAAGG-1	Egr2	EGR2_2	Unstimulated	PROVISIONAL_KEEP_MANUAL_PHENOCOPY_REVIEW_PENDING	false
GSE261783	GSM8151756	ATAGAGAAGAGAGAAC-1	Egr2	EGR2_2	Unstimulated	PROVISIONAL_KEEP_MANUAL_PHENOCOPY_REVIEW_PENDING	false
GSE261783	GSM8151756	ATGCCTCTCAAAGGTA-1	Egr2	EGR2_2	Unstimulated	PROVISIONAL_KEEP_MANUAL_PHENOCOPY_REVIEW_PENDING	false
GSE261783	GSM8151756	ATTCACTAGGCTGTAG-1	Egr2	EGR2_2	Unstimulated	PROVISIONAL_KEEP_MANUAL_PHENOCOPY_REVIEW_PENDING	false
GSE261783	GSM8151756	ATTCCCGGTCAGCGTC-1	Egr2	EGR2_2	Unstimulated	PROVISIONAL_KEEP_MANUAL_PHENOCOPY_REVIEW_PENDING	false
GSE261783	GSM8151756	ATTTCACTCAACACGT-1	Egr2	EGR2_2	Unstimulated	PROVISIONAL_KEEP_MANUAL_PHENOCOPY_REVIEW_PENDING	false
GSE261783	GSM8151756	CAAGACTTCAGATGCT-1	Egr2	EGR2_2	Unstimulated	PROVISIONAL_KEEP_MANUAL_PHENOCOPY_REVIEW_PENDING	false
GSE261783	GSM8151756	CAGGGCTTCCTTTGAT-1	Egr2	EGR2_2	Unstimulated	PROVISIONAL_KEEP_MANUAL_PHENOCOPY_REVIEW_PENDING	false
GSE261783	GSM8151756	CAGTTAGCACTACCGG-1	Egr2	EGR2_2	Unstimulated	PROVISIONAL_KEEP_MANUAL_PHENOCOPY_REVIEW_PENDING	false
GSE261783	GSM8151756	CATGCGGTCATTTACC-1	Egr2	EGR2_2	Unstimulated	PROVISIONAL_KEEP_MANUAL_PHENOCOPY_REVIEW_PENDING	false
GSE261783	GSM8151756	CATTGCCTCGTTGCCT-1	Egr2	EGR2_2	Unstimulated	PROVISIONAL_KEEP_MANUAL_PHENOCOPY_REVIEW_PENDING	false
GSE261783	GSM8151756	CCCTCAACAGGATGAC-1	Egr2	EGR2_2	Unstimulated	PROVISIONAL_KEEP_MANUAL_PHENOCOPY_REVIEW_PENDING	false
GSE261783	GSM8151756	CCGAACGCACAACGCC-1	Egr2	EGR2_2	Unstimulated	PROVISIONAL_KEEP_MANUAL_PHENOCOPY_REVIEW_PENDING	false
GSE261783	GSM8151756	CCTATCGTCCAACCAA-1	Egr2	EGR2_2	Unstimulated	PROVISIONAL_KEEP_MANUAL_PHENOCOPY_REVIEW_PENDING	false
GSE261783	GSM8151756	CGCGTGACACCTGAAT-1	Egr2	EGR2_2	Unstimulated	PROVISIONAL_KEEP_MANUAL_PHENOCOPY_REVIEW_PENDING	false
GSE261783	GSM8151756	CGGGTCAAGTCTCTGA-1	Egr2	EGR2_2	Unstimulated	PROVISIONAL_KEEP_MANUAL_PHENOCOPY_REVIEW_PENDING	false
GSE261783	GSM8151756	CGGGTCACACTCACTC-1	Egr2	EGR2_2	Unstimulated	PROVISIONAL_KEEP_MANUAL_PHENOCOPY_REVIEW_PENDING	false
GSE261783	GSM8151756	CGTAAGTGTGAATAAC-1	Egr2	EGR2_2	Unstimulated	PROVISIONAL_KEEP_MANUAL_PHENOCOPY_REVIEW_PENDING	false
GSE261783	GSM8151756	CTAAGTGTCAAATAGG-1	Egr2	EGR2_2	Unstimulated	PROVISIONAL_KEEP_MANUAL_PHENOCOPY_REVIEW_PENDING	false
GSE261783	GSM8151756	CTCAGTCAGCGAATGC-1	Egr2	EGR2_2	Unstimulated	PROVISIONAL_KEEP_MANUAL_PHENOCOPY_REVIEW_PENDING	false
GSE261783	GSM8151756	CTCCACACACTGGAAG-1	Egr2	EGR2_2	Unstimulated	PROVISIONAL_KEEP_MANUAL_PHENOCOPY_REVIEW_PENDING	false
GSE261783	GSM8151756	CTCCCTCGTCCATCTC-1	Egr2	EGR2_2	Unstimulated	PROVISIONAL_KEEP_MANUAL_PHENOCOPY_REVIEW_PENDING	false
GSE261783	GSM8151756	CTTCTAATCCTTCAGC-1	Egr2	EGR2_2	Unstimulated	PROVISIONAL_KEEP_MANUAL_PHENOCOPY_REVIEW_PENDING	false
GSE261783	GSM8151756	CTTTCAAAGGAGTCTG-1	Egr2	EGR2_2	Unstimulated	PROVISIONAL_KEEP_MANUAL_PHENOCOPY_REVIEW_PENDING	false
GSE261783	GSM8151756	GACACGCGTAGTGCGA-1	Egr2	EGR2_2	Unstimulated	PROVISIONAL_KEEP_MANUAL_PHENOCOPY_REVIEW_PENDING	false
GSE261783	GSM8151756	GACTGATTCAGGTGTT-1	Egr2	EGR2_2	Unstimulated	PROVISIONAL_KEEP_MANUAL_PHENOCOPY_REVIEW_PENDING	false
GSE261783	GSM8151756	GAGAAATCATTAAGCC-1	Egr2	EGR2_2	Unstimulated	PROVISIONAL_KEEP_MANUAL_PHENOCOPY_REVIEW_PENDING	false
GSE261783	GSM8151756	GAGTGAGGTGCGAGTA-1	Egr2	EGR2_2	Unstimulated	PROVISIONAL_KEEP_MANUAL_PHENOCOPY_REVIEW_PENDING	false
GSE261783	GSM8151756	GAGTTGTCAGCGGATA-1	Egr2	EGR2_2	Unstimulated	PROVISIONAL_KEEP_MANUAL_PHENOCOPY_REVIEW_PENDING	false
GSE261783	GSM8151756	GATGACTGTATGGTTC-1	Egr2	EGR2_2	Unstimulated	PROVISIONAL_KEEP_MANUAL_PHENOCOPY_REVIEW_PENDING	false
GSE261783	GSM8151756	GCCCAGAAGGTCATAA-1	Egr2	EGR2_2	Unstimulated	PROVISIONAL_KEEP_MANUAL_PHENOCOPY_REVIEW_PENDING	false
GSE261783	GSM8151756	GCGTTTCAGAAGGCTC-1	Egr2	EGR2_2	Unstimulated	PROVISIONAL_KEEP_MANUAL_PHENOCOPY_REVIEW_PENDING	false
GSE261783	GSM8151756	GCTGCAGGTATGCTTG-1	Egr2	EGR2_2	Unstimulated	PROVISIONAL_KEEP_MANUAL_PHENOCOPY_REVIEW_PENDING	false
GSE261783	GSM8151756	GCTTTCGGTGAGTGAC-1	Egr2	EGR2_2	Unstimulated	PROVISIONAL_KEEP_MANUAL_PHENOCOPY_REVIEW_PENDING	false
GSE261783	GSM8151756	GGCACGTAGGATATGT-1	Egr2	EGR2_2	Unstimulated	PROVISIONAL_KEEP_MANUAL_PHENOCOPY_REVIEW_PENDING	false
GSE261783	GSM8151756	GGGAGTAGTGCCGTAC-1	Egr2	EGR2_2	Unstimulated	PROVISIONAL_KEEP_MANUAL_PHENOCOPY_REVIEW_PENDING	false
GSE261783	GSM8151756	GGGTGAACATCTGGGC-1	Egr2	EGR2_2	Unstimulated	PROVISIONAL_KEEP_MANUAL_PHENOCOPY_REVIEW_PENDING	false
GSE261783	GSM8151756	GGGTTTAGTCGTAATC-1	Egr2	EGR2_2	Unstimulated	PROVISIONAL_KEEP_MANUAL_PHENOCOPY_REVIEW_PENDING	false
GSE261783	GSM8151756	GTAATCGCAAGCGAGT-1	Egr2	EGR2_2	Unstimulated	PROVISIONAL_KEEP_MANUAL_PHENOCOPY_REVIEW_PENDING	false
GSE261783	GSM8151756	GTAATGCCAAGCTGCC-1	Egr2	EGR2_2	Unstimulated	PROVISIONAL_KEEP_MANUAL_PHENOCOPY_REVIEW_PENDING	false
GSE261783	GSM8151756	GTCGCGATCAACCTCC-1	Egr2	EGR2_2	Unstimulated	PROVISIONAL_KEEP_MANUAL_PHENOCOPY_REVIEW_PENDING	false
GSE261783	GSM8151756	GTGAGGACATTCTTCA-1	Egr2	EGR2_2	Unstimulated	PROVISIONAL_KEEP_MANUAL_PHENOCOPY_REVIEW_PENDING	false
GSE261783	GSM8151756	GTGCACGGTGTCCATA-1	Egr2	EGR2_2	Unstimulated	PROVISIONAL_KEEP_MANUAL_PHENOCOPY_REVIEW_PENDING	false
GSE261783	GSM8151756	GTGCGTGGTGGAGAAA-1	Egr2	EGR2_2	Unstimulated	PROVISIONAL_KEEP_MANUAL_PHENOCOPY_REVIEW_PENDING	false
GSE261783	GSM8151756	GTGTAACGTACGCTAT-1	Egr2	EGR2_2	Unstimulated	PROVISIONAL_KEEP_MANUAL_PHENOCOPY_REVIEW_PENDING	false
GSE261783	GSM8151756	GTGTAACGTGTGTACT-1	Egr2	EGR2_2	Unstimulated	PROVISIONAL_KEEP_MANUAL_PHENOCOPY_REVIEW_PENDING	false
GSE261783	GSM8151756	GTTGTGACATCGTGCG-1	Egr2	EGR2_2	Unstimulated	PROVISIONAL_KEEP_MANUAL_PHENOCOPY_REVIEW_PENDING	false
GSE261783	GSM8151756	TAAGCCAAGATGCCGA-1	Egr2	EGR2_2	Unstimulated	PROVISIONAL_KEEP_MANUAL_PHENOCOPY_REVIEW_PENDING	false
GSE261783	GSM8151756	TAAGCCAAGTTCCATG-1	Egr2	EGR2_2	Unstimulated	PROVISIONAL_KEEP_MANUAL_PHENOCOPY_REVIEW_PENDING	false
GSE261783	GSM8151756	TACAGGTAGCAAACAT-1	Egr2	EGR2_2	Unstimulated	PROVISIONAL_KEEP_MANUAL_PHENOCOPY_REVIEW_PENDING	false
GSE261783	GSM8151756	TACCCGTAGACGTCGA-1	Egr2	EGR2_2	Unstimulated	PROVISIONAL_KEEP_MANUAL_PHENOCOPY_REVIEW_PENDING	false
GSE261783	GSM8151756	TAGGAGGTCCAGCAAT-1	Egr2	EGR2_2	Unstimulated	PROVISIONAL_KEEP_MANUAL_PHENOCOPY_REVIEW_PENDING	false
GSE261783	GSM8151756	TATCAGGGTAGCGATG-1	Egr2	EGR2_2	Unstimulated	PROVISIONAL_KEEP_MANUAL_PHENOCOPY_REVIEW_PENDING	false
GSE261783	GSM8151756	TATTCCAGTCGGCCTA-1	Egr2	EGR2_2	Unstimulated	PROVISIONAL_KEEP_MANUAL_PHENOCOPY_REVIEW_PENDING	false
GSE261783	GSM8151756	TCAAGTGAGGACGCAT-1	Egr2	EGR2_2	Unstimulated	PROVISIONAL_KEEP_MANUAL_PHENOCOPY_REVIEW_PENDING	false
GSE261783	GSM8151756	TCAATTCCAACCCTAA-1	Egr2	EGR2_2	Unstimulated	PROVISIONAL_KEEP_MANUAL_PHENOCOPY_REVIEW_PENDING	false
GSE261783	GSM8151756	TCCCACAGTGACACAG-1	Egr2	EGR2_2	Unstimulated	PROVISIONAL_KEEP_MANUAL_PHENOCOPY_REVIEW_PENDING	false
GSE261783	GSM8151756	TCCTCCCAGCAGCCCT-1	Egr2	EGR2_2	Unstimulated	PROVISIONAL_KEEP_MANUAL_PHENOCOPY_REVIEW_PENDING	false
GSE261783	GSM8151756	TCGACCTAGCTACGTT-1	Egr2	EGR2_2	Unstimulated	PROVISIONAL_KEEP_MANUAL_PHENOCOPY_REVIEW_PENDING	false
GSE261783	GSM8151756	TCGACGGTCCTCCACA-1	Egr2	EGR2_2	Unstimulated	PROVISIONAL_KEEP_MANUAL_PHENOCOPY_REVIEW_PENDING	false
GSE261783	GSM8151756	TCGCAGGCATCGAACT-1	Egr2	EGR2_2	Unstimulated	PROVISIONAL_KEEP_MANUAL_PHENOCOPY_REVIEW_PENDING	false
GSE261783	GSM8151756	TCTCACGAGTGGTTCT-1	Egr2	EGR2_2	Unstimulated	PROVISIONAL_KEEP_MANUAL_PHENOCOPY_REVIEW_PENDING	false
GSE261783	GSM8151756	TGATTCTGTTAGAAAC-1	Egr2	EGR2_2	Unstimulated	PROVISIONAL_KEEP_MANUAL_PHENOCOPY_REVIEW_PENDING	false
GSE261783	GSM8151756	TGCAGTAGTGCCTACG-1	Egr2	EGR2_2	Unstimulated	PROVISIONAL_KEEP_MANUAL_PHENOCOPY_REVIEW_PENDING	false
GSE261783	GSM8151756	TGCTCGTAGGCCACTC-1	Egr2	EGR2_2	Unstimulated	PROVISIONAL_KEEP_MANUAL_PHENOCOPY_REVIEW_PENDING	false
GSE261783	GSM8151756	TGGAACTAGAGAAGGT-1	Egr2	EGR2_2	Unstimulated	PROVISIONAL_KEEP_MANUAL_PHENOCOPY_REVIEW_PENDING	false
GSE261783	GSM8151756	TGGGCTGGTTAGAGTA-1	Egr2	EGR2_2	Unstimulated	PROVISIONAL_KEEP_MANUAL_PHENOCOPY_REVIEW_PENDING	false
GSE261783	GSM8151756	TGGTGATGTATCGAAA-1	Egr2	EGR2_2	Unstimulated	PROVISIONAL_KEEP_MANUAL_PHENOCOPY_REVIEW_PENDING	false
GSE261783	GSM8151756	TTACAGGTCATTATCC-1	Egr2	EGR2_2	Unstimulated	PROVISIONAL_KEEP_MANUAL_PHENOCOPY_REVIEW_PENDING	false
GSE261783	GSM8151756	TTGGGCGGTCACCACG-1	Egr2	EGR2_2	Unstimulated	PROVISIONAL_KEEP_MANUAL_PHENOCOPY_REVIEW_PENDING	false
GSE261783	GSM8151756	TTGGGTAGTACGAAAT-1	Egr2	EGR2_2	Unstimulated	PROVISIONAL_KEEP_MANUAL_PHENOCOPY_REVIEW_PENDING	false
GSE261783	GSM8151756	TTTACGTCACGCGTGT-1	Egr2	EGR2_2	Unstimulated	PROVISIONAL_KEEP_MANUAL_PHENOCOPY_REVIEW_PENDING	false
GSE261783	GSM8151756	AAGCATCAGTTCAACC-1	Egr2	EGR2_3	Unstimulated	PROVISIONAL_KEEP_MANUAL_PHENOCOPY_REVIEW_PENDING	false
GSE261783	GSM8151756	AATCACGAGTCATAGA-1	Egr2	EGR2_3	Unstimulated	PROVISIONAL_KEEP_MANUAL_PHENOCOPY_REVIEW_PENDING	false
GSE261783	GSM8151756	AATCGTGTCACTACTT-1	Egr2	EGR2_3	Unstimulated	PROVISIONAL_KEEP_MANUAL_PHENOCOPY_REVIEW_PENDING	false
GSE261783	GSM8151756	AATGCCAAGTATAGGT-1	Egr2	EGR2_3	Unstimulated	PROVISIONAL_KEEP_MANUAL_PHENOCOPY_REVIEW_PENDING	false
GSE261783	GSM8151756	ACAAAGATCACAACCA-1	Egr2	EGR2_3	Unstimulated	PROVISIONAL_KEEP_MANUAL_PHENOCOPY_REVIEW_PENDING	false
GSE261783	GSM8151756	ACAACCAGTGGATTTC-1	Egr2	EGR2_3	Unstimulated	PROVISIONAL_KEEP_MANUAL_PHENOCOPY_REVIEW_PENDING	false
GSE261783	GSM8151756	ACACGCGGTGGATCAG-1	Egr2	EGR2_3	Unstimulated	PROVISIONAL_KEEP_MANUAL_PHENOCOPY_REVIEW_PENDING	false
GSE261783	GSM8151756	ACATGCAAGAACAAGG-1	Egr2	EGR2_3	Unstimulated	PROVISIONAL_KEEP_MANUAL_PHENOCOPY_REVIEW_PENDING	false
GSE261783	GSM8151756	ACCTGTCGTGCCGAAA-1	Egr2	EGR2_3	Unstimulated	PROVISIONAL_KEEP_MANUAL_PHENOCOPY_REVIEW_PENDING	false
GSE261783	GSM8151756	ACGATCAGTGTGAGCA-1	Egr2	EGR2_3	Unstimulated	PROVISIONAL_KEEP_MANUAL_PHENOCOPY_REVIEW_PENDING	false
GSE261783	GSM8151756	ACGCACGCAGAATCGG-1	Egr2	EGR2_3	Unstimulated	PROVISIONAL_KEEP_MANUAL_PHENOCOPY_REVIEW_PENDING	false
GSE261783	GSM8151756	ACGTTCCTCTACCACC-1	Egr2	EGR2_3	Unstimulated	PROVISIONAL_KEEP_MANUAL_PHENOCOPY_REVIEW_PENDING	false
GSE261783	GSM8151756	ACTACGAAGGCCGCTT-1	Egr2	EGR2_3	Unstimulated	PROVISIONAL_KEEP_MANUAL_PHENOCOPY_REVIEW_PENDING	false
GSE261783	GSM8151756	ACTATGGAGGAAGTCC-1	Egr2	EGR2_3	Unstimulated	PROVISIONAL_KEEP_MANUAL_PHENOCOPY_REVIEW_PENDING	false
GSE261783	GSM8151756	ACTGTCCAGCGCCATC-1	Egr2	EGR2_3	Unstimulated	PROVISIONAL_KEEP_MANUAL_PHENOCOPY_REVIEW_PENDING	false
GSE261783	GSM8151756	ACTTCCGTCTCCACTG-1	Egr2	EGR2_3	Unstimulated	PROVISIONAL_KEEP_MANUAL_PHENOCOPY_REVIEW_PENDING	false
GSE261783	GSM8151756	AGATCGTCACGCGTGT-1	Egr2	EGR2_3	Unstimulated	PROVISIONAL_KEEP_MANUAL_PHENOCOPY_REVIEW_PENDING	false
GSE261783	GSM8151756	AGCTTCCCAAGGCAAC-1	Egr2	EGR2_3	Unstimulated	PROVISIONAL_KEEP_MANUAL_PHENOCOPY_REVIEW_PENDING	false
GSE261783	GSM8151756	AGGAAATGTGTATCCA-1	Egr2	EGR2_3	Unstimulated	PROVISIONAL_KEEP_MANUAL_PHENOCOPY_REVIEW_PENDING	false
GSE261783	GSM8151756	AGGAGGTGTAATCAGA-1	Egr2	EGR2_3	Unstimulated	PROVISIONAL_KEEP_MANUAL_PHENOCOPY_REVIEW_PENDING	false
GSE261783	GSM8151756	AGGCATTCACGATAGG-1	Egr2	EGR2_3	Unstimulated	PROVISIONAL_KEEP_MANUAL_PHENOCOPY_REVIEW_PENDING	false
GSE261783	GSM8151756	AGGTAGGGTTACACAC-1	Egr2	EGR2_3	Unstimulated	PROVISIONAL_KEEP_MANUAL_PHENOCOPY_REVIEW_PENDING	false
GSE261783	GSM8151756	AGTCTCCTCGTCTAAG-1	Egr2	EGR2_3	Unstimulated	PROVISIONAL_KEEP_MANUAL_PHENOCOPY_REVIEW_PENDING	false
GSE261783	GSM8151756	AGTGCCGTCCGTATGA-1	Egr2	EGR2_3	Unstimulated	PROVISIONAL_KEEP_MANUAL_PHENOCOPY_REVIEW_PENDING	false
GSE261783	GSM8151756	ATGCATGCAATCTAGC-1	Egr2	EGR2_3	Unstimulated	PROVISIONAL_KEEP_MANUAL_PHENOCOPY_REVIEW_PENDING	false
GSE261783	GSM8151756	ATTCCTATCCACACCT-1	Egr2	EGR2_3	Unstimulated	PROVISIONAL_KEEP_MANUAL_PHENOCOPY_REVIEW_PENDING	false
GSE261783	GSM8151756	ATTCGTTTCAAGATAG-1	Egr2	EGR2_3	Unstimulated	PROVISIONAL_KEEP_MANUAL_PHENOCOPY_REVIEW_PENDING	false
GSE261783	GSM8151756	CAACAGTAGTGACACG-1	Egr2	EGR2_3	Unstimulated	PROVISIONAL_KEEP_MANUAL_PHENOCOPY_REVIEW_PENDING	false
GSE261783	GSM8151756	CAATGACCACCTCAGG-1	Egr2	EGR2_3	Unstimulated	PROVISIONAL_KEEP_MANUAL_PHENOCOPY_REVIEW_PENDING	false
GSE261783	GSM8151756	CACACAATCCATACTT-1	Egr2	EGR2_3	Unstimulated	PROVISIONAL_KEEP_MANUAL_PHENOCOPY_REVIEW_PENDING	false
GSE261783	GSM8151756	CACAGATCAATTCGTG-1	Egr2	EGR2_3	Unstimulated	PROVISIONAL_KEEP_MANUAL_PHENOCOPY_REVIEW_PENDING	false
GSE261783	GSM8151756	CACAGATTCACTGGTA-1	Egr2	EGR2_3	Unstimulated	PROVISIONAL_KEEP_MANUAL_PHENOCOPY_REVIEW_PENDING	false
GSE261783	GSM8151756	CACGGGTGTGTATTGC-1	Egr2	EGR2_3	Unstimulated	PROVISIONAL_KEEP_MANUAL_PHENOCOPY_REVIEW_PENDING	false
GSE261783	GSM8151756	CAGTTAGAGATGCCGA-1	Egr2	EGR2_3	Unstimulated	PROVISIONAL_KEEP_MANUAL_PHENOCOPY_REVIEW_PENDING	false
GSE261783	GSM8151756	CATGAGTTCGCGGACT-1	Egr2	EGR2_3	Unstimulated	PROVISIONAL_KEEP_MANUAL_PHENOCOPY_REVIEW_PENDING	false
GSE261783	GSM8151756	CATGCCTAGGATGTTA-1	Egr2	EGR2_3	Unstimulated	PROVISIONAL_KEEP_MANUAL_PHENOCOPY_REVIEW_PENDING	false
GSE261783	GSM8151756	CATGCCTAGGGATCAC-1	Egr2	EGR2_3	Unstimulated	PROVISIONAL_KEEP_MANUAL_PHENOCOPY_REVIEW_PENDING	false
GSE261783	GSM8151756	CATTGAGAGATACTGA-1	Egr2	EGR2_3	Unstimulated	PROVISIONAL_KEEP_MANUAL_PHENOCOPY_REVIEW_PENDING	false
GSE261783	GSM8151756	CCAATTTCAACGTAAA-1	Egr2	EGR2_3	Unstimulated	PROVISIONAL_KEEP_MANUAL_PHENOCOPY_REVIEW_PENDING	false
GSE261783	GSM8151756	CCAATTTGTAGACGGT-1	Egr2	EGR2_3	Unstimulated	PROVISIONAL_KEEP_MANUAL_PHENOCOPY_REVIEW_PENDING	false
GSE261783	GSM8151756	CCACAAACAACTTGGT-1	Egr2	EGR2_3	Unstimulated	PROVISIONAL_KEEP_MANUAL_PHENOCOPY_REVIEW_PENDING	false
GSE261783	GSM8151756	CCGTGAGCAGGTCAGA-1	Egr2	EGR2_3	Unstimulated	PROVISIONAL_KEEP_MANUAL_PHENOCOPY_REVIEW_PENDING	false
GSE261783	GSM8151756	CCTCACAAGGCCTGAA-1	Egr2	EGR2_3	Unstimulated	PROVISIONAL_KEEP_MANUAL_PHENOCOPY_REVIEW_PENDING	false
GSE261783	GSM8151756	CCTCACACAACGACTT-1	Egr2	EGR2_3	Unstimulated	PROVISIONAL_KEEP_MANUAL_PHENOCOPY_REVIEW_PENDING	false
GSE261783	GSM8151756	CGAGGCTAGAATGTTG-1	Egr2	EGR2_3	Unstimulated	PROVISIONAL_KEEP_MANUAL_PHENOCOPY_REVIEW_PENDING	false
GSE261783	GSM8151756	CTAAGTGCACGTAACT-1	Egr2	EGR2_3	Unstimulated	PROVISIONAL_KEEP_MANUAL_PHENOCOPY_REVIEW_PENDING	false
GSE261783	GSM8151756	CTACAGACAACACTAC-1	Egr2	EGR2_3	Unstimulated	PROVISIONAL_KEEP_MANUAL_PHENOCOPY_REVIEW_PENDING	false
GSE261783	GSM8151756	CTCATTACACTCGATA-1	Egr2	EGR2_3	Unstimulated	PROVISIONAL_KEEP_MANUAL_PHENOCOPY_REVIEW_PENDING	false
GSE261783	GSM8151756	CTGAGGCAGACGGATC-1	Egr2	EGR2_3	Unstimulated	PROVISIONAL_KEEP_MANUAL_PHENOCOPY_REVIEW_PENDING	false
GSE261783	GSM8151756	CTGCATCTCCTCTCGA-1	Egr2	EGR2_3	Unstimulated	PROVISIONAL_KEEP_MANUAL_PHENOCOPY_REVIEW_PENDING	false
GSE261783	GSM8151756	CTTTCGGGTATCGTGT-1	Egr2	EGR2_3	Unstimulated	PROVISIONAL_KEEP_MANUAL_PHENOCOPY_REVIEW_PENDING	false
GSE261783	GSM8151756	GAAGCGACAAACCGGA-1	Egr2	EGR2_3	Unstimulated	PROVISIONAL_KEEP_MANUAL_PHENOCOPY_REVIEW_PENDING	false
GSE261783	GSM8151756	GAAGCGATCCAAGGGA-1	Egr2	EGR2_3	Unstimulated	PROVISIONAL_KEEP_MANUAL_PHENOCOPY_REVIEW_PENDING	false
GSE261783	GSM8151756	GAAGTAATCTAAGAAG-1	Egr2	EGR2_3	Unstimulated	PROVISIONAL_KEEP_MANUAL_PHENOCOPY_REVIEW_PENDING	false
GSE261783	GSM8151756	GAATAGAAGATACTGA-1	Egr2	EGR2_3	Unstimulated	PROVISIONAL_KEEP_MANUAL_PHENOCOPY_REVIEW_PENDING	false
GSE261783	GSM8151756	GACCCAGCATCCGAAT-1	Egr2	EGR2_3	Unstimulated	PROVISIONAL_KEEP_MANUAL_PHENOCOPY_REVIEW_PENDING	false
GSE261783	GSM8151756	GACCCAGGTCACTCAA-1	Egr2	EGR2_3	Unstimulated	PROVISIONAL_KEEP_MANUAL_PHENOCOPY_REVIEW_PENDING	false
GSE261783	GSM8151756	GACCCAGTCTACGCGG-1	Egr2	EGR2_3	Unstimulated	PROVISIONAL_KEEP_MANUAL_PHENOCOPY_REVIEW_PENDING	false
GSE261783	GSM8151756	GACTATGAGGTTCCGC-1	Egr2	EGR2_3	Unstimulated	PROVISIONAL_KEEP_MANUAL_PHENOCOPY_REVIEW_PENDING	false
GSE261783	GSM8151756	GACTCAAAGACCGTTT-1	Egr2	EGR2_3	Unstimulated	PROVISIONAL_KEEP_MANUAL_PHENOCOPY_REVIEW_PENDING	false
GSE261783	GSM8151756	GACTTCCAGTCGCCCA-1	Egr2	EGR2_3	Unstimulated	PROVISIONAL_KEEP_MANUAL_PHENOCOPY_REVIEW_PENDING	false
GSE261783	GSM8151756	GAGACTTCACCGAATT-1	Egr2	EGR2_3	Unstimulated	PROVISIONAL_KEEP_MANUAL_PHENOCOPY_REVIEW_PENDING	false
GSE261783	GSM8151756	GCCAGGTAGTAACCTC-1	Egr2	EGR2_3	Unstimulated	PROVISIONAL_KEEP_MANUAL_PHENOCOPY_REVIEW_PENDING	false
GSE261783	GSM8151756	GCGGAAATCAGGAACG-1	Egr2	EGR2_3	Unstimulated	PROVISIONAL_KEEP_MANUAL_PHENOCOPY_REVIEW_PENDING	false
GSE261783	GSM8151756	GCGTGCACAATCCTAG-1	Egr2	EGR2_3	Unstimulated	PROVISIONAL_KEEP_MANUAL_PHENOCOPY_REVIEW_PENDING	false
GSE261783	GSM8151756	GGAGCAAAGAGATGCC-1	Egr2	EGR2_3	Unstimulated	PROVISIONAL_KEEP_MANUAL_PHENOCOPY_REVIEW_PENDING	false
GSE261783	GSM8151756	GGGAAGTCAGTATGAA-1	Egr2	EGR2_3	Unstimulated	PROVISIONAL_KEEP_MANUAL_PHENOCOPY_REVIEW_PENDING	false
GSE261783	GSM8151756	GGGATCCCACAGAGAC-1	Egr2	EGR2_3	Unstimulated	PROVISIONAL_KEEP_MANUAL_PHENOCOPY_REVIEW_PENDING	false
GSE261783	GSM8151756	GGGTTATCAGACGATG-1	Egr2	EGR2_3	Unstimulated	PROVISIONAL_KEEP_MANUAL_PHENOCOPY_REVIEW_PENDING	false
GSE261783	GSM8151756	GGTCACGAGATACATG-1	Egr2	EGR2_3	Unstimulated	PROVISIONAL_KEEP_MANUAL_PHENOCOPY_REVIEW_PENDING	false
GSE261783	GSM8151756	GGTCACGCAAATCGGG-1	Egr2	EGR2_3	Unstimulated	PROVISIONAL_KEEP_MANUAL_PHENOCOPY_REVIEW_PENDING	false
GSE261783	GSM8151756	GGTGTTACAGAGGAAA-1	Egr2	EGR2_3	Unstimulated	PROVISIONAL_KEEP_MANUAL_PHENOCOPY_REVIEW_PENDING	false
GSE261783	GSM8151756	GGTGTTAGTATCAAGA-1	Egr2	EGR2_3	Unstimulated	PROVISIONAL_KEEP_MANUAL_PHENOCOPY_REVIEW_PENDING	false
GSE261783	GSM8151756	GTAATGCGTCTTGAGT-1	Egr2	EGR2_3	Unstimulated	PROVISIONAL_KEEP_MANUAL_PHENOCOPY_REVIEW_PENDING	false
GSE261783	GSM8151756	GTACAACGTGTAAACA-1	Egr2	EGR2_3	Unstimulated	PROVISIONAL_KEEP_MANUAL_PHENOCOPY_REVIEW_PENDING	false
GSE261783	GSM8151756	GTAGTACGTCGAACGA-1	Egr2	EGR2_3	Unstimulated	PROVISIONAL_KEEP_MANUAL_PHENOCOPY_REVIEW_PENDING	false
GSE261783	GSM8151756	GTCGTTCCATGCCGCA-1	Egr2	EGR2_3	Unstimulated	PROVISIONAL_KEEP_MANUAL_PHENOCOPY_REVIEW_PENDING	false
GSE261783	GSM8151756	GTGTTCCTCCCGTTGT-1	Egr2	EGR2_3	Unstimulated	PROVISIONAL_KEEP_MANUAL_PHENOCOPY_REVIEW_PENDING	false
GSE261783	GSM8151756	TAACGACTCTGGGCAC-1	Egr2	EGR2_3	Unstimulated	PROVISIONAL_KEEP_MANUAL_PHENOCOPY_REVIEW_PENDING	false
GSE261783	GSM8151756	TACCCGTAGCGAACTG-1	Egr2	EGR2_3	Unstimulated	PROVISIONAL_KEEP_MANUAL_PHENOCOPY_REVIEW_PENDING	false
GSE261783	GSM8151756	TAGGGTTCACTTGAGT-1	Egr2	EGR2_3	Unstimulated	PROVISIONAL_KEEP_MANUAL_PHENOCOPY_REVIEW_PENDING	false
GSE261783	GSM8151756	TATCAGGCACCTCTGT-1	Egr2	EGR2_3	Unstimulated	PROVISIONAL_KEEP_MANUAL_PHENOCOPY_REVIEW_PENDING	false
GSE261783	GSM8151756	TATTGCTGTGCGGCTT-1	Egr2	EGR2_3	Unstimulated	PROVISIONAL_KEEP_MANUAL_PHENOCOPY_REVIEW_PENDING	false
GSE261783	GSM8151756	TATTGGGAGGAAACGA-1	Egr2	EGR2_3	Unstimulated	PROVISIONAL_KEEP_MANUAL_PHENOCOPY_REVIEW_PENDING	false
GSE261783	GSM8151756	TCACACCGTAACAGGC-1	Egr2	EGR2_3	Unstimulated	PROVISIONAL_KEEP_MANUAL_PHENOCOPY_REVIEW_PENDING	false
GSE261783	GSM8151756	TCATTCAGTTTCGTAG-1	Egr2	EGR2_3	Unstimulated	PROVISIONAL_KEEP_MANUAL_PHENOCOPY_REVIEW_PENDING	false
GSE261783	GSM8151756	TCCCACAAGACCAGCA-1	Egr2	EGR2_3	Unstimulated	PROVISIONAL_KEEP_MANUAL_PHENOCOPY_REVIEW_PENDING	false
GSE261783	GSM8151756	TCCTCTTGTTCGAACT-1	Egr2	EGR2_3	Unstimulated	PROVISIONAL_KEEP_MANUAL_PHENOCOPY_REVIEW_PENDING	false
GSE261783	GSM8151756	TCTATACTCTGCGATA-1	Egr2	EGR2_3	Unstimulated	PROVISIONAL_KEEP_MANUAL_PHENOCOPY_REVIEW_PENDING	false
GSE261783	GSM8151756	TCTCTGGTCGTTGCCT-1	Egr2	EGR2_3	Unstimulated	PROVISIONAL_KEEP_MANUAL_PHENOCOPY_REVIEW_PENDING	false
GSE261783	GSM8151756	TGCTTCGGTGGACTGA-1	Egr2	EGR2_3	Unstimulated	PROVISIONAL_KEEP_MANUAL_PHENOCOPY_REVIEW_PENDING	false
GSE261783	GSM8151756	TGGATGTGTGACTGTT-1	Egr2	EGR2_3	Unstimulated	PROVISIONAL_KEEP_MANUAL_PHENOCOPY_REVIEW_PENDING	false
GSE261783	GSM8151756	TGGGAAGGTTGTTTGG-1	Egr2	EGR2_3	Unstimulated	PROVISIONAL_KEEP_MANUAL_PHENOCOPY_REVIEW_PENDING	false
GSE261783	GSM8151756	TGTGCGGCATAATCCG-1	Egr2	EGR2_3	Unstimulated	PROVISIONAL_KEEP_MANUAL_PHENOCOPY_REVIEW_PENDING	false
GSE261783	GSM8151756	TGTTACTGTACCCGCA-1	Egr2	EGR2_3	Unstimulated	PROVISIONAL_KEEP_MANUAL_PHENOCOPY_REVIEW_PENDING	false
GSE261783	GSM8151756	TGTTCTACACACCGAC-1	Egr2	EGR2_3	Unstimulated	PROVISIONAL_KEEP_MANUAL_PHENOCOPY_REVIEW_PENDING	false
GSE261783	GSM8151756	TGTTGGAAGAGCCATG-1	Egr2	EGR2_3	Unstimulated	PROVISIONAL_KEEP_MANUAL_PHENOCOPY_REVIEW_PENDING	false
GSE261783	GSM8151756	TTCACCGTCTTAGTTC-1	Egr2	EGR2_3	Unstimulated	PROVISIONAL_KEEP_MANUAL_PHENOCOPY_REVIEW_PENDING	false
GSE261783	GSM8151756	TTCCACGAGTAATCCC-1	Egr2	EGR2_3	Unstimulated	PROVISIONAL_KEEP_MANUAL_PHENOCOPY_REVIEW_PENDING	false
GSE261783	GSM8151756	TTCTAGTAGGATTACA-1	Egr2	EGR2_3	Unstimulated	PROVISIONAL_KEEP_MANUAL_PHENOCOPY_REVIEW_PENDING	false
GSE261783	GSM8151756	TTCTGTATCTGGGCGT-1	Egr2	EGR2_3	Unstimulated	PROVISIONAL_KEEP_MANUAL_PHENOCOPY_REVIEW_PENDING	false
GSE261783	GSM8151756	TTGGGTACATACAGCT-1	Egr2	EGR2_3	Unstimulated	PROVISIONAL_KEEP_MANUAL_PHENOCOPY_REVIEW_PENDING	false
GSE261783	GSM8151756	TTGTTGTTCACCTTAT-1	Egr2	EGR2_3	Unstimulated	PROVISIONAL_KEEP_MANUAL_PHENOCOPY_REVIEW_PENDING	false
GSE261783	GSM8151756	TTTGACTGTACCAGAG-1	Egr2	EGR2_3	Unstimulated	PROVISIONAL_KEEP_MANUAL_PHENOCOPY_REVIEW_PENDING	false
GSE261783	GSM8151756	AAAGGTACATAATCGC-1	Hcfc1	Hcfc1_As_49709	Unstimulated	PROVISIONAL_KEEP_MANUAL_PHENOCOPY_REVIEW_PENDING	false
GSE261783	GSM8151756	AAGACTCGTGTTTGCA-1	Hcfc1	Hcfc1_As_49709	Unstimulated	PROVISIONAL_KEEP_MANUAL_PHENOCOPY_REVIEW_PENDING	false
GSE261783	GSM8151756	ACACCAAGTTCAAAGA-1	Hcfc1	Hcfc1_As_49709	Unstimulated	PROVISIONAL_KEEP_MANUAL_PHENOCOPY_REVIEW_PENDING	false
GSE261783	GSM8151756	ACATCGACACCAAATC-1	Hcfc1	Hcfc1_As_49709	Unstimulated	PROVISIONAL_KEEP_MANUAL_PHENOCOPY_REVIEW_PENDING	false
GSE261783	GSM8151756	ACCCAAAGTTAGAGAT-1	Hcfc1	Hcfc1_As_49709	Unstimulated	PROVISIONAL_KEEP_MANUAL_PHENOCOPY_REVIEW_PENDING	false
GSE261783	GSM8151756	ACGTCCTGTGTCCGTG-1	Hcfc1	Hcfc1_As_49709	Unstimulated	PROVISIONAL_KEEP_MANUAL_PHENOCOPY_REVIEW_PENDING	false
GSE261783	GSM8151756	ACGTTCCTCAGGCGAA-1	Hcfc1	Hcfc1_As_49709	Unstimulated	PROVISIONAL_KEEP_MANUAL_PHENOCOPY_REVIEW_PENDING	false
GSE261783	GSM8151756	CAAGGGATCGTCGATA-1	Hcfc1	Hcfc1_As_49709	Unstimulated	PROVISIONAL_KEEP_MANUAL_PHENOCOPY_REVIEW_PENDING	false
GSE261783	GSM8151756	CAGCAATCATGATGCT-1	Hcfc1	Hcfc1_As_49709	Unstimulated	PROVISIONAL_KEEP_MANUAL_PHENOCOPY_REVIEW_PENDING	false
GSE261783	GSM8151756	CATTGAGCACATATCG-1	Hcfc1	Hcfc1_As_49709	Unstimulated	PROVISIONAL_KEEP_MANUAL_PHENOCOPY_REVIEW_PENDING	false
GSE261783	GSM8151756	CGGGTGTCATGACGAG-1	Hcfc1	Hcfc1_As_49709	Unstimulated	PROVISIONAL_KEEP_MANUAL_PHENOCOPY_REVIEW_PENDING	false
GSE261783	GSM8151756	CTGCAGGAGACGGATC-1	Hcfc1	Hcfc1_As_49709	Unstimulated	PROVISIONAL_KEEP_MANUAL_PHENOCOPY_REVIEW_PENDING	false
GSE261783	GSM8151756	CTGGCAGGTACGACAG-1	Hcfc1	Hcfc1_As_49709	Unstimulated	PROVISIONAL_KEEP_MANUAL_PHENOCOPY_REVIEW_PENDING	false
GSE261783	GSM8151756	GATCATGAGGCCTGCT-1	Hcfc1	Hcfc1_As_49709	Unstimulated	PROVISIONAL_KEEP_MANUAL_PHENOCOPY_REVIEW_PENDING	false
GSE261783	GSM8151756	GCACGTGAGGCGAAGG-1	Hcfc1	Hcfc1_As_49709	Unstimulated	PROVISIONAL_KEEP_MANUAL_PHENOCOPY_REVIEW_PENDING	false
GSE261783	GSM8151756	GCTGAATAGGGTAGCT-1	Hcfc1	Hcfc1_As_49709	Unstimulated	PROVISIONAL_KEEP_MANUAL_PHENOCOPY_REVIEW_PENDING	false
GSE261783	GSM8151756	GGGACCTTCATCACTT-1	Hcfc1	Hcfc1_As_49709	Unstimulated	PROVISIONAL_KEEP_MANUAL_PHENOCOPY_REVIEW_PENDING	false
GSE261783	GSM8151756	GGGAGATAGTTCCGGC-1	Hcfc1	Hcfc1_As_49709	Unstimulated	PROVISIONAL_KEEP_MANUAL_PHENOCOPY_REVIEW_PENDING	false
GSE261783	GSM8151756	GTAACACGTATTCCGA-1	Hcfc1	Hcfc1_As_49709	Unstimulated	PROVISIONAL_KEEP_MANUAL_PHENOCOPY_REVIEW_PENDING	false
GSE261783	GSM8151756	GTAGATCCACTAGGCC-1	Hcfc1	Hcfc1_As_49709	Unstimulated	PROVISIONAL_KEEP_MANUAL_PHENOCOPY_REVIEW_PENDING	false
GSE261783	GSM8151756	GTGAGCCAGCACCCAC-1	Hcfc1	Hcfc1_As_49709	Unstimulated	PROVISIONAL_KEEP_MANUAL_PHENOCOPY_REVIEW_PENDING	false
GSE261783	GSM8151756	GTGTGATAGTCGAAGC-1	Hcfc1	Hcfc1_As_49709	Unstimulated	PROVISIONAL_KEEP_MANUAL_PHENOCOPY_REVIEW_PENDING	false
GSE261783	GSM8151756	GTTCTATAGAGGCGGA-1	Hcfc1	Hcfc1_As_49709	Unstimulated	PROVISIONAL_KEEP_MANUAL_PHENOCOPY_REVIEW_PENDING	false
GSE261783	GSM8151756	TATTTCGCAGCGGTTC-1	Hcfc1	Hcfc1_As_49709	Unstimulated	PROVISIONAL_KEEP_MANUAL_PHENOCOPY_REVIEW_PENDING	false
GSE261783	GSM8151756	TCAAGACGTGATCGTT-1	Hcfc1	Hcfc1_As_49709	Unstimulated	PROVISIONAL_KEEP_MANUAL_PHENOCOPY_REVIEW_PENDING	false
GSE261783	GSM8151756	TCAATTCTCATGAGTC-1	Hcfc1	Hcfc1_As_49709	Unstimulated	PROVISIONAL_KEEP_MANUAL_PHENOCOPY_REVIEW_PENDING	false
GSE261783	GSM8151756	TCCTCTTCACGAGAAC-1	Hcfc1	Hcfc1_As_49709	Unstimulated	PROVISIONAL_KEEP_MANUAL_PHENOCOPY_REVIEW_PENDING	false
GSE261783	GSM8151756	TCTATACTCTTACTGT-1	Hcfc1	Hcfc1_As_49709	Unstimulated	PROVISIONAL_KEEP_MANUAL_PHENOCOPY_REVIEW_PENDING	false
GSE261783	GSM8151756	TGATCTTGTAGCTTGT-1	Hcfc1	Hcfc1_As_49709	Unstimulated	PROVISIONAL_KEEP_MANUAL_PHENOCOPY_REVIEW_PENDING	false
GSE261783	GSM8151756	TTCCTCTCAGGAGACT-1	Hcfc1	Hcfc1_As_49709	Unstimulated	PROVISIONAL_KEEP_MANUAL_PHENOCOPY_REVIEW_PENDING	false
GSE261783	GSM8151756	TTCTAGTAGTAAACAC-1	Hcfc1	Hcfc1_As_49709	Unstimulated	PROVISIONAL_KEEP_MANUAL_PHENOCOPY_REVIEW_PENDING	false
GSE261783	GSM8151756	TTCTCTCCACAGCTGC-1	Hcfc1	Hcfc1_As_49709	Unstimulated	PROVISIONAL_KEEP_MANUAL_PHENOCOPY_REVIEW_PENDING	false
GSE261783	GSM8151756	TTGAGTGCAACGCATT-1	Hcfc1	Hcfc1_As_49709	Unstimulated	PROVISIONAL_KEEP_MANUAL_PHENOCOPY_REVIEW_PENDING	false
GSE261783	GSM8151756	AACTTCTGTAGAATGT-1	Hcfc1	Hcfc1_As_49711	Unstimulated	PROVISIONAL_KEEP_MANUAL_PHENOCOPY_REVIEW_PENDING	false
GSE261783	GSM8151756	AATGAAGTCATGACAC-1	Hcfc1	Hcfc1_As_49711	Unstimulated	PROVISIONAL_KEEP_MANUAL_PHENOCOPY_REVIEW_PENDING	false
GSE261783	GSM8151756	ACTATCTGTCGGAAAC-1	Hcfc1	Hcfc1_As_49711	Unstimulated	PROVISIONAL_KEEP_MANUAL_PHENOCOPY_REVIEW_PENDING	false
GSE261783	GSM8151756	ACTTAGGTCCGCTGTT-1	Hcfc1	Hcfc1_As_49711	Unstimulated	PROVISIONAL_KEEP_MANUAL_PHENOCOPY_REVIEW_PENDING	false
GSE261783	GSM8151756	AGTACTGTCTTAGCAG-1	Hcfc1	Hcfc1_As_49711	Unstimulated	PROVISIONAL_KEEP_MANUAL_PHENOCOPY_REVIEW_PENDING	false
GSE261783	GSM8151756	AGTAGTCGTAAGGAGA-1	Hcfc1	Hcfc1_As_49711	Unstimulated	PROVISIONAL_KEEP_MANUAL_PHENOCOPY_REVIEW_PENDING	false
GSE261783	GSM8151756	ATAGAGAGTCGTACTA-1	Hcfc1	Hcfc1_As_49711	Unstimulated	PROVISIONAL_KEEP_MANUAL_PHENOCOPY_REVIEW_PENDING	false
GSE261783	GSM8151756	ATCCCTGCACAAGCTT-1	Hcfc1	Hcfc1_As_49711	Unstimulated	PROVISIONAL_KEEP_MANUAL_PHENOCOPY_REVIEW_PENDING	false
GSE261783	GSM8151756	CACATGACATTACTCT-1	Hcfc1	Hcfc1_As_49711	Unstimulated	PROVISIONAL_KEEP_MANUAL_PHENOCOPY_REVIEW_PENDING	false
GSE261783	GSM8151756	CATGAGTGTGTAGGAC-1	Hcfc1	Hcfc1_As_49711	Unstimulated	PROVISIONAL_KEEP_MANUAL_PHENOCOPY_REVIEW_PENDING	false
GSE261783	GSM8151756	CATGCTCCAGTCAGTT-1	Hcfc1	Hcfc1_As_49711	Unstimulated	PROVISIONAL_KEEP_MANUAL_PHENOCOPY_REVIEW_PENDING	false
GSE261783	GSM8151756	CCCAACTAGTTGTAGA-1	Hcfc1	Hcfc1_As_49711	Unstimulated	PROVISIONAL_KEEP_MANUAL_PHENOCOPY_REVIEW_PENDING	false
GSE261783	GSM8151756	CGCAGGTGTCCTATAG-1	Hcfc1	Hcfc1_As_49711	Unstimulated	PROVISIONAL_KEEP_MANUAL_PHENOCOPY_REVIEW_PENDING	false
GSE261783	GSM8151756	CTAAGTGCAGAATCGG-1	Hcfc1	Hcfc1_As_49711	Unstimulated	PROVISIONAL_KEEP_MANUAL_PHENOCOPY_REVIEW_PENDING	false
GSE261783	GSM8151756	CTACCTGTCCTACGAA-1	Hcfc1	Hcfc1_As_49711	Unstimulated	PROVISIONAL_KEEP_MANUAL_PHENOCOPY_REVIEW_PENDING	false
GSE261783	GSM8151756	CTCATCGCAAGAATGT-1	Hcfc1	Hcfc1_As_49711	Unstimulated	PROVISIONAL_KEEP_MANUAL_PHENOCOPY_REVIEW_PENDING	false
GSE261783	GSM8151756	CTGAGGCGTCGTCGGT-1	Hcfc1	Hcfc1_As_49711	Unstimulated	PROVISIONAL_KEEP_MANUAL_PHENOCOPY_REVIEW_PENDING	false
GSE261783	GSM8151756	GATGACTAGCCAAGCA-1	Hcfc1	Hcfc1_As_49711	Unstimulated	PROVISIONAL_KEEP_MANUAL_PHENOCOPY_REVIEW_PENDING	false
GSE261783	GSM8151756	GTAACACAGGATAATC-1	Hcfc1	Hcfc1_As_49711	Unstimulated	PROVISIONAL_KEEP_MANUAL_PHENOCOPY_REVIEW_PENDING	false
GSE261783	GSM8151756	GTGACGCGTTCGTAAC-1	Hcfc1	Hcfc1_As_49711	Unstimulated	PROVISIONAL_KEEP_MANUAL_PHENOCOPY_REVIEW_PENDING	false
GSE261783	GSM8151756	TACGTCCCAACCAACT-1	Hcfc1	Hcfc1_As_49711	Unstimulated	PROVISIONAL_KEEP_MANUAL_PHENOCOPY_REVIEW_PENDING	false
GSE261783	GSM8151756	TAGGTACTCATTCTTG-1	Hcfc1	Hcfc1_As_49711	Unstimulated	PROVISIONAL_KEEP_MANUAL_PHENOCOPY_REVIEW_PENDING	false
GSE261783	GSM8151756	TATCTTGGTGTATACC-1	Hcfc1	Hcfc1_As_49711	Unstimulated	PROVISIONAL_KEEP_MANUAL_PHENOCOPY_REVIEW_PENDING	false
GSE261783	GSM8151756	TCAGCAAGTGAACGGT-1	Hcfc1	Hcfc1_As_49711	Unstimulated	PROVISIONAL_KEEP_MANUAL_PHENOCOPY_REVIEW_PENDING	false
GSE261783	GSM8151756	TCCCAGTCAAACGGCA-1	Hcfc1	Hcfc1_As_49711	Unstimulated	PROVISIONAL_KEEP_MANUAL_PHENOCOPY_REVIEW_PENDING	false
GSE261783	GSM8151756	TCTAACTGTAGGGAGG-1	Hcfc1	Hcfc1_As_49711	Unstimulated	PROVISIONAL_KEEP_MANUAL_PHENOCOPY_REVIEW_PENDING	false
GSE261783	GSM8151756	TGTGCGGCAGAAGCGT-1	Hcfc1	Hcfc1_As_49711	Unstimulated	PROVISIONAL_KEEP_MANUAL_PHENOCOPY_REVIEW_PENDING	false
GSE261783	GSM8151756	TTGGTTTCAGCTGAAG-1	Hcfc1	Hcfc1_As_49711	Unstimulated	PROVISIONAL_KEEP_MANUAL_PHENOCOPY_REVIEW_PENDING	false
GSE261783	GSM8151756	TTTGGTTGTCAGCTTA-1	Hcfc1	Hcfc1_As_49711	Unstimulated	PROVISIONAL_KEEP_MANUAL_PHENOCOPY_REVIEW_PENDING	false
GSE261783	GSM8151756	AAAGTCCCAGGCTACC-1	Ino80	Ino80_As_46860	Unstimulated	PROVISIONAL_KEEP_MANUAL_PHENOCOPY_REVIEW_PENDING	false
GSE261783	GSM8151756	AACCTGAGTGGCGCTT-1	Ino80	Ino80_As_46860	Unstimulated	PROVISIONAL_KEEP_MANUAL_PHENOCOPY_REVIEW_PENDING	false
GSE261783	GSM8151756	AAGACTCTCTATGCCC-1	Ino80	Ino80_As_46860	Unstimulated	PROVISIONAL_KEEP_MANUAL_PHENOCOPY_REVIEW_PENDING	false
GSE261783	GSM8151756	AAGGAATAGGAGTACC-1	Ino80	Ino80_As_46860	Unstimulated	PROVISIONAL_KEEP_MANUAL_PHENOCOPY_REVIEW_PENDING	false
GSE261783	GSM8151756	ACAAAGAAGGGCAAGG-1	Ino80	Ino80_As_46860	Unstimulated	PROVISIONAL_KEEP_MANUAL_PHENOCOPY_REVIEW_PENDING	false
GSE261783	GSM8151756	ACAAGCTAGCTCGACC-1	Ino80	Ino80_As_46860	Unstimulated	PROVISIONAL_KEEP_MANUAL_PHENOCOPY_REVIEW_PENDING	false
GSE261783	GSM8151756	ACGTAACCATTCCTCG-1	Ino80	Ino80_As_46860	Unstimulated	PROVISIONAL_KEEP_MANUAL_PHENOCOPY_REVIEW_PENDING	false
GSE261783	GSM8151756	ACGTACACATAGGTTC-1	Ino80	Ino80_As_46860	Unstimulated	PROVISIONAL_KEEP_MANUAL_PHENOCOPY_REVIEW_PENDING	false
GSE261783	GSM8151756	ACGTTCCTCTTCTTCC-1	Ino80	Ino80_As_46860	Unstimulated	PROVISIONAL_KEEP_MANUAL_PHENOCOPY_REVIEW_PENDING	false
GSE261783	GSM8151756	AGGTGTTCAGCTATTG-1	Ino80	Ino80_As_46860	Unstimulated	PROVISIONAL_KEEP_MANUAL_PHENOCOPY_REVIEW_PENDING	false
GSE261783	GSM8151756	AGGTTACGTTTCGTGA-1	Ino80	Ino80_As_46860	Unstimulated	PROVISIONAL_KEEP_MANUAL_PHENOCOPY_REVIEW_PENDING	false
GSE261783	GSM8151756	AGTGTTGCATGTGCCG-1	Ino80	Ino80_As_46860	Unstimulated	PROVISIONAL_KEEP_MANUAL_PHENOCOPY_REVIEW_PENDING	false
GSE261783	GSM8151756	AGTGTTGTCCGTTGAA-1	Ino80	Ino80_As_46860	Unstimulated	PROVISIONAL_KEEP_MANUAL_PHENOCOPY_REVIEW_PENDING	false
GSE261783	GSM8151756	ATTCTTGAGGGAGAAT-1	Ino80	Ino80_As_46860	Unstimulated	PROVISIONAL_KEEP_MANUAL_PHENOCOPY_REVIEW_PENDING	false
GSE261783	GSM8151756	CAACAACGTGGACCTC-1	Ino80	Ino80_As_46860	Unstimulated	PROVISIONAL_KEEP_MANUAL_PHENOCOPY_REVIEW_PENDING	false
GSE261783	GSM8151756	CAACGGCCATCTGGGC-1	Ino80	Ino80_As_46860	Unstimulated	PROVISIONAL_KEEP_MANUAL_PHENOCOPY_REVIEW_PENDING	false
GSE261783	GSM8151756	CACAACAGTAGTCGTT-1	Ino80	Ino80_As_46860	Unstimulated	PROVISIONAL_KEEP_MANUAL_PHENOCOPY_REVIEW_PENDING	false
GSE261783	GSM8151756	CACATGAAGGCATCTT-1	Ino80	Ino80_As_46860	Unstimulated	PROVISIONAL_KEEP_MANUAL_PHENOCOPY_REVIEW_PENDING	false
GSE261783	GSM8151756	CACTGTCCATGAATCC-1	Ino80	Ino80_As_46860	Unstimulated	PROVISIONAL_KEEP_MANUAL_PHENOCOPY_REVIEW_PENDING	false
GSE261783	GSM8151756	CATACTTAGTGATGGC-1	Ino80	Ino80_As_46860	Unstimulated	PROVISIONAL_KEEP_MANUAL_PHENOCOPY_REVIEW_PENDING	false
GSE261783	GSM8151756	CATCAAGAGCCTCGTG-1	Ino80	Ino80_As_46860	Unstimulated	PROVISIONAL_KEEP_MANUAL_PHENOCOPY_REVIEW_PENDING	false
GSE261783	GSM8151756	CATCGTCAGAAGCTGC-1	Ino80	Ino80_As_46860	Unstimulated	PROVISIONAL_KEEP_MANUAL_PHENOCOPY_REVIEW_PENDING	false
GSE261783	GSM8151756	CATGCCTCATTGCCGG-1	Ino80	Ino80_As_46860	Unstimulated	PROVISIONAL_KEEP_MANUAL_PHENOCOPY_REVIEW_PENDING	false
GSE261783	GSM8151756	CCCTAACCAGTGTGGA-1	Ino80	Ino80_As_46860	Unstimulated	PROVISIONAL_KEEP_MANUAL_PHENOCOPY_REVIEW_PENDING	false
GSE261783	GSM8151756	CCGTTCAAGCAGCCCT-1	Ino80	Ino80_As_46860	Unstimulated	PROVISIONAL_KEEP_MANUAL_PHENOCOPY_REVIEW_PENDING	false
GSE261783	GSM8151756	CCTCAACGTATGAGCG-1	Ino80	Ino80_As_46860	Unstimulated	PROVISIONAL_KEEP_MANUAL_PHENOCOPY_REVIEW_PENDING	false
GSE261783	GSM8151756	CGAGTTACATATCGGT-1	Ino80	Ino80_As_46860	Unstimulated	PROVISIONAL_KEEP_MANUAL_PHENOCOPY_REVIEW_PENDING	false
GSE261783	GSM8151756	CTATCTAGTAGATTGA-1	Ino80	Ino80_As_46860	Unstimulated	PROVISIONAL_KEEP_MANUAL_PHENOCOPY_REVIEW_PENDING	false
GSE261783	GSM8151756	CTCAGTCCACCGCTAG-1	Ino80	Ino80_As_46860	Unstimulated	PROVISIONAL_KEEP_MANUAL_PHENOCOPY_REVIEW_PENDING	false
GSE261783	GSM8151756	CTCCATGCATCGGAAG-1	Ino80	Ino80_As_46860	Unstimulated	PROVISIONAL_KEEP_MANUAL_PHENOCOPY_REVIEW_PENDING	false
GSE261783	GSM8151756	CTCCTCCTCAGACCGC-1	Ino80	Ino80_As_46860	Unstimulated	PROVISIONAL_KEEP_MANUAL_PHENOCOPY_REVIEW_PENDING	false
GSE261783	GSM8151756	GAACACTGTTCATCTT-1	Ino80	Ino80_As_46860	Unstimulated	PROVISIONAL_KEEP_MANUAL_PHENOCOPY_REVIEW_PENDING	false
GSE261783	GSM8151756	GAGTGAGAGCATCTTG-1	Ino80	Ino80_As_46860	Unstimulated	PROVISIONAL_KEEP_MANUAL_PHENOCOPY_REVIEW_PENDING	false
GSE261783	GSM8151756	GAGTGAGCAAGTATCC-1	Ino80	Ino80_As_46860	Unstimulated	PROVISIONAL_KEEP_MANUAL_PHENOCOPY_REVIEW_PENDING	false
GSE261783	GSM8151756	GAGTGTTGTCACTACA-1	Ino80	Ino80_As_46860	Unstimulated	PROVISIONAL_KEEP_MANUAL_PHENOCOPY_REVIEW_PENDING	false
GSE261783	GSM8151756	GATTCTTAGGTAATCA-1	Ino80	Ino80_As_46860	Unstimulated	PROVISIONAL_KEEP_MANUAL_PHENOCOPY_REVIEW_PENDING	false
GSE261783	GSM8151756	GCAGCTGTCCATCGTC-1	Ino80	Ino80_As_46860	Unstimulated	PROVISIONAL_KEEP_MANUAL_PHENOCOPY_REVIEW_PENDING	false
GSE261783	GSM8151756	GCTTTCGAGTCCCAGC-1	Ino80	Ino80_As_46860	Unstimulated	PROVISIONAL_KEEP_MANUAL_PHENOCOPY_REVIEW_PENDING	false
GSE261783	GSM8151756	GGTGGCTCACAGCCTG-1	Ino80	Ino80_As_46860	Unstimulated	PROVISIONAL_KEEP_MANUAL_PHENOCOPY_REVIEW_PENDING	false
GSE261783	GSM8151756	GGTTGTAGTCTACGAT-1	Ino80	Ino80_As_46860	Unstimulated	PROVISIONAL_KEEP_MANUAL_PHENOCOPY_REVIEW_PENDING	false
GSE261783	GSM8151756	TACAGGTTCAAGAAAC-1	Ino80	Ino80_As_46860	Unstimulated	PROVISIONAL_KEEP_MANUAL_PHENOCOPY_REVIEW_PENDING	false
GSE261783	GSM8151756	TATTCCAAGGGATCAC-1	Ino80	Ino80_As_46860	Unstimulated	PROVISIONAL_KEEP_MANUAL_PHENOCOPY_REVIEW_PENDING	false
GSE261783	GSM8151756	TCACGGGGTCGCACGT-1	Ino80	Ino80_As_46860	Unstimulated	PROVISIONAL_KEEP_MANUAL_PHENOCOPY_REVIEW_PENDING	false
GSE261783	GSM8151756	TCAGGTAAGGGAGATA-1	Ino80	Ino80_As_46860	Unstimulated	PROVISIONAL_KEEP_MANUAL_PHENOCOPY_REVIEW_PENDING	false
GSE261783	GSM8151756	TCCTTTCTCTCTGCCA-1	Ino80	Ino80_As_46860	Unstimulated	PROVISIONAL_KEEP_MANUAL_PHENOCOPY_REVIEW_PENDING	false
GSE261783	GSM8151756	TGAGGAGAGACAGCGT-1	Ino80	Ino80_As_46860	Unstimulated	PROVISIONAL_KEEP_MANUAL_PHENOCOPY_REVIEW_PENDING	false
GSE261783	GSM8151756	TGAGGGATCCGCCTAT-1	Ino80	Ino80_As_46860	Unstimulated	PROVISIONAL_KEEP_MANUAL_PHENOCOPY_REVIEW_PENDING	false
GSE261783	GSM8151756	TGCTTGCGTGATCATC-1	Ino80	Ino80_As_46860	Unstimulated	PROVISIONAL_KEEP_MANUAL_PHENOCOPY_REVIEW_PENDING	false
GSE261783	GSM8151756	TGGGCGTGTGGCACTC-1	Ino80	Ino80_As_46860	Unstimulated	PROVISIONAL_KEEP_MANUAL_PHENOCOPY_REVIEW_PENDING	false
GSE261783	GSM8151756	TGTGATGTCCGAGAAG-1	Ino80	Ino80_As_46860	Unstimulated	PROVISIONAL_KEEP_MANUAL_PHENOCOPY_REVIEW_PENDING	false
GSE261783	GSM8151756	TGTTTGTAGCGTCAAG-1	Ino80	Ino80_As_46860	Unstimulated	PROVISIONAL_KEEP_MANUAL_PHENOCOPY_REVIEW_PENDING	false
GSE261783	GSM8151756	TTCCTTCCAATTTCGG-1	Ino80	Ino80_As_46860	Unstimulated	PROVISIONAL_KEEP_MANUAL_PHENOCOPY_REVIEW_PENDING	false
GSE261783	GSM8151756	TTCGCTGCAGCATCTA-1	Ino80	Ino80_As_46860	Unstimulated	PROVISIONAL_KEEP_MANUAL_PHENOCOPY_REVIEW_PENDING	false
GSE261783	GSM8151756	TTTACGTAGGTTGGAC-1	Ino80	Ino80_As_46860	Unstimulated	PROVISIONAL_KEEP_MANUAL_PHENOCOPY_REVIEW_PENDING	false
GSE261783	GSM8151756	AAAGTCCGTGGGCTTC-1	Ino80	Ino80_As_46861	Unstimulated	PROVISIONAL_KEEP_MANUAL_PHENOCOPY_REVIEW_PENDING	false
GSE261783	GSM8151756	AACCATGAGTGGTCAG-1	Ino80	Ino80_As_46861	Unstimulated	PROVISIONAL_KEEP_MANUAL_PHENOCOPY_REVIEW_PENDING	false
GSE261783	GSM8151756	AACCCAATCTGTAAGC-1	Ino80	Ino80_As_46861	Unstimulated	PROVISIONAL_KEEP_MANUAL_PHENOCOPY_REVIEW_PENDING	false
GSE261783	GSM8151756	AAGTACCCAGATCACT-1	Ino80	Ino80_As_46861	Unstimulated	PROVISIONAL_KEEP_MANUAL_PHENOCOPY_REVIEW_PENDING	false
GSE261783	GSM8151756	AATGGAACACCACATA-1	Ino80	Ino80_As_46861	Unstimulated	PROVISIONAL_KEEP_MANUAL_PHENOCOPY_REVIEW_PENDING	false
GSE261783	GSM8151756	ACAGCCGCACTGAGTT-1	Ino80	Ino80_As_46861	Unstimulated	PROVISIONAL_KEEP_MANUAL_PHENOCOPY_REVIEW_PENDING	false
GSE261783	GSM8151756	ACTTAGGGTCGAGCAA-1	Ino80	Ino80_As_46861	Unstimulated	PROVISIONAL_KEEP_MANUAL_PHENOCOPY_REVIEW_PENDING	false
GSE261783	GSM8151756	AGAAATGGTGACAACG-1	Ino80	Ino80_As_46861	Unstimulated	PROVISIONAL_KEEP_MANUAL_PHENOCOPY_REVIEW_PENDING	false
GSE261783	GSM8151756	AGCTTCCGTACGTACT-1	Ino80	Ino80_As_46861	Unstimulated	PROVISIONAL_KEEP_MANUAL_PHENOCOPY_REVIEW_PENDING	false
GSE261783	GSM8151756	ATAGGCTGTGCTGATT-1	Ino80	Ino80_As_46861	Unstimulated	PROVISIONAL_KEEP_MANUAL_PHENOCOPY_REVIEW_PENDING	false
GSE261783	GSM8151756	ATGAGGGCATCGGAAG-1	Ino80	Ino80_As_46861	Unstimulated	PROVISIONAL_KEEP_MANUAL_PHENOCOPY_REVIEW_PENDING	false
GSE261783	GSM8151756	ATGCATGTCAAAGAAC-1	Ino80	Ino80_As_46861	Unstimulated	PROVISIONAL_KEEP_MANUAL_PHENOCOPY_REVIEW_PENDING	false
GSE261783	GSM8151756	CCGATGGAGCTCGACC-1	Ino80	Ino80_As_46861	Unstimulated	PROVISIONAL_KEEP_MANUAL_PHENOCOPY_REVIEW_PENDING	false
GSE261783	GSM8151756	CGGGCATCACTTCTCG-1	Ino80	Ino80_As_46861	Unstimulated	PROVISIONAL_KEEP_MANUAL_PHENOCOPY_REVIEW_PENDING	false
GSE261783	GSM8151756	CTCTCAGTCATTCGTT-1	Ino80	Ino80_As_46861	Unstimulated	PROVISIONAL_KEEP_MANUAL_PHENOCOPY_REVIEW_PENDING	false
GSE261783	GSM8151756	CTGCGAGGTTGTCATG-1	Ino80	Ino80_As_46861	Unstimulated	PROVISIONAL_KEEP_MANUAL_PHENOCOPY_REVIEW_PENDING	false
GSE261783	GSM8151756	CTGGTCTCAGAGAATT-1	Ino80	Ino80_As_46861	Unstimulated	PROVISIONAL_KEEP_MANUAL_PHENOCOPY_REVIEW_PENDING	false
GSE261783	GSM8151756	GACCTTCAGCGATTCT-1	Ino80	Ino80_As_46861	Unstimulated	PROVISIONAL_KEEP_MANUAL_PHENOCOPY_REVIEW_PENDING	false
GSE261783	GSM8151756	GATTCGACAGTCGCTG-1	Ino80	Ino80_As_46861	Unstimulated	PROVISIONAL_KEEP_MANUAL_PHENOCOPY_REVIEW_PENDING	false
GSE261783	GSM8151756	GCAGGCTGTCGATTTG-1	Ino80	Ino80_As_46861	Unstimulated	PROVISIONAL_KEEP_MANUAL_PHENOCOPY_REVIEW_PENDING	false
GSE261783	GSM8151756	GCCATGGGTCACGTGC-1	Ino80	Ino80_As_46861	Unstimulated	PROVISIONAL_KEEP_MANUAL_PHENOCOPY_REVIEW_PENDING	false
GSE261783	GSM8151756	GGCTTTCCAATCCTAG-1	Ino80	Ino80_As_46861	Unstimulated	PROVISIONAL_KEEP_MANUAL_PHENOCOPY_REVIEW_PENDING	false
GSE261783	GSM8151756	GGTGAAGTCAATCCAG-1	Ino80	Ino80_As_46861	Unstimulated	PROVISIONAL_KEEP_MANUAL_PHENOCOPY_REVIEW_PENDING	false
GSE261783	GSM8151756	GTAGAAACATCTGTTT-1	Ino80	Ino80_As_46861	Unstimulated	PROVISIONAL_KEEP_MANUAL_PHENOCOPY_REVIEW_PENDING	false
GSE261783	GSM8151756	GTCACGGTCAAGTCGT-1	Ino80	Ino80_As_46861	Unstimulated	PROVISIONAL_KEEP_MANUAL_PHENOCOPY_REVIEW_PENDING	false
GSE261783	GSM8151756	GTTGCTCTCTATCCAT-1	Ino80	Ino80_As_46861	Unstimulated	PROVISIONAL_KEEP_MANUAL_PHENOCOPY_REVIEW_PENDING	false
GSE261783	GSM8151756	TACGGTATCGATAACC-1	Ino80	Ino80_As_46861	Unstimulated	PROVISIONAL_KEEP_MANUAL_PHENOCOPY_REVIEW_PENDING	false
GSE261783	GSM8151756	TATGTTCCAGCATTGT-1	Ino80	Ino80_As_46861	Unstimulated	PROVISIONAL_KEEP_MANUAL_PHENOCOPY_REVIEW_PENDING	false
GSE261783	GSM8151756	TCATACTAGTAGGATT-1	Ino80	Ino80_As_46861	Unstimulated	PROVISIONAL_KEEP_MANUAL_PHENOCOPY_REVIEW_PENDING	false
GSE261783	GSM8151756	TCATTCACAGGTAGTG-1	Ino80	Ino80_As_46861	Unstimulated	PROVISIONAL_KEEP_MANUAL_PHENOCOPY_REVIEW_PENDING	false
GSE261783	GSM8151756	TGAGACTAGCCGTTAT-1	Ino80	Ino80_As_46861	Unstimulated	PROVISIONAL_KEEP_MANUAL_PHENOCOPY_REVIEW_PENDING	false
GSE261783	GSM8151756	TGTTCCGGTTAATCGC-1	Ino80	Ino80_As_46861	Unstimulated	PROVISIONAL_KEEP_MANUAL_PHENOCOPY_REVIEW_PENDING	false
GSE261783	GSM8151756	TTCCACGCACTGCACG-1	Ino80	Ino80_As_46861	Unstimulated	PROVISIONAL_KEEP_MANUAL_PHENOCOPY_REVIEW_PENDING	false
GSE261783	GSM8151756	TTTCGATGTGGTAATA-1	Ino80	Ino80_As_46861	Unstimulated	PROVISIONAL_KEEP_MANUAL_PHENOCOPY_REVIEW_PENDING	false
GSE261783	GSM8151756	AAGACTCCATAAGCGG-1	Kansl1	Kansl1_As_45908	Unstimulated	PROVISIONAL_KEEP_MANUAL_PHENOCOPY_REVIEW_PENDING	false
GSE261783	GSM8151756	ACAAGCTGTTCGGCGT-1	Kansl1	Kansl1_As_45908	Unstimulated	PROVISIONAL_KEEP_MANUAL_PHENOCOPY_REVIEW_PENDING	false
GSE261783	GSM8151756	ACCCAAACACACGGAA-1	Kansl1	Kansl1_As_45908	Unstimulated	PROVISIONAL_KEEP_MANUAL_PHENOCOPY_REVIEW_PENDING	false
GSE261783	GSM8151756	ACGTTCCGTGTGCCTG-1	Kansl1	Kansl1_As_45908	Unstimulated	PROVISIONAL_KEEP_MANUAL_PHENOCOPY_REVIEW_PENDING	false
GSE261783	GSM8151756	AGATCGTCACGCCACA-1	Kansl1	Kansl1_As_45908	Unstimulated	PROVISIONAL_KEEP_MANUAL_PHENOCOPY_REVIEW_PENDING	false
GSE261783	GSM8151756	AGATCGTGTGGTCTAT-1	Kansl1	Kansl1_As_45908	Unstimulated	PROVISIONAL_KEEP_MANUAL_PHENOCOPY_REVIEW_PENDING	false
GSE261783	GSM8151756	AGGACTTGTTGAGGAC-1	Kansl1	Kansl1_As_45908	Unstimulated	PROVISIONAL_KEEP_MANUAL_PHENOCOPY_REVIEW_PENDING	false
GSE261783	GSM8151756	AGGATAAGTGGCCACT-1	Kansl1	Kansl1_As_45908	Unstimulated	PROVISIONAL_KEEP_MANUAL_PHENOCOPY_REVIEW_PENDING	false
GSE261783	GSM8151756	CACTGGGGTATCGAAA-1	Kansl1	Kansl1_As_45908	Unstimulated	PROVISIONAL_KEEP_MANUAL_PHENOCOPY_REVIEW_PENDING	false
GSE261783	GSM8151756	CATCGTCTCGCTATTT-1	Kansl1	Kansl1_As_45908	Unstimulated	PROVISIONAL_KEEP_MANUAL_PHENOCOPY_REVIEW_PENDING	false
GSE261783	GSM8151756	CCAAGCGTCTGATGGT-1	Kansl1	Kansl1_As_45908	Unstimulated	PROVISIONAL_KEEP_MANUAL_PHENOCOPY_REVIEW_PENDING	false
GSE261783	GSM8151756	CCACGTTCAGAAGTGC-1	Kansl1	Kansl1_As_45908	Unstimulated	PROVISIONAL_KEEP_MANUAL_PHENOCOPY_REVIEW_PENDING	false
GSE261783	GSM8151756	CCTCATGAGATCGACG-1	Kansl1	Kansl1_As_45908	Unstimulated	PROVISIONAL_KEEP_MANUAL_PHENOCOPY_REVIEW_PENDING	false
GSE261783	GSM8151756	CCTCATGTCGCAGAGA-1	Kansl1	Kansl1_As_45908	Unstimulated	PROVISIONAL_KEEP_MANUAL_PHENOCOPY_REVIEW_PENDING	false
GSE261783	GSM8151756	CGATCGGAGCCTCTGG-1	Kansl1	Kansl1_As_45908	Unstimulated	PROVISIONAL_KEEP_MANUAL_PHENOCOPY_REVIEW_PENDING	false
GSE261783	GSM8151756	CGCAGGTGTCCACTCT-1	Kansl1	Kansl1_As_45908	Unstimulated	PROVISIONAL_KEEP_MANUAL_PHENOCOPY_REVIEW_PENDING	false
GSE261783	GSM8151756	CTCAACCAGCCTTTCC-1	Kansl1	Kansl1_As_45908	Unstimulated	PROVISIONAL_KEEP_MANUAL_PHENOCOPY_REVIEW_PENDING	false
GSE261783	GSM8151756	CTGCAGGAGGGCCTCT-1	Kansl1	Kansl1_As_45908	Unstimulated	PROVISIONAL_KEEP_MANUAL_PHENOCOPY_REVIEW_PENDING	false
GSE261783	GSM8151756	CTGCCTAAGGCAATGC-1	Kansl1	Kansl1_As_45908	Unstimulated	PROVISIONAL_KEEP_MANUAL_PHENOCOPY_REVIEW_PENDING	false
GSE261783	GSM8151756	CTTAGGATCCATGAGT-1	Kansl1	Kansl1_As_45908	Unstimulated	PROVISIONAL_KEEP_MANUAL_PHENOCOPY_REVIEW_PENDING	false
GSE261783	GSM8151756	GATGTTGGTTGACGGA-1	Kansl1	Kansl1_As_45908	Unstimulated	PROVISIONAL_KEEP_MANUAL_PHENOCOPY_REVIEW_PENDING	false
GSE261783	GSM8151756	GATTGGTAGTCTGGTT-1	Kansl1	Kansl1_As_45908	Unstimulated	PROVISIONAL_KEEP_MANUAL_PHENOCOPY_REVIEW_PENDING	false
GSE261783	GSM8151756	GCAGCCATCAGCCTCT-1	Kansl1	Kansl1_As_45908	Unstimulated	PROVISIONAL_KEEP_MANUAL_PHENOCOPY_REVIEW_PENDING	false
GSE261783	GSM8151756	GGAATCTAGTAATACG-1	Kansl1	Kansl1_As_45908	Unstimulated	PROVISIONAL_KEEP_MANUAL_PHENOCOPY_REVIEW_PENDING	false
GSE261783	GSM8151756	GGGCGTTAGAAGATCT-1	Kansl1	Kansl1_As_45908	Unstimulated	PROVISIONAL_KEEP_MANUAL_PHENOCOPY_REVIEW_PENDING	false
GSE261783	GSM8151756	GTATTTCCACAGAGCA-1	Kansl1	Kansl1_As_45908	Unstimulated	PROVISIONAL_KEEP_MANUAL_PHENOCOPY_REVIEW_PENDING	false
GSE261783	GSM8151756	GTTCCGTTCGTACACA-1	Kansl1	Kansl1_As_45908	Unstimulated	PROVISIONAL_KEEP_MANUAL_PHENOCOPY_REVIEW_PENDING	false
GSE261783	GSM8151756	GTTCTATAGACTTCAC-1	Kansl1	Kansl1_As_45908	Unstimulated	PROVISIONAL_KEEP_MANUAL_PHENOCOPY_REVIEW_PENDING	false
GSE261783	GSM8151756	TAAGCACTCTGGAGAG-1	Kansl1	Kansl1_As_45908	Unstimulated	PROVISIONAL_KEEP_MANUAL_PHENOCOPY_REVIEW_PENDING	false
GSE261783	GSM8151756	TACCCGTAGTATCTGC-1	Kansl1	Kansl1_As_45908	Unstimulated	PROVISIONAL_KEEP_MANUAL_PHENOCOPY_REVIEW_PENDING	false
GSE261783	GSM8151756	TACGGTATCTACCACC-1	Kansl1	Kansl1_As_45908	Unstimulated	PROVISIONAL_KEEP_MANUAL_PHENOCOPY_REVIEW_PENDING	false
GSE261783	GSM8151756	TATATCCTCGAGAATA-1	Kansl1	Kansl1_As_45908	Unstimulated	PROVISIONAL_KEEP_MANUAL_PHENOCOPY_REVIEW_PENDING	false
GSE261783	GSM8151756	TCAGGTAAGCTTGTGT-1	Kansl1	Kansl1_As_45908	Unstimulated	PROVISIONAL_KEEP_MANUAL_PHENOCOPY_REVIEW_PENDING	false
GSE261783	GSM8151756	TCATTCAGTACATTGC-1	Kansl1	Kansl1_As_45908	Unstimulated	PROVISIONAL_KEEP_MANUAL_PHENOCOPY_REVIEW_PENDING	false
GSE261783	GSM8151756	TCTATCAAGTCAATCC-1	Kansl1	Kansl1_As_45908	Unstimulated	PROVISIONAL_KEEP_MANUAL_PHENOCOPY_REVIEW_PENDING	false
GSE261783	GSM8151756	TGAATGCAGGTTGTTC-1	Kansl1	Kansl1_As_45908	Unstimulated	PROVISIONAL_KEEP_MANUAL_PHENOCOPY_REVIEW_PENDING	false
GSE261783	GSM8151756	TTACGCCTCCGGGACT-1	Kansl1	Kansl1_As_45908	Unstimulated	PROVISIONAL_KEEP_MANUAL_PHENOCOPY_REVIEW_PENDING	false
GSE261783	GSM8151756	TTCTAACCAAGTAGTA-1	Kansl1	Kansl1_As_45908	Unstimulated	PROVISIONAL_KEEP_MANUAL_PHENOCOPY_REVIEW_PENDING	false
GSE261783	GSM8151756	TTGATGGAGCGAGGAG-1	Kansl1	Kansl1_As_45908	Unstimulated	PROVISIONAL_KEEP_MANUAL_PHENOCOPY_REVIEW_PENDING	false
GSE261783	GSM8151756	TTGGATGAGGATAATC-1	Kansl1	Kansl1_As_45908	Unstimulated	PROVISIONAL_KEEP_MANUAL_PHENOCOPY_REVIEW_PENDING	false
GSE261783	GSM8151756	AAGCGTTCAGGTTACT-1	Kansl1	Kansl1_As_45909	Unstimulated	PROVISIONAL_KEEP_MANUAL_PHENOCOPY_REVIEW_PENDING	false
GSE261783	GSM8151756	AAGTCGTTCTGGGTCG-1	Kansl1	Kansl1_As_45909	Unstimulated	PROVISIONAL_KEEP_MANUAL_PHENOCOPY_REVIEW_PENDING	false
GSE261783	GSM8151756	AGCTACAGTGATCATC-1	Kansl1	Kansl1_As_45909	Unstimulated	PROVISIONAL_KEEP_MANUAL_PHENOCOPY_REVIEW_PENDING	false
GSE261783	GSM8151756	AGGCATTCAAAGCGTG-1	Kansl1	Kansl1_As_45909	Unstimulated	PROVISIONAL_KEEP_MANUAL_PHENOCOPY_REVIEW_PENDING	false
GSE261783	GSM8151756	ATGGGAGCATTCTCTA-1	Kansl1	Kansl1_As_45909	Unstimulated	PROVISIONAL_KEEP_MANUAL_PHENOCOPY_REVIEW_PENDING	false
GSE261783	GSM8151756	ATTTACCTCCTACAAG-1	Kansl1	Kansl1_As_45909	Unstimulated	PROVISIONAL_KEEP_MANUAL_PHENOCOPY_REVIEW_PENDING	false
GSE261783	GSM8151756	CAAGAGGCAGAGTCTT-1	Kansl1	Kansl1_As_45909	Unstimulated	PROVISIONAL_KEEP_MANUAL_PHENOCOPY_REVIEW_PENDING	false
GSE261783	GSM8151756	CATCCACCAGATACCT-1	Kansl1	Kansl1_As_45909	Unstimulated	PROVISIONAL_KEEP_MANUAL_PHENOCOPY_REVIEW_PENDING	false
GSE261783	GSM8151756	CCTACGTAGGGAACAA-1	Kansl1	Kansl1_As_45909	Unstimulated	PROVISIONAL_KEEP_MANUAL_PHENOCOPY_REVIEW_PENDING	false
GSE261783	GSM8151756	CTAGACAAGCAAGGAA-1	Kansl1	Kansl1_As_45909	Unstimulated	PROVISIONAL_KEEP_MANUAL_PHENOCOPY_REVIEW_PENDING	false
GSE261783	GSM8151756	GAATCGTAGTGTTCCA-1	Kansl1	Kansl1_As_45909	Unstimulated	PROVISIONAL_KEEP_MANUAL_PHENOCOPY_REVIEW_PENDING	false
GSE261783	GSM8151756	GAGGGTAGTGACGCCT-1	Kansl1	Kansl1_As_45909	Unstimulated	PROVISIONAL_KEEP_MANUAL_PHENOCOPY_REVIEW_PENDING	false
GSE261783	GSM8151756	GCATTAGAGACGACTG-1	Kansl1	Kansl1_As_45909	Unstimulated	PROVISIONAL_KEEP_MANUAL_PHENOCOPY_REVIEW_PENDING	false
GSE261783	GSM8151756	GCGGATCAGTGCAGCA-1	Kansl1	Kansl1_As_45909	Unstimulated	PROVISIONAL_KEEP_MANUAL_PHENOCOPY_REVIEW_PENDING	false
GSE261783	GSM8151756	GGAGATGTCGGCCTTT-1	Kansl1	Kansl1_As_45909	Unstimulated	PROVISIONAL_KEEP_MANUAL_PHENOCOPY_REVIEW_PENDING	false
GSE261783	GSM8151756	GGGAGATCAAGAGTAT-1	Kansl1	Kansl1_As_45909	Unstimulated	PROVISIONAL_KEEP_MANUAL_PHENOCOPY_REVIEW_PENDING	false
GSE261783	GSM8151756	GGGAGATGTTAGGGTG-1	Kansl1	Kansl1_As_45909	Unstimulated	PROVISIONAL_KEEP_MANUAL_PHENOCOPY_REVIEW_PENDING	false
GSE261783	GSM8151756	GTAATCGGTTCACGAT-1	Kansl1	Kansl1_As_45909	Unstimulated	PROVISIONAL_KEEP_MANUAL_PHENOCOPY_REVIEW_PENDING	false
GSE261783	GSM8151756	GTCCCATTCGGCTTCT-1	Kansl1	Kansl1_As_45909	Unstimulated	PROVISIONAL_KEEP_MANUAL_PHENOCOPY_REVIEW_PENDING	false
GSE261783	GSM8151756	TAATCTCGTCGGAACA-1	Kansl1	Kansl1_As_45909	Unstimulated	PROVISIONAL_KEEP_MANUAL_PHENOCOPY_REVIEW_PENDING	false
GSE261783	GSM8151756	TCCGGGAGTCAACACT-1	Kansl1	Kansl1_As_45909	Unstimulated	PROVISIONAL_KEEP_MANUAL_PHENOCOPY_REVIEW_PENDING	false
GSE261783	GSM8151756	TGAGACTTCTGCCCTA-1	Kansl1	Kansl1_As_45909	Unstimulated	PROVISIONAL_KEEP_MANUAL_PHENOCOPY_REVIEW_PENDING	false
GSE261783	GSM8151756	TGAGGTTCATTAAAGG-1	Kansl1	Kansl1_As_45909	Unstimulated	PROVISIONAL_KEEP_MANUAL_PHENOCOPY_REVIEW_PENDING	false
GSE261783	GSM8151756	TGGATGTGTCGCGTTG-1	Kansl1	Kansl1_As_45909	Unstimulated	PROVISIONAL_KEEP_MANUAL_PHENOCOPY_REVIEW_PENDING	false
GSE261783	GSM8151756	TTACGTTCAAGTATAG-1	Kansl1	Kansl1_As_45909	Unstimulated	PROVISIONAL_KEEP_MANUAL_PHENOCOPY_REVIEW_PENDING	false
GSE261783	GSM8151756	TTTCCTCTCGAAGGAC-1	Kansl1	Kansl1_As_45909	Unstimulated	PROVISIONAL_KEEP_MANUAL_PHENOCOPY_REVIEW_PENDING	false
GSE261783	GSM8151756	AACGAAAGTAGAGACC-1	Kat5	Kat5_Br_45092	Unstimulated	PROVISIONAL_KEEP_MANUAL_PHENOCOPY_REVIEW_PENDING	false
GSE261783	GSM8151756	AACGTCATCTCCAAGA-1	Kat5	Kat5_Br_45092	Unstimulated	PROVISIONAL_KEEP_MANUAL_PHENOCOPY_REVIEW_PENDING	false
GSE261783	GSM8151756	AAGCGAGGTGTAACGG-1	Kat5	Kat5_Br_45092	Unstimulated	PROVISIONAL_KEEP_MANUAL_PHENOCOPY_REVIEW_PENDING	false
GSE261783	GSM8151756	AAGCGAGTCCCTCTTT-1	Kat5	Kat5_Br_45092	Unstimulated	PROVISIONAL_KEEP_MANUAL_PHENOCOPY_REVIEW_PENDING	false
GSE261783	GSM8151756	AAGGTAACATTAGGCT-1	Kat5	Kat5_Br_45092	Unstimulated	PROVISIONAL_KEEP_MANUAL_PHENOCOPY_REVIEW_PENDING	false
GSE261783	GSM8151756	AAGGTAATCGATACGT-1	Kat5	Kat5_Br_45092	Unstimulated	PROVISIONAL_KEEP_MANUAL_PHENOCOPY_REVIEW_PENDING	false
GSE261783	GSM8151756	ACCCAAAGTGCCGGTT-1	Kat5	Kat5_Br_45092	Unstimulated	PROVISIONAL_KEEP_MANUAL_PHENOCOPY_REVIEW_PENDING	false
GSE261783	GSM8151756	ACTATTCAGTACAGCG-1	Kat5	Kat5_Br_45092	Unstimulated	PROVISIONAL_KEEP_MANUAL_PHENOCOPY_REVIEW_PENDING	false
GSE261783	GSM8151756	ACTTAGGCATCTGCGG-1	Kat5	Kat5_Br_45092	Unstimulated	PROVISIONAL_KEEP_MANUAL_PHENOCOPY_REVIEW_PENDING	false
GSE261783	GSM8151756	ACTTCGCCATATGCGT-1	Kat5	Kat5_Br_45092	Unstimulated	PROVISIONAL_KEEP_MANUAL_PHENOCOPY_REVIEW_PENDING	false
GSE261783	GSM8151756	AGATCGTGTCACAGAG-1	Kat5	Kat5_Br_45092	Unstimulated	PROVISIONAL_KEEP_MANUAL_PHENOCOPY_REVIEW_PENDING	false
GSE261783	GSM8151756	AGTACCAAGCGCCCAT-1	Kat5	Kat5_Br_45092	Unstimulated	PROVISIONAL_KEEP_MANUAL_PHENOCOPY_REVIEW_PENDING	false
GSE261783	GSM8151756	AGTGTTGGTTAAGACA-1	Kat5	Kat5_Br_45092	Unstimulated	PROVISIONAL_KEEP_MANUAL_PHENOCOPY_REVIEW_PENDING	false
GSE261783	GSM8151756	ATCACAGTCCTAGCTC-1	Kat5	Kat5_Br_45092	Unstimulated	PROVISIONAL_KEEP_MANUAL_PHENOCOPY_REVIEW_PENDING	false
GSE261783	GSM8151756	ATGGGTTGTGTGTGGA-1	Kat5	Kat5_Br_45092	Unstimulated	PROVISIONAL_KEEP_MANUAL_PHENOCOPY_REVIEW_PENDING	false
GSE261783	GSM8151756	ATGGGTTTCGGATACT-1	Kat5	Kat5_Br_45092	Unstimulated	PROVISIONAL_KEEP_MANUAL_PHENOCOPY_REVIEW_PENDING	false
GSE261783	GSM8151756	CAAGGGATCAAATGCC-1	Kat5	Kat5_Br_45092	Unstimulated	PROVISIONAL_KEEP_MANUAL_PHENOCOPY_REVIEW_PENDING	false
GSE261783	GSM8151756	CAGCCAGTCCAAGCAT-1	Kat5	Kat5_Br_45092	Unstimulated	PROVISIONAL_KEEP_MANUAL_PHENOCOPY_REVIEW_PENDING	false
GSE261783	GSM8151756	CAGTGCGGTGCATGAG-1	Kat5	Kat5_Br_45092	Unstimulated	PROVISIONAL_KEEP_MANUAL_PHENOCOPY_REVIEW_PENDING	false
GSE261783	GSM8151756	CATAAGCTCGCCACTT-1	Kat5	Kat5_Br_45092	Unstimulated	PROVISIONAL_KEEP_MANUAL_PHENOCOPY_REVIEW_PENDING	false
GSE261783	GSM8151756	CATGGTATCATTCATC-1	Kat5	Kat5_Br_45092	Unstimulated	PROVISIONAL_KEEP_MANUAL_PHENOCOPY_REVIEW_PENDING	false
GSE261783	GSM8151756	CATTTCACAGACGATG-1	Kat5	Kat5_Br_45092	Unstimulated	PROVISIONAL_KEEP_MANUAL_PHENOCOPY_REVIEW_PENDING	false
GSE261783	GSM8151756	CCACGAGTCGAGAGAC-1	Kat5	Kat5_Br_45092	Unstimulated	PROVISIONAL_KEEP_MANUAL_PHENOCOPY_REVIEW_PENDING	false
GSE261783	GSM8151756	CCATAAGCATGTGCTA-1	Kat5	Kat5_Br_45092	Unstimulated	PROVISIONAL_KEEP_MANUAL_PHENOCOPY_REVIEW_PENDING	false
GSE261783	GSM8151756	CCCTCAACACTTCCTG-1	Kat5	Kat5_Br_45092	Unstimulated	PROVISIONAL_KEEP_MANUAL_PHENOCOPY_REVIEW_PENDING	false
GSE261783	GSM8151756	CCGTTCATCCGATAGT-1	Kat5	Kat5_Br_45092	Unstimulated	PROVISIONAL_KEEP_MANUAL_PHENOCOPY_REVIEW_PENDING	false
GSE261783	GSM8151756	CGCAGGTAGGTGCCAA-1	Kat5	Kat5_Br_45092	Unstimulated	PROVISIONAL_KEEP_MANUAL_PHENOCOPY_REVIEW_PENDING	false
GSE261783	GSM8151756	CGCATAATCATGAGTC-1	Kat5	Kat5_Br_45092	Unstimulated	PROVISIONAL_KEEP_MANUAL_PHENOCOPY_REVIEW_PENDING	false
GSE261783	GSM8151756	CGTAATGCATTCCTAT-1	Kat5	Kat5_Br_45092	Unstimulated	PROVISIONAL_KEEP_MANUAL_PHENOCOPY_REVIEW_PENDING	false
GSE261783	GSM8151756	CTCACTGCATCCTTGC-1	Kat5	Kat5_Br_45092	Unstimulated	PROVISIONAL_KEEP_MANUAL_PHENOCOPY_REVIEW_PENDING	false
GSE261783	GSM8151756	CTTTCGGCACGCGCTA-1	Kat5	Kat5_Br_45092	Unstimulated	PROVISIONAL_KEEP_MANUAL_PHENOCOPY_REVIEW_PENDING	false
GSE261783	GSM8151756	GAATCGTTCCCTCAAC-1	Kat5	Kat5_Br_45092	Unstimulated	PROVISIONAL_KEEP_MANUAL_PHENOCOPY_REVIEW_PENDING	false
GSE261783	GSM8151756	GAGTGAGTCGCTAGCG-1	Kat5	Kat5_Br_45092	Unstimulated	PROVISIONAL_KEEP_MANUAL_PHENOCOPY_REVIEW_PENDING	false
GSE261783	GSM8151756	GATCAGTTCTTACCGC-1	Kat5	Kat5_Br_45092	Unstimulated	PROVISIONAL_KEEP_MANUAL_PHENOCOPY_REVIEW_PENDING	false
GSE261783	GSM8151756	GCACATATCGGTCATA-1	Kat5	Kat5_Br_45092	Unstimulated	PROVISIONAL_KEEP_MANUAL_PHENOCOPY_REVIEW_PENDING	false
GSE261783	GSM8151756	GGAATGGTCAGCAGAG-1	Kat5	Kat5_Br_45092	Unstimulated	PROVISIONAL_KEEP_MANUAL_PHENOCOPY_REVIEW_PENDING	false
GSE261783	GSM8151756	GGAGAACAGTCATAGA-1	Kat5	Kat5_Br_45092	Unstimulated	PROVISIONAL_KEEP_MANUAL_PHENOCOPY_REVIEW_PENDING	false
GSE261783	GSM8151756	GGTGATTAGGAATGTT-1	Kat5	Kat5_Br_45092	Unstimulated	PROVISIONAL_KEEP_MANUAL_PHENOCOPY_REVIEW_PENDING	false
GSE261783	GSM8151756	GTCTACCCAGCAGTTT-1	Kat5	Kat5_Br_45092	Unstimulated	PROVISIONAL_KEEP_MANUAL_PHENOCOPY_REVIEW_PENDING	false
GSE261783	GSM8151756	GTGAGTTTCGACCCAG-1	Kat5	Kat5_Br_45092	Unstimulated	PROVISIONAL_KEEP_MANUAL_PHENOCOPY_REVIEW_PENDING	false
GSE261783	GSM8151756	GTGTTCCAGACATAAC-1	Kat5	Kat5_Br_45092	Unstimulated	PROVISIONAL_KEEP_MANUAL_PHENOCOPY_REVIEW_PENDING	false
GSE261783	GSM8151756	GTTGTGATCCCTCTCC-1	Kat5	Kat5_Br_45092	Unstimulated	PROVISIONAL_KEEP_MANUAL_PHENOCOPY_REVIEW_PENDING	false
GSE261783	GSM8151756	TAATTCCAGACTGAGC-1	Kat5	Kat5_Br_45092	Unstimulated	PROVISIONAL_KEEP_MANUAL_PHENOCOPY_REVIEW_PENDING	false
GSE261783	GSM8151756	TACACCCCAGTCAGTT-1	Kat5	Kat5_Br_45092	Unstimulated	PROVISIONAL_KEEP_MANUAL_PHENOCOPY_REVIEW_PENDING	false
GSE261783	GSM8151756	TACCTCGGTTGCGAAG-1	Kat5	Kat5_Br_45092	Unstimulated	PROVISIONAL_KEEP_MANUAL_PHENOCOPY_REVIEW_PENDING	false
GSE261783	GSM8151756	TCACATTGTAGGAAAG-1	Kat5	Kat5_Br_45092	Unstimulated	PROVISIONAL_KEEP_MANUAL_PHENOCOPY_REVIEW_PENDING	false
GSE261783	GSM8151756	TCGAAGTAGACTTAAG-1	Kat5	Kat5_Br_45092	Unstimulated	PROVISIONAL_KEEP_MANUAL_PHENOCOPY_REVIEW_PENDING	false
GSE261783	GSM8151756	TCGAAGTTCGTGCATA-1	Kat5	Kat5_Br_45092	Unstimulated	PROVISIONAL_KEEP_MANUAL_PHENOCOPY_REVIEW_PENDING	false
GSE261783	GSM8151756	TCGGTCTGTAAGCAAT-1	Kat5	Kat5_Br_45092	Unstimulated	PROVISIONAL_KEEP_MANUAL_PHENOCOPY_REVIEW_PENDING	false
GSE261783	GSM8151756	TGACCCTTCTTTCAGT-1	Kat5	Kat5_Br_45092	Unstimulated	PROVISIONAL_KEEP_MANUAL_PHENOCOPY_REVIEW_PENDING	false
GSE261783	GSM8151756	TGCTTGCAGAACCGCA-1	Kat5	Kat5_Br_45092	Unstimulated	PROVISIONAL_KEEP_MANUAL_PHENOCOPY_REVIEW_PENDING	false
GSE261783	GSM8151756	TGTCAGATCCAAGAGG-1	Kat5	Kat5_Br_45092	Unstimulated	PROVISIONAL_KEEP_MANUAL_PHENOCOPY_REVIEW_PENDING	false
GSE261783	GSM8151756	TTAATCCTCTTGCGCT-1	Kat5	Kat5_Br_45092	Unstimulated	PROVISIONAL_KEEP_MANUAL_PHENOCOPY_REVIEW_PENDING	false
GSE261783	GSM8151756	TTACAGGTCCCGTGAG-1	Kat5	Kat5_Br_45092	Unstimulated	PROVISIONAL_KEEP_MANUAL_PHENOCOPY_REVIEW_PENDING	false
GSE261783	GSM8151756	TTCATTGGTGCACGCT-1	Kat5	Kat5_Br_45092	Unstimulated	PROVISIONAL_KEEP_MANUAL_PHENOCOPY_REVIEW_PENDING	false
GSE261783	GSM8151756	TTTGATCCACAATGCT-1	Kat5	Kat5_Br_45092	Unstimulated	PROVISIONAL_KEEP_MANUAL_PHENOCOPY_REVIEW_PENDING	false
GSE261783	GSM8151756	TTTGTTGGTTAAAGTG-1	Kat5	Kat5_Br_45092	Unstimulated	PROVISIONAL_KEEP_MANUAL_PHENOCOPY_REVIEW_PENDING	false
GSE261783	GSM8151756	AACAAGATCAAGTTGC-1	Kat5	Kat5_Br_45093	Unstimulated	PROVISIONAL_KEEP_MANUAL_PHENOCOPY_REVIEW_PENDING	false
GSE261783	GSM8151756	AACCTGAAGGGCAAGG-1	Kat5	Kat5_Br_45093	Unstimulated	PROVISIONAL_KEEP_MANUAL_PHENOCOPY_REVIEW_PENDING	false
GSE261783	GSM8151756	AATGGCTTCAGGAAGC-1	Kat5	Kat5_Br_45093	Unstimulated	PROVISIONAL_KEEP_MANUAL_PHENOCOPY_REVIEW_PENDING	false
GSE261783	GSM8151756	ACGCACGTCCGTCAAA-1	Kat5	Kat5_Br_45093	Unstimulated	PROVISIONAL_KEEP_MANUAL_PHENOCOPY_REVIEW_PENDING	false
GSE261783	GSM8151756	AGTCTCCGTAGTCGTT-1	Kat5	Kat5_Br_45093	Unstimulated	PROVISIONAL_KEEP_MANUAL_PHENOCOPY_REVIEW_PENDING	false
GSE261783	GSM8151756	ATCTCTACAATAGTAG-1	Kat5	Kat5_Br_45093	Unstimulated	PROVISIONAL_KEEP_MANUAL_PHENOCOPY_REVIEW_PENDING	false
GSE261783	GSM8151756	CGAATTGTCGTGGGAA-1	Kat5	Kat5_Br_45093	Unstimulated	PROVISIONAL_KEEP_MANUAL_PHENOCOPY_REVIEW_PENDING	false
GSE261783	GSM8151756	CGCGTGAGTTAACCTG-1	Kat5	Kat5_Br_45093	Unstimulated	PROVISIONAL_KEEP_MANUAL_PHENOCOPY_REVIEW_PENDING	false
GSE261783	GSM8151756	CGGTCAGTCCTCTAAT-1	Kat5	Kat5_Br_45093	Unstimulated	PROVISIONAL_KEEP_MANUAL_PHENOCOPY_REVIEW_PENDING	false
GSE261783	GSM8151756	CTACGGGAGCGTCAAG-1	Kat5	Kat5_Br_45093	Unstimulated	PROVISIONAL_KEEP_MANUAL_PHENOCOPY_REVIEW_PENDING	false
GSE261783	GSM8151756	CTATAGGGTCTAACGT-1	Kat5	Kat5_Br_45093	Unstimulated	PROVISIONAL_KEEP_MANUAL_PHENOCOPY_REVIEW_PENDING	false
GSE261783	GSM8151756	CTTCCGAGTCGAATTC-1	Kat5	Kat5_Br_45093	Unstimulated	PROVISIONAL_KEEP_MANUAL_PHENOCOPY_REVIEW_PENDING	false
GSE261783	GSM8151756	GAGCTGCAGACGACGT-1	Kat5	Kat5_Br_45093	Unstimulated	PROVISIONAL_KEEP_MANUAL_PHENOCOPY_REVIEW_PENDING	false
GSE261783	GSM8151756	GATCCCTAGGGTCAAC-1	Kat5	Kat5_Br_45093	Unstimulated	PROVISIONAL_KEEP_MANUAL_PHENOCOPY_REVIEW_PENDING	false
GSE261783	GSM8151756	GGTTGTAAGACATATG-1	Kat5	Kat5_Br_45093	Unstimulated	PROVISIONAL_KEEP_MANUAL_PHENOCOPY_REVIEW_PENDING	false
GSE261783	GSM8151756	GTAGGTTTCCATGATG-1	Kat5	Kat5_Br_45093	Unstimulated	PROVISIONAL_KEEP_MANUAL_PHENOCOPY_REVIEW_PENDING	false
GSE261783	GSM8151756	GTCTGTCGTGGTTTAC-1	Kat5	Kat5_Br_45093	Unstimulated	PROVISIONAL_KEEP_MANUAL_PHENOCOPY_REVIEW_PENDING	false
GSE261783	GSM8151756	GTTGTAGGTGTAGCAG-1	Kat5	Kat5_Br_45093	Unstimulated	PROVISIONAL_KEEP_MANUAL_PHENOCOPY_REVIEW_PENDING	false
GSE261783	GSM8151756	TACATTCGTTTGGAGG-1	Kat5	Kat5_Br_45093	Unstimulated	PROVISIONAL_KEEP_MANUAL_PHENOCOPY_REVIEW_PENDING	false
GSE261783	GSM8151756	TCCGAAAAGGAGTATT-1	Kat5	Kat5_Br_45093	Unstimulated	PROVISIONAL_KEEP_MANUAL_PHENOCOPY_REVIEW_PENDING	false
GSE261783	GSM8151756	TCCTAATCATACAGAA-1	Kat5	Kat5_Br_45093	Unstimulated	PROVISIONAL_KEEP_MANUAL_PHENOCOPY_REVIEW_PENDING	false
GSE261783	GSM8151756	TGAGACTAGTGAGGCT-1	Kat5	Kat5_Br_45093	Unstimulated	PROVISIONAL_KEEP_MANUAL_PHENOCOPY_REVIEW_PENDING	false
GSE261783	GSM8151756	AAGCGAGAGTGTTCCA-1	Kat8	Kat8_As_45860	Unstimulated	PROVISIONAL_KEEP_MANUAL_PHENOCOPY_REVIEW_PENDING	false
GSE261783	GSM8151756	ACAACCACAAACACCT-1	Kat8	Kat8_As_45860	Unstimulated	PROVISIONAL_KEEP_MANUAL_PHENOCOPY_REVIEW_PENDING	false
GSE261783	GSM8151756	ACCAAACCATCTATCT-1	Kat8	Kat8_As_45860	Unstimulated	PROVISIONAL_KEEP_MANUAL_PHENOCOPY_REVIEW_PENDING	false
GSE261783	GSM8151756	ACGCACGTCTTCCCGA-1	Kat8	Kat8_As_45860	Unstimulated	PROVISIONAL_KEEP_MANUAL_PHENOCOPY_REVIEW_PENDING	false
GSE261783	GSM8151756	AGACCATCAATGGCCC-1	Kat8	Kat8_As_45860	Unstimulated	PROVISIONAL_KEEP_MANUAL_PHENOCOPY_REVIEW_PENDING	false
GSE261783	GSM8151756	AGAGCAGCAAGCACCC-1	Kat8	Kat8_As_45860	Unstimulated	PROVISIONAL_KEEP_MANUAL_PHENOCOPY_REVIEW_PENDING	false
GSE261783	GSM8151756	AGTGCCGAGTGGGAAA-1	Kat8	Kat8_As_45860	Unstimulated	PROVISIONAL_KEEP_MANUAL_PHENOCOPY_REVIEW_PENDING	false
GSE261783	GSM8151756	ATACCGATCCCATACC-1	Kat8	Kat8_As_45860	Unstimulated	PROVISIONAL_KEEP_MANUAL_PHENOCOPY_REVIEW_PENDING	false
GSE261783	GSM8151756	ATCACTTAGAAGTGTT-1	Kat8	Kat8_As_45860	Unstimulated	PROVISIONAL_KEEP_MANUAL_PHENOCOPY_REVIEW_PENDING	false
GSE261783	GSM8151756	ATCAGGTCAGGACTAG-1	Kat8	Kat8_As_45860	Unstimulated	PROVISIONAL_KEEP_MANUAL_PHENOCOPY_REVIEW_PENDING	false
GSE261783	GSM8151756	ATCCTATAGACAACAT-1	Kat8	Kat8_As_45860	Unstimulated	PROVISIONAL_KEEP_MANUAL_PHENOCOPY_REVIEW_PENDING	false
GSE261783	GSM8151756	ATCGTAGGTCTTCCGT-1	Kat8	Kat8_As_45860	Unstimulated	PROVISIONAL_KEEP_MANUAL_PHENOCOPY_REVIEW_PENDING	false
GSE261783	GSM8151756	ATCGTGAAGAGTAACT-1	Kat8	Kat8_As_45860	Unstimulated	PROVISIONAL_KEEP_MANUAL_PHENOCOPY_REVIEW_PENDING	false
GSE261783	GSM8151756	CAAAGAAAGGCAGTCA-1	Kat8	Kat8_As_45860	Unstimulated	PROVISIONAL_KEEP_MANUAL_PHENOCOPY_REVIEW_PENDING	false
GSE261783	GSM8151756	CAGCCAGGTGGAGGTT-1	Kat8	Kat8_As_45860	Unstimulated	PROVISIONAL_KEEP_MANUAL_PHENOCOPY_REVIEW_PENDING	false
GSE261783	GSM8151756	CCCTGATAGGGATCTG-1	Kat8	Kat8_As_45860	Unstimulated	PROVISIONAL_KEEP_MANUAL_PHENOCOPY_REVIEW_PENDING	false
GSE261783	GSM8151756	CCTCCAATCAATCAGC-1	Kat8	Kat8_As_45860	Unstimulated	PROVISIONAL_KEEP_MANUAL_PHENOCOPY_REVIEW_PENDING	false
GSE261783	GSM8151756	CGCCAGATCCAGTGCG-1	Kat8	Kat8_As_45860	Unstimulated	PROVISIONAL_KEEP_MANUAL_PHENOCOPY_REVIEW_PENDING	false
GSE261783	GSM8151756	CGTAAGTCAATAGAGT-1	Kat8	Kat8_As_45860	Unstimulated	PROVISIONAL_KEEP_MANUAL_PHENOCOPY_REVIEW_PENDING	false
GSE261783	GSM8151756	CGTCCATGTTACCTTT-1	Kat8	Kat8_As_45860	Unstimulated	PROVISIONAL_KEEP_MANUAL_PHENOCOPY_REVIEW_PENDING	false
GSE261783	GSM8151756	CGTTGGGCAGCATACT-1	Kat8	Kat8_As_45860	Unstimulated	PROVISIONAL_KEEP_MANUAL_PHENOCOPY_REVIEW_PENDING	false
GSE261783	GSM8151756	CTCATCGCAAACCATC-1	Kat8	Kat8_As_45860	Unstimulated	PROVISIONAL_KEEP_MANUAL_PHENOCOPY_REVIEW_PENDING	false
GSE261783	GSM8151756	CTGTCGTCAACTGGTT-1	Kat8	Kat8_As_45860	Unstimulated	PROVISIONAL_KEEP_MANUAL_PHENOCOPY_REVIEW_PENDING	false
GSE261783	GSM8151756	GAAGCCCCAGGATGAC-1	Kat8	Kat8_As_45860	Unstimulated	PROVISIONAL_KEEP_MANUAL_PHENOCOPY_REVIEW_PENDING	false
GSE261783	GSM8151756	GAGATGGGTCTGGTTA-1	Kat8	Kat8_As_45860	Unstimulated	PROVISIONAL_KEEP_MANUAL_PHENOCOPY_REVIEW_PENDING	false
GSE261783	GSM8151756	GAGGGTATCGTAGCTA-1	Kat8	Kat8_As_45860	Unstimulated	PROVISIONAL_KEEP_MANUAL_PHENOCOPY_REVIEW_PENDING	false
GSE261783	GSM8151756	GAGTTTGAGCACCGAA-1	Kat8	Kat8_As_45860	Unstimulated	PROVISIONAL_KEEP_MANUAL_PHENOCOPY_REVIEW_PENDING	false
GSE261783	GSM8151756	GCATCGGTCGAGATAA-1	Kat8	Kat8_As_45860	Unstimulated	PROVISIONAL_KEEP_MANUAL_PHENOCOPY_REVIEW_PENDING	false
GSE261783	GSM8151756	GGCACGTTCACTTGGA-1	Kat8	Kat8_As_45860	Unstimulated	PROVISIONAL_KEEP_MANUAL_PHENOCOPY_REVIEW_PENDING	false
GSE261783	GSM8151756	GTACAGTAGACAACTA-1	Kat8	Kat8_As_45860	Unstimulated	PROVISIONAL_KEEP_MANUAL_PHENOCOPY_REVIEW_PENDING	false
GSE261783	GSM8151756	GTCGTTCTCACTGTTT-1	Kat8	Kat8_As_45860	Unstimulated	PROVISIONAL_KEEP_MANUAL_PHENOCOPY_REVIEW_PENDING	false
GSE261783	GSM8151756	TCTGGCTAGACTCCGC-1	Kat8	Kat8_As_45860	Unstimulated	PROVISIONAL_KEEP_MANUAL_PHENOCOPY_REVIEW_PENDING	false
GSE261783	GSM8151756	TGATTCTGTTGGTAGG-1	Kat8	Kat8_As_45860	Unstimulated	PROVISIONAL_KEEP_MANUAL_PHENOCOPY_REVIEW_PENDING	false
GSE261783	GSM8151756	TGCGGCATCAGATTGC-1	Kat8	Kat8_As_45860	Unstimulated	PROVISIONAL_KEEP_MANUAL_PHENOCOPY_REVIEW_PENDING	false
GSE261783	GSM8151756	TGGAGAGCAAAGCAAT-1	Kat8	Kat8_As_45860	Unstimulated	PROVISIONAL_KEEP_MANUAL_PHENOCOPY_REVIEW_PENDING	false
GSE261783	GSM8151756	TGGGCGTGTGAGTGAC-1	Kat8	Kat8_As_45860	Unstimulated	PROVISIONAL_KEEP_MANUAL_PHENOCOPY_REVIEW_PENDING	false
GSE261783	GSM8151756	TTGCTGCGTTGGATCT-1	Kat8	Kat8_As_45860	Unstimulated	PROVISIONAL_KEEP_MANUAL_PHENOCOPY_REVIEW_PENDING	false
GSE261783	GSM8151756	TTGTGGAAGTACAGCG-1	Kat8	Kat8_As_45860	Unstimulated	PROVISIONAL_KEEP_MANUAL_PHENOCOPY_REVIEW_PENDING	false
GSE261783	GSM8151756	TTGTTTGGTGACCTGC-1	Kat8	Kat8_As_45860	Unstimulated	PROVISIONAL_KEEP_MANUAL_PHENOCOPY_REVIEW_PENDING	false
GSE261783	GSM8151756	TTTCCTCCAACTGCTA-1	Kat8	Kat8_As_45860	Unstimulated	PROVISIONAL_KEEP_MANUAL_PHENOCOPY_REVIEW_PENDING	false
GSE261783	GSM8151756	TTTGGAGTCGCTCATC-1	Kat8	Kat8_As_45860	Unstimulated	PROVISIONAL_KEEP_MANUAL_PHENOCOPY_REVIEW_PENDING	false
GSE261783	GSM8151756	AACAACCTCGGCTCTT-1	Kat8	Kat8_As_45861	Unstimulated	PROVISIONAL_KEEP_MANUAL_PHENOCOPY_REVIEW_PENDING	false
GSE261783	GSM8151756	AACCTTTTCTCGCAGG-1	Kat8	Kat8_As_45861	Unstimulated	PROVISIONAL_KEEP_MANUAL_PHENOCOPY_REVIEW_PENDING	false
GSE261783	GSM8151756	AATGGAACAACGCATT-1	Kat8	Kat8_As_45861	Unstimulated	PROVISIONAL_KEEP_MANUAL_PHENOCOPY_REVIEW_PENDING	false
GSE261783	GSM8151756	ACATTTCCAACCTATG-1	Kat8	Kat8_As_45861	Unstimulated	PROVISIONAL_KEEP_MANUAL_PHENOCOPY_REVIEW_PENDING	false
GSE261783	GSM8151756	ACCTACCGTCCTATAG-1	Kat8	Kat8_As_45861	Unstimulated	PROVISIONAL_KEEP_MANUAL_PHENOCOPY_REVIEW_PENDING	false
GSE261783	GSM8151756	ACGCACGAGGGCTTCC-1	Kat8	Kat8_As_45861	Unstimulated	PROVISIONAL_KEEP_MANUAL_PHENOCOPY_REVIEW_PENDING	false
GSE261783	GSM8151756	ACTACGAAGATCCCGC-1	Kat8	Kat8_As_45861	Unstimulated	PROVISIONAL_KEEP_MANUAL_PHENOCOPY_REVIEW_PENDING	false
GSE261783	GSM8151756	ATCAGGTCACTCCGAG-1	Kat8	Kat8_As_45861	Unstimulated	PROVISIONAL_KEEP_MANUAL_PHENOCOPY_REVIEW_PENDING	false
GSE261783	GSM8151756	ATTCCTACAGGTAGTG-1	Kat8	Kat8_As_45861	Unstimulated	PROVISIONAL_KEEP_MANUAL_PHENOCOPY_REVIEW_PENDING	false
GSE261783	GSM8151756	CATACAGAGATCGCCC-1	Kat8	Kat8_As_45861	Unstimulated	PROVISIONAL_KEEP_MANUAL_PHENOCOPY_REVIEW_PENDING	false
GSE261783	GSM8151756	CCTGCATGTATTGCCA-1	Kat8	Kat8_As_45861	Unstimulated	PROVISIONAL_KEEP_MANUAL_PHENOCOPY_REVIEW_PENDING	false
GSE261783	GSM8151756	CGAGGCTAGCGCCGTT-1	Kat8	Kat8_As_45861	Unstimulated	PROVISIONAL_KEEP_MANUAL_PHENOCOPY_REVIEW_PENDING	false
GSE261783	GSM8151756	CTCATGCGTCATAACC-1	Kat8	Kat8_As_45861	Unstimulated	PROVISIONAL_KEEP_MANUAL_PHENOCOPY_REVIEW_PENDING	false
GSE261783	GSM8151756	CTTCTAAGTGACTAAA-1	Kat8	Kat8_As_45861	Unstimulated	PROVISIONAL_KEEP_MANUAL_PHENOCOPY_REVIEW_PENDING	false
GSE261783	GSM8151756	GAGTGTTGTTCTCAGA-1	Kat8	Kat8_As_45861	Unstimulated	PROVISIONAL_KEEP_MANUAL_PHENOCOPY_REVIEW_PENDING	false
GSE261783	GSM8151756	GGGCTACGTCAGACGA-1	Kat8	Kat8_As_45861	Unstimulated	PROVISIONAL_KEEP_MANUAL_PHENOCOPY_REVIEW_PENDING	false
GSE261783	GSM8151756	GGTTAACCACCCTCTA-1	Kat8	Kat8_As_45861	Unstimulated	PROVISIONAL_KEEP_MANUAL_PHENOCOPY_REVIEW_PENDING	false
GSE261783	GSM8151756	GTCCACTTCAACGAGG-1	Kat8	Kat8_As_45861	Unstimulated	PROVISIONAL_KEEP_MANUAL_PHENOCOPY_REVIEW_PENDING	false
GSE261783	GSM8151756	GTTGTGACATTGAGGG-1	Kat8	Kat8_As_45861	Unstimulated	PROVISIONAL_KEEP_MANUAL_PHENOCOPY_REVIEW_PENDING	false
GSE261783	GSM8151756	TCCAGAAGTTGGATCT-1	Kat8	Kat8_As_45861	Unstimulated	PROVISIONAL_KEEP_MANUAL_PHENOCOPY_REVIEW_PENDING	false
GSE261783	GSM8151756	TCCGTGTGTTGTCAGT-1	Kat8	Kat8_As_45861	Unstimulated	PROVISIONAL_KEEP_MANUAL_PHENOCOPY_REVIEW_PENDING	false
GSE261783	GSM8151756	TCTCAGCGTGTAACGG-1	Kat8	Kat8_As_45861	Unstimulated	PROVISIONAL_KEEP_MANUAL_PHENOCOPY_REVIEW_PENDING	false
GSE261783	GSM8151756	TCTTGCGCAACGTAAA-1	Kat8	Kat8_As_45861	Unstimulated	PROVISIONAL_KEEP_MANUAL_PHENOCOPY_REVIEW_PENDING	false
GSE261783	GSM8151756	TGAGCATAGTCATTGC-1	Kat8	Kat8_As_45861	Unstimulated	PROVISIONAL_KEEP_MANUAL_PHENOCOPY_REVIEW_PENDING	false
GSE261783	GSM8151756	TGAGGGAAGAGATGCC-1	Kat8	Kat8_As_45861	Unstimulated	PROVISIONAL_KEEP_MANUAL_PHENOCOPY_REVIEW_PENDING	false
GSE261783	GSM8151756	TGTGATGAGACCTCAT-1	Kat8	Kat8_As_45861	Unstimulated	PROVISIONAL_KEEP_MANUAL_PHENOCOPY_REVIEW_PENDING	false
GSE261783	GSM8151756	TGTTCTAGTGTTCCTC-1	Kat8	Kat8_As_45861	Unstimulated	PROVISIONAL_KEEP_MANUAL_PHENOCOPY_REVIEW_PENDING	false
GSE261783	GSM8151756	TTCGGTCTCCATAGAC-1	Kat8	Kat8_As_45861	Unstimulated	PROVISIONAL_KEEP_MANUAL_PHENOCOPY_REVIEW_PENDING	false
GSE261783	GSM8151756	TTCTGTACATCCGCGA-1	Kat8	Kat8_As_45861	Unstimulated	PROVISIONAL_KEEP_MANUAL_PHENOCOPY_REVIEW_PENDING	false
GSE261783	GSM8151756	TTGCATTCAGGCATTT-1	Kat8	Kat8_As_45861	Unstimulated	PROVISIONAL_KEEP_MANUAL_PHENOCOPY_REVIEW_PENDING	false
GSE261783	GSM8151756	TTGTTCATCCGATGCG-1	Kat8	Kat8_As_45861	Unstimulated	PROVISIONAL_KEEP_MANUAL_PHENOCOPY_REVIEW_PENDING	false
GSE261783	GSM8151756	TTTCGATGTTGTGGAG-1	Kat8	Kat8_As_45861	Unstimulated	PROVISIONAL_KEEP_MANUAL_PHENOCOPY_REVIEW_PENDING	false
GSE261783	GSM8151756	TTTGGAGTCCCATAGA-1	Kat8	Kat8_As_45861	Unstimulated	PROVISIONAL_KEEP_MANUAL_PHENOCOPY_REVIEW_PENDING	false
GSE261783	GSM8151756	AACGGGATCTCCGCAT-1	Kmt2a	Kmt2a_As_44476	Unstimulated	PROVISIONAL_KEEP_MANUAL_PHENOCOPY_REVIEW_PENDING	false
GSE261783	GSM8151756	AACTTCTCATGTACGT-1	Kmt2a	Kmt2a_As_44476	Unstimulated	PROVISIONAL_KEEP_MANUAL_PHENOCOPY_REVIEW_PENDING	false
GSE261783	GSM8151756	AAGACAAGTGGTTTGT-1	Kmt2a	Kmt2a_As_44476	Unstimulated	PROVISIONAL_KEEP_MANUAL_PHENOCOPY_REVIEW_PENDING	false
GSE261783	GSM8151756	AAGCCATAGCGTCAAG-1	Kmt2a	Kmt2a_As_44476	Unstimulated	PROVISIONAL_KEEP_MANUAL_PHENOCOPY_REVIEW_PENDING	false
GSE261783	GSM8151756	ACAAGCTGTTAAGGGC-1	Kmt2a	Kmt2a_As_44476	Unstimulated	PROVISIONAL_KEEP_MANUAL_PHENOCOPY_REVIEW_PENDING	false
GSE261783	GSM8151756	ACGATGTGTCGGTAAG-1	Kmt2a	Kmt2a_As_44476	Unstimulated	PROVISIONAL_KEEP_MANUAL_PHENOCOPY_REVIEW_PENDING	false
GSE261783	GSM8151756	ACGTAGTCACACCGAC-1	Kmt2a	Kmt2a_As_44476	Unstimulated	PROVISIONAL_KEEP_MANUAL_PHENOCOPY_REVIEW_PENDING	false
GSE261783	GSM8151756	ACTATCTAGTTATGGA-1	Kmt2a	Kmt2a_As_44476	Unstimulated	PROVISIONAL_KEEP_MANUAL_PHENOCOPY_REVIEW_PENDING	false
GSE261783	GSM8151756	ACTTTCAGTGAGATTA-1	Kmt2a	Kmt2a_As_44476	Unstimulated	PROVISIONAL_KEEP_MANUAL_PHENOCOPY_REVIEW_PENDING	false
GSE261783	GSM8151756	AGACTCACATTCACAG-1	Kmt2a	Kmt2a_As_44476	Unstimulated	PROVISIONAL_KEEP_MANUAL_PHENOCOPY_REVIEW_PENDING	false
GSE261783	GSM8151756	AGCTACAGTGTGATGG-1	Kmt2a	Kmt2a_As_44476	Unstimulated	PROVISIONAL_KEEP_MANUAL_PHENOCOPY_REVIEW_PENDING	false
GSE261783	GSM8151756	AGGGTCCCAAGTATCC-1	Kmt2a	Kmt2a_As_44476	Unstimulated	PROVISIONAL_KEEP_MANUAL_PHENOCOPY_REVIEW_PENDING	false
GSE261783	GSM8151756	AGTTCCCCACTACCCT-1	Kmt2a	Kmt2a_As_44476	Unstimulated	PROVISIONAL_KEEP_MANUAL_PHENOCOPY_REVIEW_PENDING	false
GSE261783	GSM8151756	ATAGGCTGTAACATGA-1	Kmt2a	Kmt2a_As_44476	Unstimulated	PROVISIONAL_KEEP_MANUAL_PHENOCOPY_REVIEW_PENDING	false
GSE261783	GSM8151756	ATCATTCAGCTGTACT-1	Kmt2a	Kmt2a_As_44476	Unstimulated	PROVISIONAL_KEEP_MANUAL_PHENOCOPY_REVIEW_PENDING	false
GSE261783	GSM8151756	ATGCCTCGTTGAGTCT-1	Kmt2a	Kmt2a_As_44476	Unstimulated	PROVISIONAL_KEEP_MANUAL_PHENOCOPY_REVIEW_PENDING	false
GSE261783	GSM8151756	ATTCGTTAGGGTGAGG-1	Kmt2a	Kmt2a_As_44476	Unstimulated	PROVISIONAL_KEEP_MANUAL_PHENOCOPY_REVIEW_PENDING	false
GSE261783	GSM8151756	ATTGTTCCAACCGCCA-1	Kmt2a	Kmt2a_As_44476	Unstimulated	PROVISIONAL_KEEP_MANUAL_PHENOCOPY_REVIEW_PENDING	false
GSE261783	GSM8151756	CAACCAATCGTTAGTG-1	Kmt2a	Kmt2a_As_44476	Unstimulated	PROVISIONAL_KEEP_MANUAL_PHENOCOPY_REVIEW_PENDING	false
GSE261783	GSM8151756	CACATGATCATCGTAG-1	Kmt2a	Kmt2a_As_44476	Unstimulated	PROVISIONAL_KEEP_MANUAL_PHENOCOPY_REVIEW_PENDING	false
GSE261783	GSM8151756	CATACCCTCAGCCTCT-1	Kmt2a	Kmt2a_As_44476	Unstimulated	PROVISIONAL_KEEP_MANUAL_PHENOCOPY_REVIEW_PENDING	false
GSE261783	GSM8151756	CATTGTTGTGGGCTCT-1	Kmt2a	Kmt2a_As_44476	Unstimulated	PROVISIONAL_KEEP_MANUAL_PHENOCOPY_REVIEW_PENDING	false
GSE261783	GSM8151756	CCGGGTAAGAGCACTG-1	Kmt2a	Kmt2a_As_44476	Unstimulated	PROVISIONAL_KEEP_MANUAL_PHENOCOPY_REVIEW_PENDING	false
GSE261783	GSM8151756	CCTCATGCAAGAGGTC-1	Kmt2a	Kmt2a_As_44476	Unstimulated	PROVISIONAL_KEEP_MANUAL_PHENOCOPY_REVIEW_PENDING	false
GSE261783	GSM8151756	CCTGCATCATGACACT-1	Kmt2a	Kmt2a_As_44476	Unstimulated	PROVISIONAL_KEEP_MANUAL_PHENOCOPY_REVIEW_PENDING	false
GSE261783	GSM8151756	CGCCAGAAGCATTTCG-1	Kmt2a	Kmt2a_As_44476	Unstimulated	PROVISIONAL_KEEP_MANUAL_PHENOCOPY_REVIEW_PENDING	false
GSE261783	GSM8151756	CTAACTTTCCCTCAAC-1	Kmt2a	Kmt2a_As_44476	Unstimulated	PROVISIONAL_KEEP_MANUAL_PHENOCOPY_REVIEW_PENDING	false
GSE261783	GSM8151756	CTACGGGGTTAAACCC-1	Kmt2a	Kmt2a_As_44476	Unstimulated	PROVISIONAL_KEEP_MANUAL_PHENOCOPY_REVIEW_PENDING	false
GSE261783	GSM8151756	CTGTGAAGTTATGTCG-1	Kmt2a	Kmt2a_As_44476	Unstimulated	PROVISIONAL_KEEP_MANUAL_PHENOCOPY_REVIEW_PENDING	false
GSE261783	GSM8151756	CTTCTAAAGATAGGGA-1	Kmt2a	Kmt2a_As_44476	Unstimulated	PROVISIONAL_KEEP_MANUAL_PHENOCOPY_REVIEW_PENDING	false
GSE261783	GSM8151756	GAAGAATAGGGAGATA-1	Kmt2a	Kmt2a_As_44476	Unstimulated	PROVISIONAL_KEEP_MANUAL_PHENOCOPY_REVIEW_PENDING	false
GSE261783	GSM8151756	GACCCTTAGAAACCAT-1	Kmt2a	Kmt2a_As_44476	Unstimulated	PROVISIONAL_KEEP_MANUAL_PHENOCOPY_REVIEW_PENDING	false
GSE261783	GSM8151756	GATGTTGCAGTATACC-1	Kmt2a	Kmt2a_As_44476	Unstimulated	PROVISIONAL_KEEP_MANUAL_PHENOCOPY_REVIEW_PENDING	false
GSE261783	GSM8151756	GCACGGTGTAGCTTTG-1	Kmt2a	Kmt2a_As_44476	Unstimulated	PROVISIONAL_KEEP_MANUAL_PHENOCOPY_REVIEW_PENDING	false
GSE261783	GSM8151756	GCATGATGTGGCCCAT-1	Kmt2a	Kmt2a_As_44476	Unstimulated	PROVISIONAL_KEEP_MANUAL_PHENOCOPY_REVIEW_PENDING	false
GSE261783	GSM8151756	GCGGATCCAATAACGA-1	Kmt2a	Kmt2a_As_44476	Unstimulated	PROVISIONAL_KEEP_MANUAL_PHENOCOPY_REVIEW_PENDING	false
GSE261783	GSM8151756	GCTTGGGCAGGCTATT-1	Kmt2a	Kmt2a_As_44476	Unstimulated	PROVISIONAL_KEEP_MANUAL_PHENOCOPY_REVIEW_PENDING	false
GSE261783	GSM8151756	GGCAGTCGTCCGAAGA-1	Kmt2a	Kmt2a_As_44476	Unstimulated	PROVISIONAL_KEEP_MANUAL_PHENOCOPY_REVIEW_PENDING	false
GSE261783	GSM8151756	GGGAGTAGTCACAGTT-1	Kmt2a	Kmt2a_As_44476	Unstimulated	PROVISIONAL_KEEP_MANUAL_PHENOCOPY_REVIEW_PENDING	false
GSE261783	GSM8151756	GGGTCACAGAAGGATG-1	Kmt2a	Kmt2a_As_44476	Unstimulated	PROVISIONAL_KEEP_MANUAL_PHENOCOPY_REVIEW_PENDING	false
GSE261783	GSM8151756	GGGTGAACAGTCCCGA-1	Kmt2a	Kmt2a_As_44476	Unstimulated	PROVISIONAL_KEEP_MANUAL_PHENOCOPY_REVIEW_PENDING	false
GSE261783	GSM8151756	GGGTTATCACAACGCC-1	Kmt2a	Kmt2a_As_44476	Unstimulated	PROVISIONAL_KEEP_MANUAL_PHENOCOPY_REVIEW_PENDING	false
GSE261783	GSM8151756	GGTAATCAGTTCGGTT-1	Kmt2a	Kmt2a_As_44476	Unstimulated	PROVISIONAL_KEEP_MANUAL_PHENOCOPY_REVIEW_PENDING	false
GSE261783	GSM8151756	GTAATCGAGGCCGCTT-1	Kmt2a	Kmt2a_As_44476	Unstimulated	PROVISIONAL_KEEP_MANUAL_PHENOCOPY_REVIEW_PENDING	false
GSE261783	GSM8151756	GTGCGTGGTTCCGGTG-1	Kmt2a	Kmt2a_As_44476	Unstimulated	PROVISIONAL_KEEP_MANUAL_PHENOCOPY_REVIEW_PENDING	false
GSE261783	GSM8151756	TAAGTCGCATGCAGGA-1	Kmt2a	Kmt2a_As_44476	Unstimulated	PROVISIONAL_KEEP_MANUAL_PHENOCOPY_REVIEW_PENDING	false
GSE261783	GSM8151756	TATTCCATCCAAGCAT-1	Kmt2a	Kmt2a_As_44476	Unstimulated	PROVISIONAL_KEEP_MANUAL_PHENOCOPY_REVIEW_PENDING	false
GSE261783	GSM8151756	TCAGTGAAGGAGGGTG-1	Kmt2a	Kmt2a_As_44476	Unstimulated	PROVISIONAL_KEEP_MANUAL_PHENOCOPY_REVIEW_PENDING	false
GSE261783	GSM8151756	TCATACTCATCATTGG-1	Kmt2a	Kmt2a_As_44476	Unstimulated	PROVISIONAL_KEEP_MANUAL_PHENOCOPY_REVIEW_PENDING	false
GSE261783	GSM8151756	TCATTTGGTTCTCACC-1	Kmt2a	Kmt2a_As_44476	Unstimulated	PROVISIONAL_KEEP_MANUAL_PHENOCOPY_REVIEW_PENDING	false
GSE261783	GSM8151756	TCTCAGCAGTAGTCTC-1	Kmt2a	Kmt2a_As_44476	Unstimulated	PROVISIONAL_KEEP_MANUAL_PHENOCOPY_REVIEW_PENDING	false
GSE261783	GSM8151756	TCTGGCTAGCCGAATG-1	Kmt2a	Kmt2a_As_44476	Unstimulated	PROVISIONAL_KEEP_MANUAL_PHENOCOPY_REVIEW_PENDING	false
GSE261783	GSM8151756	TGAACGTCAGCTCGGT-1	Kmt2a	Kmt2a_As_44476	Unstimulated	PROVISIONAL_KEEP_MANUAL_PHENOCOPY_REVIEW_PENDING	false
GSE261783	GSM8151756	TGAACGTCATGCTGCG-1	Kmt2a	Kmt2a_As_44476	Unstimulated	PROVISIONAL_KEEP_MANUAL_PHENOCOPY_REVIEW_PENDING	false
GSE261783	GSM8151756	TGTAACGGTCACTGAT-1	Kmt2a	Kmt2a_As_44476	Unstimulated	PROVISIONAL_KEEP_MANUAL_PHENOCOPY_REVIEW_PENDING	false
GSE261783	GSM8151756	TGTGTGATCAGAATAG-1	Kmt2a	Kmt2a_As_44476	Unstimulated	PROVISIONAL_KEEP_MANUAL_PHENOCOPY_REVIEW_PENDING	false
GSE261783	GSM8151756	TGTTGGAGTAGTCACT-1	Kmt2a	Kmt2a_As_44476	Unstimulated	PROVISIONAL_KEEP_MANUAL_PHENOCOPY_REVIEW_PENDING	false
GSE261783	GSM8151756	TTAATCCAGACCGTTT-1	Kmt2a	Kmt2a_As_44476	Unstimulated	PROVISIONAL_KEEP_MANUAL_PHENOCOPY_REVIEW_PENDING	false
GSE261783	GSM8151756	TTACAGGCAAACCACT-1	Kmt2a	Kmt2a_As_44476	Unstimulated	PROVISIONAL_KEEP_MANUAL_PHENOCOPY_REVIEW_PENDING	false
GSE261783	GSM8151756	TTTATGCGTCCCGGTA-1	Kmt2a	Kmt2a_As_44476	Unstimulated	PROVISIONAL_KEEP_MANUAL_PHENOCOPY_REVIEW_PENDING	false
GSE261783	GSM8151756	TTTGTTGGTAGTGTGG-1	Kmt2a	Kmt2a_As_44476	Unstimulated	PROVISIONAL_KEEP_MANUAL_PHENOCOPY_REVIEW_PENDING	false
GSE261783	GSM8151756	AAAGGATCAAGTAGTA-1	Kmt2a	Kmt2a_Br_53969	Unstimulated	PROVISIONAL_KEEP_MANUAL_PHENOCOPY_REVIEW_PENDING	false
GSE261783	GSM8151756	AACACACCACTAGAGG-1	Kmt2a	Kmt2a_Br_53969	Unstimulated	PROVISIONAL_KEEP_MANUAL_PHENOCOPY_REVIEW_PENDING	false
GSE261783	GSM8151756	AATCGTGTCATCACCC-1	Kmt2a	Kmt2a_Br_53969	Unstimulated	PROVISIONAL_KEEP_MANUAL_PHENOCOPY_REVIEW_PENDING	false
GSE261783	GSM8151756	AGACAAAAGTCATAGA-1	Kmt2a	Kmt2a_Br_53969	Unstimulated	PROVISIONAL_KEEP_MANUAL_PHENOCOPY_REVIEW_PENDING	false
GSE261783	GSM8151756	AGGGTGACAGAACTTC-1	Kmt2a	Kmt2a_Br_53969	Unstimulated	PROVISIONAL_KEEP_MANUAL_PHENOCOPY_REVIEW_PENDING	false
GSE261783	GSM8151756	AGTGCCGAGCACAAAT-1	Kmt2a	Kmt2a_Br_53969	Unstimulated	PROVISIONAL_KEEP_MANUAL_PHENOCOPY_REVIEW_PENDING	false
GSE261783	GSM8151756	ATGAGGGGTTGTCAGT-1	Kmt2a	Kmt2a_Br_53969	Unstimulated	PROVISIONAL_KEEP_MANUAL_PHENOCOPY_REVIEW_PENDING	false
GSE261783	GSM8151756	CATGGATAGGTAGATT-1	Kmt2a	Kmt2a_Br_53969	Unstimulated	PROVISIONAL_KEEP_MANUAL_PHENOCOPY_REVIEW_PENDING	false
GSE261783	GSM8151756	CATTGCCGTAGAGATT-1	Kmt2a	Kmt2a_Br_53969	Unstimulated	PROVISIONAL_KEEP_MANUAL_PHENOCOPY_REVIEW_PENDING	false
GSE261783	GSM8151756	CCCTGATTCCGTAGTA-1	Kmt2a	Kmt2a_Br_53969	Unstimulated	PROVISIONAL_KEEP_MANUAL_PHENOCOPY_REVIEW_PENDING	false
GSE261783	GSM8151756	CCTCCAAGTGGACCTC-1	Kmt2a	Kmt2a_Br_53969	Unstimulated	PROVISIONAL_KEEP_MANUAL_PHENOCOPY_REVIEW_PENDING	false
GSE261783	GSM8151756	CGGAACCCACCTCAGG-1	Kmt2a	Kmt2a_Br_53969	Unstimulated	PROVISIONAL_KEEP_MANUAL_PHENOCOPY_REVIEW_PENDING	false
GSE261783	GSM8151756	CGTGTCTTCCGGACTG-1	Kmt2a	Kmt2a_Br_53969	Unstimulated	PROVISIONAL_KEEP_MANUAL_PHENOCOPY_REVIEW_PENDING	false
GSE261783	GSM8151756	CTATCCGTCTCTCGAC-1	Kmt2a	Kmt2a_Br_53969	Unstimulated	PROVISIONAL_KEEP_MANUAL_PHENOCOPY_REVIEW_PENDING	false
GSE261783	GSM8151756	CTCTCAGAGCTAATGA-1	Kmt2a	Kmt2a_Br_53969	Unstimulated	PROVISIONAL_KEEP_MANUAL_PHENOCOPY_REVIEW_PENDING	false
GSE261783	GSM8151756	GAGGCAACAAGTGGGT-1	Kmt2a	Kmt2a_Br_53969	Unstimulated	PROVISIONAL_KEEP_MANUAL_PHENOCOPY_REVIEW_PENDING	false
GSE261783	GSM8151756	GATGGAGTCCTCACTG-1	Kmt2a	Kmt2a_Br_53969	Unstimulated	PROVISIONAL_KEEP_MANUAL_PHENOCOPY_REVIEW_PENDING	false
GSE261783	GSM8151756	GATTTCTGTTCGTTCC-1	Kmt2a	Kmt2a_Br_53969	Unstimulated	PROVISIONAL_KEEP_MANUAL_PHENOCOPY_REVIEW_PENDING	false
GSE261783	GSM8151756	GTAACACGTCTCAAGT-1	Kmt2a	Kmt2a_Br_53969	Unstimulated	PROVISIONAL_KEEP_MANUAL_PHENOCOPY_REVIEW_PENDING	false
GSE261783	GSM8151756	GTAGAAATCATGAAAG-1	Kmt2a	Kmt2a_Br_53969	Unstimulated	PROVISIONAL_KEEP_MANUAL_PHENOCOPY_REVIEW_PENDING	false
GSE261783	GSM8151756	GTCGTAAGTCTTACTT-1	Kmt2a	Kmt2a_Br_53969	Unstimulated	PROVISIONAL_KEEP_MANUAL_PHENOCOPY_REVIEW_PENDING	false
GSE261783	GSM8151756	GTGCGTGAGTGGAAGA-1	Kmt2a	Kmt2a_Br_53969	Unstimulated	PROVISIONAL_KEEP_MANUAL_PHENOCOPY_REVIEW_PENDING	false
GSE261783	GSM8151756	TAACTTCTCTTACCAT-1	Kmt2a	Kmt2a_Br_53969	Unstimulated	PROVISIONAL_KEEP_MANUAL_PHENOCOPY_REVIEW_PENDING	false
GSE261783	GSM8151756	TATCTTGGTTGGATCT-1	Kmt2a	Kmt2a_Br_53969	Unstimulated	PROVISIONAL_KEEP_MANUAL_PHENOCOPY_REVIEW_PENDING	false
GSE261783	GSM8151756	TCACAAGCAGCATACT-1	Kmt2a	Kmt2a_Br_53969	Unstimulated	PROVISIONAL_KEEP_MANUAL_PHENOCOPY_REVIEW_PENDING	false
GSE261783	GSM8151756	TCCGATCAGAGTGTTA-1	Kmt2a	Kmt2a_Br_53969	Unstimulated	PROVISIONAL_KEEP_MANUAL_PHENOCOPY_REVIEW_PENDING	false
GSE261783	GSM8151756	TCGTGGGTCACACGAT-1	Kmt2a	Kmt2a_Br_53969	Unstimulated	PROVISIONAL_KEEP_MANUAL_PHENOCOPY_REVIEW_PENDING	false
GSE261783	GSM8151756	TCTACCGAGCGTCAAG-1	Kmt2a	Kmt2a_Br_53969	Unstimulated	PROVISIONAL_KEEP_MANUAL_PHENOCOPY_REVIEW_PENDING	false
GSE261783	GSM8151756	TCTTTGAGTCCGTTTC-1	Kmt2a	Kmt2a_Br_53969	Unstimulated	PROVISIONAL_KEEP_MANUAL_PHENOCOPY_REVIEW_PENDING	false
GSE261783	GSM8151756	TGCTCCAGTACAGCGA-1	Kmt2a	Kmt2a_Br_53969	Unstimulated	PROVISIONAL_KEEP_MANUAL_PHENOCOPY_REVIEW_PENDING	false
GSE261783	GSM8151756	TGGGAGACAATACCTG-1	Kmt2a	Kmt2a_Br_53969	Unstimulated	PROVISIONAL_KEEP_MANUAL_PHENOCOPY_REVIEW_PENDING	false
GSE261783	GSM8151756	TTAATCCCAGATAAAC-1	Kmt2a	Kmt2a_Br_53969	Unstimulated	PROVISIONAL_KEEP_MANUAL_PHENOCOPY_REVIEW_PENDING	false
GSE261783	GSM8151756	TTGGATGCACCGCTGA-1	Kmt2a	Kmt2a_Br_53969	Unstimulated	PROVISIONAL_KEEP_MANUAL_PHENOCOPY_REVIEW_PENDING	false
GSE261783	GSM8151756	TTGTTCAAGGCCTAAG-1	Kmt2a	Kmt2a_Br_53969	Unstimulated	PROVISIONAL_KEEP_MANUAL_PHENOCOPY_REVIEW_PENDING	false
GSE261783	GSM8151756	AACGGGATCTCGTGAA-1	ctrl	NTC_0005	Unstimulated	PROVISIONAL_KEEP_MANUAL_PHENOCOPY_REVIEW_PENDING	false
GSE261783	GSM8151756	AAGTCGTTCCGTCAAA-1	ctrl	NTC_0005	Unstimulated	PROVISIONAL_KEEP_MANUAL_PHENOCOPY_REVIEW_PENDING	false
GSE261783	GSM8151756	AATGGAAGTTCCCACT-1	ctrl	NTC_0005	Unstimulated	PROVISIONAL_KEEP_MANUAL_PHENOCOPY_REVIEW_PENDING	false
GSE261783	GSM8151756	AGGCTGCCAACAAAGT-1	ctrl	NTC_0005	Unstimulated	PROVISIONAL_KEEP_MANUAL_PHENOCOPY_REVIEW_PENDING	false
GSE261783	GSM8151756	ATCACTTAGCGAAACC-1	ctrl	NTC_0005	Unstimulated	PROVISIONAL_KEEP_MANUAL_PHENOCOPY_REVIEW_PENDING	false
GSE261783	GSM8151756	ATTCAGGCATACAGGG-1	ctrl	NTC_0005	Unstimulated	PROVISIONAL_KEEP_MANUAL_PHENOCOPY_REVIEW_PENDING	false
GSE261783	GSM8151756	CAGATTGTCGTAGCTA-1	ctrl	NTC_0005	Unstimulated	PROVISIONAL_KEEP_MANUAL_PHENOCOPY_REVIEW_PENDING	false
GSE261783	GSM8151756	CATGCTCGTAGATTAG-1	ctrl	NTC_0005	Unstimulated	PROVISIONAL_KEEP_MANUAL_PHENOCOPY_REVIEW_PENDING	false
GSE261783	GSM8151756	CATGGTAAGGAAGTGA-1	ctrl	NTC_0005	Unstimulated	PROVISIONAL_KEEP_MANUAL_PHENOCOPY_REVIEW_PENDING	false
GSE261783	GSM8151756	CCGAACGTCGTTACCC-1	ctrl	NTC_0005	Unstimulated	PROVISIONAL_KEEP_MANUAL_PHENOCOPY_REVIEW_PENDING	false
GSE261783	GSM8151756	CCTCTAGTCACCTACC-1	ctrl	NTC_0005	Unstimulated	PROVISIONAL_KEEP_MANUAL_PHENOCOPY_REVIEW_PENDING	false
GSE261783	GSM8151756	CTCATTACAATTTCTC-1	ctrl	NTC_0005	Unstimulated	PROVISIONAL_KEEP_MANUAL_PHENOCOPY_REVIEW_PENDING	false
GSE261783	GSM8151756	GAGACTTGTAGGAGGG-1	ctrl	NTC_0005	Unstimulated	PROVISIONAL_KEEP_MANUAL_PHENOCOPY_REVIEW_PENDING	false
GSE261783	GSM8151756	GAGTCTACAATGAAAC-1	ctrl	NTC_0005	Unstimulated	PROVISIONAL_KEEP_MANUAL_PHENOCOPY_REVIEW_PENDING	false
GSE261783	GSM8151756	GATGTTGTCAGCTAGT-1	ctrl	NTC_0005	Unstimulated	PROVISIONAL_KEEP_MANUAL_PHENOCOPY_REVIEW_PENDING	false
GSE261783	GSM8151756	GCATCTCAGGCCTTGC-1	ctrl	NTC_0005	Unstimulated	PROVISIONAL_KEEP_MANUAL_PHENOCOPY_REVIEW_PENDING	false
GSE261783	GSM8151756	GCGGATCAGTTGGAAT-1	ctrl	NTC_0005	Unstimulated	PROVISIONAL_KEEP_MANUAL_PHENOCOPY_REVIEW_PENDING	false
GSE261783	GSM8151756	GGAAGTGGTAGCGTTT-1	ctrl	NTC_0005	Unstimulated	PROVISIONAL_KEEP_MANUAL_PHENOCOPY_REVIEW_PENDING	false
GSE261783	GSM8151756	GGGTGTCCATCGCTGG-1	ctrl	NTC_0005	Unstimulated	PROVISIONAL_KEEP_MANUAL_PHENOCOPY_REVIEW_PENDING	false
GSE261783	GSM8151756	GTAGTACCAAGTTCGT-1	ctrl	NTC_0005	Unstimulated	PROVISIONAL_KEEP_MANUAL_PHENOCOPY_REVIEW_PENDING	false
GSE261783	GSM8151756	GTCACGGGTGAATGAT-1	ctrl	NTC_0005	Unstimulated	PROVISIONAL_KEEP_MANUAL_PHENOCOPY_REVIEW_PENDING	false
GSE261783	GSM8151756	GTCGCGACAGGCGAAT-1	ctrl	NTC_0005	Unstimulated	PROVISIONAL_KEEP_MANUAL_PHENOCOPY_REVIEW_PENDING	false
GSE261783	GSM8151756	GTGTGATGTGGGAGAG-1	ctrl	NTC_0005	Unstimulated	PROVISIONAL_KEEP_MANUAL_PHENOCOPY_REVIEW_PENDING	false
GSE261783	GSM8151756	GTTATGGAGCTTACGT-1	ctrl	NTC_0005	Unstimulated	PROVISIONAL_KEEP_MANUAL_PHENOCOPY_REVIEW_PENDING	false
GSE261783	GSM8151756	TACTTGTGTCAAGTTC-1	ctrl	NTC_0005	Unstimulated	PROVISIONAL_KEEP_MANUAL_PHENOCOPY_REVIEW_PENDING	false
GSE261783	GSM8151756	TAGGAGGAGCCGATAG-1	ctrl	NTC_0005	Unstimulated	PROVISIONAL_KEEP_MANUAL_PHENOCOPY_REVIEW_PENDING	false
GSE261783	GSM8151756	TCATTTGCAAATTGCC-1	ctrl	NTC_0005	Unstimulated	PROVISIONAL_KEEP_MANUAL_PHENOCOPY_REVIEW_PENDING	false
GSE261783	GSM8151756	TTGACCCGTGGACAGT-1	ctrl	NTC_0005	Unstimulated	PROVISIONAL_KEEP_MANUAL_PHENOCOPY_REVIEW_PENDING	false
GSE261783	GSM8151756	TTGAGTGAGGGCCCTT-1	ctrl	NTC_0005	Unstimulated	PROVISIONAL_KEEP_MANUAL_PHENOCOPY_REVIEW_PENDING	false
GSE261783	GSM8151756	TTTACGTAGACAAGCC-1	ctrl	NTC_0005	Unstimulated	PROVISIONAL_KEEP_MANUAL_PHENOCOPY_REVIEW_PENDING	false
GSE261783	GSM8151756	TTTATGCTCGGCATTA-1	ctrl	NTC_0005	Unstimulated	PROVISIONAL_KEEP_MANUAL_PHENOCOPY_REVIEW_PENDING	false
GSE261783	GSM8151756	AAAGAACTCATTACGG-1	ctrl	NTC_0006	Unstimulated	PROVISIONAL_KEEP_MANUAL_PHENOCOPY_REVIEW_PENDING	false
GSE261783	GSM8151756	AAAGGTACAAACGTGG-1	ctrl	NTC_0006	Unstimulated	PROVISIONAL_KEEP_MANUAL_PHENOCOPY_REVIEW_PENDING	false
GSE261783	GSM8151756	AAAGGTACAATCAAGA-1	ctrl	NTC_0006	Unstimulated	PROVISIONAL_KEEP_MANUAL_PHENOCOPY_REVIEW_PENDING	false
GSE261783	GSM8151756	AACGGGATCGACCATA-1	ctrl	NTC_0006	Unstimulated	PROVISIONAL_KEEP_MANUAL_PHENOCOPY_REVIEW_PENDING	false
GSE261783	GSM8151756	AAGCGAGCACAAATGA-1	ctrl	NTC_0006	Unstimulated	PROVISIONAL_KEEP_MANUAL_PHENOCOPY_REVIEW_PENDING	false
GSE261783	GSM8151756	AAGCGAGGTATGGTTC-1	ctrl	NTC_0006	Unstimulated	PROVISIONAL_KEEP_MANUAL_PHENOCOPY_REVIEW_PENDING	false
GSE261783	GSM8151756	AAGTACCTCTCTGAGA-1	ctrl	NTC_0006	Unstimulated	PROVISIONAL_KEEP_MANUAL_PHENOCOPY_REVIEW_PENDING	false
GSE261783	GSM8151756	AATGGCTTCGGCAGTC-1	ctrl	NTC_0006	Unstimulated	PROVISIONAL_KEEP_MANUAL_PHENOCOPY_REVIEW_PENDING	false
GSE261783	GSM8151756	ACGGGTCGTTGCCATA-1	ctrl	NTC_0006	Unstimulated	PROVISIONAL_KEEP_MANUAL_PHENOCOPY_REVIEW_PENDING	false
GSE261783	GSM8151756	ACGTAACCAGCAATTC-1	ctrl	NTC_0006	Unstimulated	PROVISIONAL_KEEP_MANUAL_PHENOCOPY_REVIEW_PENDING	false
GSE261783	GSM8151756	ACGTACAAGCTGACCC-1	ctrl	NTC_0006	Unstimulated	PROVISIONAL_KEEP_MANUAL_PHENOCOPY_REVIEW_PENDING	false
GSE261783	GSM8151756	AGCCAATAGTTACGAA-1	ctrl	NTC_0006	Unstimulated	PROVISIONAL_KEEP_MANUAL_PHENOCOPY_REVIEW_PENDING	false
GSE261783	GSM8151756	AGGCTGCAGGGTAATT-1	ctrl	NTC_0006	Unstimulated	PROVISIONAL_KEEP_MANUAL_PHENOCOPY_REVIEW_PENDING	false
GSE261783	GSM8151756	AGGGCCTCAAGACGGT-1	ctrl	NTC_0006	Unstimulated	PROVISIONAL_KEEP_MANUAL_PHENOCOPY_REVIEW_PENDING	false
GSE261783	GSM8151756	AGGTTACTCATCTACT-1	ctrl	NTC_0006	Unstimulated	PROVISIONAL_KEEP_MANUAL_PHENOCOPY_REVIEW_PENDING	false
GSE261783	GSM8151756	AGTTCCCAGCAACTTC-1	ctrl	NTC_0006	Unstimulated	PROVISIONAL_KEEP_MANUAL_PHENOCOPY_REVIEW_PENDING	false
GSE261783	GSM8151756	ATCGATGCAAGCGAGT-1	ctrl	NTC_0006	Unstimulated	PROVISIONAL_KEEP_MANUAL_PHENOCOPY_REVIEW_PENDING	false
GSE261783	GSM8151756	ATCGATGGTTCTCCTG-1	ctrl	NTC_0006	Unstimulated	PROVISIONAL_KEEP_MANUAL_PHENOCOPY_REVIEW_PENDING	false
GSE261783	GSM8151756	ATGCCTCGTTGTCAGT-1	ctrl	NTC_0006	Unstimulated	PROVISIONAL_KEEP_MANUAL_PHENOCOPY_REVIEW_PENDING	false
GSE261783	GSM8151756	ATTCCATAGATTAGAC-1	ctrl	NTC_0006	Unstimulated	PROVISIONAL_KEEP_MANUAL_PHENOCOPY_REVIEW_PENDING	false
GSE261783	GSM8151756	CAACGATTCAGACCCG-1	ctrl	NTC_0006	Unstimulated	PROVISIONAL_KEEP_MANUAL_PHENOCOPY_REVIEW_PENDING	false
GSE261783	GSM8151756	CAAGGGAGTCGTGCCA-1	ctrl	NTC_0006	Unstimulated	PROVISIONAL_KEEP_MANUAL_PHENOCOPY_REVIEW_PENDING	false
GSE261783	GSM8151756	CAATACGCAGCTACCG-1	ctrl	NTC_0006	Unstimulated	PROVISIONAL_KEEP_MANUAL_PHENOCOPY_REVIEW_PENDING	false
GSE261783	GSM8151756	CACATGATCGCTGACG-1	ctrl	NTC_0006	Unstimulated	PROVISIONAL_KEEP_MANUAL_PHENOCOPY_REVIEW_PENDING	false
GSE261783	GSM8151756	CAGGGCTAGCAACTCT-1	ctrl	NTC_0006	Unstimulated	PROVISIONAL_KEEP_MANUAL_PHENOCOPY_REVIEW_PENDING	false
GSE261783	GSM8151756	CATACAGAGATTTGCC-1	ctrl	NTC_0006	Unstimulated	PROVISIONAL_KEEP_MANUAL_PHENOCOPY_REVIEW_PENDING	false
GSE261783	GSM8151756	CATGCTCTCCCTGTTG-1	ctrl	NTC_0006	Unstimulated	PROVISIONAL_KEEP_MANUAL_PHENOCOPY_REVIEW_PENDING	false
GSE261783	GSM8151756	CATTCATCAACCACGC-1	ctrl	NTC_0006	Unstimulated	PROVISIONAL_KEEP_MANUAL_PHENOCOPY_REVIEW_PENDING	false
GSE261783	GSM8151756	CCACGTTGTCTCTCCA-1	ctrl	NTC_0006	Unstimulated	PROVISIONAL_KEEP_MANUAL_PHENOCOPY_REVIEW_PENDING	false
GSE261783	GSM8151756	CCCTCAACACCCATAA-1	ctrl	NTC_0006	Unstimulated	PROVISIONAL_KEEP_MANUAL_PHENOCOPY_REVIEW_PENDING	false
GSE261783	GSM8151756	CCTAACCGTGCCTACG-1	ctrl	NTC_0006	Unstimulated	PROVISIONAL_KEEP_MANUAL_PHENOCOPY_REVIEW_PENDING	false
GSE261783	GSM8151756	CCTTCAGCAGGTCAGA-1	ctrl	NTC_0006	Unstimulated	PROVISIONAL_KEEP_MANUAL_PHENOCOPY_REVIEW_PENDING	false
GSE261783	GSM8151756	CCTTCAGTCCGTGGCA-1	ctrl	NTC_0006	Unstimulated	PROVISIONAL_KEEP_MANUAL_PHENOCOPY_REVIEW_PENDING	false
GSE261783	GSM8151756	CGAGTTAAGTCTAACC-1	ctrl	NTC_0006	Unstimulated	PROVISIONAL_KEEP_MANUAL_PHENOCOPY_REVIEW_PENDING	false
GSE261783	GSM8151756	CGAGTTATCTCAATCT-1	ctrl	NTC_0006	Unstimulated	PROVISIONAL_KEEP_MANUAL_PHENOCOPY_REVIEW_PENDING	false
GSE261783	GSM8151756	CGGAATTTCAGCCTCT-1	ctrl	NTC_0006	Unstimulated	PROVISIONAL_KEEP_MANUAL_PHENOCOPY_REVIEW_PENDING	false
GSE261783	GSM8151756	CGTGAATGTATTGAGA-1	ctrl	NTC_0006	Unstimulated	PROVISIONAL_KEEP_MANUAL_PHENOCOPY_REVIEW_PENDING	false
GSE261783	GSM8151756	CTCCTCCGTTAAACCC-1	ctrl	NTC_0006	Unstimulated	PROVISIONAL_KEEP_MANUAL_PHENOCOPY_REVIEW_PENDING	false
GSE261783	GSM8151756	CTTCTCTAGGTCCTGC-1	ctrl	NTC_0006	Unstimulated	PROVISIONAL_KEEP_MANUAL_PHENOCOPY_REVIEW_PENDING	false
GSE261783	GSM8151756	CTTGAGACACGGGCTT-1	ctrl	NTC_0006	Unstimulated	PROVISIONAL_KEEP_MANUAL_PHENOCOPY_REVIEW_PENDING	false
GSE261783	GSM8151756	GAAGCGAAGGTTCACT-1	ctrl	NTC_0006	Unstimulated	PROVISIONAL_KEEP_MANUAL_PHENOCOPY_REVIEW_PENDING	false
GSE261783	GSM8151756	GACCTTCAGTTGCATC-1	ctrl	NTC_0006	Unstimulated	PROVISIONAL_KEEP_MANUAL_PHENOCOPY_REVIEW_PENDING	false
GSE261783	GSM8151756	GACTCTCTCACAGTGT-1	ctrl	NTC_0006	Unstimulated	PROVISIONAL_KEEP_MANUAL_PHENOCOPY_REVIEW_PENDING	false
GSE261783	GSM8151756	GACTTCCCAACTGAAA-1	ctrl	NTC_0006	Unstimulated	PROVISIONAL_KEEP_MANUAL_PHENOCOPY_REVIEW_PENDING	false
GSE261783	GSM8151756	GAGACTTCACTACCGG-1	ctrl	NTC_0006	Unstimulated	PROVISIONAL_KEEP_MANUAL_PHENOCOPY_REVIEW_PENDING	false
GSE261783	GSM8151756	GAGCCTGCATAGGAGC-1	ctrl	NTC_0006	Unstimulated	PROVISIONAL_KEEP_MANUAL_PHENOCOPY_REVIEW_PENDING	false
GSE261783	GSM8151756	GATCATGAGACCTTTG-1	ctrl	NTC_0006	Unstimulated	PROVISIONAL_KEEP_MANUAL_PHENOCOPY_REVIEW_PENDING	false
GSE261783	GSM8151756	GCACGTGGTGAGCAGT-1	ctrl	NTC_0006	Unstimulated	PROVISIONAL_KEEP_MANUAL_PHENOCOPY_REVIEW_PENDING	false
GSE261783	GSM8151756	GCGATCGTCGCCAACG-1	ctrl	NTC_0006	Unstimulated	PROVISIONAL_KEEP_MANUAL_PHENOCOPY_REVIEW_PENDING	false
GSE261783	GSM8151756	GCGGAAATCCGCTGTT-1	ctrl	NTC_0006	Unstimulated	PROVISIONAL_KEEP_MANUAL_PHENOCOPY_REVIEW_PENDING	false
GSE261783	GSM8151756	GCTACAACACGATTCA-1	ctrl	NTC_0006	Unstimulated	PROVISIONAL_KEEP_MANUAL_PHENOCOPY_REVIEW_PENDING	false
GSE261783	GSM8151756	GCTACCTCATGATCTG-1	ctrl	NTC_0006	Unstimulated	PROVISIONAL_KEEP_MANUAL_PHENOCOPY_REVIEW_PENDING	false
GSE261783	GSM8151756	GGAACCCGTGTTACAC-1	ctrl	NTC_0006	Unstimulated	PROVISIONAL_KEEP_MANUAL_PHENOCOPY_REVIEW_PENDING	false
GSE261783	GSM8151756	GGAGAACCATAATGCC-1	ctrl	NTC_0006	Unstimulated	PROVISIONAL_KEEP_MANUAL_PHENOCOPY_REVIEW_PENDING	false
GSE261783	GSM8151756	GGCTGTGCAATTGGTC-1	ctrl	NTC_0006	Unstimulated	PROVISIONAL_KEEP_MANUAL_PHENOCOPY_REVIEW_PENDING	false
GSE261783	GSM8151756	GGCTGTGCAGACCAGA-1	ctrl	NTC_0006	Unstimulated	PROVISIONAL_KEEP_MANUAL_PHENOCOPY_REVIEW_PENDING	false
GSE261783	GSM8151756	GGGAAGTTCGTACCTC-1	ctrl	NTC_0006	Unstimulated	PROVISIONAL_KEEP_MANUAL_PHENOCOPY_REVIEW_PENDING	false
GSE261783	GSM8151756	GGTGATTAGAGCACTG-1	ctrl	NTC_0006	Unstimulated	PROVISIONAL_KEEP_MANUAL_PHENOCOPY_REVIEW_PENDING	false
GSE261783	GSM8151756	GTCTGTCTCACGGTCG-1	ctrl	NTC_0006	Unstimulated	PROVISIONAL_KEEP_MANUAL_PHENOCOPY_REVIEW_PENDING	false
GSE261783	GSM8151756	GTTCTATTCAAGTGTC-1	ctrl	NTC_0006	Unstimulated	PROVISIONAL_KEEP_MANUAL_PHENOCOPY_REVIEW_PENDING	false
GSE261783	GSM8151756	GTTGTCCTCGCACTCT-1	ctrl	NTC_0006	Unstimulated	PROVISIONAL_KEEP_MANUAL_PHENOCOPY_REVIEW_PENDING	false
GSE261783	GSM8151756	TACCCACAGACTACGG-1	ctrl	NTC_0006	Unstimulated	PROVISIONAL_KEEP_MANUAL_PHENOCOPY_REVIEW_PENDING	false
GSE261783	GSM8151756	TACGGTAGTACCGGCT-1	ctrl	NTC_0006	Unstimulated	PROVISIONAL_KEEP_MANUAL_PHENOCOPY_REVIEW_PENDING	false
GSE261783	GSM8151756	TATACCTGTATCACCA-1	ctrl	NTC_0006	Unstimulated	PROVISIONAL_KEEP_MANUAL_PHENOCOPY_REVIEW_PENDING	false
GSE261783	GSM8151756	TATATCCGTGCTGTCG-1	ctrl	NTC_0006	Unstimulated	PROVISIONAL_KEEP_MANUAL_PHENOCOPY_REVIEW_PENDING	false
GSE261783	GSM8151756	TCACACCGTCCTTAAG-1	ctrl	NTC_0006	Unstimulated	PROVISIONAL_KEEP_MANUAL_PHENOCOPY_REVIEW_PENDING	false
GSE261783	GSM8151756	TCACTCGCATCAGCGC-1	ctrl	NTC_0006	Unstimulated	PROVISIONAL_KEEP_MANUAL_PHENOCOPY_REVIEW_PENDING	false
GSE261783	GSM8151756	TCAGTTTAGTACGAGC-1	ctrl	NTC_0006	Unstimulated	PROVISIONAL_KEEP_MANUAL_PHENOCOPY_REVIEW_PENDING	false
GSE261783	GSM8151756	TCCTAATCATCTTTCA-1	ctrl	NTC_0006	Unstimulated	PROVISIONAL_KEEP_MANUAL_PHENOCOPY_REVIEW_PENDING	false
GSE261783	GSM8151756	TCGAAGTGTTCTCCTG-1	ctrl	NTC_0006	Unstimulated	PROVISIONAL_KEEP_MANUAL_PHENOCOPY_REVIEW_PENDING	false
GSE261783	GSM8151756	TCGCAGGGTGACTGAG-1	ctrl	NTC_0006	Unstimulated	PROVISIONAL_KEEP_MANUAL_PHENOCOPY_REVIEW_PENDING	false
GSE261783	GSM8151756	TCGTGCTAGCTGTACT-1	ctrl	NTC_0006	Unstimulated	PROVISIONAL_KEEP_MANUAL_PHENOCOPY_REVIEW_PENDING	false
GSE261783	GSM8151756	TCTACATTCAACACCA-1	ctrl	NTC_0006	Unstimulated	PROVISIONAL_KEEP_MANUAL_PHENOCOPY_REVIEW_PENDING	false
GSE261783	GSM8151756	TCTCAGCTCGTGGGTC-1	ctrl	NTC_0006	Unstimulated	PROVISIONAL_KEEP_MANUAL_PHENOCOPY_REVIEW_PENDING	false
GSE261783	GSM8151756	TCTGTCGGTGGCTGCT-1	ctrl	NTC_0006	Unstimulated	PROVISIONAL_KEEP_MANUAL_PHENOCOPY_REVIEW_PENDING	false
GSE261783	GSM8151756	TGCGGGTAGAGTATAC-1	ctrl	NTC_0006	Unstimulated	PROVISIONAL_KEEP_MANUAL_PHENOCOPY_REVIEW_PENDING	false
GSE261783	GSM8151756	TGTCAGACATGAAGCG-1	ctrl	NTC_0006	Unstimulated	PROVISIONAL_KEEP_MANUAL_PHENOCOPY_REVIEW_PENDING	false
GSE261783	GSM8151756	TGTTCTAGTAGGATAT-1	ctrl	NTC_0006	Unstimulated	PROVISIONAL_KEEP_MANUAL_PHENOCOPY_REVIEW_PENDING	false
GSE261783	GSM8151756	TGTTCTATCTCCACTG-1	ctrl	NTC_0006	Unstimulated	PROVISIONAL_KEEP_MANUAL_PHENOCOPY_REVIEW_PENDING	false
GSE261783	GSM8151756	TTCACGCAGCTAAACA-1	ctrl	NTC_0006	Unstimulated	PROVISIONAL_KEEP_MANUAL_PHENOCOPY_REVIEW_PENDING	false
GSE261783	GSM8151756	TTCTAGTGTCGCGTTG-1	ctrl	NTC_0006	Unstimulated	PROVISIONAL_KEEP_MANUAL_PHENOCOPY_REVIEW_PENDING	false
GSE261783	GSM8151756	TTGGTTTGTCGTTTCC-1	ctrl	NTC_0006	Unstimulated	PROVISIONAL_KEEP_MANUAL_PHENOCOPY_REVIEW_PENDING	false
GSE261783	GSM8151756	TTTCAGTGTGTCCCTT-1	ctrl	NTC_0006	Unstimulated	PROVISIONAL_KEEP_MANUAL_PHENOCOPY_REVIEW_PENDING	false
GSE261783	GSM8151756	TTTCATGAGGTTCACT-1	ctrl	NTC_0006	Unstimulated	PROVISIONAL_KEEP_MANUAL_PHENOCOPY_REVIEW_PENDING	false
GSE261783	GSM8151756	TTTCATGCATCCTATT-1	ctrl	NTC_0006	Unstimulated	PROVISIONAL_KEEP_MANUAL_PHENOCOPY_REVIEW_PENDING	false
GSE261783	GSM8151756	TTTCCTCGTCACTCTC-1	ctrl	NTC_0006	Unstimulated	PROVISIONAL_KEEP_MANUAL_PHENOCOPY_REVIEW_PENDING	false
GSE261783	GSM8151756	TTTGTTGCACGAAGAC-1	ctrl	NTC_0006	Unstimulated	PROVISIONAL_KEEP_MANUAL_PHENOCOPY_REVIEW_PENDING	false
GSE261783	GSM8151756	AAGAACAAGTGCTCAT-1	Paxip1	Paxip1_As_28665	Unstimulated	PROVISIONAL_KEEP_MANUAL_PHENOCOPY_REVIEW_PENDING	false
GSE261783	GSM8151756	AAGCCATTCTCTCTTC-1	Paxip1	Paxip1_As_28665	Unstimulated	PROVISIONAL_KEEP_MANUAL_PHENOCOPY_REVIEW_PENDING	false
GSE261783	GSM8151756	AATCGACCATGTACGT-1	Paxip1	Paxip1_As_28665	Unstimulated	PROVISIONAL_KEEP_MANUAL_PHENOCOPY_REVIEW_PENDING	false
GSE261783	GSM8151756	AATTCCTCAGGCTCTG-1	Paxip1	Paxip1_As_28665	Unstimulated	PROVISIONAL_KEEP_MANUAL_PHENOCOPY_REVIEW_PENDING	false
GSE261783	GSM8151756	AATTCCTCAGTGAGCA-1	Paxip1	Paxip1_As_28665	Unstimulated	PROVISIONAL_KEEP_MANUAL_PHENOCOPY_REVIEW_PENDING	false
GSE261783	GSM8151756	ACAAAGATCCATTGTT-1	Paxip1	Paxip1_As_28665	Unstimulated	PROVISIONAL_KEEP_MANUAL_PHENOCOPY_REVIEW_PENDING	false
GSE261783	GSM8151756	ACGGAAGTCTGTCGTC-1	Paxip1	Paxip1_As_28665	Unstimulated	PROVISIONAL_KEEP_MANUAL_PHENOCOPY_REVIEW_PENDING	false
GSE261783	GSM8151756	ACGGTTAAGATGACCG-1	Paxip1	Paxip1_As_28665	Unstimulated	PROVISIONAL_KEEP_MANUAL_PHENOCOPY_REVIEW_PENDING	false
GSE261783	GSM8151756	AGAAGCGCAACCAGAG-1	Paxip1	Paxip1_As_28665	Unstimulated	PROVISIONAL_KEEP_MANUAL_PHENOCOPY_REVIEW_PENDING	false
GSE261783	GSM8151756	AGACAAAGTTACACAC-1	Paxip1	Paxip1_As_28665	Unstimulated	PROVISIONAL_KEEP_MANUAL_PHENOCOPY_REVIEW_PENDING	false
GSE261783	GSM8151756	AGCCAGCCACCGTGCA-1	Paxip1	Paxip1_As_28665	Unstimulated	PROVISIONAL_KEEP_MANUAL_PHENOCOPY_REVIEW_PENDING	false
GSE261783	GSM8151756	ATACTTCCACCCTGTT-1	Paxip1	Paxip1_As_28665	Unstimulated	PROVISIONAL_KEEP_MANUAL_PHENOCOPY_REVIEW_PENDING	false
GSE261783	GSM8151756	ATGAGGGTCATGAGAA-1	Paxip1	Paxip1_As_28665	Unstimulated	PROVISIONAL_KEEP_MANUAL_PHENOCOPY_REVIEW_PENDING	false
GSE261783	GSM8151756	ATGATCGAGAAACCAT-1	Paxip1	Paxip1_As_28665	Unstimulated	PROVISIONAL_KEEP_MANUAL_PHENOCOPY_REVIEW_PENDING	false
GSE261783	GSM8151756	CACGTTCTCCACATAG-1	Paxip1	Paxip1_As_28665	Unstimulated	PROVISIONAL_KEEP_MANUAL_PHENOCOPY_REVIEW_PENDING	false
GSE261783	GSM8151756	CAGAGCCAGCACTAGG-1	Paxip1	Paxip1_As_28665	Unstimulated	PROVISIONAL_KEEP_MANUAL_PHENOCOPY_REVIEW_PENDING	false
GSE261783	GSM8151756	CATTCCGGTGCGTGCT-1	Paxip1	Paxip1_As_28665	Unstimulated	PROVISIONAL_KEEP_MANUAL_PHENOCOPY_REVIEW_PENDING	false
GSE261783	GSM8151756	CCGTGAGAGTCACGAG-1	Paxip1	Paxip1_As_28665	Unstimulated	PROVISIONAL_KEEP_MANUAL_PHENOCOPY_REVIEW_PENDING	false
GSE261783	GSM8151756	CCTCTAGCAACGGGTA-1	Paxip1	Paxip1_As_28665	Unstimulated	PROVISIONAL_KEEP_MANUAL_PHENOCOPY_REVIEW_PENDING	false
GSE261783	GSM8151756	CGGAACCAGGTCCCTG-1	Paxip1	Paxip1_As_28665	Unstimulated	PROVISIONAL_KEEP_MANUAL_PHENOCOPY_REVIEW_PENDING	false
GSE261783	GSM8151756	CGGGTGTTCTGAACGT-1	Paxip1	Paxip1_As_28665	Unstimulated	PROVISIONAL_KEEP_MANUAL_PHENOCOPY_REVIEW_PENDING	false
GSE261783	GSM8151756	CTATCCGAGTAGAGTT-1	Paxip1	Paxip1_As_28665	Unstimulated	PROVISIONAL_KEEP_MANUAL_PHENOCOPY_REVIEW_PENDING	false
GSE261783	GSM8151756	CTATCCGTCCATCCGT-1	Paxip1	Paxip1_As_28665	Unstimulated	PROVISIONAL_KEEP_MANUAL_PHENOCOPY_REVIEW_PENDING	false
GSE261783	GSM8151756	CTGCTCAAGCGTACAG-1	Paxip1	Paxip1_As_28665	Unstimulated	PROVISIONAL_KEEP_MANUAL_PHENOCOPY_REVIEW_PENDING	false
GSE261783	GSM8151756	CTGGTCTAGGTCATAA-1	Paxip1	Paxip1_As_28665	Unstimulated	PROVISIONAL_KEEP_MANUAL_PHENOCOPY_REVIEW_PENDING	false
GSE261783	GSM8151756	CTTGAGAGTACTCCGG-1	Paxip1	Paxip1_As_28665	Unstimulated	PROVISIONAL_KEEP_MANUAL_PHENOCOPY_REVIEW_PENDING	false
GSE261783	GSM8151756	GAAGCGAGTCACTGAT-1	Paxip1	Paxip1_As_28665	Unstimulated	PROVISIONAL_KEEP_MANUAL_PHENOCOPY_REVIEW_PENDING	false
GSE261783	GSM8151756	GAAGGACTCCATTTGT-1	Paxip1	Paxip1_As_28665	Unstimulated	PROVISIONAL_KEEP_MANUAL_PHENOCOPY_REVIEW_PENDING	false
GSE261783	GSM8151756	GAAGTAAAGCGCCGTT-1	Paxip1	Paxip1_As_28665	Unstimulated	PROVISIONAL_KEEP_MANUAL_PHENOCOPY_REVIEW_PENDING	false
GSE261783	GSM8151756	GACTATGTCCTGCTAC-1	Paxip1	Paxip1_As_28665	Unstimulated	PROVISIONAL_KEEP_MANUAL_PHENOCOPY_REVIEW_PENDING	false
GSE261783	GSM8151756	GAGGCAAAGAATCTAG-1	Paxip1	Paxip1_As_28665	Unstimulated	PROVISIONAL_KEEP_MANUAL_PHENOCOPY_REVIEW_PENDING	false
GSE261783	GSM8151756	GCAGCTGCATCTCGTC-1	Paxip1	Paxip1_As_28665	Unstimulated	PROVISIONAL_KEEP_MANUAL_PHENOCOPY_REVIEW_PENDING	false
GSE261783	GSM8151756	GCCAACGGTACTGTTG-1	Paxip1	Paxip1_As_28665	Unstimulated	PROVISIONAL_KEEP_MANUAL_PHENOCOPY_REVIEW_PENDING	false
GSE261783	GSM8151756	GCTACCTTCTAGAGCT-1	Paxip1	Paxip1_As_28665	Unstimulated	PROVISIONAL_KEEP_MANUAL_PHENOCOPY_REVIEW_PENDING	false
GSE261783	GSM8151756	GGAGCAACATCAGCGC-1	Paxip1	Paxip1_As_28665	Unstimulated	PROVISIONAL_KEEP_MANUAL_PHENOCOPY_REVIEW_PENDING	false
GSE261783	GSM8151756	GGATGTTTCGAACGGA-1	Paxip1	Paxip1_As_28665	Unstimulated	PROVISIONAL_KEEP_MANUAL_PHENOCOPY_REVIEW_PENDING	false
GSE261783	GSM8151756	GGGAAGTTCTGCTTTA-1	Paxip1	Paxip1_As_28665	Unstimulated	PROVISIONAL_KEEP_MANUAL_PHENOCOPY_REVIEW_PENDING	false
GSE261783	GSM8151756	GGGCTACAGCTCATAC-1	Paxip1	Paxip1_As_28665	Unstimulated	PROVISIONAL_KEEP_MANUAL_PHENOCOPY_REVIEW_PENDING	false
GSE261783	GSM8151756	GTACAACTCGTTGTTT-1	Paxip1	Paxip1_As_28665	Unstimulated	PROVISIONAL_KEEP_MANUAL_PHENOCOPY_REVIEW_PENDING	false
GSE261783	GSM8151756	GTAGTACAGCTTACGT-1	Paxip1	Paxip1_As_28665	Unstimulated	PROVISIONAL_KEEP_MANUAL_PHENOCOPY_REVIEW_PENDING	false
GSE261783	GSM8151756	GTCTAGATCGCTAAAC-1	Paxip1	Paxip1_As_28665	Unstimulated	PROVISIONAL_KEEP_MANUAL_PHENOCOPY_REVIEW_PENDING	false
GSE261783	GSM8151756	GTGGTTATCGGCCTTT-1	Paxip1	Paxip1_As_28665	Unstimulated	PROVISIONAL_KEEP_MANUAL_PHENOCOPY_REVIEW_PENDING	false
GSE261783	GSM8151756	GTTTGGAAGTCTCTGA-1	Paxip1	Paxip1_As_28665	Unstimulated	PROVISIONAL_KEEP_MANUAL_PHENOCOPY_REVIEW_PENDING	false
GSE261783	GSM8151756	TACCCACGTGAATAAC-1	Paxip1	Paxip1_As_28665	Unstimulated	PROVISIONAL_KEEP_MANUAL_PHENOCOPY_REVIEW_PENDING	false
GSE261783	GSM8151756	TATTGCTTCACGGGAA-1	Paxip1	Paxip1_As_28665	Unstimulated	PROVISIONAL_KEEP_MANUAL_PHENOCOPY_REVIEW_PENDING	false
GSE261783	GSM8151756	TCAATCTAGTCTCGTA-1	Paxip1	Paxip1_As_28665	Unstimulated	PROVISIONAL_KEEP_MANUAL_PHENOCOPY_REVIEW_PENDING	false
GSE261783	GSM8151756	TCATTACTCGAGTTGT-1	Paxip1	Paxip1_As_28665	Unstimulated	PROVISIONAL_KEEP_MANUAL_PHENOCOPY_REVIEW_PENDING	false
GSE261783	GSM8151756	TCCGGGAAGACGCTCC-1	Paxip1	Paxip1_As_28665	Unstimulated	PROVISIONAL_KEEP_MANUAL_PHENOCOPY_REVIEW_PENDING	false
GSE261783	GSM8151756	TCCTCTTGTTAGCGGA-1	Paxip1	Paxip1_As_28665	Unstimulated	PROVISIONAL_KEEP_MANUAL_PHENOCOPY_REVIEW_PENDING	false
GSE261783	GSM8151756	TCGGGTGTCAGAGTGG-1	Paxip1	Paxip1_As_28665	Unstimulated	PROVISIONAL_KEEP_MANUAL_PHENOCOPY_REVIEW_PENDING	false
GSE261783	GSM8151756	TCTCTGGCACTACCCT-1	Paxip1	Paxip1_As_28665	Unstimulated	PROVISIONAL_KEEP_MANUAL_PHENOCOPY_REVIEW_PENDING	false
GSE261783	GSM8151756	TGAACGTAGCCGGATA-1	Paxip1	Paxip1_As_28665	Unstimulated	PROVISIONAL_KEEP_MANUAL_PHENOCOPY_REVIEW_PENDING	false
GSE261783	GSM8151756	TGATCAGTCGGCAGTC-1	Paxip1	Paxip1_As_28665	Unstimulated	PROVISIONAL_KEEP_MANUAL_PHENOCOPY_REVIEW_PENDING	false
GSE261783	GSM8151756	TGCTTGCTCGTAGGAG-1	Paxip1	Paxip1_As_28665	Unstimulated	PROVISIONAL_KEEP_MANUAL_PHENOCOPY_REVIEW_PENDING	false
GSE261783	GSM8151756	TGTCCCAAGTAAGCAT-1	Paxip1	Paxip1_As_28665	Unstimulated	PROVISIONAL_KEEP_MANUAL_PHENOCOPY_REVIEW_PENDING	false
GSE261783	GSM8151756	TTACCATCAATCCTTT-1	Paxip1	Paxip1_As_28665	Unstimulated	PROVISIONAL_KEEP_MANUAL_PHENOCOPY_REVIEW_PENDING	false
GSE261783	GSM8151756	TTACCGCTCATGAGTC-1	Paxip1	Paxip1_As_28665	Unstimulated	PROVISIONAL_KEEP_MANUAL_PHENOCOPY_REVIEW_PENDING	false
GSE261783	GSM8151756	TTCAGGACAAAGGAGA-1	Paxip1	Paxip1_As_28665	Unstimulated	PROVISIONAL_KEEP_MANUAL_PHENOCOPY_REVIEW_PENDING	false
GSE261783	GSM8151756	TTTGTTGCATCGGCCA-1	Paxip1	Paxip1_As_28665	Unstimulated	PROVISIONAL_KEEP_MANUAL_PHENOCOPY_REVIEW_PENDING	false
GSE261783	GSM8151756	AAAGGATCAATCTGCA-1	Paxip1	Paxip1_As_28666	Unstimulated	PROVISIONAL_KEEP_MANUAL_PHENOCOPY_REVIEW_PENDING	false
GSE261783	GSM8151756	AACAAGAAGCTGGCTC-1	Paxip1	Paxip1_As_28666	Unstimulated	PROVISIONAL_KEEP_MANUAL_PHENOCOPY_REVIEW_PENDING	false
GSE261783	GSM8151756	AAGCCATAGTAACAGT-1	Paxip1	Paxip1_As_28666	Unstimulated	PROVISIONAL_KEEP_MANUAL_PHENOCOPY_REVIEW_PENDING	false
GSE261783	GSM8151756	AAGGTAATCTTGAACG-1	Paxip1	Paxip1_As_28666	Unstimulated	PROVISIONAL_KEEP_MANUAL_PHENOCOPY_REVIEW_PENDING	false
GSE261783	GSM8151756	AAGTACCCAGCCGGTT-1	Paxip1	Paxip1_As_28666	Unstimulated	PROVISIONAL_KEEP_MANUAL_PHENOCOPY_REVIEW_PENDING	false
GSE261783	GSM8151756	AATGACCGTACCGCGT-1	Paxip1	Paxip1_As_28666	Unstimulated	PROVISIONAL_KEEP_MANUAL_PHENOCOPY_REVIEW_PENDING	false
GSE261783	GSM8151756	ACAAAGAGTGGTCAAG-1	Paxip1	Paxip1_As_28666	Unstimulated	PROVISIONAL_KEEP_MANUAL_PHENOCOPY_REVIEW_PENDING	false
GSE261783	GSM8151756	ACACCAAGTCAATCTG-1	Paxip1	Paxip1_As_28666	Unstimulated	PROVISIONAL_KEEP_MANUAL_PHENOCOPY_REVIEW_PENDING	false
GSE261783	GSM8151756	ACTATGGCATAGAATG-1	Paxip1	Paxip1_As_28666	Unstimulated	PROVISIONAL_KEEP_MANUAL_PHENOCOPY_REVIEW_PENDING	false
GSE261783	GSM8151756	AGTGTTGGTCAACCTA-1	Paxip1	Paxip1_As_28666	Unstimulated	PROVISIONAL_KEEP_MANUAL_PHENOCOPY_REVIEW_PENDING	false
GSE261783	GSM8151756	ATAGACCTCGCTTACC-1	Paxip1	Paxip1_As_28666	Unstimulated	PROVISIONAL_KEEP_MANUAL_PHENOCOPY_REVIEW_PENDING	false
GSE261783	GSM8151756	ATAGAGACATCTTAGG-1	Paxip1	Paxip1_As_28666	Unstimulated	PROVISIONAL_KEEP_MANUAL_PHENOCOPY_REVIEW_PENDING	false
GSE261783	GSM8151756	ATCACAGGTATTGAGA-1	Paxip1	Paxip1_As_28666	Unstimulated	PROVISIONAL_KEEP_MANUAL_PHENOCOPY_REVIEW_PENDING	false
GSE261783	GSM8151756	ATCCATTGTTGCACGC-1	Paxip1	Paxip1_As_28666	Unstimulated	PROVISIONAL_KEEP_MANUAL_PHENOCOPY_REVIEW_PENDING	false
GSE261783	GSM8151756	ATCCCTGAGAATCCCT-1	Paxip1	Paxip1_As_28666	Unstimulated	PROVISIONAL_KEEP_MANUAL_PHENOCOPY_REVIEW_PENDING	false
GSE261783	GSM8151756	CACCGTTCATGATCTG-1	Paxip1	Paxip1_As_28666	Unstimulated	PROVISIONAL_KEEP_MANUAL_PHENOCOPY_REVIEW_PENDING	false
GSE261783	GSM8151756	CATCGGGTCGTCCTCA-1	Paxip1	Paxip1_As_28666	Unstimulated	PROVISIONAL_KEEP_MANUAL_PHENOCOPY_REVIEW_PENDING	false
GSE261783	GSM8151756	CATGGTAAGCTCGTGC-1	Paxip1	Paxip1_As_28666	Unstimulated	PROVISIONAL_KEEP_MANUAL_PHENOCOPY_REVIEW_PENDING	false
GSE261783	GSM8151756	CATTCATGTTGTTGCA-1	Paxip1	Paxip1_As_28666	Unstimulated	PROVISIONAL_KEEP_MANUAL_PHENOCOPY_REVIEW_PENDING	false
GSE261783	GSM8151756	CATTCCGAGGAGTATT-1	Paxip1	Paxip1_As_28666	Unstimulated	PROVISIONAL_KEEP_MANUAL_PHENOCOPY_REVIEW_PENDING	false
GSE261783	GSM8151756	CCATCACAGATGTTGA-1	Paxip1	Paxip1_As_28666	Unstimulated	PROVISIONAL_KEEP_MANUAL_PHENOCOPY_REVIEW_PENDING	false
GSE261783	GSM8151756	CCCTGATGTACGATTC-1	Paxip1	Paxip1_As_28666	Unstimulated	PROVISIONAL_KEEP_MANUAL_PHENOCOPY_REVIEW_PENDING	false
GSE261783	GSM8151756	CCGGTAGAGAACAGGA-1	Paxip1	Paxip1_As_28666	Unstimulated	PROVISIONAL_KEEP_MANUAL_PHENOCOPY_REVIEW_PENDING	false
GSE261783	GSM8151756	CGCCATTAGCTGAGTG-1	Paxip1	Paxip1_As_28666	Unstimulated	PROVISIONAL_KEEP_MANUAL_PHENOCOPY_REVIEW_PENDING	false
GSE261783	GSM8151756	CGTTAGACAGTTGTTG-1	Paxip1	Paxip1_As_28666	Unstimulated	PROVISIONAL_KEEP_MANUAL_PHENOCOPY_REVIEW_PENDING	false
GSE261783	GSM8151756	CTACAGATCCATGATG-1	Paxip1	Paxip1_As_28666	Unstimulated	PROVISIONAL_KEEP_MANUAL_PHENOCOPY_REVIEW_PENDING	false
GSE261783	GSM8151756	CTCAGGGAGACAACTA-1	Paxip1	Paxip1_As_28666	Unstimulated	PROVISIONAL_KEEP_MANUAL_PHENOCOPY_REVIEW_PENDING	false
GSE261783	GSM8151756	GAACGTTTCATTCACT-1	Paxip1	Paxip1_As_28666	Unstimulated	PROVISIONAL_KEEP_MANUAL_PHENOCOPY_REVIEW_PENDING	false
GSE261783	GSM8151756	GAAGGACAGGGCGAGA-1	Paxip1	Paxip1_As_28666	Unstimulated	PROVISIONAL_KEEP_MANUAL_PHENOCOPY_REVIEW_PENDING	false
GSE261783	GSM8151756	GAAGTAACACAAATCC-1	Paxip1	Paxip1_As_28666	Unstimulated	PROVISIONAL_KEEP_MANUAL_PHENOCOPY_REVIEW_PENDING	false
GSE261783	GSM8151756	GAATAGATCTCTCCGA-1	Paxip1	Paxip1_As_28666	Unstimulated	PROVISIONAL_KEEP_MANUAL_PHENOCOPY_REVIEW_PENDING	false
GSE261783	GSM8151756	GAGTGTTCACAAGTTC-1	Paxip1	Paxip1_As_28666	Unstimulated	PROVISIONAL_KEEP_MANUAL_PHENOCOPY_REVIEW_PENDING	false
GSE261783	GSM8151756	GCATGATCAGTAGGAC-1	Paxip1	Paxip1_As_28666	Unstimulated	PROVISIONAL_KEEP_MANUAL_PHENOCOPY_REVIEW_PENDING	false
GSE261783	GSM8151756	GGGCGTTTCCAGTGCG-1	Paxip1	Paxip1_As_28666	Unstimulated	PROVISIONAL_KEEP_MANUAL_PHENOCOPY_REVIEW_PENDING	false
GSE261783	GSM8151756	GGGTGTCCATGACGAG-1	Paxip1	Paxip1_As_28666	Unstimulated	PROVISIONAL_KEEP_MANUAL_PHENOCOPY_REVIEW_PENDING	false
GSE261783	GSM8151756	GGGTTTAAGCAGGCTA-1	Paxip1	Paxip1_As_28666	Unstimulated	PROVISIONAL_KEEP_MANUAL_PHENOCOPY_REVIEW_PENDING	false
GSE261783	GSM8151756	GTAGATCAGTATGACA-1	Paxip1	Paxip1_As_28666	Unstimulated	PROVISIONAL_KEEP_MANUAL_PHENOCOPY_REVIEW_PENDING	false
GSE261783	GSM8151756	GTGCTTCCAGCGCGTT-1	Paxip1	Paxip1_As_28666	Unstimulated	PROVISIONAL_KEEP_MANUAL_PHENOCOPY_REVIEW_PENDING	false
GSE261783	GSM8151756	GTGGAGAAGTGGTGAC-1	Paxip1	Paxip1_As_28666	Unstimulated	PROVISIONAL_KEEP_MANUAL_PHENOCOPY_REVIEW_PENDING	false
GSE261783	GSM8151756	GTGGAGAGTGCCCACA-1	Paxip1	Paxip1_As_28666	Unstimulated	PROVISIONAL_KEEP_MANUAL_PHENOCOPY_REVIEW_PENDING	false
GSE261783	GSM8151756	GTTGCGGAGCGTCTCG-1	Paxip1	Paxip1_As_28666	Unstimulated	PROVISIONAL_KEEP_MANUAL_PHENOCOPY_REVIEW_PENDING	false
GSE261783	GSM8151756	TAAGTCGAGTGTTCAC-1	Paxip1	Paxip1_As_28666	Unstimulated	PROVISIONAL_KEEP_MANUAL_PHENOCOPY_REVIEW_PENDING	false
GSE261783	GSM8151756	TACGTCCCATATGAAG-1	Paxip1	Paxip1_As_28666	Unstimulated	PROVISIONAL_KEEP_MANUAL_PHENOCOPY_REVIEW_PENDING	false
GSE261783	GSM8151756	TAGACCACATGTTACG-1	Paxip1	Paxip1_As_28666	Unstimulated	PROVISIONAL_KEEP_MANUAL_PHENOCOPY_REVIEW_PENDING	false
GSE261783	GSM8151756	TATTCCAGTGTAACGG-1	Paxip1	Paxip1_As_28666	Unstimulated	PROVISIONAL_KEEP_MANUAL_PHENOCOPY_REVIEW_PENDING	false
GSE261783	GSM8151756	TCACAAGAGACATGCG-1	Paxip1	Paxip1_As_28666	Unstimulated	PROVISIONAL_KEEP_MANUAL_PHENOCOPY_REVIEW_PENDING	false
GSE261783	GSM8151756	TCAGTCCGTGCCGAAA-1	Paxip1	Paxip1_As_28666	Unstimulated	PROVISIONAL_KEEP_MANUAL_PHENOCOPY_REVIEW_PENDING	false
GSE261783	GSM8151756	TCAGTTTGTTCGAAGG-1	Paxip1	Paxip1_As_28666	Unstimulated	PROVISIONAL_KEEP_MANUAL_PHENOCOPY_REVIEW_PENDING	false
GSE261783	GSM8151756	TCGCTTGGTGCATCTA-1	Paxip1	Paxip1_As_28666	Unstimulated	PROVISIONAL_KEEP_MANUAL_PHENOCOPY_REVIEW_PENDING	false
GSE261783	GSM8151756	TCTTGCGAGATCACCT-1	Paxip1	Paxip1_As_28666	Unstimulated	PROVISIONAL_KEEP_MANUAL_PHENOCOPY_REVIEW_PENDING	false
GSE261783	GSM8151756	TGACCCTTCGCTGTCT-1	Paxip1	Paxip1_As_28666	Unstimulated	PROVISIONAL_KEEP_MANUAL_PHENOCOPY_REVIEW_PENDING	false
GSE261783	GSM8151756	TGAGGGAGTGTATTCG-1	Paxip1	Paxip1_As_28666	Unstimulated	PROVISIONAL_KEEP_MANUAL_PHENOCOPY_REVIEW_PENDING	false
GSE261783	GSM8151756	TGCACGGTCTACTGCC-1	Paxip1	Paxip1_As_28666	Unstimulated	PROVISIONAL_KEEP_MANUAL_PHENOCOPY_REVIEW_PENDING	false
GSE261783	GSM8151756	TGCATCCAGATGTAGT-1	Paxip1	Paxip1_As_28666	Unstimulated	PROVISIONAL_KEEP_MANUAL_PHENOCOPY_REVIEW_PENDING	false
GSE261783	GSM8151756	TGGGCGTGTTCTTAGG-1	Paxip1	Paxip1_As_28666	Unstimulated	PROVISIONAL_KEEP_MANUAL_PHENOCOPY_REVIEW_PENDING	false
GSE261783	GSM8151756	TGGGCTGCAGGTGGAT-1	Paxip1	Paxip1_As_28666	Unstimulated	PROVISIONAL_KEEP_MANUAL_PHENOCOPY_REVIEW_PENDING	false
GSE261783	GSM8151756	TGTGCGGTCAAGCCCG-1	Paxip1	Paxip1_As_28666	Unstimulated	PROVISIONAL_KEEP_MANUAL_PHENOCOPY_REVIEW_PENDING	false
GSE261783	GSM8151756	TTCGATTGTCTCTCCA-1	Paxip1	Paxip1_As_28666	Unstimulated	PROVISIONAL_KEEP_MANUAL_PHENOCOPY_REVIEW_PENDING	false
GSE261783	GSM8151756	TTGGATGGTTGCTCCT-1	Paxip1	Paxip1_As_28666	Unstimulated	PROVISIONAL_KEEP_MANUAL_PHENOCOPY_REVIEW_PENDING	false
GSE261783	GSM8151756	AAGGTAACAGGCTTGC-1	Pbrm1	Pbrm1_As_28642	Unstimulated	PROVISIONAL_KEEP_MANUAL_PHENOCOPY_REVIEW_PENDING	false
GSE261783	GSM8151756	AATGAAGCATGAAGCG-1	Pbrm1	Pbrm1_As_28642	Unstimulated	PROVISIONAL_KEEP_MANUAL_PHENOCOPY_REVIEW_PENDING	false
GSE261783	GSM8151756	AATGACCCAGCTTCGG-1	Pbrm1	Pbrm1_As_28642	Unstimulated	PROVISIONAL_KEEP_MANUAL_PHENOCOPY_REVIEW_PENDING	false
GSE261783	GSM8151756	ACACGCGGTGCCTGCA-1	Pbrm1	Pbrm1_As_28642	Unstimulated	PROVISIONAL_KEEP_MANUAL_PHENOCOPY_REVIEW_PENDING	false
GSE261783	GSM8151756	ACTTCGCTCGGTAGGA-1	Pbrm1	Pbrm1_As_28642	Unstimulated	PROVISIONAL_KEEP_MANUAL_PHENOCOPY_REVIEW_PENDING	false
GSE261783	GSM8151756	AGAAGTATCATCGACA-1	Pbrm1	Pbrm1_As_28642	Unstimulated	PROVISIONAL_KEEP_MANUAL_PHENOCOPY_REVIEW_PENDING	false
GSE261783	GSM8151756	AGATCCATCGCCATAA-1	Pbrm1	Pbrm1_As_28642	Unstimulated	PROVISIONAL_KEEP_MANUAL_PHENOCOPY_REVIEW_PENDING	false
GSE261783	GSM8151756	AGGGTTTAGCTCGTGC-1	Pbrm1	Pbrm1_As_28642	Unstimulated	PROVISIONAL_KEEP_MANUAL_PHENOCOPY_REVIEW_PENDING	false
GSE261783	GSM8151756	AGTACCAAGGTAGGCT-1	Pbrm1	Pbrm1_As_28642	Unstimulated	PROVISIONAL_KEEP_MANUAL_PHENOCOPY_REVIEW_PENDING	false
GSE261783	GSM8151756	ATCCGTCAGATTGCGG-1	Pbrm1	Pbrm1_As_28642	Unstimulated	PROVISIONAL_KEEP_MANUAL_PHENOCOPY_REVIEW_PENDING	false
GSE261783	GSM8151756	ATGCGATGTGCGACAA-1	Pbrm1	Pbrm1_As_28642	Unstimulated	PROVISIONAL_KEEP_MANUAL_PHENOCOPY_REVIEW_PENDING	false
GSE261783	GSM8151756	ATGGATCCATTCGATG-1	Pbrm1	Pbrm1_As_28642	Unstimulated	PROVISIONAL_KEEP_MANUAL_PHENOCOPY_REVIEW_PENDING	false
GSE261783	GSM8151756	ATGGATCTCGTAATGC-1	Pbrm1	Pbrm1_As_28642	Unstimulated	PROVISIONAL_KEEP_MANUAL_PHENOCOPY_REVIEW_PENDING	false
GSE261783	GSM8151756	ATGGGAGTCAATCGGT-1	Pbrm1	Pbrm1_As_28642	Unstimulated	PROVISIONAL_KEEP_MANUAL_PHENOCOPY_REVIEW_PENDING	false
GSE261783	GSM8151756	CAATACGTCCCGAAAT-1	Pbrm1	Pbrm1_As_28642	Unstimulated	PROVISIONAL_KEEP_MANUAL_PHENOCOPY_REVIEW_PENDING	false
GSE261783	GSM8151756	CAGATCAGTCGTCTCT-1	Pbrm1	Pbrm1_As_28642	Unstimulated	PROVISIONAL_KEEP_MANUAL_PHENOCOPY_REVIEW_PENDING	false
GSE261783	GSM8151756	CAGGGCTAGTCAGAGC-1	Pbrm1	Pbrm1_As_28642	Unstimulated	PROVISIONAL_KEEP_MANUAL_PHENOCOPY_REVIEW_PENDING	false
GSE261783	GSM8151756	CCGATCTGTATGTCTG-1	Pbrm1	Pbrm1_As_28642	Unstimulated	PROVISIONAL_KEEP_MANUAL_PHENOCOPY_REVIEW_PENDING	false
GSE261783	GSM8151756	CGAAGGATCTCCCATG-1	Pbrm1	Pbrm1_As_28642	Unstimulated	PROVISIONAL_KEEP_MANUAL_PHENOCOPY_REVIEW_PENDING	false
GSE261783	GSM8151756	CGAGGCTCAATAACGA-1	Pbrm1	Pbrm1_As_28642	Unstimulated	PROVISIONAL_KEEP_MANUAL_PHENOCOPY_REVIEW_PENDING	false
GSE261783	GSM8151756	CTCAACCGTACGAAAT-1	Pbrm1	Pbrm1_As_28642	Unstimulated	PROVISIONAL_KEEP_MANUAL_PHENOCOPY_REVIEW_PENDING	false
GSE261783	GSM8151756	CTCCAACGTCACCTTC-1	Pbrm1	Pbrm1_As_28642	Unstimulated	PROVISIONAL_KEEP_MANUAL_PHENOCOPY_REVIEW_PENDING	false
GSE261783	GSM8151756	CTCGAGGTCCTAGCGG-1	Pbrm1	Pbrm1_As_28642	Unstimulated	PROVISIONAL_KEEP_MANUAL_PHENOCOPY_REVIEW_PENDING	false
GSE261783	GSM8151756	GAACACTCAAAGGGTC-1	Pbrm1	Pbrm1_As_28642	Unstimulated	PROVISIONAL_KEEP_MANUAL_PHENOCOPY_REVIEW_PENDING	false
GSE261783	GSM8151756	GACTCAAAGAGCATTA-1	Pbrm1	Pbrm1_As_28642	Unstimulated	PROVISIONAL_KEEP_MANUAL_PHENOCOPY_REVIEW_PENDING	false
GSE261783	GSM8151756	GAGGCAAAGCGACTAG-1	Pbrm1	Pbrm1_As_28642	Unstimulated	PROVISIONAL_KEEP_MANUAL_PHENOCOPY_REVIEW_PENDING	false
GSE261783	GSM8151756	GAGTTTGAGATACATG-1	Pbrm1	Pbrm1_As_28642	Unstimulated	PROVISIONAL_KEEP_MANUAL_PHENOCOPY_REVIEW_PENDING	false
GSE261783	GSM8151756	GCATCTCTCAAGTGTC-1	Pbrm1	Pbrm1_As_28642	Unstimulated	PROVISIONAL_KEEP_MANUAL_PHENOCOPY_REVIEW_PENDING	false
GSE261783	GSM8151756	GCCATTCCACACCTGG-1	Pbrm1	Pbrm1_As_28642	Unstimulated	PROVISIONAL_KEEP_MANUAL_PHENOCOPY_REVIEW_PENDING	false
GSE261783	GSM8151756	GGAGAACTCGCGTAGC-1	Pbrm1	Pbrm1_As_28642	Unstimulated	PROVISIONAL_KEEP_MANUAL_PHENOCOPY_REVIEW_PENDING	false
GSE261783	GSM8151756	GGGACCTGTCAGGAGT-1	Pbrm1	Pbrm1_As_28642	Unstimulated	PROVISIONAL_KEEP_MANUAL_PHENOCOPY_REVIEW_PENDING	false
GSE261783	GSM8151756	GGGTGAAAGAATTGCA-1	Pbrm1	Pbrm1_As_28642	Unstimulated	PROVISIONAL_KEEP_MANUAL_PHENOCOPY_REVIEW_PENDING	false
GSE261783	GSM8151756	GTACAACAGGACAGTC-1	Pbrm1	Pbrm1_As_28642	Unstimulated	PROVISIONAL_KEEP_MANUAL_PHENOCOPY_REVIEW_PENDING	false
GSE261783	GSM8151756	GTACAACGTTCAAGTC-1	Pbrm1	Pbrm1_As_28642	Unstimulated	PROVISIONAL_KEEP_MANUAL_PHENOCOPY_REVIEW_PENDING	false
GSE261783	GSM8151756	GTCCTCAAGGACTATA-1	Pbrm1	Pbrm1_As_28642	Unstimulated	PROVISIONAL_KEEP_MANUAL_PHENOCOPY_REVIEW_PENDING	false
GSE261783	GSM8151756	GTCTTTATCTCATGGA-1	Pbrm1	Pbrm1_As_28642	Unstimulated	PROVISIONAL_KEEP_MANUAL_PHENOCOPY_REVIEW_PENDING	false
GSE261783	GSM8151756	GTTACGATCTCCAAGA-1	Pbrm1	Pbrm1_As_28642	Unstimulated	PROVISIONAL_KEEP_MANUAL_PHENOCOPY_REVIEW_PENDING	false
GSE261783	GSM8151756	GTTCCGTGTTGTTGAC-1	Pbrm1	Pbrm1_As_28642	Unstimulated	PROVISIONAL_KEEP_MANUAL_PHENOCOPY_REVIEW_PENDING	false
GSE261783	GSM8151756	TAAGCACTCATTGCGA-1	Pbrm1	Pbrm1_As_28642	Unstimulated	PROVISIONAL_KEEP_MANUAL_PHENOCOPY_REVIEW_PENDING	false
GSE261783	GSM8151756	TCATTTGCAGAGGGTT-1	Pbrm1	Pbrm1_As_28642	Unstimulated	PROVISIONAL_KEEP_MANUAL_PHENOCOPY_REVIEW_PENDING	false
GSE261783	GSM8151756	TCCATCGGTACGTTCA-1	Pbrm1	Pbrm1_As_28642	Unstimulated	PROVISIONAL_KEEP_MANUAL_PHENOCOPY_REVIEW_PENDING	false
GSE261783	GSM8151756	TCCCAGTCAAAGGTTA-1	Pbrm1	Pbrm1_As_28642	Unstimulated	PROVISIONAL_KEEP_MANUAL_PHENOCOPY_REVIEW_PENDING	false
GSE261783	GSM8151756	TGAGACTGTAGGTTTC-1	Pbrm1	Pbrm1_As_28642	Unstimulated	PROVISIONAL_KEEP_MANUAL_PHENOCOPY_REVIEW_PENDING	false
GSE261783	GSM8151756	TGGGAAGCATCGCTAA-1	Pbrm1	Pbrm1_As_28642	Unstimulated	PROVISIONAL_KEEP_MANUAL_PHENOCOPY_REVIEW_PENDING	false
GSE261783	GSM8151756	TGGGAAGGTACTAAGA-1	Pbrm1	Pbrm1_As_28642	Unstimulated	PROVISIONAL_KEEP_MANUAL_PHENOCOPY_REVIEW_PENDING	false
GSE261783	GSM8151756	TGGTGATGTCTTGAGT-1	Pbrm1	Pbrm1_As_28642	Unstimulated	PROVISIONAL_KEEP_MANUAL_PHENOCOPY_REVIEW_PENDING	false
GSE261783	GSM8151756	TTAGGGTGTATGAAGT-1	Pbrm1	Pbrm1_As_28642	Unstimulated	PROVISIONAL_KEEP_MANUAL_PHENOCOPY_REVIEW_PENDING	false
GSE261783	GSM8151756	TTCTAACTCTCCACTG-1	Pbrm1	Pbrm1_As_28642	Unstimulated	PROVISIONAL_KEEP_MANUAL_PHENOCOPY_REVIEW_PENDING	false
GSE261783	GSM8151756	TTGAGTGCAAGACAAT-1	Pbrm1	Pbrm1_As_28642	Unstimulated	PROVISIONAL_KEEP_MANUAL_PHENOCOPY_REVIEW_PENDING	false
GSE261783	GSM8151756	TTTACGTGTAAGCGGT-1	Pbrm1	Pbrm1_As_28642	Unstimulated	PROVISIONAL_KEEP_MANUAL_PHENOCOPY_REVIEW_PENDING	false
GSE261783	GSM8151756	TTTCACACACTCTAGA-1	Pbrm1	Pbrm1_As_28642	Unstimulated	PROVISIONAL_KEEP_MANUAL_PHENOCOPY_REVIEW_PENDING	false
GSE261783	GSM8151756	AAAGTGAAGCCAGAGT-1	Pbrm1	Pbrm1_As_28643	Unstimulated	PROVISIONAL_KEEP_MANUAL_PHENOCOPY_REVIEW_PENDING	false
GSE261783	GSM8151756	AACAACCCAGGCAATG-1	Pbrm1	Pbrm1_As_28643	Unstimulated	PROVISIONAL_KEEP_MANUAL_PHENOCOPY_REVIEW_PENDING	false
GSE261783	GSM8151756	AAGAACACAAATGAAC-1	Pbrm1	Pbrm1_As_28643	Unstimulated	PROVISIONAL_KEEP_MANUAL_PHENOCOPY_REVIEW_PENDING	false
GSE261783	GSM8151756	AAGCCATTCCTTCACG-1	Pbrm1	Pbrm1_As_28643	Unstimulated	PROVISIONAL_KEEP_MANUAL_PHENOCOPY_REVIEW_PENDING	false
GSE261783	GSM8151756	AAGGTAAAGCCAAGGT-1	Pbrm1	Pbrm1_As_28643	Unstimulated	PROVISIONAL_KEEP_MANUAL_PHENOCOPY_REVIEW_PENDING	false
GSE261783	GSM8151756	ACGATCAGTGTATTCG-1	Pbrm1	Pbrm1_As_28643	Unstimulated	PROVISIONAL_KEEP_MANUAL_PHENOCOPY_REVIEW_PENDING	false
GSE261783	GSM8151756	ACGTAACAGTAACGAT-1	Pbrm1	Pbrm1_As_28643	Unstimulated	PROVISIONAL_KEEP_MANUAL_PHENOCOPY_REVIEW_PENDING	false
GSE261783	GSM8151756	ACTACGAGTATCGAAA-1	Pbrm1	Pbrm1_As_28643	Unstimulated	PROVISIONAL_KEEP_MANUAL_PHENOCOPY_REVIEW_PENDING	false
GSE261783	GSM8151756	ACTTCCGAGACCCTTA-1	Pbrm1	Pbrm1_As_28643	Unstimulated	PROVISIONAL_KEEP_MANUAL_PHENOCOPY_REVIEW_PENDING	false
GSE261783	GSM8151756	AGAGCAGTCACTGATG-1	Pbrm1	Pbrm1_As_28643	Unstimulated	PROVISIONAL_KEEP_MANUAL_PHENOCOPY_REVIEW_PENDING	false
GSE261783	GSM8151756	AGCCAATCAACTGATC-1	Pbrm1	Pbrm1_As_28643	Unstimulated	PROVISIONAL_KEEP_MANUAL_PHENOCOPY_REVIEW_PENDING	false
GSE261783	GSM8151756	AGCGCTGGTACCCACG-1	Pbrm1	Pbrm1_As_28643	Unstimulated	PROVISIONAL_KEEP_MANUAL_PHENOCOPY_REVIEW_PENDING	false
GSE261783	GSM8151756	AGGAATACAAGGTCAG-1	Pbrm1	Pbrm1_As_28643	Unstimulated	PROVISIONAL_KEEP_MANUAL_PHENOCOPY_REVIEW_PENDING	false
GSE261783	GSM8151756	AGGAGGTCAAATGGAT-1	Pbrm1	Pbrm1_As_28643	Unstimulated	PROVISIONAL_KEEP_MANUAL_PHENOCOPY_REVIEW_PENDING	false
GSE261783	GSM8151756	AGTCACAAGTACCCTA-1	Pbrm1	Pbrm1_As_28643	Unstimulated	PROVISIONAL_KEEP_MANUAL_PHENOCOPY_REVIEW_PENDING	false
GSE261783	GSM8151756	AGTCTCCGTCGATTCA-1	Pbrm1	Pbrm1_As_28643	Unstimulated	PROVISIONAL_KEEP_MANUAL_PHENOCOPY_REVIEW_PENDING	false
GSE261783	GSM8151756	ATCTCTAGTAGTCACT-1	Pbrm1	Pbrm1_As_28643	Unstimulated	PROVISIONAL_KEEP_MANUAL_PHENOCOPY_REVIEW_PENDING	false
GSE261783	GSM8151756	ATTTCACAGCACCGTC-1	Pbrm1	Pbrm1_As_28643	Unstimulated	PROVISIONAL_KEEP_MANUAL_PHENOCOPY_REVIEW_PENDING	false
GSE261783	GSM8151756	CACAGGCAGTCCCTAA-1	Pbrm1	Pbrm1_As_28643	Unstimulated	PROVISIONAL_KEEP_MANUAL_PHENOCOPY_REVIEW_PENDING	false
GSE261783	GSM8151756	CACGTTCGTGCGGCTT-1	Pbrm1	Pbrm1_As_28643	Unstimulated	PROVISIONAL_KEEP_MANUAL_PHENOCOPY_REVIEW_PENDING	false
GSE261783	GSM8151756	CATCGTCAGCAGCCTC-1	Pbrm1	Pbrm1_As_28643	Unstimulated	PROVISIONAL_KEEP_MANUAL_PHENOCOPY_REVIEW_PENDING	false
GSE261783	GSM8151756	CATCGTCCAGGGTTGA-1	Pbrm1	Pbrm1_As_28643	Unstimulated	PROVISIONAL_KEEP_MANUAL_PHENOCOPY_REVIEW_PENDING	false
GSE261783	GSM8151756	CATGGTAGTAAGATAC-1	Pbrm1	Pbrm1_As_28643	Unstimulated	PROVISIONAL_KEEP_MANUAL_PHENOCOPY_REVIEW_PENDING	false
GSE261783	GSM8151756	CATTGCCCAGCACAAG-1	Pbrm1	Pbrm1_As_28643	Unstimulated	PROVISIONAL_KEEP_MANUAL_PHENOCOPY_REVIEW_PENDING	false
GSE261783	GSM8151756	CCGAACGAGTGTACAA-1	Pbrm1	Pbrm1_As_28643	Unstimulated	PROVISIONAL_KEEP_MANUAL_PHENOCOPY_REVIEW_PENDING	false
GSE261783	GSM8151756	CCGGTGACATCTTAGG-1	Pbrm1	Pbrm1_As_28643	Unstimulated	PROVISIONAL_KEEP_MANUAL_PHENOCOPY_REVIEW_PENDING	false
GSE261783	GSM8151756	CCTGCATTCGCTTGCT-1	Pbrm1	Pbrm1_As_28643	Unstimulated	PROVISIONAL_KEEP_MANUAL_PHENOCOPY_REVIEW_PENDING	false
GSE261783	GSM8151756	CGAGAAGCACGAGGTA-1	Pbrm1	Pbrm1_As_28643	Unstimulated	PROVISIONAL_KEEP_MANUAL_PHENOCOPY_REVIEW_PENDING	false
GSE261783	GSM8151756	CTACCTGTCACAATGC-1	Pbrm1	Pbrm1_As_28643	Unstimulated	PROVISIONAL_KEEP_MANUAL_PHENOCOPY_REVIEW_PENDING	false
GSE261783	GSM8151756	CTCCGATAGAAGGTAG-1	Pbrm1	Pbrm1_As_28643	Unstimulated	PROVISIONAL_KEEP_MANUAL_PHENOCOPY_REVIEW_PENDING	false
GSE261783	GSM8151756	CTCCTCCAGACCTCCG-1	Pbrm1	Pbrm1_As_28643	Unstimulated	PROVISIONAL_KEEP_MANUAL_PHENOCOPY_REVIEW_PENDING	false
GSE261783	GSM8151756	CTGCAGGTCTATCGTT-1	Pbrm1	Pbrm1_As_28643	Unstimulated	PROVISIONAL_KEEP_MANUAL_PHENOCOPY_REVIEW_PENDING	false
GSE261783	GSM8151756	GAATAGATCCCTATTA-1	Pbrm1	Pbrm1_As_28643	Unstimulated	PROVISIONAL_KEEP_MANUAL_PHENOCOPY_REVIEW_PENDING	false
GSE261783	GSM8151756	GACGCTGTCTGTTCAT-1	Pbrm1	Pbrm1_As_28643	Unstimulated	PROVISIONAL_KEEP_MANUAL_PHENOCOPY_REVIEW_PENDING	false
GSE261783	GSM8151756	GAGTTTGCAAAGCTCT-1	Pbrm1	Pbrm1_As_28643	Unstimulated	PROVISIONAL_KEEP_MANUAL_PHENOCOPY_REVIEW_PENDING	false
GSE261783	GSM8151756	GCAGCCAGTGAATTAG-1	Pbrm1	Pbrm1_As_28643	Unstimulated	PROVISIONAL_KEEP_MANUAL_PHENOCOPY_REVIEW_PENDING	false
GSE261783	GSM8151756	GCCTGTTCATAGGAGC-1	Pbrm1	Pbrm1_As_28643	Unstimulated	PROVISIONAL_KEEP_MANUAL_PHENOCOPY_REVIEW_PENDING	false
GSE261783	GSM8151756	GGCTGTGCAGTCGCAC-1	Pbrm1	Pbrm1_As_28643	Unstimulated	PROVISIONAL_KEEP_MANUAL_PHENOCOPY_REVIEW_PENDING	false
GSE261783	GSM8151756	GGGTTATTCCACACAA-1	Pbrm1	Pbrm1_As_28643	Unstimulated	PROVISIONAL_KEEP_MANUAL_PHENOCOPY_REVIEW_PENDING	false
GSE261783	GSM8151756	GTAACACCATTCTGTT-1	Pbrm1	Pbrm1_As_28643	Unstimulated	PROVISIONAL_KEEP_MANUAL_PHENOCOPY_REVIEW_PENDING	false
GSE261783	GSM8151756	GTCGTTCAGGTGAGAA-1	Pbrm1	Pbrm1_As_28643	Unstimulated	PROVISIONAL_KEEP_MANUAL_PHENOCOPY_REVIEW_PENDING	false
GSE261783	GSM8151756	GTGACGCGTGTGAGCA-1	Pbrm1	Pbrm1_As_28643	Unstimulated	PROVISIONAL_KEEP_MANUAL_PHENOCOPY_REVIEW_PENDING	false
GSE261783	GSM8151756	TAACACGAGGGACCAT-1	Pbrm1	Pbrm1_As_28643	Unstimulated	PROVISIONAL_KEEP_MANUAL_PHENOCOPY_REVIEW_PENDING	false
GSE261783	GSM8151756	TCACTATGTAAGACCG-1	Pbrm1	Pbrm1_As_28643	Unstimulated	PROVISIONAL_KEEP_MANUAL_PHENOCOPY_REVIEW_PENDING	false
GSE261783	GSM8151756	TCATCATCACGCGTGT-1	Pbrm1	Pbrm1_As_28643	Unstimulated	PROVISIONAL_KEEP_MANUAL_PHENOCOPY_REVIEW_PENDING	false
GSE261783	GSM8151756	TCCATCGCACTTCTCG-1	Pbrm1	Pbrm1_As_28643	Unstimulated	PROVISIONAL_KEEP_MANUAL_PHENOCOPY_REVIEW_PENDING	false
GSE261783	GSM8151756	TCCCAGTGTGGTAACG-1	Pbrm1	Pbrm1_As_28643	Unstimulated	PROVISIONAL_KEEP_MANUAL_PHENOCOPY_REVIEW_PENDING	false
GSE261783	GSM8151756	TCGTGGGAGTGTTGAA-1	Pbrm1	Pbrm1_As_28643	Unstimulated	PROVISIONAL_KEEP_MANUAL_PHENOCOPY_REVIEW_PENDING	false
GSE261783	GSM8151756	TGTGCGGTCGTTCCTG-1	Pbrm1	Pbrm1_As_28643	Unstimulated	PROVISIONAL_KEEP_MANUAL_PHENOCOPY_REVIEW_PENDING	false
GSE261783	GSM8151756	TGTGTGAGTCAGACTT-1	Pbrm1	Pbrm1_As_28643	Unstimulated	PROVISIONAL_KEEP_MANUAL_PHENOCOPY_REVIEW_PENDING	false
GSE261783	GSM8151756	TTACTGTGTGGCTTAT-1	Pbrm1	Pbrm1_As_28643	Unstimulated	PROVISIONAL_KEEP_MANUAL_PHENOCOPY_REVIEW_PENDING	false
GSE261783	GSM8151756	TTCATGTTCTTAGTTC-1	Pbrm1	Pbrm1_As_28643	Unstimulated	PROVISIONAL_KEEP_MANUAL_PHENOCOPY_REVIEW_PENDING	false
GSE261783	GSM8151756	TTGAACGTCATGGATC-1	Pbrm1	Pbrm1_As_28643	Unstimulated	PROVISIONAL_KEEP_MANUAL_PHENOCOPY_REVIEW_PENDING	false
GSE261783	GSM8151756	TTTACCACATATGAAG-1	Pbrm1	Pbrm1_As_28643	Unstimulated	PROVISIONAL_KEEP_MANUAL_PHENOCOPY_REVIEW_PENDING	false
GSE261783	GSM8151756	ACAAAGAAGCAACTTC-1	Rest	Rest_As_21510	Unstimulated	PROVISIONAL_KEEP_MANUAL_PHENOCOPY_REVIEW_PENDING	false
GSE261783	GSM8151756	ACCACAATCTGAATCG-1	Rest	Rest_As_21510	Unstimulated	PROVISIONAL_KEEP_MANUAL_PHENOCOPY_REVIEW_PENDING	false
GSE261783	GSM8151756	ACGTCCTGTGTCATCA-1	Rest	Rest_As_21510	Unstimulated	PROVISIONAL_KEEP_MANUAL_PHENOCOPY_REVIEW_PENDING	false
GSE261783	GSM8151756	ACTATCTCAAATCGTC-1	Rest	Rest_As_21510	Unstimulated	PROVISIONAL_KEEP_MANUAL_PHENOCOPY_REVIEW_PENDING	false
GSE261783	GSM8151756	AGAGCAGTCTCAATCT-1	Rest	Rest_As_21510	Unstimulated	PROVISIONAL_KEEP_MANUAL_PHENOCOPY_REVIEW_PENDING	false
GSE261783	GSM8151756	AGGGTTTTCTGATTCT-1	Rest	Rest_As_21510	Unstimulated	PROVISIONAL_KEEP_MANUAL_PHENOCOPY_REVIEW_PENDING	false
GSE261783	GSM8151756	ATTTACCGTAACCAGG-1	Rest	Rest_As_21510	Unstimulated	PROVISIONAL_KEEP_MANUAL_PHENOCOPY_REVIEW_PENDING	false
GSE261783	GSM8151756	CAAGACTAGACCCGCT-1	Rest	Rest_As_21510	Unstimulated	PROVISIONAL_KEEP_MANUAL_PHENOCOPY_REVIEW_PENDING	false
GSE261783	GSM8151756	CAATTTCGTCCCGGTA-1	Rest	Rest_As_21510	Unstimulated	PROVISIONAL_KEEP_MANUAL_PHENOCOPY_REVIEW_PENDING	false
GSE261783	GSM8151756	CACGAATGTGGGTATG-1	Rest	Rest_As_21510	Unstimulated	PROVISIONAL_KEEP_MANUAL_PHENOCOPY_REVIEW_PENDING	false
GSE261783	GSM8151756	CAGGGCTGTTGGTACT-1	Rest	Rest_As_21510	Unstimulated	PROVISIONAL_KEEP_MANUAL_PHENOCOPY_REVIEW_PENDING	false
GSE261783	GSM8151756	CAGTTCCGTATACAGA-1	Rest	Rest_As_21510	Unstimulated	PROVISIONAL_KEEP_MANUAL_PHENOCOPY_REVIEW_PENDING	false
GSE261783	GSM8151756	CATCCGTGTTGGCCGT-1	Rest	Rest_As_21510	Unstimulated	PROVISIONAL_KEEP_MANUAL_PHENOCOPY_REVIEW_PENDING	false
GSE261783	GSM8151756	CCAATTTTCTCTGCCA-1	Rest	Rest_As_21510	Unstimulated	PROVISIONAL_KEEP_MANUAL_PHENOCOPY_REVIEW_PENDING	false
GSE261783	GSM8151756	CCACGTTGTAAGATTG-1	Rest	Rest_As_21510	Unstimulated	PROVISIONAL_KEEP_MANUAL_PHENOCOPY_REVIEW_PENDING	false
GSE261783	GSM8151756	CCACTTGAGTCCCAAT-1	Rest	Rest_As_21510	Unstimulated	PROVISIONAL_KEEP_MANUAL_PHENOCOPY_REVIEW_PENDING	false
GSE261783	GSM8151756	CCTCTCCTCGACCACG-1	Rest	Rest_As_21510	Unstimulated	PROVISIONAL_KEEP_MANUAL_PHENOCOPY_REVIEW_PENDING	false
GSE261783	GSM8151756	CGAAGGAAGACCATTC-1	Rest	Rest_As_21510	Unstimulated	PROVISIONAL_KEEP_MANUAL_PHENOCOPY_REVIEW_PENDING	false
GSE261783	GSM8151756	CTATCTAAGTGTACCT-1	Rest	Rest_As_21510	Unstimulated	PROVISIONAL_KEEP_MANUAL_PHENOCOPY_REVIEW_PENDING	false
GSE261783	GSM8151756	CTATCTAGTATCGCTA-1	Rest	Rest_As_21510	Unstimulated	PROVISIONAL_KEEP_MANUAL_PHENOCOPY_REVIEW_PENDING	false
GSE261783	GSM8151756	CTCTCAGGTAACAAGT-1	Rest	Rest_As_21510	Unstimulated	PROVISIONAL_KEEP_MANUAL_PHENOCOPY_REVIEW_PENDING	false
GSE261783	GSM8151756	CTGCGAGTCGAGTCCG-1	Rest	Rest_As_21510	Unstimulated	PROVISIONAL_KEEP_MANUAL_PHENOCOPY_REVIEW_PENDING	false
GSE261783	GSM8151756	CTGGCAGCATAATGCC-1	Rest	Rest_As_21510	Unstimulated	PROVISIONAL_KEEP_MANUAL_PHENOCOPY_REVIEW_PENDING	false
GSE261783	GSM8151756	GAAACCTCATGCTGCG-1	Rest	Rest_As_21510	Unstimulated	PROVISIONAL_KEEP_MANUAL_PHENOCOPY_REVIEW_PENDING	false
GSE261783	GSM8151756	GACGCTGTCATCGCTC-1	Rest	Rest_As_21510	Unstimulated	PROVISIONAL_KEEP_MANUAL_PHENOCOPY_REVIEW_PENDING	false
GSE261783	GSM8151756	GAGGGATAGAGAATCT-1	Rest	Rest_As_21510	Unstimulated	PROVISIONAL_KEEP_MANUAL_PHENOCOPY_REVIEW_PENDING	false
GSE261783	GSM8151756	GAGGGTACAGCGTTTA-1	Rest	Rest_As_21510	Unstimulated	PROVISIONAL_KEEP_MANUAL_PHENOCOPY_REVIEW_PENDING	false
GSE261783	GSM8151756	GAGTTGTAGCTGTCCG-1	Rest	Rest_As_21510	Unstimulated	PROVISIONAL_KEEP_MANUAL_PHENOCOPY_REVIEW_PENDING	false
GSE261783	GSM8151756	GCATTAGTCACCTCGT-1	Rest	Rest_As_21510	Unstimulated	PROVISIONAL_KEEP_MANUAL_PHENOCOPY_REVIEW_PENDING	false
GSE261783	GSM8151756	GGAATGGGTTCTCGCT-1	Rest	Rest_As_21510	Unstimulated	PROVISIONAL_KEEP_MANUAL_PHENOCOPY_REVIEW_PENDING	false
GSE261783	GSM8151756	GGATGTTCACTGCATA-1	Rest	Rest_As_21510	Unstimulated	PROVISIONAL_KEEP_MANUAL_PHENOCOPY_REVIEW_PENDING	false
GSE261783	GSM8151756	GTAACACTCGCTAATG-1	Rest	Rest_As_21510	Unstimulated	PROVISIONAL_KEEP_MANUAL_PHENOCOPY_REVIEW_PENDING	false
GSE261783	GSM8151756	GTGGTTACAGTTGGTT-1	Rest	Rest_As_21510	Unstimulated	PROVISIONAL_KEEP_MANUAL_PHENOCOPY_REVIEW_PENDING	false
GSE261783	GSM8151756	TATCTTGGTATATGGA-1	Rest	Rest_As_21510	Unstimulated	PROVISIONAL_KEEP_MANUAL_PHENOCOPY_REVIEW_PENDING	false
GSE261783	GSM8151756	TATTCCACAGCGAACA-1	Rest	Rest_As_21510	Unstimulated	PROVISIONAL_KEEP_MANUAL_PHENOCOPY_REVIEW_PENDING	false
GSE261783	GSM8151756	TCACATTCACTTTATC-1	Rest	Rest_As_21510	Unstimulated	PROVISIONAL_KEEP_MANUAL_PHENOCOPY_REVIEW_PENDING	false
GSE261783	GSM8151756	TCAGCAACAAGCTGCC-1	Rest	Rest_As_21510	Unstimulated	PROVISIONAL_KEEP_MANUAL_PHENOCOPY_REVIEW_PENDING	false
GSE261783	GSM8151756	TCATCATCATGACTAC-1	Rest	Rest_As_21510	Unstimulated	PROVISIONAL_KEEP_MANUAL_PHENOCOPY_REVIEW_PENDING	false
GSE261783	GSM8151756	TCGCAGGCACAGCGCT-1	Rest	Rest_As_21510	Unstimulated	PROVISIONAL_KEEP_MANUAL_PHENOCOPY_REVIEW_PENDING	false
GSE261783	GSM8151756	TCGGGTGTCCTGCCAT-1	Rest	Rest_As_21510	Unstimulated	PROVISIONAL_KEEP_MANUAL_PHENOCOPY_REVIEW_PENDING	false
GSE261783	GSM8151756	TCGTAGAGTACCTGTA-1	Rest	Rest_As_21510	Unstimulated	PROVISIONAL_KEEP_MANUAL_PHENOCOPY_REVIEW_PENDING	false
GSE261783	GSM8151756	TCTTAGTTCAGATTGC-1	Rest	Rest_As_21510	Unstimulated	PROVISIONAL_KEEP_MANUAL_PHENOCOPY_REVIEW_PENDING	false
GSE261783	GSM8151756	TCTTTGAGTGTTCCAA-1	Rest	Rest_As_21510	Unstimulated	PROVISIONAL_KEEP_MANUAL_PHENOCOPY_REVIEW_PENDING	false
GSE261783	GSM8151756	TGACAGTGTGAGGATC-1	Rest	Rest_As_21510	Unstimulated	PROVISIONAL_KEEP_MANUAL_PHENOCOPY_REVIEW_PENDING	false
GSE261783	GSM8151756	TGATGCATCCTTCAGC-1	Rest	Rest_As_21510	Unstimulated	PROVISIONAL_KEEP_MANUAL_PHENOCOPY_REVIEW_PENDING	false
GSE261783	GSM8151756	TGCTTCGTCTGGACCG-1	Rest	Rest_As_21510	Unstimulated	PROVISIONAL_KEEP_MANUAL_PHENOCOPY_REVIEW_PENDING	false
GSE261783	GSM8151756	TGGAGGAGTACCCGCA-1	Rest	Rest_As_21510	Unstimulated	PROVISIONAL_KEEP_MANUAL_PHENOCOPY_REVIEW_PENDING	false
GSE261783	GSM8151756	TGGCGTGGTTTGTTGG-1	Rest	Rest_As_21510	Unstimulated	PROVISIONAL_KEEP_MANUAL_PHENOCOPY_REVIEW_PENDING	false
GSE261783	GSM8151756	TGGTGATCAACAGATA-1	Rest	Rest_As_21510	Unstimulated	PROVISIONAL_KEEP_MANUAL_PHENOCOPY_REVIEW_PENDING	false
GSE261783	GSM8151756	TTCATTGTCGAGATGG-1	Rest	Rest_As_21510	Unstimulated	PROVISIONAL_KEEP_MANUAL_PHENOCOPY_REVIEW_PENDING	false
GSE261783	GSM8151756	TTCTGTACAGACCTGC-1	Rest	Rest_As_21510	Unstimulated	PROVISIONAL_KEEP_MANUAL_PHENOCOPY_REVIEW_PENDING	false
GSE261783	GSM8151756	TTCTTGAGTCCTCCTA-1	Rest	Rest_As_21510	Unstimulated	PROVISIONAL_KEEP_MANUAL_PHENOCOPY_REVIEW_PENDING	false
GSE261783	GSM8151756	AAACCCACATCGCTGG-1	Rest	Rest_As_21511	Unstimulated	PROVISIONAL_KEEP_MANUAL_PHENOCOPY_REVIEW_PENDING	false
GSE261783	GSM8151756	AAAGGTAAGATTGCGG-1	Rest	Rest_As_21511	Unstimulated	PROVISIONAL_KEEP_MANUAL_PHENOCOPY_REVIEW_PENDING	false
GSE261783	GSM8151756	AACAAGATCCGCTGTT-1	Rest	Rest_As_21511	Unstimulated	PROVISIONAL_KEEP_MANUAL_PHENOCOPY_REVIEW_PENDING	false
GSE261783	GSM8151756	AAGAACAAGGAAGTAG-1	Rest	Rest_As_21511	Unstimulated	PROVISIONAL_KEEP_MANUAL_PHENOCOPY_REVIEW_PENDING	false
GSE261783	GSM8151756	ACGTAGTCACCCTGTT-1	Rest	Rest_As_21511	Unstimulated	PROVISIONAL_KEEP_MANUAL_PHENOCOPY_REVIEW_PENDING	false
GSE261783	GSM8151756	ACTTAGGAGGGCCAAT-1	Rest	Rest_As_21511	Unstimulated	PROVISIONAL_KEEP_MANUAL_PHENOCOPY_REVIEW_PENDING	false
GSE261783	GSM8151756	ACTTTCAAGACGACGT-1	Rest	Rest_As_21511	Unstimulated	PROVISIONAL_KEEP_MANUAL_PHENOCOPY_REVIEW_PENDING	false
GSE261783	GSM8151756	AGACACTAGACTACGG-1	Rest	Rest_As_21511	Unstimulated	PROVISIONAL_KEEP_MANUAL_PHENOCOPY_REVIEW_PENDING	false
GSE261783	GSM8151756	AGATCCATCTTCGACC-1	Rest	Rest_As_21511	Unstimulated	PROVISIONAL_KEEP_MANUAL_PHENOCOPY_REVIEW_PENDING	false
GSE261783	GSM8151756	AGATCGTTCAAGTTGC-1	Rest	Rest_As_21511	Unstimulated	PROVISIONAL_KEEP_MANUAL_PHENOCOPY_REVIEW_PENDING	false
GSE261783	GSM8151756	AGCCACGAGGTAAGTT-1	Rest	Rest_As_21511	Unstimulated	PROVISIONAL_KEEP_MANUAL_PHENOCOPY_REVIEW_PENDING	false
GSE261783	GSM8151756	AGCCACGGTGGGAGAG-1	Rest	Rest_As_21511	Unstimulated	PROVISIONAL_KEEP_MANUAL_PHENOCOPY_REVIEW_PENDING	false
GSE261783	GSM8151756	AGCGCTGGTCTGCATA-1	Rest	Rest_As_21511	Unstimulated	PROVISIONAL_KEEP_MANUAL_PHENOCOPY_REVIEW_PENDING	false
GSE261783	GSM8151756	AGGACGAAGCGCCCAT-1	Rest	Rest_As_21511	Unstimulated	PROVISIONAL_KEEP_MANUAL_PHENOCOPY_REVIEW_PENDING	false
GSE261783	GSM8151756	AGGACTTGTAAGCTCT-1	Rest	Rest_As_21511	Unstimulated	PROVISIONAL_KEEP_MANUAL_PHENOCOPY_REVIEW_PENDING	false
GSE261783	GSM8151756	AGGTAGGCATTCAGCA-1	Rest	Rest_As_21511	Unstimulated	PROVISIONAL_KEEP_MANUAL_PHENOCOPY_REVIEW_PENDING	false
GSE261783	GSM8151756	AGGTCATAGCGCCTAC-1	Rest	Rest_As_21511	Unstimulated	PROVISIONAL_KEEP_MANUAL_PHENOCOPY_REVIEW_PENDING	false
GSE261783	GSM8151756	AGGTTGTTCCTTATAC-1	Rest	Rest_As_21511	Unstimulated	PROVISIONAL_KEEP_MANUAL_PHENOCOPY_REVIEW_PENDING	false
GSE261783	GSM8151756	AGTTCCCGTAATTAGG-1	Rest	Rest_As_21511	Unstimulated	PROVISIONAL_KEEP_MANUAL_PHENOCOPY_REVIEW_PENDING	false
GSE261783	GSM8151756	ATACTTCGTCTTCGAA-1	Rest	Rest_As_21511	Unstimulated	PROVISIONAL_KEEP_MANUAL_PHENOCOPY_REVIEW_PENDING	false
GSE261783	GSM8151756	ATATCCTTCAATCGGT-1	Rest	Rest_As_21511	Unstimulated	PROVISIONAL_KEEP_MANUAL_PHENOCOPY_REVIEW_PENDING	false
GSE261783	GSM8151756	ATGGGAGAGAAGTCAT-1	Rest	Rest_As_21511	Unstimulated	PROVISIONAL_KEEP_MANUAL_PHENOCOPY_REVIEW_PENDING	false
GSE261783	GSM8151756	ATTCCCGGTGAATGTA-1	Rest	Rest_As_21511	Unstimulated	PROVISIONAL_KEEP_MANUAL_PHENOCOPY_REVIEW_PENDING	false
GSE261783	GSM8151756	ATTGTTCAGTCCGCGT-1	Rest	Rest_As_21511	Unstimulated	PROVISIONAL_KEEP_MANUAL_PHENOCOPY_REVIEW_PENDING	false
GSE261783	GSM8151756	CAAAGAATCACTCCGT-1	Rest	Rest_As_21511	Unstimulated	PROVISIONAL_KEEP_MANUAL_PHENOCOPY_REVIEW_PENDING	false
GSE261783	GSM8151756	CATCAAGGTCGAAACG-1	Rest	Rest_As_21511	Unstimulated	PROVISIONAL_KEEP_MANUAL_PHENOCOPY_REVIEW_PENDING	false
GSE261783	GSM8151756	CCCGGAATCGAAGCCC-1	Rest	Rest_As_21511	Unstimulated	PROVISIONAL_KEEP_MANUAL_PHENOCOPY_REVIEW_PENDING	false
GSE261783	GSM8151756	CCGATCTCAAATGGAT-1	Rest	Rest_As_21511	Unstimulated	PROVISIONAL_KEEP_MANUAL_PHENOCOPY_REVIEW_PENDING	false
GSE261783	GSM8151756	CCGATCTGTAGGATAT-1	Rest	Rest_As_21511	Unstimulated	PROVISIONAL_KEEP_MANUAL_PHENOCOPY_REVIEW_PENDING	false
GSE261783	GSM8151756	CCTCAGTGTGTCCTAA-1	Rest	Rest_As_21511	Unstimulated	PROVISIONAL_KEEP_MANUAL_PHENOCOPY_REVIEW_PENDING	false
GSE261783	GSM8151756	CCTTTGGCAAGGTTGG-1	Rest	Rest_As_21511	Unstimulated	PROVISIONAL_KEEP_MANUAL_PHENOCOPY_REVIEW_PENDING	false
GSE261783	GSM8151756	CGATCGGAGGGCTAAC-1	Rest	Rest_As_21511	Unstimulated	PROVISIONAL_KEEP_MANUAL_PHENOCOPY_REVIEW_PENDING	false
GSE261783	GSM8151756	CGATGCGTCAAGGCTT-1	Rest	Rest_As_21511	Unstimulated	PROVISIONAL_KEEP_MANUAL_PHENOCOPY_REVIEW_PENDING	false
GSE261783	GSM8151756	CGCAGGTGTCGTTTCC-1	Rest	Rest_As_21511	Unstimulated	PROVISIONAL_KEEP_MANUAL_PHENOCOPY_REVIEW_PENDING	false
GSE261783	GSM8151756	CGCCAGACATCGGCCA-1	Rest	Rest_As_21511	Unstimulated	PROVISIONAL_KEEP_MANUAL_PHENOCOPY_REVIEW_PENDING	false
GSE261783	GSM8151756	CGTAATGTCTCCGAGG-1	Rest	Rest_As_21511	Unstimulated	PROVISIONAL_KEEP_MANUAL_PHENOCOPY_REVIEW_PENDING	false
GSE261783	GSM8151756	CTCAAGAGTTAGCTAC-1	Rest	Rest_As_21511	Unstimulated	PROVISIONAL_KEEP_MANUAL_PHENOCOPY_REVIEW_PENDING	false
GSE261783	GSM8151756	CTGAGCGGTTCTTAGG-1	Rest	Rest_As_21511	Unstimulated	PROVISIONAL_KEEP_MANUAL_PHENOCOPY_REVIEW_PENDING	false
GSE261783	GSM8151756	CTGTACCAGGAATGTT-1	Rest	Rest_As_21511	Unstimulated	PROVISIONAL_KEEP_MANUAL_PHENOCOPY_REVIEW_PENDING	false
GSE261783	GSM8151756	CTTCCTTAGTGCGACA-1	Rest	Rest_As_21511	Unstimulated	PROVISIONAL_KEEP_MANUAL_PHENOCOPY_REVIEW_PENDING	false
GSE261783	GSM8151756	GACCCAGAGTTGGGAC-1	Rest	Rest_As_21511	Unstimulated	PROVISIONAL_KEEP_MANUAL_PHENOCOPY_REVIEW_PENDING	false
GSE261783	GSM8151756	GACTTCCTCCCATGGG-1	Rest	Rest_As_21511	Unstimulated	PROVISIONAL_KEEP_MANUAL_PHENOCOPY_REVIEW_PENDING	false
GSE261783	GSM8151756	GAGGCAAAGCTCGTGC-1	Rest	Rest_As_21511	Unstimulated	PROVISIONAL_KEEP_MANUAL_PHENOCOPY_REVIEW_PENDING	false
GSE261783	GSM8151756	GATGCTACAAACCATC-1	Rest	Rest_As_21511	Unstimulated	PROVISIONAL_KEEP_MANUAL_PHENOCOPY_REVIEW_PENDING	false
GSE261783	GSM8151756	GATTTCTCACTTCATT-1	Rest	Rest_As_21511	Unstimulated	PROVISIONAL_KEEP_MANUAL_PHENOCOPY_REVIEW_PENDING	false
GSE261783	GSM8151756	GCACGTGGTCTGTAAC-1	Rest	Rest_As_21511	Unstimulated	PROVISIONAL_KEEP_MANUAL_PHENOCOPY_REVIEW_PENDING	false
GSE261783	GSM8151756	GCTACAATCTCGCTCA-1	Rest	Rest_As_21511	Unstimulated	PROVISIONAL_KEEP_MANUAL_PHENOCOPY_REVIEW_PENDING	false
GSE261783	GSM8151756	GCTGCAGAGAGTGACC-1	Rest	Rest_As_21511	Unstimulated	PROVISIONAL_KEEP_MANUAL_PHENOCOPY_REVIEW_PENDING	false
GSE261783	GSM8151756	GCTGCAGCAGTTACCA-1	Rest	Rest_As_21511	Unstimulated	PROVISIONAL_KEEP_MANUAL_PHENOCOPY_REVIEW_PENDING	false
GSE261783	GSM8151756	GGAACCCCACATTCGA-1	Rest	Rest_As_21511	Unstimulated	PROVISIONAL_KEEP_MANUAL_PHENOCOPY_REVIEW_PENDING	false
GSE261783	GSM8151756	GGAAGTGAGATCGGTG-1	Rest	Rest_As_21511	Unstimulated	PROVISIONAL_KEEP_MANUAL_PHENOCOPY_REVIEW_PENDING	false
GSE261783	GSM8151756	GGGATGACACGGGTAA-1	Rest	Rest_As_21511	Unstimulated	PROVISIONAL_KEEP_MANUAL_PHENOCOPY_REVIEW_PENDING	false
GSE261783	GSM8151756	GGGTGAACACGGCGTT-1	Rest	Rest_As_21511	Unstimulated	PROVISIONAL_KEEP_MANUAL_PHENOCOPY_REVIEW_PENDING	false
GSE261783	GSM8151756	GGTGAAGCACGGCACT-1	Rest	Rest_As_21511	Unstimulated	PROVISIONAL_KEEP_MANUAL_PHENOCOPY_REVIEW_PENDING	false
GSE261783	GSM8151756	GGTGTCGTCGGCCCAA-1	Rest	Rest_As_21511	Unstimulated	PROVISIONAL_KEEP_MANUAL_PHENOCOPY_REVIEW_PENDING	false
GSE261783	GSM8151756	GGTTGTAGTCACCCTT-1	Rest	Rest_As_21511	Unstimulated	PROVISIONAL_KEEP_MANUAL_PHENOCOPY_REVIEW_PENDING	false
GSE261783	GSM8151756	GTAGATCGTAGCGAGT-1	Rest	Rest_As_21511	Unstimulated	PROVISIONAL_KEEP_MANUAL_PHENOCOPY_REVIEW_PENDING	false
GSE261783	GSM8151756	GTCTACCTCGTCGCTT-1	Rest	Rest_As_21511	Unstimulated	PROVISIONAL_KEEP_MANUAL_PHENOCOPY_REVIEW_PENDING	false
GSE261783	GSM8151756	GTCTCACTCCCATTTA-1	Rest	Rest_As_21511	Unstimulated	PROVISIONAL_KEEP_MANUAL_PHENOCOPY_REVIEW_PENDING	false
GSE261783	GSM8151756	GTGAGTTCAGAAATCA-1	Rest	Rest_As_21511	Unstimulated	PROVISIONAL_KEEP_MANUAL_PHENOCOPY_REVIEW_PENDING	false
GSE261783	GSM8151756	GTGTAACTCTGTGCTC-1	Rest	Rest_As_21511	Unstimulated	PROVISIONAL_KEEP_MANUAL_PHENOCOPY_REVIEW_PENDING	false
GSE261783	GSM8151756	GTTCTATCACACTGGC-1	Rest	Rest_As_21511	Unstimulated	PROVISIONAL_KEEP_MANUAL_PHENOCOPY_REVIEW_PENDING	false
GSE261783	GSM8151756	TAAGCCAAGCGCACAA-1	Rest	Rest_As_21511	Unstimulated	PROVISIONAL_KEEP_MANUAL_PHENOCOPY_REVIEW_PENDING	false
GSE261783	GSM8151756	TAAGCGTCACACTTAG-1	Rest	Rest_As_21511	Unstimulated	PROVISIONAL_KEEP_MANUAL_PHENOCOPY_REVIEW_PENDING	false
GSE261783	GSM8151756	TACAGGTCACTACGGC-1	Rest	Rest_As_21511	Unstimulated	PROVISIONAL_KEEP_MANUAL_PHENOCOPY_REVIEW_PENDING	false
GSE261783	GSM8151756	TACCTCGGTGTGTACT-1	Rest	Rest_As_21511	Unstimulated	PROVISIONAL_KEEP_MANUAL_PHENOCOPY_REVIEW_PENDING	false
GSE261783	GSM8151756	TACGGTACACGTCGGT-1	Rest	Rest_As_21511	Unstimulated	PROVISIONAL_KEEP_MANUAL_PHENOCOPY_REVIEW_PENDING	false
GSE261783	GSM8151756	TACGGTAGTGCCCAGT-1	Rest	Rest_As_21511	Unstimulated	PROVISIONAL_KEEP_MANUAL_PHENOCOPY_REVIEW_PENDING	false
GSE261783	GSM8151756	TAGCACAGTAGCTGTT-1	Rest	Rest_As_21511	Unstimulated	PROVISIONAL_KEEP_MANUAL_PHENOCOPY_REVIEW_PENDING	false
GSE261783	GSM8151756	TATCGCCTCTGACGCG-1	Rest	Rest_As_21511	Unstimulated	PROVISIONAL_KEEP_MANUAL_PHENOCOPY_REVIEW_PENDING	false
GSE261783	GSM8151756	TCACACCTCGTAACTG-1	Rest	Rest_As_21511	Unstimulated	PROVISIONAL_KEEP_MANUAL_PHENOCOPY_REVIEW_PENDING	false
GSE261783	GSM8151756	TCAGGGCGTAATGCGG-1	Rest	Rest_As_21511	Unstimulated	PROVISIONAL_KEEP_MANUAL_PHENOCOPY_REVIEW_PENDING	false
GSE261783	GSM8151756	TCATGGATCCCGTTGT-1	Rest	Rest_As_21511	Unstimulated	PROVISIONAL_KEEP_MANUAL_PHENOCOPY_REVIEW_PENDING	false
GSE261783	GSM8151756	TCCTCCCTCCACACCT-1	Rest	Rest_As_21511	Unstimulated	PROVISIONAL_KEEP_MANUAL_PHENOCOPY_REVIEW_PENDING	false
GSE261783	GSM8151756	TCTCCGAAGGTTTACC-1	Rest	Rest_As_21511	Unstimulated	PROVISIONAL_KEEP_MANUAL_PHENOCOPY_REVIEW_PENDING	false
GSE261783	GSM8151756	TGAATGCCAAAGGGCT-1	Rest	Rest_As_21511	Unstimulated	PROVISIONAL_KEEP_MANUAL_PHENOCOPY_REVIEW_PENDING	false
GSE261783	GSM8151756	TGACGCGAGTGCTCAT-1	Rest	Rest_As_21511	Unstimulated	PROVISIONAL_KEEP_MANUAL_PHENOCOPY_REVIEW_PENDING	false
GSE261783	GSM8151756	TGACGCGCATAGAGGC-1	Rest	Rest_As_21511	Unstimulated	PROVISIONAL_KEEP_MANUAL_PHENOCOPY_REVIEW_PENDING	false
GSE261783	GSM8151756	TGCGGGTCACGCGTCA-1	Rest	Rest_As_21511	Unstimulated	PROVISIONAL_KEEP_MANUAL_PHENOCOPY_REVIEW_PENDING	false
GSE261783	GSM8151756	TGCGGGTTCATCGGGC-1	Rest	Rest_As_21511	Unstimulated	PROVISIONAL_KEEP_MANUAL_PHENOCOPY_REVIEW_PENDING	false
GSE261783	GSM8151756	TGGTTAGAGCGATTCT-1	Rest	Rest_As_21511	Unstimulated	PROVISIONAL_KEEP_MANUAL_PHENOCOPY_REVIEW_PENDING	false
GSE261783	GSM8151756	TGTTCATTCGGCGATC-1	Rest	Rest_As_21511	Unstimulated	PROVISIONAL_KEEP_MANUAL_PHENOCOPY_REVIEW_PENDING	false
GSE261783	GSM8151756	TGTTCTATCGATACGT-1	Rest	Rest_As_21511	Unstimulated	PROVISIONAL_KEEP_MANUAL_PHENOCOPY_REVIEW_PENDING	false
GSE261783	GSM8151756	TGTTTGTAGATCCTAC-1	Rest	Rest_As_21511	Unstimulated	PROVISIONAL_KEEP_MANUAL_PHENOCOPY_REVIEW_PENDING	false
GSE261783	GSM8151756	TTCATGTCACACCTGG-1	Rest	Rest_As_21511	Unstimulated	PROVISIONAL_KEEP_MANUAL_PHENOCOPY_REVIEW_PENDING	false
GSE261783	GSM8151756	TTCGGTCAGGTCATTC-1	Rest	Rest_As_21511	Unstimulated	PROVISIONAL_KEEP_MANUAL_PHENOCOPY_REVIEW_PENDING	false
GSE261783	GSM8151756	TTCTCTCCAACATCGT-1	Rest	Rest_As_21511	Unstimulated	PROVISIONAL_KEEP_MANUAL_PHENOCOPY_REVIEW_PENDING	false
GSE261783	GSM8151756	TTCTGTATCCTAGCTC-1	Rest	Rest_As_21511	Unstimulated	PROVISIONAL_KEEP_MANUAL_PHENOCOPY_REVIEW_PENDING	false
GSE261783	GSM8151756	TTGCCTGTCATCTGTT-1	Rest	Rest_As_21511	Unstimulated	PROVISIONAL_KEEP_MANUAL_PHENOCOPY_REVIEW_PENDING	false
GSE261783	GSM8151756	TTGCTGCAGTCGCGAA-1	Rest	Rest_As_21511	Unstimulated	PROVISIONAL_KEEP_MANUAL_PHENOCOPY_REVIEW_PENDING	false
GSE261783	GSM8151756	TTTACTGTCACCGGGT-1	Rest	Rest_As_21511	Unstimulated	PROVISIONAL_KEEP_MANUAL_PHENOCOPY_REVIEW_PENDING	false
GSE261783	GSM8151756	AAGAACACAGCTGGTC-1	Rnf40	Rnf40_As_20441	Unstimulated	PROVISIONAL_KEEP_MANUAL_PHENOCOPY_REVIEW_PENDING	false
GSE261783	GSM8151756	AAGGTAAAGATACATG-1	Rnf40	Rnf40_As_20441	Unstimulated	PROVISIONAL_KEEP_MANUAL_PHENOCOPY_REVIEW_PENDING	false
GSE261783	GSM8151756	ACAAGCTCAGTCTTCC-1	Rnf40	Rnf40_As_20441	Unstimulated	PROVISIONAL_KEEP_MANUAL_PHENOCOPY_REVIEW_PENDING	false
GSE261783	GSM8151756	AGTAGCTTCCATTCGC-1	Rnf40	Rnf40_As_20441	Unstimulated	PROVISIONAL_KEEP_MANUAL_PHENOCOPY_REVIEW_PENDING	false
GSE261783	GSM8151756	AGTCTCCCAGACACCC-1	Rnf40	Rnf40_As_20441	Unstimulated	PROVISIONAL_KEEP_MANUAL_PHENOCOPY_REVIEW_PENDING	false
GSE261783	GSM8151756	AGTTCGATCCTTGAAG-1	Rnf40	Rnf40_As_20441	Unstimulated	PROVISIONAL_KEEP_MANUAL_PHENOCOPY_REVIEW_PENDING	false
GSE261783	GSM8151756	ATGAAAGCAACTGCCG-1	Rnf40	Rnf40_As_20441	Unstimulated	PROVISIONAL_KEEP_MANUAL_PHENOCOPY_REVIEW_PENDING	false
GSE261783	GSM8151756	ATGAGGGGTTGCCGAC-1	Rnf40	Rnf40_As_20441	Unstimulated	PROVISIONAL_KEEP_MANUAL_PHENOCOPY_REVIEW_PENDING	false
GSE261783	GSM8151756	ATTACTCAGAGAGCCT-1	Rnf40	Rnf40_As_20441	Unstimulated	PROVISIONAL_KEEP_MANUAL_PHENOCOPY_REVIEW_PENDING	false
GSE261783	GSM8151756	CATCGTCAGTTGTAGA-1	Rnf40	Rnf40_As_20441	Unstimulated	PROVISIONAL_KEEP_MANUAL_PHENOCOPY_REVIEW_PENDING	false
GSE261783	GSM8151756	CCTCAACTCATGGATC-1	Rnf40	Rnf40_As_20441	Unstimulated	PROVISIONAL_KEEP_MANUAL_PHENOCOPY_REVIEW_PENDING	false
GSE261783	GSM8151756	CCTTTGGCACTGCTTC-1	Rnf40	Rnf40_As_20441	Unstimulated	PROVISIONAL_KEEP_MANUAL_PHENOCOPY_REVIEW_PENDING	false
GSE261783	GSM8151756	CGAGTGCAGCATGAAT-1	Rnf40	Rnf40_As_20441	Unstimulated	PROVISIONAL_KEEP_MANUAL_PHENOCOPY_REVIEW_PENDING	false
GSE261783	GSM8151756	CGGGCATGTCGTAATC-1	Rnf40	Rnf40_As_20441	Unstimulated	PROVISIONAL_KEEP_MANUAL_PHENOCOPY_REVIEW_PENDING	false
GSE261783	GSM8151756	CGTGTCTAGTTGGCGA-1	Rnf40	Rnf40_As_20441	Unstimulated	PROVISIONAL_KEEP_MANUAL_PHENOCOPY_REVIEW_PENDING	false
GSE261783	GSM8151756	CTGAGGCCACTTTATC-1	Rnf40	Rnf40_As_20441	Unstimulated	PROVISIONAL_KEEP_MANUAL_PHENOCOPY_REVIEW_PENDING	false
GSE261783	GSM8151756	CTGTGGGGTGTATTCG-1	Rnf40	Rnf40_As_20441	Unstimulated	PROVISIONAL_KEEP_MANUAL_PHENOCOPY_REVIEW_PENDING	false
GSE261783	GSM8151756	GAAGCCCTCGACCACG-1	Rnf40	Rnf40_As_20441	Unstimulated	PROVISIONAL_KEEP_MANUAL_PHENOCOPY_REVIEW_PENDING	false
GSE261783	GSM8151756	GACGCTGAGGAGACCT-1	Rnf40	Rnf40_As_20441	Unstimulated	PROVISIONAL_KEEP_MANUAL_PHENOCOPY_REVIEW_PENDING	false
GSE261783	GSM8151756	GATGGAGTCAAGCCAT-1	Rnf40	Rnf40_As_20441	Unstimulated	PROVISIONAL_KEEP_MANUAL_PHENOCOPY_REVIEW_PENDING	false
GSE261783	GSM8151756	GATGGAGTCAATCTCT-1	Rnf40	Rnf40_As_20441	Unstimulated	PROVISIONAL_KEEP_MANUAL_PHENOCOPY_REVIEW_PENDING	false
GSE261783	GSM8151756	GCTGAATAGACTTAAG-1	Rnf40	Rnf40_As_20441	Unstimulated	PROVISIONAL_KEEP_MANUAL_PHENOCOPY_REVIEW_PENDING	false
GSE261783	GSM8151756	GGATGTTAGTAGACAT-1	Rnf40	Rnf40_As_20441	Unstimulated	PROVISIONAL_KEEP_MANUAL_PHENOCOPY_REVIEW_PENDING	false
GSE261783	GSM8151756	GGGACCTAGGTCTACT-1	Rnf40	Rnf40_As_20441	Unstimulated	PROVISIONAL_KEEP_MANUAL_PHENOCOPY_REVIEW_PENDING	false
GSE261783	GSM8151756	GGTAATCAGATGATTG-1	Rnf40	Rnf40_As_20441	Unstimulated	PROVISIONAL_KEEP_MANUAL_PHENOCOPY_REVIEW_PENDING	false
GSE261783	GSM8151756	GGTGATTAGCTTTGTG-1	Rnf40	Rnf40_As_20441	Unstimulated	PROVISIONAL_KEEP_MANUAL_PHENOCOPY_REVIEW_PENDING	false
GSE261783	GSM8151756	GGTGGCTAGTGCAAAT-1	Rnf40	Rnf40_As_20441	Unstimulated	PROVISIONAL_KEEP_MANUAL_PHENOCOPY_REVIEW_PENDING	false
GSE261783	GSM8151756	GTAGATCAGAAGCCAC-1	Rnf40	Rnf40_As_20441	Unstimulated	PROVISIONAL_KEEP_MANUAL_PHENOCOPY_REVIEW_PENDING	false
GSE261783	GSM8151756	GTCAAGTGTCTACATG-1	Rnf40	Rnf40_As_20441	Unstimulated	PROVISIONAL_KEEP_MANUAL_PHENOCOPY_REVIEW_PENDING	false
GSE261783	GSM8151756	GTCATGACAATACGCT-1	Rnf40	Rnf40_As_20441	Unstimulated	PROVISIONAL_KEEP_MANUAL_PHENOCOPY_REVIEW_PENDING	false
GSE261783	GSM8151756	GTGCGTGCACGCTATA-1	Rnf40	Rnf40_As_20441	Unstimulated	PROVISIONAL_KEEP_MANUAL_PHENOCOPY_REVIEW_PENDING	false
GSE261783	GSM8151756	TAAGCCAGTTTGTGGT-1	Rnf40	Rnf40_As_20441	Unstimulated	PROVISIONAL_KEEP_MANUAL_PHENOCOPY_REVIEW_PENDING	false
GSE261783	GSM8151756	TACCTCGAGACGCTCC-1	Rnf40	Rnf40_As_20441	Unstimulated	PROVISIONAL_KEEP_MANUAL_PHENOCOPY_REVIEW_PENDING	false
GSE261783	GSM8151756	TAGAGTCCAAGTATAG-1	Rnf40	Rnf40_As_20441	Unstimulated	PROVISIONAL_KEEP_MANUAL_PHENOCOPY_REVIEW_PENDING	false
GSE261783	GSM8151756	TAGGAGGAGCGCGTTC-1	Rnf40	Rnf40_As_20441	Unstimulated	PROVISIONAL_KEEP_MANUAL_PHENOCOPY_REVIEW_PENDING	false
GSE261783	GSM8151756	TCAGCAACAGGACATG-1	Rnf40	Rnf40_As_20441	Unstimulated	PROVISIONAL_KEEP_MANUAL_PHENOCOPY_REVIEW_PENDING	false
GSE261783	GSM8151756	TCATACTCAAATTAGG-1	Rnf40	Rnf40_As_20441	Unstimulated	PROVISIONAL_KEEP_MANUAL_PHENOCOPY_REVIEW_PENDING	false
GSE261783	GSM8151756	TCATGAGAGGTTTGAA-1	Rnf40	Rnf40_As_20441	Unstimulated	PROVISIONAL_KEEP_MANUAL_PHENOCOPY_REVIEW_PENDING	false
GSE261783	GSM8151756	TCCACGTCATAGCTGT-1	Rnf40	Rnf40_As_20441	Unstimulated	PROVISIONAL_KEEP_MANUAL_PHENOCOPY_REVIEW_PENDING	false
GSE261783	GSM8151756	TCCTTCTAGAGATCGC-1	Rnf40	Rnf40_As_20441	Unstimulated	PROVISIONAL_KEEP_MANUAL_PHENOCOPY_REVIEW_PENDING	false
GSE261783	GSM8151756	TCGGATATCATGGCCG-1	Rnf40	Rnf40_As_20441	Unstimulated	PROVISIONAL_KEEP_MANUAL_PHENOCOPY_REVIEW_PENDING	false
GSE261783	GSM8151756	TGACAGTCAGCAATTC-1	Rnf40	Rnf40_As_20441	Unstimulated	PROVISIONAL_KEEP_MANUAL_PHENOCOPY_REVIEW_PENDING	false
GSE261783	GSM8151756	TGACAGTTCTTTGCAT-1	Rnf40	Rnf40_As_20441	Unstimulated	PROVISIONAL_KEEP_MANUAL_PHENOCOPY_REVIEW_PENDING	false
GSE261783	GSM8151756	TGACGCGCACTCTGCT-1	Rnf40	Rnf40_As_20441	Unstimulated	PROVISIONAL_KEEP_MANUAL_PHENOCOPY_REVIEW_PENDING	false
GSE261783	GSM8151756	TGCACGGTCGCCTAGG-1	Rnf40	Rnf40_As_20441	Unstimulated	PROVISIONAL_KEEP_MANUAL_PHENOCOPY_REVIEW_PENDING	false
GSE261783	GSM8151756	TGCAGATGTTTACGAC-1	Rnf40	Rnf40_As_20441	Unstimulated	PROVISIONAL_KEEP_MANUAL_PHENOCOPY_REVIEW_PENDING	false
GSE261783	GSM8151756	TGTAAGCTCATTCGTT-1	Rnf40	Rnf40_As_20441	Unstimulated	PROVISIONAL_KEEP_MANUAL_PHENOCOPY_REVIEW_PENDING	false
GSE261783	GSM8151756	TTCCTAAGTACCAGAG-1	Rnf40	Rnf40_As_20441	Unstimulated	PROVISIONAL_KEEP_MANUAL_PHENOCOPY_REVIEW_PENDING	false
GSE261783	GSM8151756	TTGGTTTTCTCATAGG-1	Rnf40	Rnf40_As_20441	Unstimulated	PROVISIONAL_KEEP_MANUAL_PHENOCOPY_REVIEW_PENDING	false
GSE261783	GSM8151756	TTTGGAGCACATAACC-1	Rnf40	Rnf40_As_20441	Unstimulated	PROVISIONAL_KEEP_MANUAL_PHENOCOPY_REVIEW_PENDING	false
GSE261783	GSM8151756	AACCATGAGGCAGGGA-1	Rnf40	Rnf40_As_20442	Unstimulated	PROVISIONAL_KEEP_MANUAL_PHENOCOPY_REVIEW_PENDING	false
GSE261783	GSM8151756	AAGACAACAGCCCACA-1	Rnf40	Rnf40_As_20442	Unstimulated	PROVISIONAL_KEEP_MANUAL_PHENOCOPY_REVIEW_PENDING	false
GSE261783	GSM8151756	AAGGTAAGTTCAGCTA-1	Rnf40	Rnf40_As_20442	Unstimulated	PROVISIONAL_KEEP_MANUAL_PHENOCOPY_REVIEW_PENDING	false
GSE261783	GSM8151756	ACACAGTGTGCTGTCG-1	Rnf40	Rnf40_As_20442	Unstimulated	PROVISIONAL_KEEP_MANUAL_PHENOCOPY_REVIEW_PENDING	false
GSE261783	GSM8151756	ACAGGGATCTGCTCTG-1	Rnf40	Rnf40_As_20442	Unstimulated	PROVISIONAL_KEEP_MANUAL_PHENOCOPY_REVIEW_PENDING	false
GSE261783	GSM8151756	ACGGGTCTCATTGCCC-1	Rnf40	Rnf40_As_20442	Unstimulated	PROVISIONAL_KEEP_MANUAL_PHENOCOPY_REVIEW_PENDING	false
GSE261783	GSM8151756	AGCTTCCGTCGCAACC-1	Rnf40	Rnf40_As_20442	Unstimulated	PROVISIONAL_KEEP_MANUAL_PHENOCOPY_REVIEW_PENDING	false
GSE261783	GSM8151756	AGCTTCCTCCCTAGGG-1	Rnf40	Rnf40_As_20442	Unstimulated	PROVISIONAL_KEEP_MANUAL_PHENOCOPY_REVIEW_PENDING	false
GSE261783	GSM8151756	ATCGATGTCGTAGCCG-1	Rnf40	Rnf40_As_20442	Unstimulated	PROVISIONAL_KEEP_MANUAL_PHENOCOPY_REVIEW_PENDING	false
GSE261783	GSM8151756	ATCGCCTGTACAGGTG-1	Rnf40	Rnf40_As_20442	Unstimulated	PROVISIONAL_KEEP_MANUAL_PHENOCOPY_REVIEW_PENDING	false
GSE261783	GSM8151756	ATTCTTGCAGCTGTGC-1	Rnf40	Rnf40_As_20442	Unstimulated	PROVISIONAL_KEEP_MANUAL_PHENOCOPY_REVIEW_PENDING	false
GSE261783	GSM8151756	ATTGTTCAGGTCGTAG-1	Rnf40	Rnf40_As_20442	Unstimulated	PROVISIONAL_KEEP_MANUAL_PHENOCOPY_REVIEW_PENDING	false
GSE261783	GSM8151756	ATTGTTCCAAGGCAAC-1	Rnf40	Rnf40_As_20442	Unstimulated	PROVISIONAL_KEEP_MANUAL_PHENOCOPY_REVIEW_PENDING	false
GSE261783	GSM8151756	ATTTCTGAGCGACTGA-1	Rnf40	Rnf40_As_20442	Unstimulated	PROVISIONAL_KEEP_MANUAL_PHENOCOPY_REVIEW_PENDING	false
GSE261783	GSM8151756	CAATTTCTCGAAGCAG-1	Rnf40	Rnf40_As_20442	Unstimulated	PROVISIONAL_KEEP_MANUAL_PHENOCOPY_REVIEW_PENDING	false
GSE261783	GSM8151756	CACTGGGCAACTCGTA-1	Rnf40	Rnf40_As_20442	Unstimulated	PROVISIONAL_KEEP_MANUAL_PHENOCOPY_REVIEW_PENDING	false
GSE261783	GSM8151756	CAGGGCTCAATGGGTG-1	Rnf40	Rnf40_As_20442	Unstimulated	PROVISIONAL_KEEP_MANUAL_PHENOCOPY_REVIEW_PENDING	false
GSE261783	GSM8151756	CCCAACTCAGTTTCGA-1	Rnf40	Rnf40_As_20442	Unstimulated	PROVISIONAL_KEEP_MANUAL_PHENOCOPY_REVIEW_PENDING	false
GSE261783	GSM8151756	CCCGAAGGTTGCCAAT-1	Rnf40	Rnf40_As_20442	Unstimulated	PROVISIONAL_KEEP_MANUAL_PHENOCOPY_REVIEW_PENDING	false
GSE261783	GSM8151756	CCGGTAGGTTGGGTAG-1	Rnf40	Rnf40_As_20442	Unstimulated	PROVISIONAL_KEEP_MANUAL_PHENOCOPY_REVIEW_PENDING	false
GSE261783	GSM8151756	CGTCAAAAGCCTTCTC-1	Rnf40	Rnf40_As_20442	Unstimulated	PROVISIONAL_KEEP_MANUAL_PHENOCOPY_REVIEW_PENDING	false
GSE261783	GSM8151756	CGTTCTGAGTGTACCT-1	Rnf40	Rnf40_As_20442	Unstimulated	PROVISIONAL_KEEP_MANUAL_PHENOCOPY_REVIEW_PENDING	false
GSE261783	GSM8151756	CTCCACAAGATTAGAC-1	Rnf40	Rnf40_As_20442	Unstimulated	PROVISIONAL_KEEP_MANUAL_PHENOCOPY_REVIEW_PENDING	false
GSE261783	GSM8151756	CTGGACGAGCACCGTC-1	Rnf40	Rnf40_As_20442	Unstimulated	PROVISIONAL_KEEP_MANUAL_PHENOCOPY_REVIEW_PENDING	false
GSE261783	GSM8151756	CTTAGGAAGCCTCAGC-1	Rnf40	Rnf40_As_20442	Unstimulated	PROVISIONAL_KEEP_MANUAL_PHENOCOPY_REVIEW_PENDING	false
GSE261783	GSM8151756	GCGAGAATCCTACAAG-1	Rnf40	Rnf40_As_20442	Unstimulated	PROVISIONAL_KEEP_MANUAL_PHENOCOPY_REVIEW_PENDING	false
GSE261783	GSM8151756	GCTACAAGTCCCTGTT-1	Rnf40	Rnf40_As_20442	Unstimulated	PROVISIONAL_KEEP_MANUAL_PHENOCOPY_REVIEW_PENDING	false
GSE261783	GSM8151756	GCTACAAGTCTGATCA-1	Rnf40	Rnf40_As_20442	Unstimulated	PROVISIONAL_KEEP_MANUAL_PHENOCOPY_REVIEW_PENDING	false
GSE261783	GSM8151756	GCTTGGGAGGATTTAG-1	Rnf40	Rnf40_As_20442	Unstimulated	PROVISIONAL_KEEP_MANUAL_PHENOCOPY_REVIEW_PENDING	false
GSE261783	GSM8151756	GGGTATTGTGGTCAAG-1	Rnf40	Rnf40_As_20442	Unstimulated	PROVISIONAL_KEEP_MANUAL_PHENOCOPY_REVIEW_PENDING	false
GSE261783	GSM8151756	GTCAAGTTCAGGTGTT-1	Rnf40	Rnf40_As_20442	Unstimulated	PROVISIONAL_KEEP_MANUAL_PHENOCOPY_REVIEW_PENDING	false
GSE261783	GSM8151756	GTCTACCTCCGATAAC-1	Rnf40	Rnf40_As_20442	Unstimulated	PROVISIONAL_KEEP_MANUAL_PHENOCOPY_REVIEW_PENDING	false
GSE261783	GSM8151756	GTTACGATCGAAGGAC-1	Rnf40	Rnf40_As_20442	Unstimulated	PROVISIONAL_KEEP_MANUAL_PHENOCOPY_REVIEW_PENDING	false
GSE261783	GSM8151756	GTTCGCTCACCTGTCT-1	Rnf40	Rnf40_As_20442	Unstimulated	PROVISIONAL_KEEP_MANUAL_PHENOCOPY_REVIEW_PENDING	false
GSE261783	GSM8151756	TACCGAACACCTCGTT-1	Rnf40	Rnf40_As_20442	Unstimulated	PROVISIONAL_KEEP_MANUAL_PHENOCOPY_REVIEW_PENDING	false
GSE261783	GSM8151756	TGACAGTAGTCGCTAT-1	Rnf40	Rnf40_As_20442	Unstimulated	PROVISIONAL_KEEP_MANUAL_PHENOCOPY_REVIEW_PENDING	false
GSE261783	GSM8151756	TGGATCACAACGGGTA-1	Rnf40	Rnf40_As_20442	Unstimulated	PROVISIONAL_KEEP_MANUAL_PHENOCOPY_REVIEW_PENDING	false
GSE261783	GSM8151756	TGTTGGATCTCAGAAC-1	Rnf40	Rnf40_As_20442	Unstimulated	PROVISIONAL_KEEP_MANUAL_PHENOCOPY_REVIEW_PENDING	false
GSE261783	GSM8151756	TTCCAATTCCTTATGT-1	Rnf40	Rnf40_As_20442	Unstimulated	PROVISIONAL_KEEP_MANUAL_PHENOCOPY_REVIEW_PENDING	false
GSE261783	GSM8151756	TTCGATTTCAAGAGTA-1	Rnf40	Rnf40_As_20442	Unstimulated	PROVISIONAL_KEEP_MANUAL_PHENOCOPY_REVIEW_PENDING	false
GSE261783	GSM8151756	TTTCCTCGTCATAAAG-1	Rnf40	Rnf40_As_20442	Unstimulated	PROVISIONAL_KEEP_MANUAL_PHENOCOPY_REVIEW_PENDING	false
GSE261783	GSM8151756	AACTTCTCAGCTCATA-1	Setd1b	Setd1b_As_17785	Unstimulated	PROVISIONAL_KEEP_MANUAL_PHENOCOPY_REVIEW_PENDING	false
GSE261783	GSM8151756	AAGAACACAACAACAA-1	Setd1b	Setd1b_As_17785	Unstimulated	PROVISIONAL_KEEP_MANUAL_PHENOCOPY_REVIEW_PENDING	false
GSE261783	GSM8151756	AATAGAGAGTGTTGAA-1	Setd1b	Setd1b_As_17785	Unstimulated	PROVISIONAL_KEEP_MANUAL_PHENOCOPY_REVIEW_PENDING	false
GSE261783	GSM8151756	AATTTCCAGAGTGAAG-1	Setd1b	Setd1b_As_17785	Unstimulated	PROVISIONAL_KEEP_MANUAL_PHENOCOPY_REVIEW_PENDING	false
GSE261783	GSM8151756	ACCGTTCTCCAAGCTA-1	Setd1b	Setd1b_As_17785	Unstimulated	PROVISIONAL_KEEP_MANUAL_PHENOCOPY_REVIEW_PENDING	false
GSE261783	GSM8151756	ACGCACGCAGAAGTTA-1	Setd1b	Setd1b_As_17785	Unstimulated	PROVISIONAL_KEEP_MANUAL_PHENOCOPY_REVIEW_PENDING	false
GSE261783	GSM8151756	AGAGCCCTCTACCCAC-1	Setd1b	Setd1b_As_17785	Unstimulated	PROVISIONAL_KEEP_MANUAL_PHENOCOPY_REVIEW_PENDING	false
GSE261783	GSM8151756	ATCACAGCATCCTGTC-1	Setd1b	Setd1b_As_17785	Unstimulated	PROVISIONAL_KEEP_MANUAL_PHENOCOPY_REVIEW_PENDING	false
GSE261783	GSM8151756	ATCGTCCAGAGATTCA-1	Setd1b	Setd1b_As_17785	Unstimulated	PROVISIONAL_KEEP_MANUAL_PHENOCOPY_REVIEW_PENDING	false
GSE261783	GSM8151756	ATTCCTAGTTTCGTTT-1	Setd1b	Setd1b_As_17785	Unstimulated	PROVISIONAL_KEEP_MANUAL_PHENOCOPY_REVIEW_PENDING	false
GSE261783	GSM8151756	CAGGTATAGCTGGCTC-1	Setd1b	Setd1b_As_17785	Unstimulated	PROVISIONAL_KEEP_MANUAL_PHENOCOPY_REVIEW_PENDING	false
GSE261783	GSM8151756	CATAAGCGTGGCAACA-1	Setd1b	Setd1b_As_17785	Unstimulated	PROVISIONAL_KEEP_MANUAL_PHENOCOPY_REVIEW_PENDING	false
GSE261783	GSM8151756	CATCGGGAGCGGCTCT-1	Setd1b	Setd1b_As_17785	Unstimulated	PROVISIONAL_KEEP_MANUAL_PHENOCOPY_REVIEW_PENDING	false
GSE261783	GSM8151756	CATTTCATCATGAGAA-1	Setd1b	Setd1b_As_17785	Unstimulated	PROVISIONAL_KEEP_MANUAL_PHENOCOPY_REVIEW_PENDING	false
GSE261783	GSM8151756	CCACGTTCATCGGTTA-1	Setd1b	Setd1b_As_17785	Unstimulated	PROVISIONAL_KEEP_MANUAL_PHENOCOPY_REVIEW_PENDING	false
GSE261783	GSM8151756	CCACGTTGTACGTACT-1	Setd1b	Setd1b_As_17785	Unstimulated	PROVISIONAL_KEEP_MANUAL_PHENOCOPY_REVIEW_PENDING	false
GSE261783	GSM8151756	CCCAACTTCATTGTGG-1	Setd1b	Setd1b_As_17785	Unstimulated	PROVISIONAL_KEEP_MANUAL_PHENOCOPY_REVIEW_PENDING	false
GSE261783	GSM8151756	CCCTAACCAGTCTCTC-1	Setd1b	Setd1b_As_17785	Unstimulated	PROVISIONAL_KEEP_MANUAL_PHENOCOPY_REVIEW_PENDING	false
GSE261783	GSM8151756	CCTCAGTAGTCATACC-1	Setd1b	Setd1b_As_17785	Unstimulated	PROVISIONAL_KEEP_MANUAL_PHENOCOPY_REVIEW_PENDING	false
GSE261783	GSM8151756	CGTGATATCGGCTCTT-1	Setd1b	Setd1b_As_17785	Unstimulated	PROVISIONAL_KEEP_MANUAL_PHENOCOPY_REVIEW_PENDING	false
GSE261783	GSM8151756	CTCATCGGTGAGACCA-1	Setd1b	Setd1b_As_17785	Unstimulated	PROVISIONAL_KEEP_MANUAL_PHENOCOPY_REVIEW_PENDING	false
GSE261783	GSM8151756	CTCCAACGTAGTCACT-1	Setd1b	Setd1b_As_17785	Unstimulated	PROVISIONAL_KEEP_MANUAL_PHENOCOPY_REVIEW_PENDING	false
GSE261783	GSM8151756	GATCATGTCTACTGAG-1	Setd1b	Setd1b_As_17785	Unstimulated	PROVISIONAL_KEEP_MANUAL_PHENOCOPY_REVIEW_PENDING	false
GSE261783	GSM8151756	GATGCTACAATTGGTC-1	Setd1b	Setd1b_As_17785	Unstimulated	PROVISIONAL_KEEP_MANUAL_PHENOCOPY_REVIEW_PENDING	false
GSE261783	GSM8151756	GCATGATAGATCGGTG-1	Setd1b	Setd1b_As_17785	Unstimulated	PROVISIONAL_KEEP_MANUAL_PHENOCOPY_REVIEW_PENDING	false
GSE261783	GSM8151756	GCCAGCAGTTCGAGCC-1	Setd1b	Setd1b_As_17785	Unstimulated	PROVISIONAL_KEEP_MANUAL_PHENOCOPY_REVIEW_PENDING	false
GSE261783	GSM8151756	GGAGAACGTGTAGTGG-1	Setd1b	Setd1b_As_17785	Unstimulated	PROVISIONAL_KEEP_MANUAL_PHENOCOPY_REVIEW_PENDING	false
GSE261783	GSM8151756	GGTCACGAGAGAATCT-1	Setd1b	Setd1b_As_17785	Unstimulated	PROVISIONAL_KEEP_MANUAL_PHENOCOPY_REVIEW_PENDING	false
GSE261783	GSM8151756	GTAGATCAGCTTCATG-1	Setd1b	Setd1b_As_17785	Unstimulated	PROVISIONAL_KEEP_MANUAL_PHENOCOPY_REVIEW_PENDING	false
GSE261783	GSM8151756	GTCAGCGTCTTGGTGA-1	Setd1b	Setd1b_As_17785	Unstimulated	PROVISIONAL_KEEP_MANUAL_PHENOCOPY_REVIEW_PENDING	false
GSE261783	GSM8151756	GTCTGTCAGCAATTCC-1	Setd1b	Setd1b_As_17785	Unstimulated	PROVISIONAL_KEEP_MANUAL_PHENOCOPY_REVIEW_PENDING	false
GSE261783	GSM8151756	GTGCGTGCATACCAGT-1	Setd1b	Setd1b_As_17785	Unstimulated	PROVISIONAL_KEEP_MANUAL_PHENOCOPY_REVIEW_PENDING	false
GSE261783	GSM8151756	GTGTTCCTCCGTCCTA-1	Setd1b	Setd1b_As_17785	Unstimulated	PROVISIONAL_KEEP_MANUAL_PHENOCOPY_REVIEW_PENDING	false
GSE261783	GSM8151756	GTTGAACAGGTCGAGT-1	Setd1b	Setd1b_As_17785	Unstimulated	PROVISIONAL_KEEP_MANUAL_PHENOCOPY_REVIEW_PENDING	false
GSE261783	GSM8151756	GTTGCGGTCGTACACA-1	Setd1b	Setd1b_As_17785	Unstimulated	PROVISIONAL_KEEP_MANUAL_PHENOCOPY_REVIEW_PENDING	false
GSE261783	GSM8151756	TACTTGTCAGAACGCA-1	Setd1b	Setd1b_As_17785	Unstimulated	PROVISIONAL_KEEP_MANUAL_PHENOCOPY_REVIEW_PENDING	false
GSE261783	GSM8151756	TCAAGACTCTCCAAGA-1	Setd1b	Setd1b_As_17785	Unstimulated	PROVISIONAL_KEEP_MANUAL_PHENOCOPY_REVIEW_PENDING	false
GSE261783	GSM8151756	TCAGGTAAGTCGGCAA-1	Setd1b	Setd1b_As_17785	Unstimulated	PROVISIONAL_KEEP_MANUAL_PHENOCOPY_REVIEW_PENDING	false
GSE261783	GSM8151756	TCGAAGTTCAGCTGAT-1	Setd1b	Setd1b_As_17785	Unstimulated	PROVISIONAL_KEEP_MANUAL_PHENOCOPY_REVIEW_PENDING	false
GSE261783	GSM8151756	TCTTAGTCATCTGTTT-1	Setd1b	Setd1b_As_17785	Unstimulated	PROVISIONAL_KEEP_MANUAL_PHENOCOPY_REVIEW_PENDING	false
GSE261783	GSM8151756	TGGAGGAGTGTCTCCT-1	Setd1b	Setd1b_As_17785	Unstimulated	PROVISIONAL_KEEP_MANUAL_PHENOCOPY_REVIEW_PENDING	false
GSE261783	GSM8151756	TTCTCTCCAAGTGGGT-1	Setd1b	Setd1b_As_17785	Unstimulated	PROVISIONAL_KEEP_MANUAL_PHENOCOPY_REVIEW_PENDING	false
GSE261783	GSM8151756	TTTACCAAGTAAGCAT-1	Setd1b	Setd1b_As_17785	Unstimulated	PROVISIONAL_KEEP_MANUAL_PHENOCOPY_REVIEW_PENDING	false
GSE261783	GSM8151756	AAAGGTAAGACCGCCT-1	Setd1b	Setd1b_Br_52333	Unstimulated	PROVISIONAL_KEEP_MANUAL_PHENOCOPY_REVIEW_PENDING	false
GSE261783	GSM8151756	AAAGTCCCAGCAGATG-1	Setd1b	Setd1b_Br_52333	Unstimulated	PROVISIONAL_KEEP_MANUAL_PHENOCOPY_REVIEW_PENDING	false
GSE261783	GSM8151756	AAATGGATCCGCATAA-1	Setd1b	Setd1b_Br_52333	Unstimulated	PROVISIONAL_KEEP_MANUAL_PHENOCOPY_REVIEW_PENDING	false
GSE261783	GSM8151756	AACCAACAGCGAACTG-1	Setd1b	Setd1b_Br_52333	Unstimulated	PROVISIONAL_KEEP_MANUAL_PHENOCOPY_REVIEW_PENDING	false
GSE261783	GSM8151756	AATGACCAGATGCGAC-1	Setd1b	Setd1b_Br_52333	Unstimulated	PROVISIONAL_KEEP_MANUAL_PHENOCOPY_REVIEW_PENDING	false
GSE261783	GSM8151756	AATTCCTCATATCTCT-1	Setd1b	Setd1b_Br_52333	Unstimulated	PROVISIONAL_KEEP_MANUAL_PHENOCOPY_REVIEW_PENDING	false
GSE261783	GSM8151756	ACAAGCTTCATTGTGG-1	Setd1b	Setd1b_Br_52333	Unstimulated	PROVISIONAL_KEEP_MANUAL_PHENOCOPY_REVIEW_PENDING	false
GSE261783	GSM8151756	AGATCGTGTCTACGTA-1	Setd1b	Setd1b_Br_52333	Unstimulated	PROVISIONAL_KEEP_MANUAL_PHENOCOPY_REVIEW_PENDING	false
GSE261783	GSM8151756	AGGCTGCTCGAATGCT-1	Setd1b	Setd1b_Br_52333	Unstimulated	PROVISIONAL_KEEP_MANUAL_PHENOCOPY_REVIEW_PENDING	false
GSE261783	GSM8151756	AGGGTTTAGGCTTCCG-1	Setd1b	Setd1b_Br_52333	Unstimulated	PROVISIONAL_KEEP_MANUAL_PHENOCOPY_REVIEW_PENDING	false
GSE261783	GSM8151756	ATTCCATTCGAACTCA-1	Setd1b	Setd1b_Br_52333	Unstimulated	PROVISIONAL_KEEP_MANUAL_PHENOCOPY_REVIEW_PENDING	false
GSE261783	GSM8151756	CAGGTATTCGTTAGAC-1	Setd1b	Setd1b_Br_52333	Unstimulated	PROVISIONAL_KEEP_MANUAL_PHENOCOPY_REVIEW_PENDING	false
GSE261783	GSM8151756	CATCCGTCAAGTGATA-1	Setd1b	Setd1b_Br_52333	Unstimulated	PROVISIONAL_KEEP_MANUAL_PHENOCOPY_REVIEW_PENDING	false
GSE261783	GSM8151756	CCCTCAATCGTGGACC-1	Setd1b	Setd1b_Br_52333	Unstimulated	PROVISIONAL_KEEP_MANUAL_PHENOCOPY_REVIEW_PENDING	false
GSE261783	GSM8151756	CCTAACCAGACTCAAA-1	Setd1b	Setd1b_Br_52333	Unstimulated	PROVISIONAL_KEEP_MANUAL_PHENOCOPY_REVIEW_PENDING	false
GSE261783	GSM8151756	CCTGCATAGACCCGCT-1	Setd1b	Setd1b_Br_52333	Unstimulated	PROVISIONAL_KEEP_MANUAL_PHENOCOPY_REVIEW_PENDING	false
GSE261783	GSM8151756	CGAGTTAAGAGGTCAC-1	Setd1b	Setd1b_Br_52333	Unstimulated	PROVISIONAL_KEEP_MANUAL_PHENOCOPY_REVIEW_PENDING	false
GSE261783	GSM8151756	CGGGACTTCTACGCGG-1	Setd1b	Setd1b_Br_52333	Unstimulated	PROVISIONAL_KEEP_MANUAL_PHENOCOPY_REVIEW_PENDING	false
GSE261783	GSM8151756	CTTCTCTGTACTGGGA-1	Setd1b	Setd1b_Br_52333	Unstimulated	PROVISIONAL_KEEP_MANUAL_PHENOCOPY_REVIEW_PENDING	false
GSE261783	GSM8151756	GACCGTGGTCTTCGAA-1	Setd1b	Setd1b_Br_52333	Unstimulated	PROVISIONAL_KEEP_MANUAL_PHENOCOPY_REVIEW_PENDING	false
GSE261783	GSM8151756	GAGCTGCCAACTCCAA-1	Setd1b	Setd1b_Br_52333	Unstimulated	PROVISIONAL_KEEP_MANUAL_PHENOCOPY_REVIEW_PENDING	false
GSE261783	GSM8151756	GAGCTGCTCCACGAAT-1	Setd1b	Setd1b_Br_52333	Unstimulated	PROVISIONAL_KEEP_MANUAL_PHENOCOPY_REVIEW_PENDING	false
GSE261783	GSM8151756	GATGATCTCAAGCGTT-1	Setd1b	Setd1b_Br_52333	Unstimulated	PROVISIONAL_KEEP_MANUAL_PHENOCOPY_REVIEW_PENDING	false
GSE261783	GSM8151756	GCGAGAACAGGAAGTC-1	Setd1b	Setd1b_Br_52333	Unstimulated	PROVISIONAL_KEEP_MANUAL_PHENOCOPY_REVIEW_PENDING	false
GSE261783	GSM8151756	GGAATCTAGTCGTCTA-1	Setd1b	Setd1b_Br_52333	Unstimulated	PROVISIONAL_KEEP_MANUAL_PHENOCOPY_REVIEW_PENDING	false
GSE261783	GSM8151756	GGACGTCAGGGATCGT-1	Setd1b	Setd1b_Br_52333	Unstimulated	PROVISIONAL_KEEP_MANUAL_PHENOCOPY_REVIEW_PENDING	false
GSE261783	GSM8151756	GGGTTTAGTCAACGCC-1	Setd1b	Setd1b_Br_52333	Unstimulated	PROVISIONAL_KEEP_MANUAL_PHENOCOPY_REVIEW_PENDING	false
GSE261783	GSM8151756	GTCAAGTCACGCGTGT-1	Setd1b	Setd1b_Br_52333	Unstimulated	PROVISIONAL_KEEP_MANUAL_PHENOCOPY_REVIEW_PENDING	false
GSE261783	GSM8151756	GTCATTTAGCTGCCTG-1	Setd1b	Setd1b_Br_52333	Unstimulated	PROVISIONAL_KEEP_MANUAL_PHENOCOPY_REVIEW_PENDING	false
GSE261783	GSM8151756	TATCGCCTCACTGTTT-1	Setd1b	Setd1b_Br_52333	Unstimulated	PROVISIONAL_KEEP_MANUAL_PHENOCOPY_REVIEW_PENDING	false
GSE261783	GSM8151756	TCAGTGATCGGACAAG-1	Setd1b	Setd1b_Br_52333	Unstimulated	PROVISIONAL_KEEP_MANUAL_PHENOCOPY_REVIEW_PENDING	false
GSE261783	GSM8151756	TCCTAATGTAGAGACC-1	Setd1b	Setd1b_Br_52333	Unstimulated	PROVISIONAL_KEEP_MANUAL_PHENOCOPY_REVIEW_PENDING	false
GSE261783	GSM8151756	TCGAAGTAGCTGCGAA-1	Setd1b	Setd1b_Br_52333	Unstimulated	PROVISIONAL_KEEP_MANUAL_PHENOCOPY_REVIEW_PENDING	false
GSE261783	GSM8151756	TCGGGTGTCATTCGTT-1	Setd1b	Setd1b_Br_52333	Unstimulated	PROVISIONAL_KEEP_MANUAL_PHENOCOPY_REVIEW_PENDING	false
GSE261783	GSM8151756	TCTAACTAGCTGTTCA-1	Setd1b	Setd1b_Br_52333	Unstimulated	PROVISIONAL_KEEP_MANUAL_PHENOCOPY_REVIEW_PENDING	false
GSE261783	GSM8151756	TGACTCCGTGAATGAT-1	Setd1b	Setd1b_Br_52333	Unstimulated	PROVISIONAL_KEEP_MANUAL_PHENOCOPY_REVIEW_PENDING	false
GSE261783	GSM8151756	TGTGCGGCATAAGCGG-1	Setd1b	Setd1b_Br_52333	Unstimulated	PROVISIONAL_KEEP_MANUAL_PHENOCOPY_REVIEW_PENDING	false
GSE261783	GSM8151756	TTACAGGTCATTTGTC-1	Setd1b	Setd1b_Br_52333	Unstimulated	PROVISIONAL_KEEP_MANUAL_PHENOCOPY_REVIEW_PENDING	false
GSE261783	GSM8151756	TTCCTAAAGTTCGGTT-1	Setd1b	Setd1b_Br_52333	Unstimulated	PROVISIONAL_KEEP_MANUAL_PHENOCOPY_REVIEW_PENDING	false
GSE261783	GSM8151756	AACCATGAGTATAACG-1	Setdb1	Setdb1_B_17753	Unstimulated	PROVISIONAL_KEEP_MANUAL_PHENOCOPY_REVIEW_PENDING	false
GSE261783	GSM8151756	AACCTGATCTAAGAAG-1	Setdb1	Setdb1_B_17753	Unstimulated	PROVISIONAL_KEEP_MANUAL_PHENOCOPY_REVIEW_PENDING	false
GSE261783	GSM8151756	AATGACCAGGTCATCT-1	Setdb1	Setdb1_B_17753	Unstimulated	PROVISIONAL_KEEP_MANUAL_PHENOCOPY_REVIEW_PENDING	false
GSE261783	GSM8151756	AATGGCTGTGTGTCGC-1	Setdb1	Setdb1_B_17753	Unstimulated	PROVISIONAL_KEEP_MANUAL_PHENOCOPY_REVIEW_PENDING	false
GSE261783	GSM8151756	ACCACAACAGGTCCGT-1	Setdb1	Setdb1_B_17753	Unstimulated	PROVISIONAL_KEEP_MANUAL_PHENOCOPY_REVIEW_PENDING	false
GSE261783	GSM8151756	ACGGGTCTCTACGCGG-1	Setdb1	Setdb1_B_17753	Unstimulated	PROVISIONAL_KEEP_MANUAL_PHENOCOPY_REVIEW_PENDING	false
GSE261783	GSM8151756	ACTATGGGTCCGTTTC-1	Setdb1	Setdb1_B_17753	Unstimulated	PROVISIONAL_KEEP_MANUAL_PHENOCOPY_REVIEW_PENDING	false
GSE261783	GSM8151756	ACTGATGGTACCTTCC-1	Setdb1	Setdb1_B_17753	Unstimulated	PROVISIONAL_KEEP_MANUAL_PHENOCOPY_REVIEW_PENDING	false
GSE261783	GSM8151756	ACTTTGTTCACCACAA-1	Setdb1	Setdb1_B_17753	Unstimulated	PROVISIONAL_KEEP_MANUAL_PHENOCOPY_REVIEW_PENDING	false
GSE261783	GSM8151756	AGAAGTACAGCATGCC-1	Setdb1	Setdb1_B_17753	Unstimulated	PROVISIONAL_KEEP_MANUAL_PHENOCOPY_REVIEW_PENDING	false
GSE261783	GSM8151756	AGCCAATTCCGAGATT-1	Setdb1	Setdb1_B_17753	Unstimulated	PROVISIONAL_KEEP_MANUAL_PHENOCOPY_REVIEW_PENDING	false
GSE261783	GSM8151756	AGCCAGCAGGGATGTC-1	Setdb1	Setdb1_B_17753	Unstimulated	PROVISIONAL_KEEP_MANUAL_PHENOCOPY_REVIEW_PENDING	false
GSE261783	GSM8151756	AGGTCATAGAGGCTGT-1	Setdb1	Setdb1_B_17753	Unstimulated	PROVISIONAL_KEEP_MANUAL_PHENOCOPY_REVIEW_PENDING	false
GSE261783	GSM8151756	AGTCAACCACTATGTG-1	Setdb1	Setdb1_B_17753	Unstimulated	PROVISIONAL_KEEP_MANUAL_PHENOCOPY_REVIEW_PENDING	false
GSE261783	GSM8151756	ATCACAGTCCGTTTCG-1	Setdb1	Setdb1_B_17753	Unstimulated	PROVISIONAL_KEEP_MANUAL_PHENOCOPY_REVIEW_PENDING	false
GSE261783	GSM8151756	ATCTTCAGTAACTGCT-1	Setdb1	Setdb1_B_17753	Unstimulated	PROVISIONAL_KEEP_MANUAL_PHENOCOPY_REVIEW_PENDING	false
GSE261783	GSM8151756	ATGAAAGTCAATCTTC-1	Setdb1	Setdb1_B_17753	Unstimulated	PROVISIONAL_KEEP_MANUAL_PHENOCOPY_REVIEW_PENDING	false
GSE261783	GSM8151756	ATTTACCCACCGGAAA-1	Setdb1	Setdb1_B_17753	Unstimulated	PROVISIONAL_KEEP_MANUAL_PHENOCOPY_REVIEW_PENDING	false
GSE261783	GSM8151756	CATCCCACAAACTCGT-1	Setdb1	Setdb1_B_17753	Unstimulated	PROVISIONAL_KEEP_MANUAL_PHENOCOPY_REVIEW_PENDING	false
GSE261783	GSM8151756	CATGCAAAGGCCCAAA-1	Setdb1	Setdb1_B_17753	Unstimulated	PROVISIONAL_KEEP_MANUAL_PHENOCOPY_REVIEW_PENDING	false
GSE261783	GSM8151756	CATGCCTCACAGCGCT-1	Setdb1	Setdb1_B_17753	Unstimulated	PROVISIONAL_KEEP_MANUAL_PHENOCOPY_REVIEW_PENDING	false
GSE261783	GSM8151756	CCCTGATGTGCAGGAT-1	Setdb1	Setdb1_B_17753	Unstimulated	PROVISIONAL_KEEP_MANUAL_PHENOCOPY_REVIEW_PENDING	false
GSE261783	GSM8151756	CGAAGTTCAATCAGCT-1	Setdb1	Setdb1_B_17753	Unstimulated	PROVISIONAL_KEEP_MANUAL_PHENOCOPY_REVIEW_PENDING	false
GSE261783	GSM8151756	CGATCGGCATCGAAGG-1	Setdb1	Setdb1_B_17753	Unstimulated	PROVISIONAL_KEEP_MANUAL_PHENOCOPY_REVIEW_PENDING	false
GSE261783	GSM8151756	CGATGGCCATATCGGT-1	Setdb1	Setdb1_B_17753	Unstimulated	PROVISIONAL_KEEP_MANUAL_PHENOCOPY_REVIEW_PENDING	false
GSE261783	GSM8151756	CGTCCATGTGCGCTCA-1	Setdb1	Setdb1_B_17753	Unstimulated	PROVISIONAL_KEEP_MANUAL_PHENOCOPY_REVIEW_PENDING	false
GSE261783	GSM8151756	CTCAGGGAGTGGTCAG-1	Setdb1	Setdb1_B_17753	Unstimulated	PROVISIONAL_KEEP_MANUAL_PHENOCOPY_REVIEW_PENDING	false
GSE261783	GSM8151756	CTCCCTCCATCTAGAC-1	Setdb1	Setdb1_B_17753	Unstimulated	PROVISIONAL_KEEP_MANUAL_PHENOCOPY_REVIEW_PENDING	false
GSE261783	GSM8151756	CTGCCATTCCTCCACA-1	Setdb1	Setdb1_B_17753	Unstimulated	PROVISIONAL_KEEP_MANUAL_PHENOCOPY_REVIEW_PENDING	false
GSE261783	GSM8151756	CTGGTCTAGGATCACG-1	Setdb1	Setdb1_B_17753	Unstimulated	PROVISIONAL_KEEP_MANUAL_PHENOCOPY_REVIEW_PENDING	false
GSE261783	GSM8151756	CTGGTCTTCAGCACCG-1	Setdb1	Setdb1_B_17753	Unstimulated	PROVISIONAL_KEEP_MANUAL_PHENOCOPY_REVIEW_PENDING	false
GSE261783	GSM8151756	CTTACCGAGTGCCAGA-1	Setdb1	Setdb1_B_17753	Unstimulated	PROVISIONAL_KEEP_MANUAL_PHENOCOPY_REVIEW_PENDING	false
GSE261783	GSM8151756	GAAGTAAAGCTGTACT-1	Setdb1	Setdb1_B_17753	Unstimulated	PROVISIONAL_KEEP_MANUAL_PHENOCOPY_REVIEW_PENDING	false
GSE261783	GSM8151756	GACTCTCCAGTTTCAG-1	Setdb1	Setdb1_B_17753	Unstimulated	PROVISIONAL_KEEP_MANUAL_PHENOCOPY_REVIEW_PENDING	false
GSE261783	GSM8151756	GAGCCTGTCCGAGTGC-1	Setdb1	Setdb1_B_17753	Unstimulated	PROVISIONAL_KEEP_MANUAL_PHENOCOPY_REVIEW_PENDING	false
GSE261783	GSM8151756	GAGTGTTTCATTGCGA-1	Setdb1	Setdb1_B_17753	Unstimulated	PROVISIONAL_KEEP_MANUAL_PHENOCOPY_REVIEW_PENDING	false
GSE261783	GSM8151756	GATCCCTCAGACCATT-1	Setdb1	Setdb1_B_17753	Unstimulated	PROVISIONAL_KEEP_MANUAL_PHENOCOPY_REVIEW_PENDING	false
GSE261783	GSM8151756	GCAGGCTAGCGAAACC-1	Setdb1	Setdb1_B_17753	Unstimulated	PROVISIONAL_KEEP_MANUAL_PHENOCOPY_REVIEW_PENDING	false
GSE261783	GSM8151756	GCATTAGAGCGCATCC-1	Setdb1	Setdb1_B_17753	Unstimulated	PROVISIONAL_KEEP_MANUAL_PHENOCOPY_REVIEW_PENDING	false
GSE261783	GSM8151756	GGAGGATGTATGAGCG-1	Setdb1	Setdb1_B_17753	Unstimulated	PROVISIONAL_KEEP_MANUAL_PHENOCOPY_REVIEW_PENDING	false
GSE261783	GSM8151756	GGGCTACAGAAATTCG-1	Setdb1	Setdb1_B_17753	Unstimulated	PROVISIONAL_KEEP_MANUAL_PHENOCOPY_REVIEW_PENDING	false
GSE261783	GSM8151756	GGGTTATCAGGCCCTA-1	Setdb1	Setdb1_B_17753	Unstimulated	PROVISIONAL_KEEP_MANUAL_PHENOCOPY_REVIEW_PENDING	false
GSE261783	GSM8151756	GTAGGAGTCGATCCAA-1	Setdb1	Setdb1_B_17753	Unstimulated	PROVISIONAL_KEEP_MANUAL_PHENOCOPY_REVIEW_PENDING	false
GSE261783	GSM8151756	GTCTGTCTCCTTCGAC-1	Setdb1	Setdb1_B_17753	Unstimulated	PROVISIONAL_KEEP_MANUAL_PHENOCOPY_REVIEW_PENDING	false
GSE261783	GSM8151756	GTTACGAAGGTACAGC-1	Setdb1	Setdb1_B_17753	Unstimulated	PROVISIONAL_KEEP_MANUAL_PHENOCOPY_REVIEW_PENDING	false
GSE261783	GSM8151756	GTTGCTCCAGTCGCTG-1	Setdb1	Setdb1_B_17753	Unstimulated	PROVISIONAL_KEEP_MANUAL_PHENOCOPY_REVIEW_PENDING	false
GSE261783	GSM8151756	TACAACGGTCTTGGTA-1	Setdb1	Setdb1_B_17753	Unstimulated	PROVISIONAL_KEEP_MANUAL_PHENOCOPY_REVIEW_PENDING	false
GSE261783	GSM8151756	TACCTGCCAGAGGGTT-1	Setdb1	Setdb1_B_17753	Unstimulated	PROVISIONAL_KEEP_MANUAL_PHENOCOPY_REVIEW_PENDING	false
GSE261783	GSM8151756	TACGTCCCAACGATCT-1	Setdb1	Setdb1_B_17753	Unstimulated	PROVISIONAL_KEEP_MANUAL_PHENOCOPY_REVIEW_PENDING	false
GSE261783	GSM8151756	TCCATGCTCAGTCTTT-1	Setdb1	Setdb1_B_17753	Unstimulated	PROVISIONAL_KEEP_MANUAL_PHENOCOPY_REVIEW_PENDING	false
GSE261783	GSM8151756	TCCCACAGTGGAAGTC-1	Setdb1	Setdb1_B_17753	Unstimulated	PROVISIONAL_KEEP_MANUAL_PHENOCOPY_REVIEW_PENDING	false
GSE261783	GSM8151756	TCCTAATAGTGCCCGT-1	Setdb1	Setdb1_B_17753	Unstimulated	PROVISIONAL_KEEP_MANUAL_PHENOCOPY_REVIEW_PENDING	false
GSE261783	GSM8151756	TGCACGGGTGGCTGAA-1	Setdb1	Setdb1_B_17753	Unstimulated	PROVISIONAL_KEEP_MANUAL_PHENOCOPY_REVIEW_PENDING	false
GSE261783	GSM8151756	TGGTACAGTCACAGAG-1	Setdb1	Setdb1_B_17753	Unstimulated	PROVISIONAL_KEEP_MANUAL_PHENOCOPY_REVIEW_PENDING	false
GSE261783	GSM8151756	TTATTGCTCGGCAGTC-1	Setdb1	Setdb1_B_17753	Unstimulated	PROVISIONAL_KEEP_MANUAL_PHENOCOPY_REVIEW_PENDING	false
GSE261783	GSM8151756	TTGATGGTCAGTGCGC-1	Setdb1	Setdb1_B_17753	Unstimulated	PROVISIONAL_KEEP_MANUAL_PHENOCOPY_REVIEW_PENDING	false
GSE261783	GSM8151756	TTGCGTCAGGCTTAGG-1	Setdb1	Setdb1_B_17753	Unstimulated	PROVISIONAL_KEEP_MANUAL_PHENOCOPY_REVIEW_PENDING	false
GSE261783	GSM8151756	TTTCAGTGTTTAGACC-1	Setdb1	Setdb1_B_17753	Unstimulated	PROVISIONAL_KEEP_MANUAL_PHENOCOPY_REVIEW_PENDING	false
GSE261783	GSM8151756	AACAGGGTCCACTTCG-1	Setdb1	Setdb1_B_17754	Unstimulated	PROVISIONAL_KEEP_MANUAL_PHENOCOPY_REVIEW_PENDING	false
GSE261783	GSM8151756	AAGACTCTCACCATAG-1	Setdb1	Setdb1_B_17754	Unstimulated	PROVISIONAL_KEEP_MANUAL_PHENOCOPY_REVIEW_PENDING	false
GSE261783	GSM8151756	AAGCATCGTAGTTAGA-1	Setdb1	Setdb1_B_17754	Unstimulated	PROVISIONAL_KEEP_MANUAL_PHENOCOPY_REVIEW_PENDING	false
GSE261783	GSM8151756	AAGCCATGTATCAGGG-1	Setdb1	Setdb1_B_17754	Unstimulated	PROVISIONAL_KEEP_MANUAL_PHENOCOPY_REVIEW_PENDING	false
GSE261783	GSM8151756	AAGTGAAGTCGTTGGC-1	Setdb1	Setdb1_B_17754	Unstimulated	PROVISIONAL_KEEP_MANUAL_PHENOCOPY_REVIEW_PENDING	false
GSE261783	GSM8151756	AATCACGCACTAGTAC-1	Setdb1	Setdb1_B_17754	Unstimulated	PROVISIONAL_KEEP_MANUAL_PHENOCOPY_REVIEW_PENDING	false
GSE261783	GSM8151756	AATGACCAGTCGTCTA-1	Setdb1	Setdb1_B_17754	Unstimulated	PROVISIONAL_KEEP_MANUAL_PHENOCOPY_REVIEW_PENDING	false
GSE261783	GSM8151756	AATTCCTCATGACTGT-1	Setdb1	Setdb1_B_17754	Unstimulated	PROVISIONAL_KEEP_MANUAL_PHENOCOPY_REVIEW_PENDING	false
GSE261783	GSM8151756	ACGATGTGTATCGTGT-1	Setdb1	Setdb1_B_17754	Unstimulated	PROVISIONAL_KEEP_MANUAL_PHENOCOPY_REVIEW_PENDING	false
GSE261783	GSM8151756	ACGGTTAGTCTACGAT-1	Setdb1	Setdb1_B_17754	Unstimulated	PROVISIONAL_KEEP_MANUAL_PHENOCOPY_REVIEW_PENDING	false
GSE261783	GSM8151756	ACTTTCAAGCGACTGA-1	Setdb1	Setdb1_B_17754	Unstimulated	PROVISIONAL_KEEP_MANUAL_PHENOCOPY_REVIEW_PENDING	false
GSE261783	GSM8151756	AGAACCTAGGCTATCT-1	Setdb1	Setdb1_B_17754	Unstimulated	PROVISIONAL_KEEP_MANUAL_PHENOCOPY_REVIEW_PENDING	false
GSE261783	GSM8151756	AGCCAATGTATACCCA-1	Setdb1	Setdb1_B_17754	Unstimulated	PROVISIONAL_KEEP_MANUAL_PHENOCOPY_REVIEW_PENDING	false
GSE261783	GSM8151756	AGCCACGTCGCACGAC-1	Setdb1	Setdb1_B_17754	Unstimulated	PROVISIONAL_KEEP_MANUAL_PHENOCOPY_REVIEW_PENDING	false
GSE261783	GSM8151756	AGTCATGGTACCAGAG-1	Setdb1	Setdb1_B_17754	Unstimulated	PROVISIONAL_KEEP_MANUAL_PHENOCOPY_REVIEW_PENDING	false
GSE261783	GSM8151756	ATACCTTTCATTGAGC-1	Setdb1	Setdb1_B_17754	Unstimulated	PROVISIONAL_KEEP_MANUAL_PHENOCOPY_REVIEW_PENDING	false
GSE261783	GSM8151756	ATTTCACGTAGGTTTC-1	Setdb1	Setdb1_B_17754	Unstimulated	PROVISIONAL_KEEP_MANUAL_PHENOCOPY_REVIEW_PENDING	false
GSE261783	GSM8151756	CAATCGAAGTTCACTG-1	Setdb1	Setdb1_B_17754	Unstimulated	PROVISIONAL_KEEP_MANUAL_PHENOCOPY_REVIEW_PENDING	false
GSE261783	GSM8151756	CAGCACGCAATTGCTG-1	Setdb1	Setdb1_B_17754	Unstimulated	PROVISIONAL_KEEP_MANUAL_PHENOCOPY_REVIEW_PENDING	false
GSE261783	GSM8151756	CAGCGTGTCGGTCTAA-1	Setdb1	Setdb1_B_17754	Unstimulated	PROVISIONAL_KEEP_MANUAL_PHENOCOPY_REVIEW_PENDING	false
GSE261783	GSM8151756	CAGTTAGGTGACACGA-1	Setdb1	Setdb1_B_17754	Unstimulated	PROVISIONAL_KEEP_MANUAL_PHENOCOPY_REVIEW_PENDING	false
GSE261783	GSM8151756	CAGTTCCCAAAGAACT-1	Setdb1	Setdb1_B_17754	Unstimulated	PROVISIONAL_KEEP_MANUAL_PHENOCOPY_REVIEW_PENDING	false
GSE261783	GSM8151756	CCGTGAGGTTACAGCT-1	Setdb1	Setdb1_B_17754	Unstimulated	PROVISIONAL_KEEP_MANUAL_PHENOCOPY_REVIEW_PENDING	false
GSE261783	GSM8151756	CCTCATGGTAATGCGG-1	Setdb1	Setdb1_B_17754	Unstimulated	PROVISIONAL_KEEP_MANUAL_PHENOCOPY_REVIEW_PENDING	false
GSE261783	GSM8151756	CGCCATTTCGTGGCTG-1	Setdb1	Setdb1_B_17754	Unstimulated	PROVISIONAL_KEEP_MANUAL_PHENOCOPY_REVIEW_PENDING	false
GSE261783	GSM8151756	CGGGACTCAGACCTAT-1	Setdb1	Setdb1_B_17754	Unstimulated	PROVISIONAL_KEEP_MANUAL_PHENOCOPY_REVIEW_PENDING	false
GSE261783	GSM8151756	CTATAGGTCCTGTAGA-1	Setdb1	Setdb1_B_17754	Unstimulated	PROVISIONAL_KEEP_MANUAL_PHENOCOPY_REVIEW_PENDING	false
GSE261783	GSM8151756	CTCAATTCAGAGTGAC-1	Setdb1	Setdb1_B_17754	Unstimulated	PROVISIONAL_KEEP_MANUAL_PHENOCOPY_REVIEW_PENDING	false
GSE261783	GSM8151756	CTCTCAGAGCACTGGA-1	Setdb1	Setdb1_B_17754	Unstimulated	PROVISIONAL_KEEP_MANUAL_PHENOCOPY_REVIEW_PENDING	false
GSE261783	GSM8151756	CTGAGGCGTCACGACC-1	Setdb1	Setdb1_B_17754	Unstimulated	PROVISIONAL_KEEP_MANUAL_PHENOCOPY_REVIEW_PENDING	false
GSE261783	GSM8151756	CTTCGGTTCCACATAG-1	Setdb1	Setdb1_B_17754	Unstimulated	PROVISIONAL_KEEP_MANUAL_PHENOCOPY_REVIEW_PENDING	false
GSE261783	GSM8151756	CTTCTCTTCACGGTCG-1	Setdb1	Setdb1_B_17754	Unstimulated	PROVISIONAL_KEEP_MANUAL_PHENOCOPY_REVIEW_PENDING	false
GSE261783	GSM8151756	GAACACTCAATTCGTG-1	Setdb1	Setdb1_B_17754	Unstimulated	PROVISIONAL_KEEP_MANUAL_PHENOCOPY_REVIEW_PENDING	false
GSE261783	GSM8151756	GACATCATCCGAGTGC-1	Setdb1	Setdb1_B_17754	Unstimulated	PROVISIONAL_KEEP_MANUAL_PHENOCOPY_REVIEW_PENDING	false
GSE261783	GSM8151756	GACGCTGAGGTCGAGT-1	Setdb1	Setdb1_B_17754	Unstimulated	PROVISIONAL_KEEP_MANUAL_PHENOCOPY_REVIEW_PENDING	false
GSE261783	GSM8151756	GACTCTCCAATTGCAC-1	Setdb1	Setdb1_B_17754	Unstimulated	PROVISIONAL_KEEP_MANUAL_PHENOCOPY_REVIEW_PENDING	false
GSE261783	GSM8151756	GAGTGAGGTGCACGCT-1	Setdb1	Setdb1_B_17754	Unstimulated	PROVISIONAL_KEEP_MANUAL_PHENOCOPY_REVIEW_PENDING	false
GSE261783	GSM8151756	GATGGAGGTCTGTCCT-1	Setdb1	Setdb1_B_17754	Unstimulated	PROVISIONAL_KEEP_MANUAL_PHENOCOPY_REVIEW_PENDING	false
GSE261783	GSM8151756	GATTGGTGTTGAGTCT-1	Setdb1	Setdb1_B_17754	Unstimulated	PROVISIONAL_KEEP_MANUAL_PHENOCOPY_REVIEW_PENDING	false
GSE261783	GSM8151756	GCTACAAGTTGGGAAC-1	Setdb1	Setdb1_B_17754	Unstimulated	PROVISIONAL_KEEP_MANUAL_PHENOCOPY_REVIEW_PENDING	false
GSE261783	GSM8151756	GCTTGGGTCGCCGTGA-1	Setdb1	Setdb1_B_17754	Unstimulated	PROVISIONAL_KEEP_MANUAL_PHENOCOPY_REVIEW_PENDING	false
GSE261783	GSM8151756	GGGTCACCAGGTCCCA-1	Setdb1	Setdb1_B_17754	Unstimulated	PROVISIONAL_KEEP_MANUAL_PHENOCOPY_REVIEW_PENDING	false
GSE261783	GSM8151756	GGGTCACTCACTTGTT-1	Setdb1	Setdb1_B_17754	Unstimulated	PROVISIONAL_KEEP_MANUAL_PHENOCOPY_REVIEW_PENDING	false
GSE261783	GSM8151756	GTAACCATCTTCACAT-1	Setdb1	Setdb1_B_17754	Unstimulated	PROVISIONAL_KEEP_MANUAL_PHENOCOPY_REVIEW_PENDING	false
GSE261783	GSM8151756	GTATTTCTCCATCTGC-1	Setdb1	Setdb1_B_17754	Unstimulated	PROVISIONAL_KEEP_MANUAL_PHENOCOPY_REVIEW_PENDING	false
GSE261783	GSM8151756	GTCAAACAGAACCCGA-1	Setdb1	Setdb1_B_17754	Unstimulated	PROVISIONAL_KEEP_MANUAL_PHENOCOPY_REVIEW_PENDING	false
GSE261783	GSM8151756	GTCATGACATCATTGG-1	Setdb1	Setdb1_B_17754	Unstimulated	PROVISIONAL_KEEP_MANUAL_PHENOCOPY_REVIEW_PENDING	false
GSE261783	GSM8151756	GTGCACGAGCTACAAA-1	Setdb1	Setdb1_B_17754	Unstimulated	PROVISIONAL_KEEP_MANUAL_PHENOCOPY_REVIEW_PENDING	false
GSE261783	GSM8151756	GTGGCGTGTTAGTCGT-1	Setdb1	Setdb1_B_17754	Unstimulated	PROVISIONAL_KEEP_MANUAL_PHENOCOPY_REVIEW_PENDING	false
GSE261783	GSM8151756	GTTGTGAGTAAGCGGT-1	Setdb1	Setdb1_B_17754	Unstimulated	PROVISIONAL_KEEP_MANUAL_PHENOCOPY_REVIEW_PENDING	false
GSE261783	GSM8151756	TACAGGTCATCGATAC-1	Setdb1	Setdb1_B_17754	Unstimulated	PROVISIONAL_KEEP_MANUAL_PHENOCOPY_REVIEW_PENDING	false
GSE261783	GSM8151756	TAGACCAGTCTGCATA-1	Setdb1	Setdb1_B_17754	Unstimulated	PROVISIONAL_KEEP_MANUAL_PHENOCOPY_REVIEW_PENDING	false
GSE261783	GSM8151756	TCATCCGGTCGCTTGG-1	Setdb1	Setdb1_B_17754	Unstimulated	PROVISIONAL_KEEP_MANUAL_PHENOCOPY_REVIEW_PENDING	false
GSE261783	GSM8151756	TCGTCCACAAAGGATT-1	Setdb1	Setdb1_B_17754	Unstimulated	PROVISIONAL_KEEP_MANUAL_PHENOCOPY_REVIEW_PENDING	false
GSE261783	GSM8151756	TCTTCCTGTCTTGTCC-1	Setdb1	Setdb1_B_17754	Unstimulated	PROVISIONAL_KEEP_MANUAL_PHENOCOPY_REVIEW_PENDING	false
GSE261783	GSM8151756	TGATCAGGTGTTCCAA-1	Setdb1	Setdb1_B_17754	Unstimulated	PROVISIONAL_KEEP_MANUAL_PHENOCOPY_REVIEW_PENDING	false
GSE261783	GSM8151756	TGCTCCAGTCTGGTTA-1	Setdb1	Setdb1_B_17754	Unstimulated	PROVISIONAL_KEEP_MANUAL_PHENOCOPY_REVIEW_PENDING	false
GSE261783	GSM8151756	TGCTTGCTCTTTCCAA-1	Setdb1	Setdb1_B_17754	Unstimulated	PROVISIONAL_KEEP_MANUAL_PHENOCOPY_REVIEW_PENDING	false
GSE261783	GSM8151756	TGGCGTGTCCTCTGCA-1	Setdb1	Setdb1_B_17754	Unstimulated	PROVISIONAL_KEEP_MANUAL_PHENOCOPY_REVIEW_PENDING	false
GSE261783	GSM8151756	TTTACCATCCAGCTCT-1	Setdb1	Setdb1_B_17754	Unstimulated	PROVISIONAL_KEEP_MANUAL_PHENOCOPY_REVIEW_PENDING	false
GSE261783	GSM8151756	TTTGGTTAGAGTTGCG-1	Setdb1	Setdb1_B_17754	Unstimulated	PROVISIONAL_KEEP_MANUAL_PHENOCOPY_REVIEW_PENDING	false
GSE261783	GSM8151756	AACTTCTAGTAAGGGA-1	Smarca4	Smarca4_As_15193	Unstimulated	PROVISIONAL_KEEP_MANUAL_PHENOCOPY_REVIEW_PENDING	false
GSE261783	GSM8151756	AATTCCTCAAGGCCTC-1	Smarca4	Smarca4_As_15193	Unstimulated	PROVISIONAL_KEEP_MANUAL_PHENOCOPY_REVIEW_PENDING	false
GSE261783	GSM8151756	ACACCAATCTGCTCTG-1	Smarca4	Smarca4_As_15193	Unstimulated	PROVISIONAL_KEEP_MANUAL_PHENOCOPY_REVIEW_PENDING	false
GSE261783	GSM8151756	ACCTACCCAACCGATT-1	Smarca4	Smarca4_As_15193	Unstimulated	PROVISIONAL_KEEP_MANUAL_PHENOCOPY_REVIEW_PENDING	false
GSE261783	GSM8151756	ACTCCCAAGACACACG-1	Smarca4	Smarca4_As_15193	Unstimulated	PROVISIONAL_KEEP_MANUAL_PHENOCOPY_REVIEW_PENDING	false
GSE261783	GSM8151756	ACTTAGGGTAAGGAGA-1	Smarca4	Smarca4_As_15193	Unstimulated	PROVISIONAL_KEEP_MANUAL_PHENOCOPY_REVIEW_PENDING	false
GSE261783	GSM8151756	ACTTTGTCACAATGAA-1	Smarca4	Smarca4_As_15193	Unstimulated	PROVISIONAL_KEEP_MANUAL_PHENOCOPY_REVIEW_PENDING	false
GSE261783	GSM8151756	AGATAGAGTCCAGTTA-1	Smarca4	Smarca4_As_15193	Unstimulated	PROVISIONAL_KEEP_MANUAL_PHENOCOPY_REVIEW_PENDING	false
GSE261783	GSM8151756	ATCAGGTAGATGGCAC-1	Smarca4	Smarca4_As_15193	Unstimulated	PROVISIONAL_KEEP_MANUAL_PHENOCOPY_REVIEW_PENDING	false
GSE261783	GSM8151756	ATCAGGTAGTTGTAGA-1	Smarca4	Smarca4_As_15193	Unstimulated	PROVISIONAL_KEEP_MANUAL_PHENOCOPY_REVIEW_PENDING	false
GSE261783	GSM8151756	ATCTCTAAGGCCTGAA-1	Smarca4	Smarca4_As_15193	Unstimulated	PROVISIONAL_KEEP_MANUAL_PHENOCOPY_REVIEW_PENDING	false
GSE261783	GSM8151756	ATGGGAGCAATCTAGC-1	Smarca4	Smarca4_As_15193	Unstimulated	PROVISIONAL_KEEP_MANUAL_PHENOCOPY_REVIEW_PENDING	false
GSE261783	GSM8151756	ATTCAGGAGACGTCGA-1	Smarca4	Smarca4_As_15193	Unstimulated	PROVISIONAL_KEEP_MANUAL_PHENOCOPY_REVIEW_PENDING	false
GSE261783	GSM8151756	CAAGAGGCAACGACAG-1	Smarca4	Smarca4_As_15193	Unstimulated	PROVISIONAL_KEEP_MANUAL_PHENOCOPY_REVIEW_PENDING	false
GSE261783	GSM8151756	CAATACGCACCACTGG-1	Smarca4	Smarca4_As_15193	Unstimulated	PROVISIONAL_KEEP_MANUAL_PHENOCOPY_REVIEW_PENDING	false
GSE261783	GSM8151756	CACAGATAGCTCGGCT-1	Smarca4	Smarca4_As_15193	Unstimulated	PROVISIONAL_KEEP_MANUAL_PHENOCOPY_REVIEW_PENDING	false
GSE261783	GSM8151756	CATACAGCACCAGTTA-1	Smarca4	Smarca4_As_15193	Unstimulated	PROVISIONAL_KEEP_MANUAL_PHENOCOPY_REVIEW_PENDING	false
GSE261783	GSM8151756	CATCCCAAGCAATTAG-1	Smarca4	Smarca4_As_15193	Unstimulated	PROVISIONAL_KEEP_MANUAL_PHENOCOPY_REVIEW_PENDING	false
GSE261783	GSM8151756	CATGGATTCCGAGAAG-1	Smarca4	Smarca4_As_15193	Unstimulated	PROVISIONAL_KEEP_MANUAL_PHENOCOPY_REVIEW_PENDING	false
GSE261783	GSM8151756	CCATCACGTATCTCTT-1	Smarca4	Smarca4_As_15193	Unstimulated	PROVISIONAL_KEEP_MANUAL_PHENOCOPY_REVIEW_PENDING	false
GSE261783	GSM8151756	CGGAGAAAGCAAGCCA-1	Smarca4	Smarca4_As_15193	Unstimulated	PROVISIONAL_KEEP_MANUAL_PHENOCOPY_REVIEW_PENDING	false
GSE261783	GSM8151756	CTAAGTGGTTGCCAAT-1	Smarca4	Smarca4_As_15193	Unstimulated	PROVISIONAL_KEEP_MANUAL_PHENOCOPY_REVIEW_PENDING	false
GSE261783	GSM8151756	GAATCACAGTGGTGAC-1	Smarca4	Smarca4_As_15193	Unstimulated	PROVISIONAL_KEEP_MANUAL_PHENOCOPY_REVIEW_PENDING	false
GSE261783	GSM8151756	GACGTTAGTCGTGCCA-1	Smarca4	Smarca4_As_15193	Unstimulated	PROVISIONAL_KEEP_MANUAL_PHENOCOPY_REVIEW_PENDING	false
GSE261783	GSM8151756	GTAGCTAAGGCACTCC-1	Smarca4	Smarca4_As_15193	Unstimulated	PROVISIONAL_KEEP_MANUAL_PHENOCOPY_REVIEW_PENDING	false
GSE261783	GSM8151756	GTCAAACGTGGGCTTC-1	Smarca4	Smarca4_As_15193	Unstimulated	PROVISIONAL_KEEP_MANUAL_PHENOCOPY_REVIEW_PENDING	false
GSE261783	GSM8151756	GTCGCGATCATACAGC-1	Smarca4	Smarca4_As_15193	Unstimulated	PROVISIONAL_KEEP_MANUAL_PHENOCOPY_REVIEW_PENDING	false
GSE261783	GSM8151756	GTCGTAACAGTACTAC-1	Smarca4	Smarca4_As_15193	Unstimulated	PROVISIONAL_KEEP_MANUAL_PHENOCOPY_REVIEW_PENDING	false
GSE261783	GSM8151756	GTTAGTGAGTGCCGAA-1	Smarca4	Smarca4_As_15193	Unstimulated	PROVISIONAL_KEEP_MANUAL_PHENOCOPY_REVIEW_PENDING	false
GSE261783	GSM8151756	TCCATCGGTACCTAGT-1	Smarca4	Smarca4_As_15193	Unstimulated	PROVISIONAL_KEEP_MANUAL_PHENOCOPY_REVIEW_PENDING	false
GSE261783	GSM8151756	TCCCATGGTTGACGGA-1	Smarca4	Smarca4_As_15193	Unstimulated	PROVISIONAL_KEEP_MANUAL_PHENOCOPY_REVIEW_PENDING	false
GSE261783	GSM8151756	TCCTCTTCACAGAAGC-1	Smarca4	Smarca4_As_15193	Unstimulated	PROVISIONAL_KEEP_MANUAL_PHENOCOPY_REVIEW_PENDING	false
GSE261783	GSM8151756	TCGGGACTCCGTGCGA-1	Smarca4	Smarca4_As_15193	Unstimulated	PROVISIONAL_KEEP_MANUAL_PHENOCOPY_REVIEW_PENDING	false
GSE261783	GSM8151756	TCTGGCTCAATAGGAT-1	Smarca4	Smarca4_As_15193	Unstimulated	PROVISIONAL_KEEP_MANUAL_PHENOCOPY_REVIEW_PENDING	false
GSE261783	GSM8151756	TGATTCTAGCAAATGT-1	Smarca4	Smarca4_As_15193	Unstimulated	PROVISIONAL_KEEP_MANUAL_PHENOCOPY_REVIEW_PENDING	false
GSE261783	GSM8151756	TGATTCTGTGAGACGT-1	Smarca4	Smarca4_As_15193	Unstimulated	PROVISIONAL_KEEP_MANUAL_PHENOCOPY_REVIEW_PENDING	false
GSE261783	GSM8151756	TGGTGATAGACAACAT-1	Smarca4	Smarca4_As_15193	Unstimulated	PROVISIONAL_KEEP_MANUAL_PHENOCOPY_REVIEW_PENDING	false
GSE261783	GSM8151756	TGTACAGAGGGCAGGA-1	Smarca4	Smarca4_As_15193	Unstimulated	PROVISIONAL_KEEP_MANUAL_PHENOCOPY_REVIEW_PENDING	false
GSE261783	GSM8151756	TTCTAGTGTGGACTAG-1	Smarca4	Smarca4_As_15193	Unstimulated	PROVISIONAL_KEEP_MANUAL_PHENOCOPY_REVIEW_PENDING	false
GSE261783	GSM8151756	TTTACGTGTTGAGGAC-1	Smarca4	Smarca4_As_15193	Unstimulated	PROVISIONAL_KEEP_MANUAL_PHENOCOPY_REVIEW_PENDING	false
GSE261783	GSM8151756	TTTGATCAGTGCAGGT-1	Smarca4	Smarca4_As_15193	Unstimulated	PROVISIONAL_KEEP_MANUAL_PHENOCOPY_REVIEW_PENDING	false
GSE261783	GSM8151756	AAGCGTTGTCGAGTTT-1	Smarca4	Smarca4_As_15194	Unstimulated	PROVISIONAL_KEEP_MANUAL_PHENOCOPY_REVIEW_PENDING	false
GSE261783	GSM8151756	AATGGCTCATCCGAAT-1	Smarca4	Smarca4_As_15194	Unstimulated	PROVISIONAL_KEEP_MANUAL_PHENOCOPY_REVIEW_PENDING	false
GSE261783	GSM8151756	ACAAAGAAGTGAGTGC-1	Smarca4	Smarca4_As_15194	Unstimulated	PROVISIONAL_KEEP_MANUAL_PHENOCOPY_REVIEW_PENDING	false
GSE261783	GSM8151756	AGACACTTCCCTCTAG-1	Smarca4	Smarca4_As_15194	Unstimulated	PROVISIONAL_KEEP_MANUAL_PHENOCOPY_REVIEW_PENDING	false
GSE261783	GSM8151756	AGACTCATCACTGTTT-1	Smarca4	Smarca4_As_15194	Unstimulated	PROVISIONAL_KEEP_MANUAL_PHENOCOPY_REVIEW_PENDING	false
GSE261783	GSM8151756	AGGGAGTGTCCTCATC-1	Smarca4	Smarca4_As_15194	Unstimulated	PROVISIONAL_KEEP_MANUAL_PHENOCOPY_REVIEW_PENDING	false
GSE261783	GSM8151756	AGGTCATCACCTGATA-1	Smarca4	Smarca4_As_15194	Unstimulated	PROVISIONAL_KEEP_MANUAL_PHENOCOPY_REVIEW_PENDING	false
GSE261783	GSM8151756	ATTGGGTTCAAGATAG-1	Smarca4	Smarca4_As_15194	Unstimulated	PROVISIONAL_KEEP_MANUAL_PHENOCOPY_REVIEW_PENDING	false
GSE261783	GSM8151756	CAACAACGTATGGGAC-1	Smarca4	Smarca4_As_15194	Unstimulated	PROVISIONAL_KEEP_MANUAL_PHENOCOPY_REVIEW_PENDING	false
GSE261783	GSM8151756	CATACAGCAGTTCACA-1	Smarca4	Smarca4_As_15194	Unstimulated	PROVISIONAL_KEEP_MANUAL_PHENOCOPY_REVIEW_PENDING	false
GSE261783	GSM8151756	CCACCATTCTAACACG-1	Smarca4	Smarca4_As_15194	Unstimulated	PROVISIONAL_KEEP_MANUAL_PHENOCOPY_REVIEW_PENDING	false
GSE261783	GSM8151756	CCTCACAAGCTGGCTC-1	Smarca4	Smarca4_As_15194	Unstimulated	PROVISIONAL_KEEP_MANUAL_PHENOCOPY_REVIEW_PENDING	false
GSE261783	GSM8151756	CGTGAATTCGTCTACC-1	Smarca4	Smarca4_As_15194	Unstimulated	PROVISIONAL_KEEP_MANUAL_PHENOCOPY_REVIEW_PENDING	false
GSE261783	GSM8151756	CTACAGAAGCGACTTT-1	Smarca4	Smarca4_As_15194	Unstimulated	PROVISIONAL_KEEP_MANUAL_PHENOCOPY_REVIEW_PENDING	false
GSE261783	GSM8151756	CTACATTAGCCAGACA-1	Smarca4	Smarca4_As_15194	Unstimulated	PROVISIONAL_KEEP_MANUAL_PHENOCOPY_REVIEW_PENDING	false
GSE261783	GSM8151756	CTACATTCAGCACAAG-1	Smarca4	Smarca4_As_15194	Unstimulated	PROVISIONAL_KEEP_MANUAL_PHENOCOPY_REVIEW_PENDING	false
GSE261783	GSM8151756	CTACTATGTCTGTGCG-1	Smarca4	Smarca4_As_15194	Unstimulated	PROVISIONAL_KEEP_MANUAL_PHENOCOPY_REVIEW_PENDING	false
GSE261783	GSM8151756	CTCCTCCCAGCGTGAA-1	Smarca4	Smarca4_As_15194	Unstimulated	PROVISIONAL_KEEP_MANUAL_PHENOCOPY_REVIEW_PENDING	false
GSE261783	GSM8151756	GAACGTTCACAGCCAC-1	Smarca4	Smarca4_As_15194	Unstimulated	PROVISIONAL_KEEP_MANUAL_PHENOCOPY_REVIEW_PENDING	false
GSE261783	GSM8151756	GAAGCGATCGATGCTA-1	Smarca4	Smarca4_As_15194	Unstimulated	PROVISIONAL_KEEP_MANUAL_PHENOCOPY_REVIEW_PENDING	false
GSE261783	GSM8151756	GACCAATCACCATTCC-1	Smarca4	Smarca4_As_15194	Unstimulated	PROVISIONAL_KEEP_MANUAL_PHENOCOPY_REVIEW_PENDING	false
GSE261783	GSM8151756	GACTGATAGAGAGCAA-1	Smarca4	Smarca4_As_15194	Unstimulated	PROVISIONAL_KEEP_MANUAL_PHENOCOPY_REVIEW_PENDING	false
GSE261783	GSM8151756	GATGAGGCAAGCAATA-1	Smarca4	Smarca4_As_15194	Unstimulated	PROVISIONAL_KEEP_MANUAL_PHENOCOPY_REVIEW_PENDING	false
GSE261783	GSM8151756	GCTTGGGTCTGAGGCC-1	Smarca4	Smarca4_As_15194	Unstimulated	PROVISIONAL_KEEP_MANUAL_PHENOCOPY_REVIEW_PENDING	false
GSE261783	GSM8151756	GGGAGTAAGGGCCTCT-1	Smarca4	Smarca4_As_15194	Unstimulated	PROVISIONAL_KEEP_MANUAL_PHENOCOPY_REVIEW_PENDING	false
GSE261783	GSM8151756	GTTCATTCAGTGCCTG-1	Smarca4	Smarca4_As_15194	Unstimulated	PROVISIONAL_KEEP_MANUAL_PHENOCOPY_REVIEW_PENDING	false
GSE261783	GSM8151756	GTTGCTCCAACCGATT-1	Smarca4	Smarca4_As_15194	Unstimulated	PROVISIONAL_KEEP_MANUAL_PHENOCOPY_REVIEW_PENDING	false
GSE261783	GSM8151756	TATCTTGCAAAGTGTA-1	Smarca4	Smarca4_As_15194	Unstimulated	PROVISIONAL_KEEP_MANUAL_PHENOCOPY_REVIEW_PENDING	false
GSE261783	GSM8151756	TCAGTCCAGATTAGCA-1	Smarca4	Smarca4_As_15194	Unstimulated	PROVISIONAL_KEEP_MANUAL_PHENOCOPY_REVIEW_PENDING	false
GSE261783	GSM8151756	TCATTACAGCCATTTG-1	Smarca4	Smarca4_As_15194	Unstimulated	PROVISIONAL_KEEP_MANUAL_PHENOCOPY_REVIEW_PENDING	false
GSE261783	GSM8151756	TCCATCGAGCTGACAG-1	Smarca4	Smarca4_As_15194	Unstimulated	PROVISIONAL_KEEP_MANUAL_PHENOCOPY_REVIEW_PENDING	false
GSE261783	GSM8151756	TCGTGGGAGGCCATAG-1	Smarca4	Smarca4_As_15194	Unstimulated	PROVISIONAL_KEEP_MANUAL_PHENOCOPY_REVIEW_PENDING	false
GSE261783	GSM8151756	TCTATCACACGGTGCT-1	Smarca4	Smarca4_As_15194	Unstimulated	PROVISIONAL_KEEP_MANUAL_PHENOCOPY_REVIEW_PENDING	false
GSE261783	GSM8151756	TCTTCCTCAAGAGAGA-1	Smarca4	Smarca4_As_15194	Unstimulated	PROVISIONAL_KEEP_MANUAL_PHENOCOPY_REVIEW_PENDING	false
GSE261783	GSM8151756	TGACTCCAGTGCCTCG-1	Smarca4	Smarca4_As_15194	Unstimulated	PROVISIONAL_KEEP_MANUAL_PHENOCOPY_REVIEW_PENDING	false
GSE261783	GSM8151756	TGCGGCATCTGGAAGG-1	Smarca4	Smarca4_As_15194	Unstimulated	PROVISIONAL_KEEP_MANUAL_PHENOCOPY_REVIEW_PENDING	false
GSE261783	GSM8151756	TTCAATCCATGTGACT-1	Smarca4	Smarca4_As_15194	Unstimulated	PROVISIONAL_KEEP_MANUAL_PHENOCOPY_REVIEW_PENDING	false
GSE261783	GSM8151756	TTCCTTCTCTCCCATG-1	Smarca4	Smarca4_As_15194	Unstimulated	PROVISIONAL_KEEP_MANUAL_PHENOCOPY_REVIEW_PENDING	false
GSE261783	GSM8151756	AAACGAAAGTTCAACC-1	Smarcd1	Smarcd1_As_15167	Unstimulated	PROVISIONAL_KEEP_MANUAL_PHENOCOPY_REVIEW_PENDING	false
GSE261783	GSM8151756	AAAGGGCCAACGAGGT-1	Smarcd1	Smarcd1_As_15167	Unstimulated	PROVISIONAL_KEEP_MANUAL_PHENOCOPY_REVIEW_PENDING	false
GSE261783	GSM8151756	AACCCAATCGCTATTT-1	Smarcd1	Smarcd1_As_15167	Unstimulated	PROVISIONAL_KEEP_MANUAL_PHENOCOPY_REVIEW_PENDING	false
GSE261783	GSM8151756	AACGGGAAGCCTGAGA-1	Smarcd1	Smarcd1_As_15167	Unstimulated	PROVISIONAL_KEEP_MANUAL_PHENOCOPY_REVIEW_PENDING	false
GSE261783	GSM8151756	ACAACCACACCACTGG-1	Smarcd1	Smarcd1_As_15167	Unstimulated	PROVISIONAL_KEEP_MANUAL_PHENOCOPY_REVIEW_PENDING	false
GSE261783	GSM8151756	ACATCGAGTACCAATC-1	Smarcd1	Smarcd1_As_15167	Unstimulated	PROVISIONAL_KEEP_MANUAL_PHENOCOPY_REVIEW_PENDING	false
GSE261783	GSM8151756	ACGTAACGTGCTGATT-1	Smarcd1	Smarcd1_As_15167	Unstimulated	PROVISIONAL_KEEP_MANUAL_PHENOCOPY_REVIEW_PENDING	false
GSE261783	GSM8151756	ACTGTGATCAGACATC-1	Smarcd1	Smarcd1_As_15167	Unstimulated	PROVISIONAL_KEEP_MANUAL_PHENOCOPY_REVIEW_PENDING	false
GSE261783	GSM8151756	ACTTATCTCTCAATCT-1	Smarcd1	Smarcd1_As_15167	Unstimulated	PROVISIONAL_KEEP_MANUAL_PHENOCOPY_REVIEW_PENDING	false
GSE261783	GSM8151756	ACTTCGCTCCTTCAGC-1	Smarcd1	Smarcd1_As_15167	Unstimulated	PROVISIONAL_KEEP_MANUAL_PHENOCOPY_REVIEW_PENDING	false
GSE261783	GSM8151756	AGAAGTAAGTGATAAC-1	Smarcd1	Smarcd1_As_15167	Unstimulated	PROVISIONAL_KEEP_MANUAL_PHENOCOPY_REVIEW_PENDING	false
GSE261783	GSM8151756	AGAAGTACAGCGTACC-1	Smarcd1	Smarcd1_As_15167	Unstimulated	PROVISIONAL_KEEP_MANUAL_PHENOCOPY_REVIEW_PENDING	false
GSE261783	GSM8151756	AGAGCCCCACAGTGAG-1	Smarcd1	Smarcd1_As_15167	Unstimulated	PROVISIONAL_KEEP_MANUAL_PHENOCOPY_REVIEW_PENDING	false
GSE261783	GSM8151756	AGCATCAAGTGCACTT-1	Smarcd1	Smarcd1_As_15167	Unstimulated	PROVISIONAL_KEEP_MANUAL_PHENOCOPY_REVIEW_PENDING	false
GSE261783	GSM8151756	ATCGATGAGATAGCAT-1	Smarcd1	Smarcd1_As_15167	Unstimulated	PROVISIONAL_KEEP_MANUAL_PHENOCOPY_REVIEW_PENDING	false
GSE261783	GSM8151756	ATCTTCAGTTCTAAGC-1	Smarcd1	Smarcd1_As_15167	Unstimulated	PROVISIONAL_KEEP_MANUAL_PHENOCOPY_REVIEW_PENDING	false
GSE261783	GSM8151756	ATTACTCGTACGATTC-1	Smarcd1	Smarcd1_As_15167	Unstimulated	PROVISIONAL_KEEP_MANUAL_PHENOCOPY_REVIEW_PENDING	false
GSE261783	GSM8151756	ATTTCTGCAAGTGGTG-1	Smarcd1	Smarcd1_As_15167	Unstimulated	PROVISIONAL_KEEP_MANUAL_PHENOCOPY_REVIEW_PENDING	false
GSE261783	GSM8151756	CACTGTCGTCTGATCA-1	Smarcd1	Smarcd1_As_15167	Unstimulated	PROVISIONAL_KEEP_MANUAL_PHENOCOPY_REVIEW_PENDING	false
GSE261783	GSM8151756	CAGAGCCCACGCAAAG-1	Smarcd1	Smarcd1_As_15167	Unstimulated	PROVISIONAL_KEEP_MANUAL_PHENOCOPY_REVIEW_PENDING	false
GSE261783	GSM8151756	CATTGTTCAGGAGACT-1	Smarcd1	Smarcd1_As_15167	Unstimulated	PROVISIONAL_KEEP_MANUAL_PHENOCOPY_REVIEW_PENDING	false
GSE261783	GSM8151756	CCATCACGTCCAATCA-1	Smarcd1	Smarcd1_As_15167	Unstimulated	PROVISIONAL_KEEP_MANUAL_PHENOCOPY_REVIEW_PENDING	false
GSE261783	GSM8151756	CCGGTGACACTACTTT-1	Smarcd1	Smarcd1_As_15167	Unstimulated	PROVISIONAL_KEEP_MANUAL_PHENOCOPY_REVIEW_PENDING	false
GSE261783	GSM8151756	CCTAACCTCGAAGCCC-1	Smarcd1	Smarcd1_As_15167	Unstimulated	PROVISIONAL_KEEP_MANUAL_PHENOCOPY_REVIEW_PENDING	false
GSE261783	GSM8151756	CCTCAGTAGAAGAGCA-1	Smarcd1	Smarcd1_As_15167	Unstimulated	PROVISIONAL_KEEP_MANUAL_PHENOCOPY_REVIEW_PENDING	false
GSE261783	GSM8151756	CCTGTTGTCGTTATCT-1	Smarcd1	Smarcd1_As_15167	Unstimulated	PROVISIONAL_KEEP_MANUAL_PHENOCOPY_REVIEW_PENDING	false
GSE261783	GSM8151756	CGATGCGGTGACGCCT-1	Smarcd1	Smarcd1_As_15167	Unstimulated	PROVISIONAL_KEEP_MANUAL_PHENOCOPY_REVIEW_PENDING	false
GSE261783	GSM8151756	CGCAGGTAGATGATTG-1	Smarcd1	Smarcd1_As_15167	Unstimulated	PROVISIONAL_KEEP_MANUAL_PHENOCOPY_REVIEW_PENDING	false
GSE261783	GSM8151756	CGGAACCAGCGTGTTT-1	Smarcd1	Smarcd1_As_15167	Unstimulated	PROVISIONAL_KEEP_MANUAL_PHENOCOPY_REVIEW_PENDING	false
GSE261783	GSM8151756	CGTAGTAGTCCGAAGA-1	Smarcd1	Smarcd1_As_15167	Unstimulated	PROVISIONAL_KEEP_MANUAL_PHENOCOPY_REVIEW_PENDING	false
GSE261783	GSM8151756	CTACCTGCATAACCCA-1	Smarcd1	Smarcd1_As_15167	Unstimulated	PROVISIONAL_KEEP_MANUAL_PHENOCOPY_REVIEW_PENDING	false
GSE261783	GSM8151756	CTCCAACAGTGTACCT-1	Smarcd1	Smarcd1_As_15167	Unstimulated	PROVISIONAL_KEEP_MANUAL_PHENOCOPY_REVIEW_PENDING	false
GSE261783	GSM8151756	CTGAGCGTCTGAGATC-1	Smarcd1	Smarcd1_As_15167	Unstimulated	PROVISIONAL_KEEP_MANUAL_PHENOCOPY_REVIEW_PENDING	false
GSE261783	GSM8151756	CTGCATCGTGGTCTAT-1	Smarcd1	Smarcd1_As_15167	Unstimulated	PROVISIONAL_KEEP_MANUAL_PHENOCOPY_REVIEW_PENDING	false
GSE261783	GSM8151756	CTGCGAGGTTGCGGAA-1	Smarcd1	Smarcd1_As_15167	Unstimulated	PROVISIONAL_KEEP_MANUAL_PHENOCOPY_REVIEW_PENDING	false
GSE261783	GSM8151756	CTTGATTGTTCTGAGT-1	Smarcd1	Smarcd1_As_15167	Unstimulated	PROVISIONAL_KEEP_MANUAL_PHENOCOPY_REVIEW_PENDING	false
GSE261783	GSM8151756	GAAGCGATCACCTCGT-1	Smarcd1	Smarcd1_As_15167	Unstimulated	PROVISIONAL_KEEP_MANUAL_PHENOCOPY_REVIEW_PENDING	false
GSE261783	GSM8151756	GAATCGTTCGGACAAG-1	Smarcd1	Smarcd1_As_15167	Unstimulated	PROVISIONAL_KEEP_MANUAL_PHENOCOPY_REVIEW_PENDING	false
GSE261783	GSM8151756	GACCCTTCAAATTGCC-1	Smarcd1	Smarcd1_As_15167	Unstimulated	PROVISIONAL_KEEP_MANUAL_PHENOCOPY_REVIEW_PENDING	false
GSE261783	GSM8151756	GAGAAATGTACACTCA-1	Smarcd1	Smarcd1_As_15167	Unstimulated	PROVISIONAL_KEEP_MANUAL_PHENOCOPY_REVIEW_PENDING	false
GSE261783	GSM8151756	GAGATGGAGCTGACAG-1	Smarcd1	Smarcd1_As_15167	Unstimulated	PROVISIONAL_KEEP_MANUAL_PHENOCOPY_REVIEW_PENDING	false
GSE261783	GSM8151756	GAGGGTAGTACCGTGC-1	Smarcd1	Smarcd1_As_15167	Unstimulated	PROVISIONAL_KEEP_MANUAL_PHENOCOPY_REVIEW_PENDING	false
GSE261783	GSM8151756	GAGTTACCATCCGCGA-1	Smarcd1	Smarcd1_As_15167	Unstimulated	PROVISIONAL_KEEP_MANUAL_PHENOCOPY_REVIEW_PENDING	false
GSE261783	GSM8151756	GATTCTTAGTCAATCC-1	Smarcd1	Smarcd1_As_15167	Unstimulated	PROVISIONAL_KEEP_MANUAL_PHENOCOPY_REVIEW_PENDING	false
GSE261783	GSM8151756	GCAGGCTTCGATGCTA-1	Smarcd1	Smarcd1_As_15167	Unstimulated	PROVISIONAL_KEEP_MANUAL_PHENOCOPY_REVIEW_PENDING	false
GSE261783	GSM8151756	GCATCTCTCATTTGTC-1	Smarcd1	Smarcd1_As_15167	Unstimulated	PROVISIONAL_KEEP_MANUAL_PHENOCOPY_REVIEW_PENDING	false
GSE261783	GSM8151756	GCCAGGTTCCTCTCTT-1	Smarcd1	Smarcd1_As_15167	Unstimulated	PROVISIONAL_KEEP_MANUAL_PHENOCOPY_REVIEW_PENDING	false
GSE261783	GSM8151756	GCGGAAAAGGATTTCC-1	Smarcd1	Smarcd1_As_15167	Unstimulated	PROVISIONAL_KEEP_MANUAL_PHENOCOPY_REVIEW_PENDING	false
GSE261783	GSM8151756	GGAATCTCAATCTAGC-1	Smarcd1	Smarcd1_As_15167	Unstimulated	PROVISIONAL_KEEP_MANUAL_PHENOCOPY_REVIEW_PENDING	false
GSE261783	GSM8151756	GGGACCTAGGCGTCCT-1	Smarcd1	Smarcd1_As_15167	Unstimulated	PROVISIONAL_KEEP_MANUAL_PHENOCOPY_REVIEW_PENDING	false
GSE261783	GSM8151756	GGGACTCAGACTAAGT-1	Smarcd1	Smarcd1_As_15167	Unstimulated	PROVISIONAL_KEEP_MANUAL_PHENOCOPY_REVIEW_PENDING	false
GSE261783	GSM8151756	GGGACTCGTCGGCTAC-1	Smarcd1	Smarcd1_As_15167	Unstimulated	PROVISIONAL_KEEP_MANUAL_PHENOCOPY_REVIEW_PENDING	false
GSE261783	GSM8151756	GGGATCCGTTACACAC-1	Smarcd1	Smarcd1_As_15167	Unstimulated	PROVISIONAL_KEEP_MANUAL_PHENOCOPY_REVIEW_PENDING	false
GSE261783	GSM8151756	GGGATGACACCCTATC-1	Smarcd1	Smarcd1_As_15167	Unstimulated	PROVISIONAL_KEEP_MANUAL_PHENOCOPY_REVIEW_PENDING	false
GSE261783	GSM8151756	GGGTTTAAGCAACTCT-1	Smarcd1	Smarcd1_As_15167	Unstimulated	PROVISIONAL_KEEP_MANUAL_PHENOCOPY_REVIEW_PENDING	false
GSE261783	GSM8151756	GGTGAAGGTCACATTG-1	Smarcd1	Smarcd1_As_15167	Unstimulated	PROVISIONAL_KEEP_MANUAL_PHENOCOPY_REVIEW_PENDING	false
GSE261783	GSM8151756	GGTTAACAGTCTGGTT-1	Smarcd1	Smarcd1_As_15167	Unstimulated	PROVISIONAL_KEEP_MANUAL_PHENOCOPY_REVIEW_PENDING	false
GSE261783	GSM8151756	GTCTAGAGTATGCTAC-1	Smarcd1	Smarcd1_As_15167	Unstimulated	PROVISIONAL_KEEP_MANUAL_PHENOCOPY_REVIEW_PENDING	false
GSE261783	GSM8151756	GTGAGTTCACCTATCC-1	Smarcd1	Smarcd1_As_15167	Unstimulated	PROVISIONAL_KEEP_MANUAL_PHENOCOPY_REVIEW_PENDING	false
GSE261783	GSM8151756	GTGGGAAAGAAGTCTA-1	Smarcd1	Smarcd1_As_15167	Unstimulated	PROVISIONAL_KEEP_MANUAL_PHENOCOPY_REVIEW_PENDING	false
GSE261783	GSM8151756	GTTGCGGCAGAATGTA-1	Smarcd1	Smarcd1_As_15167	Unstimulated	PROVISIONAL_KEEP_MANUAL_PHENOCOPY_REVIEW_PENDING	false
GSE261783	GSM8151756	TACGGTAGTTACCCTC-1	Smarcd1	Smarcd1_As_15167	Unstimulated	PROVISIONAL_KEEP_MANUAL_PHENOCOPY_REVIEW_PENDING	false
GSE261783	GSM8151756	TAGGTTGGTTGTCAGT-1	Smarcd1	Smarcd1_As_15167	Unstimulated	PROVISIONAL_KEEP_MANUAL_PHENOCOPY_REVIEW_PENDING	false
GSE261783	GSM8151756	TCATCCGGTGTTCGTA-1	Smarcd1	Smarcd1_As_15167	Unstimulated	PROVISIONAL_KEEP_MANUAL_PHENOCOPY_REVIEW_PENDING	false
GSE261783	GSM8151756	TCCAGAAGTGGCGTAA-1	Smarcd1	Smarcd1_As_15167	Unstimulated	PROVISIONAL_KEEP_MANUAL_PHENOCOPY_REVIEW_PENDING	false
GSE261783	GSM8151756	TCCCAGTGTCGAGTTT-1	Smarcd1	Smarcd1_As_15167	Unstimulated	PROVISIONAL_KEEP_MANUAL_PHENOCOPY_REVIEW_PENDING	false
GSE261783	GSM8151756	TCCGATCGTTCAAGGG-1	Smarcd1	Smarcd1_As_15167	Unstimulated	PROVISIONAL_KEEP_MANUAL_PHENOCOPY_REVIEW_PENDING	false
GSE261783	GSM8151756	TCGGATATCGATCCAA-1	Smarcd1	Smarcd1_As_15167	Unstimulated	PROVISIONAL_KEEP_MANUAL_PHENOCOPY_REVIEW_PENDING	false
GSE261783	GSM8151756	TCGTAGAAGCGCTGAA-1	Smarcd1	Smarcd1_As_15167	Unstimulated	PROVISIONAL_KEEP_MANUAL_PHENOCOPY_REVIEW_PENDING	false
GSE261783	GSM8151756	TCTATCAGTTGCTCAA-1	Smarcd1	Smarcd1_As_15167	Unstimulated	PROVISIONAL_KEEP_MANUAL_PHENOCOPY_REVIEW_PENDING	false
GSE261783	GSM8151756	TCTTCCTAGGCTTCCG-1	Smarcd1	Smarcd1_As_15167	Unstimulated	PROVISIONAL_KEEP_MANUAL_PHENOCOPY_REVIEW_PENDING	false
GSE261783	GSM8151756	TGAACGTAGCAGAAAG-1	Smarcd1	Smarcd1_As_15167	Unstimulated	PROVISIONAL_KEEP_MANUAL_PHENOCOPY_REVIEW_PENDING	false
GSE261783	GSM8151756	TGCACGGCAGACAAGC-1	Smarcd1	Smarcd1_As_15167	Unstimulated	PROVISIONAL_KEEP_MANUAL_PHENOCOPY_REVIEW_PENDING	false
GSE261783	GSM8151756	TGCGGCATCACCTGGG-1	Smarcd1	Smarcd1_As_15167	Unstimulated	PROVISIONAL_KEEP_MANUAL_PHENOCOPY_REVIEW_PENDING	false
GSE261783	GSM8151756	TGGAGGAAGCACCGTC-1	Smarcd1	Smarcd1_As_15167	Unstimulated	PROVISIONAL_KEEP_MANUAL_PHENOCOPY_REVIEW_PENDING	false
GSE261783	GSM8151756	TGGTAGTCAGTCACGC-1	Smarcd1	Smarcd1_As_15167	Unstimulated	PROVISIONAL_KEEP_MANUAL_PHENOCOPY_REVIEW_PENDING	false
GSE261783	GSM8151756	TGTGATGGTGCATTAC-1	Smarcd1	Smarcd1_As_15167	Unstimulated	PROVISIONAL_KEEP_MANUAL_PHENOCOPY_REVIEW_PENDING	false
GSE261783	GSM8151756	TTAGGCACAGATCCAT-1	Smarcd1	Smarcd1_As_15167	Unstimulated	PROVISIONAL_KEEP_MANUAL_PHENOCOPY_REVIEW_PENDING	false
GSE261783	GSM8151756	AACAAAGGTCGACGCT-1	Smarcd1	Smarcd1_Br_45407	Unstimulated	PROVISIONAL_KEEP_MANUAL_PHENOCOPY_REVIEW_PENDING	false
GSE261783	GSM8151756	AAGAACATCCTCTGCA-1	Smarcd1	Smarcd1_Br_45407	Unstimulated	PROVISIONAL_KEEP_MANUAL_PHENOCOPY_REVIEW_PENDING	false
GSE261783	GSM8151756	AAGTTCGCAGACACCC-1	Smarcd1	Smarcd1_Br_45407	Unstimulated	PROVISIONAL_KEEP_MANUAL_PHENOCOPY_REVIEW_PENDING	false
GSE261783	GSM8151756	ACAACCATCCGTTGGG-1	Smarcd1	Smarcd1_Br_45407	Unstimulated	PROVISIONAL_KEEP_MANUAL_PHENOCOPY_REVIEW_PENDING	false
GSE261783	GSM8151756	ACCTGTCCAGCTCTGG-1	Smarcd1	Smarcd1_Br_45407	Unstimulated	PROVISIONAL_KEEP_MANUAL_PHENOCOPY_REVIEW_PENDING	false
GSE261783	GSM8151756	ACGTCCTAGGTGAGAA-1	Smarcd1	Smarcd1_Br_45407	Unstimulated	PROVISIONAL_KEEP_MANUAL_PHENOCOPY_REVIEW_PENDING	false
GSE261783	GSM8151756	ACTATCTAGCAATAAC-1	Smarcd1	Smarcd1_Br_45407	Unstimulated	PROVISIONAL_KEEP_MANUAL_PHENOCOPY_REVIEW_PENDING	false
GSE261783	GSM8151756	ACTATGGGTATCAGCT-1	Smarcd1	Smarcd1_Br_45407	Unstimulated	PROVISIONAL_KEEP_MANUAL_PHENOCOPY_REVIEW_PENDING	false
GSE261783	GSM8151756	AGAGAATTCGAGCTGC-1	Smarcd1	Smarcd1_Br_45407	Unstimulated	PROVISIONAL_KEEP_MANUAL_PHENOCOPY_REVIEW_PENDING	false
GSE261783	GSM8151756	AGAGCCCGTGTTTCTT-1	Smarcd1	Smarcd1_Br_45407	Unstimulated	PROVISIONAL_KEEP_MANUAL_PHENOCOPY_REVIEW_PENDING	false
GSE261783	GSM8151756	AGGAAATTCACCGGTG-1	Smarcd1	Smarcd1_Br_45407	Unstimulated	PROVISIONAL_KEEP_MANUAL_PHENOCOPY_REVIEW_PENDING	false
GSE261783	GSM8151756	AGGAGGTAGGTCTACT-1	Smarcd1	Smarcd1_Br_45407	Unstimulated	PROVISIONAL_KEEP_MANUAL_PHENOCOPY_REVIEW_PENDING	false
GSE261783	GSM8151756	AGGCATTTCGGAGTGA-1	Smarcd1	Smarcd1_Br_45407	Unstimulated	PROVISIONAL_KEEP_MANUAL_PHENOCOPY_REVIEW_PENDING	false
GSE261783	GSM8151756	AGGCCACAGCGCGTTC-1	Smarcd1	Smarcd1_Br_45407	Unstimulated	PROVISIONAL_KEEP_MANUAL_PHENOCOPY_REVIEW_PENDING	false
GSE261783	GSM8151756	AGTCTCCCATGTGGCC-1	Smarcd1	Smarcd1_Br_45407	Unstimulated	PROVISIONAL_KEEP_MANUAL_PHENOCOPY_REVIEW_PENDING	false
GSE261783	GSM8151756	ATCACTTTCGCCTCTA-1	Smarcd1	Smarcd1_Br_45407	Unstimulated	PROVISIONAL_KEEP_MANUAL_PHENOCOPY_REVIEW_PENDING	false
GSE261783	GSM8151756	CACCGTTGTCCACTTC-1	Smarcd1	Smarcd1_Br_45407	Unstimulated	PROVISIONAL_KEEP_MANUAL_PHENOCOPY_REVIEW_PENDING	false
GSE261783	GSM8151756	CAGATACTCTTAGGAC-1	Smarcd1	Smarcd1_Br_45407	Unstimulated	PROVISIONAL_KEEP_MANUAL_PHENOCOPY_REVIEW_PENDING	false
GSE261783	GSM8151756	CAGCAATTCACTGCTC-1	Smarcd1	Smarcd1_Br_45407	Unstimulated	PROVISIONAL_KEEP_MANUAL_PHENOCOPY_REVIEW_PENDING	false
GSE261783	GSM8151756	CAGGCCATCCGAAGGA-1	Smarcd1	Smarcd1_Br_45407	Unstimulated	PROVISIONAL_KEEP_MANUAL_PHENOCOPY_REVIEW_PENDING	false
GSE261783	GSM8151756	CATCCCAAGACTCATC-1	Smarcd1	Smarcd1_Br_45407	Unstimulated	PROVISIONAL_KEEP_MANUAL_PHENOCOPY_REVIEW_PENDING	false
GSE261783	GSM8151756	CCACACTTCCCACAGG-1	Smarcd1	Smarcd1_Br_45407	Unstimulated	PROVISIONAL_KEEP_MANUAL_PHENOCOPY_REVIEW_PENDING	false
GSE261783	GSM8151756	CCACGTTTCTATCACT-1	Smarcd1	Smarcd1_Br_45407	Unstimulated	PROVISIONAL_KEEP_MANUAL_PHENOCOPY_REVIEW_PENDING	false
GSE261783	GSM8151756	CCCTTAGTCCCTCTTT-1	Smarcd1	Smarcd1_Br_45407	Unstimulated	PROVISIONAL_KEEP_MANUAL_PHENOCOPY_REVIEW_PENDING	false
GSE261783	GSM8151756	CGAGAAGAGACGGATC-1	Smarcd1	Smarcd1_Br_45407	Unstimulated	PROVISIONAL_KEEP_MANUAL_PHENOCOPY_REVIEW_PENDING	false
GSE261783	GSM8151756	CGCCAGAGTGTGACCC-1	Smarcd1	Smarcd1_Br_45407	Unstimulated	PROVISIONAL_KEEP_MANUAL_PHENOCOPY_REVIEW_PENDING	false
GSE261783	GSM8151756	CGGGCATAGATGGGCT-1	Smarcd1	Smarcd1_Br_45407	Unstimulated	PROVISIONAL_KEEP_MANUAL_PHENOCOPY_REVIEW_PENDING	false
GSE261783	GSM8151756	CGGGTGTAGAGAGTTT-1	Smarcd1	Smarcd1_Br_45407	Unstimulated	PROVISIONAL_KEEP_MANUAL_PHENOCOPY_REVIEW_PENDING	false
GSE261783	GSM8151756	CGTGAATCAGTAGGAC-1	Smarcd1	Smarcd1_Br_45407	Unstimulated	PROVISIONAL_KEEP_MANUAL_PHENOCOPY_REVIEW_PENDING	false
GSE261783	GSM8151756	CTAACTTGTGGTCCGT-1	Smarcd1	Smarcd1_Br_45407	Unstimulated	PROVISIONAL_KEEP_MANUAL_PHENOCOPY_REVIEW_PENDING	false
GSE261783	GSM8151756	CTCAACCGTAGATTAG-1	Smarcd1	Smarcd1_Br_45407	Unstimulated	PROVISIONAL_KEEP_MANUAL_PHENOCOPY_REVIEW_PENDING	false
GSE261783	GSM8151756	CTCCGATGTGTTCCAA-1	Smarcd1	Smarcd1_Br_45407	Unstimulated	PROVISIONAL_KEEP_MANUAL_PHENOCOPY_REVIEW_PENDING	false
GSE261783	GSM8151756	CTGAATGCATGGCTGC-1	Smarcd1	Smarcd1_Br_45407	Unstimulated	PROVISIONAL_KEEP_MANUAL_PHENOCOPY_REVIEW_PENDING	false
GSE261783	GSM8151756	CTGCTCACAGTAGAGC-1	Smarcd1	Smarcd1_Br_45407	Unstimulated	PROVISIONAL_KEEP_MANUAL_PHENOCOPY_REVIEW_PENDING	false
GSE261783	GSM8151756	CTGGCAGTCAGCTCTC-1	Smarcd1	Smarcd1_Br_45407	Unstimulated	PROVISIONAL_KEEP_MANUAL_PHENOCOPY_REVIEW_PENDING	false
GSE261783	GSM8151756	CTGTAGACAATGAAAC-1	Smarcd1	Smarcd1_Br_45407	Unstimulated	PROVISIONAL_KEEP_MANUAL_PHENOCOPY_REVIEW_PENDING	false
GSE261783	GSM8151756	GACCTTCCACCGAATT-1	Smarcd1	Smarcd1_Br_45407	Unstimulated	PROVISIONAL_KEEP_MANUAL_PHENOCOPY_REVIEW_PENDING	false
GSE261783	GSM8151756	GACTTCCTCATAGGCT-1	Smarcd1	Smarcd1_Br_45407	Unstimulated	PROVISIONAL_KEEP_MANUAL_PHENOCOPY_REVIEW_PENDING	false
GSE261783	GSM8151756	GATTTCTAGGAACATT-1	Smarcd1	Smarcd1_Br_45407	Unstimulated	PROVISIONAL_KEEP_MANUAL_PHENOCOPY_REVIEW_PENDING	false
GSE261783	GSM8151756	GCATCTCTCATCACAG-1	Smarcd1	Smarcd1_Br_45407	Unstimulated	PROVISIONAL_KEEP_MANUAL_PHENOCOPY_REVIEW_PENDING	false
GSE261783	GSM8151756	GCCAACGGTTGTAGCT-1	Smarcd1	Smarcd1_Br_45407	Unstimulated	PROVISIONAL_KEEP_MANUAL_PHENOCOPY_REVIEW_PENDING	false
GSE261783	GSM8151756	GCGGATCGTGTCCACG-1	Smarcd1	Smarcd1_Br_45407	Unstimulated	PROVISIONAL_KEEP_MANUAL_PHENOCOPY_REVIEW_PENDING	false
GSE261783	GSM8151756	GCTGGGTGTCTCTCCA-1	Smarcd1	Smarcd1_Br_45407	Unstimulated	PROVISIONAL_KEEP_MANUAL_PHENOCOPY_REVIEW_PENDING	false
GSE261783	GSM8151756	GCTTCACCATGACAAA-1	Smarcd1	Smarcd1_Br_45407	Unstimulated	PROVISIONAL_KEEP_MANUAL_PHENOCOPY_REVIEW_PENDING	false
GSE261783	GSM8151756	GCTTTCGTCTCTCCGA-1	Smarcd1	Smarcd1_Br_45407	Unstimulated	PROVISIONAL_KEEP_MANUAL_PHENOCOPY_REVIEW_PENDING	false
GSE261783	GSM8151756	GGGACAATCGAGTCCG-1	Smarcd1	Smarcd1_Br_45407	Unstimulated	PROVISIONAL_KEEP_MANUAL_PHENOCOPY_REVIEW_PENDING	false
GSE261783	GSM8151756	GGGTCACCACACAGAG-1	Smarcd1	Smarcd1_Br_45407	Unstimulated	PROVISIONAL_KEEP_MANUAL_PHENOCOPY_REVIEW_PENDING	false
GSE261783	GSM8151756	GGTAGAGCACCAGCTG-1	Smarcd1	Smarcd1_Br_45407	Unstimulated	PROVISIONAL_KEEP_MANUAL_PHENOCOPY_REVIEW_PENDING	false
GSE261783	GSM8151756	GTCAAACGTGAATGAT-1	Smarcd1	Smarcd1_Br_45407	Unstimulated	PROVISIONAL_KEEP_MANUAL_PHENOCOPY_REVIEW_PENDING	false
GSE261783	GSM8151756	GTCAGCGAGCTTTCTT-1	Smarcd1	Smarcd1_Br_45407	Unstimulated	PROVISIONAL_KEEP_MANUAL_PHENOCOPY_REVIEW_PENDING	false
GSE261783	GSM8151756	GTGCGTGTCCAACCGG-1	Smarcd1	Smarcd1_Br_45407	Unstimulated	PROVISIONAL_KEEP_MANUAL_PHENOCOPY_REVIEW_PENDING	false
GSE261783	GSM8151756	GTGGTTACAACGACTT-1	Smarcd1	Smarcd1_Br_45407	Unstimulated	PROVISIONAL_KEEP_MANUAL_PHENOCOPY_REVIEW_PENDING	false
GSE261783	GSM8151756	GTGGTTAGTTCGGCTG-1	Smarcd1	Smarcd1_Br_45407	Unstimulated	PROVISIONAL_KEEP_MANUAL_PHENOCOPY_REVIEW_PENDING	false
GSE261783	GSM8151756	GTGTTAGAGGCTTAGG-1	Smarcd1	Smarcd1_Br_45407	Unstimulated	PROVISIONAL_KEEP_MANUAL_PHENOCOPY_REVIEW_PENDING	false
GSE261783	GSM8151756	GTTAGTGAGTGACCTT-1	Smarcd1	Smarcd1_Br_45407	Unstimulated	PROVISIONAL_KEEP_MANUAL_PHENOCOPY_REVIEW_PENDING	false
GSE261783	GSM8151756	TACGGGCGTTTGGCTA-1	Smarcd1	Smarcd1_Br_45407	Unstimulated	PROVISIONAL_KEEP_MANUAL_PHENOCOPY_REVIEW_PENDING	false
GSE261783	GSM8151756	TACTTGTGTGCTATTG-1	Smarcd1	Smarcd1_Br_45407	Unstimulated	PROVISIONAL_KEEP_MANUAL_PHENOCOPY_REVIEW_PENDING	false
GSE261783	GSM8151756	TATCCTATCGAAGAAT-1	Smarcd1	Smarcd1_Br_45407	Unstimulated	PROVISIONAL_KEEP_MANUAL_PHENOCOPY_REVIEW_PENDING	false
GSE261783	GSM8151756	TATCGCCCAGCCTTCT-1	Smarcd1	Smarcd1_Br_45407	Unstimulated	PROVISIONAL_KEEP_MANUAL_PHENOCOPY_REVIEW_PENDING	false
GSE261783	GSM8151756	TATCGCCGTCACTTAG-1	Smarcd1	Smarcd1_Br_45407	Unstimulated	PROVISIONAL_KEEP_MANUAL_PHENOCOPY_REVIEW_PENDING	false
GSE261783	GSM8151756	TCAAGCAAGACGGATC-1	Smarcd1	Smarcd1_Br_45407	Unstimulated	PROVISIONAL_KEEP_MANUAL_PHENOCOPY_REVIEW_PENDING	false
GSE261783	GSM8151756	TCACATTTCCAAGGGA-1	Smarcd1	Smarcd1_Br_45407	Unstimulated	PROVISIONAL_KEEP_MANUAL_PHENOCOPY_REVIEW_PENDING	false
GSE261783	GSM8151756	TCATGTTAGGTAGATT-1	Smarcd1	Smarcd1_Br_45407	Unstimulated	PROVISIONAL_KEEP_MANUAL_PHENOCOPY_REVIEW_PENDING	false
GSE261783	GSM8151756	TCCCATGAGTGCTAGG-1	Smarcd1	Smarcd1_Br_45407	Unstimulated	PROVISIONAL_KEEP_MANUAL_PHENOCOPY_REVIEW_PENDING	false
GSE261783	GSM8151756	TCCTGCACACTTGAAC-1	Smarcd1	Smarcd1_Br_45407	Unstimulated	PROVISIONAL_KEEP_MANUAL_PHENOCOPY_REVIEW_PENDING	false
GSE261783	GSM8151756	TCTGTCGCACCCTTGT-1	Smarcd1	Smarcd1_Br_45407	Unstimulated	PROVISIONAL_KEEP_MANUAL_PHENOCOPY_REVIEW_PENDING	false
GSE261783	GSM8151756	TCTTCCTGTTCCAGGC-1	Smarcd1	Smarcd1_Br_45407	Unstimulated	PROVISIONAL_KEEP_MANUAL_PHENOCOPY_REVIEW_PENDING	false
GSE261783	GSM8151756	TGAATGCCACAGCCTG-1	Smarcd1	Smarcd1_Br_45407	Unstimulated	PROVISIONAL_KEEP_MANUAL_PHENOCOPY_REVIEW_PENDING	false
GSE261783	GSM8151756	TGATTTCGTCGTATTG-1	Smarcd1	Smarcd1_Br_45407	Unstimulated	PROVISIONAL_KEEP_MANUAL_PHENOCOPY_REVIEW_PENDING	false
GSE261783	GSM8151756	TGCAGTAAGGCACCAA-1	Smarcd1	Smarcd1_Br_45407	Unstimulated	PROVISIONAL_KEEP_MANUAL_PHENOCOPY_REVIEW_PENDING	false
GSE261783	GSM8151756	TGCATCCGTGCGTGCT-1	Smarcd1	Smarcd1_Br_45407	Unstimulated	PROVISIONAL_KEEP_MANUAL_PHENOCOPY_REVIEW_PENDING	false
GSE261783	GSM8151756	TGCTTCGGTTTGAAAG-1	Smarcd1	Smarcd1_Br_45407	Unstimulated	PROVISIONAL_KEEP_MANUAL_PHENOCOPY_REVIEW_PENDING	false
GSE261783	GSM8151756	TGCTTGCGTGCCTGCA-1	Smarcd1	Smarcd1_Br_45407	Unstimulated	PROVISIONAL_KEEP_MANUAL_PHENOCOPY_REVIEW_PENDING	false
GSE261783	GSM8151756	TGTCCACCACTCGATA-1	Smarcd1	Smarcd1_Br_45407	Unstimulated	PROVISIONAL_KEEP_MANUAL_PHENOCOPY_REVIEW_PENDING	false
GSE261783	GSM8151756	TGTGCGGTCCGTATGA-1	Smarcd1	Smarcd1_Br_45407	Unstimulated	PROVISIONAL_KEEP_MANUAL_PHENOCOPY_REVIEW_PENDING	false
GSE261783	GSM8151756	TGTTCCGGTCGCTTGG-1	Smarcd1	Smarcd1_Br_45407	Unstimulated	PROVISIONAL_KEEP_MANUAL_PHENOCOPY_REVIEW_PENDING	false
GSE261783	GSM8151756	TTAATCCCAAAGGGTC-1	Smarcd1	Smarcd1_Br_45407	Unstimulated	PROVISIONAL_KEEP_MANUAL_PHENOCOPY_REVIEW_PENDING	false
GSE261783	GSM8151756	TTACGTTAGGCCATAG-1	Smarcd1	Smarcd1_Br_45407	Unstimulated	PROVISIONAL_KEEP_MANUAL_PHENOCOPY_REVIEW_PENDING	false
GSE261783	GSM8151756	TTAGGGTAGAGCCGTA-1	Smarcd1	Smarcd1_Br_45407	Unstimulated	PROVISIONAL_KEEP_MANUAL_PHENOCOPY_REVIEW_PENDING	false
GSE261783	GSM8151756	TTGAACGAGAGGTGCT-1	Smarcd1	Smarcd1_Br_45407	Unstimulated	PROVISIONAL_KEEP_MANUAL_PHENOCOPY_REVIEW_PENDING	false
GSE261783	GSM8151756	TTGAACGCACGAGGAT-1	Smarcd1	Smarcd1_Br_45407	Unstimulated	PROVISIONAL_KEEP_MANUAL_PHENOCOPY_REVIEW_PENDING	false
GSE261783	GSM8151756	TTGAGTGCACATATCG-1	Smarcd1	Smarcd1_Br_45407	Unstimulated	PROVISIONAL_KEEP_MANUAL_PHENOCOPY_REVIEW_PENDING	false
GSE261783	GSM8151756	TTGGGCGCAAGTGATA-1	Smarcd1	Smarcd1_Br_45407	Unstimulated	PROVISIONAL_KEEP_MANUAL_PHENOCOPY_REVIEW_PENDING	false
GSE261783	GSM8151756	TTTATGCCATGGAATA-1	Smarcd1	Smarcd1_Br_45407	Unstimulated	PROVISIONAL_KEEP_MANUAL_PHENOCOPY_REVIEW_PENDING	false
GSE261783	GSM8151756	AACAACCTCGGTCGAC-1	Srcap	Srcap_As_77988	Unstimulated	PROVISIONAL_KEEP_MANUAL_PHENOCOPY_REVIEW_PENDING	false
GSE261783	GSM8151756	AATGCCACACCGGTCA-1	Srcap	Srcap_As_77988	Unstimulated	PROVISIONAL_KEEP_MANUAL_PHENOCOPY_REVIEW_PENDING	false
GSE261783	GSM8151756	AATTCCTCACTACAGT-1	Srcap	Srcap_As_77988	Unstimulated	PROVISIONAL_KEEP_MANUAL_PHENOCOPY_REVIEW_PENDING	false
GSE261783	GSM8151756	ACACGCGTCTTGGTGA-1	Srcap	Srcap_As_77988	Unstimulated	PROVISIONAL_KEEP_MANUAL_PHENOCOPY_REVIEW_PENDING	false
GSE261783	GSM8151756	ACGTACAGTCGAAACG-1	Srcap	Srcap_As_77988	Unstimulated	PROVISIONAL_KEEP_MANUAL_PHENOCOPY_REVIEW_PENDING	false
GSE261783	GSM8151756	ACGTTCCAGCCAGAGT-1	Srcap	Srcap_As_77988	Unstimulated	PROVISIONAL_KEEP_MANUAL_PHENOCOPY_REVIEW_PENDING	false
GSE261783	GSM8151756	AGACAGGAGTTGAAAC-1	Srcap	Srcap_As_77988	Unstimulated	PROVISIONAL_KEEP_MANUAL_PHENOCOPY_REVIEW_PENDING	false
GSE261783	GSM8151756	AGAGCCCAGCGTCGAA-1	Srcap	Srcap_As_77988	Unstimulated	PROVISIONAL_KEEP_MANUAL_PHENOCOPY_REVIEW_PENDING	false
GSE261783	GSM8151756	AGGTTGTTCCTGTAAG-1	Srcap	Srcap_As_77988	Unstimulated	PROVISIONAL_KEEP_MANUAL_PHENOCOPY_REVIEW_PENDING	false
GSE261783	GSM8151756	AGTGTTGAGTCAGCCC-1	Srcap	Srcap_As_77988	Unstimulated	PROVISIONAL_KEEP_MANUAL_PHENOCOPY_REVIEW_PENDING	false
GSE261783	GSM8151756	ATTCAGGCACTTCCTG-1	Srcap	Srcap_As_77988	Unstimulated	PROVISIONAL_KEEP_MANUAL_PHENOCOPY_REVIEW_PENDING	false
GSE261783	GSM8151756	CACTGAACAAGCCATT-1	Srcap	Srcap_As_77988	Unstimulated	PROVISIONAL_KEEP_MANUAL_PHENOCOPY_REVIEW_PENDING	false
GSE261783	GSM8151756	CAGAGCCAGAGTGTGC-1	Srcap	Srcap_As_77988	Unstimulated	PROVISIONAL_KEEP_MANUAL_PHENOCOPY_REVIEW_PENDING	false
GSE261783	GSM8151756	CATCAAGCACGACGAA-1	Srcap	Srcap_As_77988	Unstimulated	PROVISIONAL_KEEP_MANUAL_PHENOCOPY_REVIEW_PENDING	false
GSE261783	GSM8151756	CATCGCTTCATCGTAG-1	Srcap	Srcap_As_77988	Unstimulated	PROVISIONAL_KEEP_MANUAL_PHENOCOPY_REVIEW_PENDING	false
GSE261783	GSM8151756	CATTCCGGTTTCGGCG-1	Srcap	Srcap_As_77988	Unstimulated	PROVISIONAL_KEEP_MANUAL_PHENOCOPY_REVIEW_PENDING	false
GSE261783	GSM8151756	CCCATTGAGTCTGGTT-1	Srcap	Srcap_As_77988	Unstimulated	PROVISIONAL_KEEP_MANUAL_PHENOCOPY_REVIEW_PENDING	false
GSE261783	GSM8151756	CGCCATTGTATGGTTC-1	Srcap	Srcap_As_77988	Unstimulated	PROVISIONAL_KEEP_MANUAL_PHENOCOPY_REVIEW_PENDING	false
GSE261783	GSM8151756	CTACAGAAGACATCAA-1	Srcap	Srcap_As_77988	Unstimulated	PROVISIONAL_KEEP_MANUAL_PHENOCOPY_REVIEW_PENDING	false
GSE261783	GSM8151756	CTCAAGAAGTGTTCCA-1	Srcap	Srcap_As_77988	Unstimulated	PROVISIONAL_KEEP_MANUAL_PHENOCOPY_REVIEW_PENDING	false
GSE261783	GSM8151756	CTGGACGTCCGTTTCG-1	Srcap	Srcap_As_77988	Unstimulated	PROVISIONAL_KEEP_MANUAL_PHENOCOPY_REVIEW_PENDING	false
GSE261783	GSM8151756	CTTCGGTGTATGACAA-1	Srcap	Srcap_As_77988	Unstimulated	PROVISIONAL_KEEP_MANUAL_PHENOCOPY_REVIEW_PENDING	false
GSE261783	GSM8151756	GATCCCTCAAGCTGTT-1	Srcap	Srcap_As_77988	Unstimulated	PROVISIONAL_KEEP_MANUAL_PHENOCOPY_REVIEW_PENDING	false
GSE261783	GSM8151756	GATGACTGTTGACGGA-1	Srcap	Srcap_As_77988	Unstimulated	PROVISIONAL_KEEP_MANUAL_PHENOCOPY_REVIEW_PENDING	false
GSE261783	GSM8151756	GATTGGTTCCATCTCG-1	Srcap	Srcap_As_77988	Unstimulated	PROVISIONAL_KEEP_MANUAL_PHENOCOPY_REVIEW_PENDING	false
GSE261783	GSM8151756	GCCAGGTTCACACGAT-1	Srcap	Srcap_As_77988	Unstimulated	PROVISIONAL_KEEP_MANUAL_PHENOCOPY_REVIEW_PENDING	false
GSE261783	GSM8151756	GGGATCCTCAGTGTTG-1	Srcap	Srcap_As_77988	Unstimulated	PROVISIONAL_KEEP_MANUAL_PHENOCOPY_REVIEW_PENDING	false
GSE261783	GSM8151756	GGTAGAGAGCGTTCAT-1	Srcap	Srcap_As_77988	Unstimulated	PROVISIONAL_KEEP_MANUAL_PHENOCOPY_REVIEW_PENDING	false
GSE261783	GSM8151756	GTTTACTCACACGCCA-1	Srcap	Srcap_As_77988	Unstimulated	PROVISIONAL_KEEP_MANUAL_PHENOCOPY_REVIEW_PENDING	false
GSE261783	GSM8151756	TAAGCCAAGACAGTCG-1	Srcap	Srcap_As_77988	Unstimulated	PROVISIONAL_KEEP_MANUAL_PHENOCOPY_REVIEW_PENDING	false
GSE261783	GSM8151756	TCATTACAGGCGTTGA-1	Srcap	Srcap_As_77988	Unstimulated	PROVISIONAL_KEEP_MANUAL_PHENOCOPY_REVIEW_PENDING	false
GSE261783	GSM8151756	TCCATCGTCTTCTTCC-1	Srcap	Srcap_As_77988	Unstimulated	PROVISIONAL_KEEP_MANUAL_PHENOCOPY_REVIEW_PENDING	false
GSE261783	GSM8151756	TCCGTGTTCCTTCAGC-1	Srcap	Srcap_As_77988	Unstimulated	PROVISIONAL_KEEP_MANUAL_PHENOCOPY_REVIEW_PENDING	false
GSE261783	GSM8151756	TGTAACGTCATTGCCC-1	Srcap	Srcap_As_77988	Unstimulated	PROVISIONAL_KEEP_MANUAL_PHENOCOPY_REVIEW_PENDING	false
GSE261783	GSM8151756	TGTGTGACAGCCCAGT-1	Srcap	Srcap_As_77988	Unstimulated	PROVISIONAL_KEEP_MANUAL_PHENOCOPY_REVIEW_PENDING	false
GSE261783	GSM8151756	TGTTCCGGTGGTTTGT-1	Srcap	Srcap_As_77988	Unstimulated	PROVISIONAL_KEEP_MANUAL_PHENOCOPY_REVIEW_PENDING	false
GSE261783	GSM8151756	TGTTGAGAGCCAACCC-1	Srcap	Srcap_As_77988	Unstimulated	PROVISIONAL_KEEP_MANUAL_PHENOCOPY_REVIEW_PENDING	false
GSE261783	GSM8151756	TTCCTTCAGATCGCTT-1	Srcap	Srcap_As_77988	Unstimulated	PROVISIONAL_KEEP_MANUAL_PHENOCOPY_REVIEW_PENDING	false
GSE261783	GSM8151756	TTGTTGTGTGCAGTGA-1	Srcap	Srcap_As_77988	Unstimulated	PROVISIONAL_KEEP_MANUAL_PHENOCOPY_REVIEW_PENDING	false
GSE261783	GSM8151756	TTTCAGTTCGTCTCAC-1	Srcap	Srcap_As_77988	Unstimulated	PROVISIONAL_KEEP_MANUAL_PHENOCOPY_REVIEW_PENDING	false
GSE261783	GSM8151756	AAGACTCCAGTAGAAT-1	Srcap	Srcap_As_77989	Unstimulated	PROVISIONAL_KEEP_MANUAL_PHENOCOPY_REVIEW_PENDING	false
GSE261783	GSM8151756	AAGTTCGAGCGTGCCT-1	Srcap	Srcap_As_77989	Unstimulated	PROVISIONAL_KEEP_MANUAL_PHENOCOPY_REVIEW_PENDING	false
GSE261783	GSM8151756	AGGATAAAGATCCTAC-1	Srcap	Srcap_As_77989	Unstimulated	PROVISIONAL_KEEP_MANUAL_PHENOCOPY_REVIEW_PENDING	false
GSE261783	GSM8151756	ATCTCTATCGCCTTTG-1	Srcap	Srcap_As_77989	Unstimulated	PROVISIONAL_KEEP_MANUAL_PHENOCOPY_REVIEW_PENDING	false
GSE261783	GSM8151756	ATTCCCGCAGAGTAAT-1	Srcap	Srcap_As_77989	Unstimulated	PROVISIONAL_KEEP_MANUAL_PHENOCOPY_REVIEW_PENDING	false
GSE261783	GSM8151756	ATTGGGTTCACCATGA-1	Srcap	Srcap_As_77989	Unstimulated	PROVISIONAL_KEEP_MANUAL_PHENOCOPY_REVIEW_PENDING	false
GSE261783	GSM8151756	CAGCAGCGTCACGTGC-1	Srcap	Srcap_As_77989	Unstimulated	PROVISIONAL_KEEP_MANUAL_PHENOCOPY_REVIEW_PENDING	false
GSE261783	GSM8151756	CATAGACAGGTAACTA-1	Srcap	Srcap_As_77989	Unstimulated	PROVISIONAL_KEEP_MANUAL_PHENOCOPY_REVIEW_PENDING	false
GSE261783	GSM8151756	CCACGAGCAAATTGCC-1	Srcap	Srcap_As_77989	Unstimulated	PROVISIONAL_KEEP_MANUAL_PHENOCOPY_REVIEW_PENDING	false
GSE261783	GSM8151756	CTTCAATCATAGACTC-1	Srcap	Srcap_As_77989	Unstimulated	PROVISIONAL_KEEP_MANUAL_PHENOCOPY_REVIEW_PENDING	false
GSE261783	GSM8151756	CTTCTCTTCTGCACCT-1	Srcap	Srcap_As_77989	Unstimulated	PROVISIONAL_KEEP_MANUAL_PHENOCOPY_REVIEW_PENDING	false
GSE261783	GSM8151756	GAGAGGTGTGTGTTTG-1	Srcap	Srcap_As_77989	Unstimulated	PROVISIONAL_KEEP_MANUAL_PHENOCOPY_REVIEW_PENDING	false
GSE261783	GSM8151756	GAGCTGCTCTGGGATT-1	Srcap	Srcap_As_77989	Unstimulated	PROVISIONAL_KEEP_MANUAL_PHENOCOPY_REVIEW_PENDING	false
GSE261783	GSM8151756	GCCCAGAGTCTAATCG-1	Srcap	Srcap_As_77989	Unstimulated	PROVISIONAL_KEEP_MANUAL_PHENOCOPY_REVIEW_PENDING	false
GSE261783	GSM8151756	GCGAGAATCTGACAGT-1	Srcap	Srcap_As_77989	Unstimulated	PROVISIONAL_KEEP_MANUAL_PHENOCOPY_REVIEW_PENDING	false
GSE261783	GSM8151756	TAAGCGTAGCCACCGT-1	Srcap	Srcap_As_77989	Unstimulated	PROVISIONAL_KEEP_MANUAL_PHENOCOPY_REVIEW_PENDING	false
GSE261783	GSM8151756	TACATTCGTGTAAATG-1	Srcap	Srcap_As_77989	Unstimulated	PROVISIONAL_KEEP_MANUAL_PHENOCOPY_REVIEW_PENDING	false
GSE261783	GSM8151756	TACCCGTCACGTCATA-1	Srcap	Srcap_As_77989	Unstimulated	PROVISIONAL_KEEP_MANUAL_PHENOCOPY_REVIEW_PENDING	false
GSE261783	GSM8151756	TACGTCCCATACCGTA-1	Srcap	Srcap_As_77989	Unstimulated	PROVISIONAL_KEEP_MANUAL_PHENOCOPY_REVIEW_PENDING	false
GSE261783	GSM8151756	TAGGTACCATGAGGGT-1	Srcap	Srcap_As_77989	Unstimulated	PROVISIONAL_KEEP_MANUAL_PHENOCOPY_REVIEW_PENDING	false
GSE261783	GSM8151756	TATACCTTCTTACCGC-1	Srcap	Srcap_As_77989	Unstimulated	PROVISIONAL_KEEP_MANUAL_PHENOCOPY_REVIEW_PENDING	false
GSE261783	GSM8151756	TCATCATGTCGCTGCA-1	Srcap	Srcap_As_77989	Unstimulated	PROVISIONAL_KEEP_MANUAL_PHENOCOPY_REVIEW_PENDING	false
GSE261783	GSM8151756	TGCTTGCGTCCAATCA-1	Srcap	Srcap_As_77989	Unstimulated	PROVISIONAL_KEEP_MANUAL_PHENOCOPY_REVIEW_PENDING	false
GSE261783	GSM8151756	TGTGGCGTCAAGTTGC-1	Srcap	Srcap_As_77989	Unstimulated	PROVISIONAL_KEEP_MANUAL_PHENOCOPY_REVIEW_PENDING	false
GSE261783	GSM8151756	TTGAGTGTCCCTTGTG-1	Srcap	Srcap_As_77989	Unstimulated	PROVISIONAL_KEEP_MANUAL_PHENOCOPY_REVIEW_PENDING	false
GSE261783	GSM8151756	TTTACGTGTTATCTTC-1	Srcap	Srcap_As_77989	Unstimulated	PROVISIONAL_KEEP_MANUAL_PHENOCOPY_REVIEW_PENDING	false
GSE261783	GSM8151756	AAGCGAGAGGTACAGC-1	Tfpt	Tfpt_As_10465	Unstimulated	PROVISIONAL_KEEP_MANUAL_PHENOCOPY_REVIEW_PENDING	false
GSE261783	GSM8151756	AAGCGAGCATCGGATT-1	Tfpt	Tfpt_As_10465	Unstimulated	PROVISIONAL_KEEP_MANUAL_PHENOCOPY_REVIEW_PENDING	false
GSE261783	GSM8151756	ACAAAGATCATCACAG-1	Tfpt	Tfpt_As_10465	Unstimulated	PROVISIONAL_KEEP_MANUAL_PHENOCOPY_REVIEW_PENDING	false
GSE261783	GSM8151756	ACACCAAGTTCGTGCG-1	Tfpt	Tfpt_As_10465	Unstimulated	PROVISIONAL_KEEP_MANUAL_PHENOCOPY_REVIEW_PENDING	false
GSE261783	GSM8151756	ACATCCCTCGAATCCA-1	Tfpt	Tfpt_As_10465	Unstimulated	PROVISIONAL_KEEP_MANUAL_PHENOCOPY_REVIEW_PENDING	false
GSE261783	GSM8151756	ACATCGAGTGATCGTT-1	Tfpt	Tfpt_As_10465	Unstimulated	PROVISIONAL_KEEP_MANUAL_PHENOCOPY_REVIEW_PENDING	false
GSE261783	GSM8151756	ACCCAAAGTACATTGC-1	Tfpt	Tfpt_As_10465	Unstimulated	PROVISIONAL_KEEP_MANUAL_PHENOCOPY_REVIEW_PENDING	false
GSE261783	GSM8151756	ACTTCGCAGAAGGATG-1	Tfpt	Tfpt_As_10465	Unstimulated	PROVISIONAL_KEEP_MANUAL_PHENOCOPY_REVIEW_PENDING	false
GSE261783	GSM8151756	AGACCCGGTAGCACAG-1	Tfpt	Tfpt_As_10465	Unstimulated	PROVISIONAL_KEEP_MANUAL_PHENOCOPY_REVIEW_PENDING	false
GSE261783	GSM8151756	AGATGAAAGCAGGCTA-1	Tfpt	Tfpt_As_10465	Unstimulated	PROVISIONAL_KEEP_MANUAL_PHENOCOPY_REVIEW_PENDING	false
GSE261783	GSM8151756	AGGACTTTCTGAGAAA-1	Tfpt	Tfpt_As_10465	Unstimulated	PROVISIONAL_KEEP_MANUAL_PHENOCOPY_REVIEW_PENDING	false
GSE261783	GSM8151756	AGGGCCTAGCATCGAG-1	Tfpt	Tfpt_As_10465	Unstimulated	PROVISIONAL_KEEP_MANUAL_PHENOCOPY_REVIEW_PENDING	false
GSE261783	GSM8151756	AGGTTACCACGACGCT-1	Tfpt	Tfpt_As_10465	Unstimulated	PROVISIONAL_KEEP_MANUAL_PHENOCOPY_REVIEW_PENDING	false
GSE261783	GSM8151756	ATCGGCGCAACCAGAG-1	Tfpt	Tfpt_As_10465	Unstimulated	PROVISIONAL_KEEP_MANUAL_PHENOCOPY_REVIEW_PENDING	false
GSE261783	GSM8151756	ATGAGTCCAGCTGCCA-1	Tfpt	Tfpt_As_10465	Unstimulated	PROVISIONAL_KEEP_MANUAL_PHENOCOPY_REVIEW_PENDING	false
GSE261783	GSM8151756	ATTCACTGTACAGCGA-1	Tfpt	Tfpt_As_10465	Unstimulated	PROVISIONAL_KEEP_MANUAL_PHENOCOPY_REVIEW_PENDING	false
GSE261783	GSM8151756	ATTCAGGCATATACCG-1	Tfpt	Tfpt_As_10465	Unstimulated	PROVISIONAL_KEEP_MANUAL_PHENOCOPY_REVIEW_PENDING	false
GSE261783	GSM8151756	ATTCTACAGACGCTCC-1	Tfpt	Tfpt_As_10465	Unstimulated	PROVISIONAL_KEEP_MANUAL_PHENOCOPY_REVIEW_PENDING	false
GSE261783	GSM8151756	CACCGTTGTACCCGCA-1	Tfpt	Tfpt_As_10465	Unstimulated	PROVISIONAL_KEEP_MANUAL_PHENOCOPY_REVIEW_PENDING	false
GSE261783	GSM8151756	CACTGGGGTACGGATG-1	Tfpt	Tfpt_As_10465	Unstimulated	PROVISIONAL_KEEP_MANUAL_PHENOCOPY_REVIEW_PENDING	false
GSE261783	GSM8151756	CAGGTATCATAAGATG-1	Tfpt	Tfpt_As_10465	Unstimulated	PROVISIONAL_KEEP_MANUAL_PHENOCOPY_REVIEW_PENDING	false
GSE261783	GSM8151756	CAGGTATGTGCTAGCC-1	Tfpt	Tfpt_As_10465	Unstimulated	PROVISIONAL_KEEP_MANUAL_PHENOCOPY_REVIEW_PENDING	false
GSE261783	GSM8151756	CATCCGTAGTATCCTG-1	Tfpt	Tfpt_As_10465	Unstimulated	PROVISIONAL_KEEP_MANUAL_PHENOCOPY_REVIEW_PENDING	false
GSE261783	GSM8151756	CCATCACTCCGGACGT-1	Tfpt	Tfpt_As_10465	Unstimulated	PROVISIONAL_KEEP_MANUAL_PHENOCOPY_REVIEW_PENDING	false
GSE261783	GSM8151756	CCCATTGTCAGTGGGA-1	Tfpt	Tfpt_As_10465	Unstimulated	PROVISIONAL_KEEP_MANUAL_PHENOCOPY_REVIEW_PENDING	false
GSE261783	GSM8151756	CGATGGCAGCAGTCTT-1	Tfpt	Tfpt_As_10465	Unstimulated	PROVISIONAL_KEEP_MANUAL_PHENOCOPY_REVIEW_PENDING	false
GSE261783	GSM8151756	CGCAGGTAGGGCTTCC-1	Tfpt	Tfpt_As_10465	Unstimulated	PROVISIONAL_KEEP_MANUAL_PHENOCOPY_REVIEW_PENDING	false
GSE261783	GSM8151756	CGGAGAAAGAGTAACT-1	Tfpt	Tfpt_As_10465	Unstimulated	PROVISIONAL_KEEP_MANUAL_PHENOCOPY_REVIEW_PENDING	false
GSE261783	GSM8151756	CTACCCAGTGTCCGTG-1	Tfpt	Tfpt_As_10465	Unstimulated	PROVISIONAL_KEEP_MANUAL_PHENOCOPY_REVIEW_PENDING	false
GSE261783	GSM8151756	CTACCTGTCAGGGTAG-1	Tfpt	Tfpt_As_10465	Unstimulated	PROVISIONAL_KEEP_MANUAL_PHENOCOPY_REVIEW_PENDING	false
GSE261783	GSM8151756	CTACTATTCTCCACTG-1	Tfpt	Tfpt_As_10465	Unstimulated	PROVISIONAL_KEEP_MANUAL_PHENOCOPY_REVIEW_PENDING	false
GSE261783	GSM8151756	CTATCCGGTGTGGACA-1	Tfpt	Tfpt_As_10465	Unstimulated	PROVISIONAL_KEEP_MANUAL_PHENOCOPY_REVIEW_PENDING	false
GSE261783	GSM8151756	CTCCACATCCAACCAA-1	Tfpt	Tfpt_As_10465	Unstimulated	PROVISIONAL_KEEP_MANUAL_PHENOCOPY_REVIEW_PENDING	false
GSE261783	GSM8151756	CTCCCAAGTGCCCGTA-1	Tfpt	Tfpt_As_10465	Unstimulated	PROVISIONAL_KEEP_MANUAL_PHENOCOPY_REVIEW_PENDING	false
GSE261783	GSM8151756	CTGCTCAGTACAGGTG-1	Tfpt	Tfpt_As_10465	Unstimulated	PROVISIONAL_KEEP_MANUAL_PHENOCOPY_REVIEW_PENDING	false
GSE261783	GSM8151756	CTGTATTTCAAGCCAT-1	Tfpt	Tfpt_As_10465	Unstimulated	PROVISIONAL_KEEP_MANUAL_PHENOCOPY_REVIEW_PENDING	false
GSE261783	GSM8151756	CTTCGGTTCAACACCA-1	Tfpt	Tfpt_As_10465	Unstimulated	PROVISIONAL_KEEP_MANUAL_PHENOCOPY_REVIEW_PENDING	false
GSE261783	GSM8151756	GAAATGACAGAGTGAC-1	Tfpt	Tfpt_As_10465	Unstimulated	PROVISIONAL_KEEP_MANUAL_PHENOCOPY_REVIEW_PENDING	false
GSE261783	GSM8151756	GACCCTTCATGGAATA-1	Tfpt	Tfpt_As_10465	Unstimulated	PROVISIONAL_KEEP_MANUAL_PHENOCOPY_REVIEW_PENDING	false
GSE261783	GSM8151756	GACTCTCGTTAAAGTG-1	Tfpt	Tfpt_As_10465	Unstimulated	PROVISIONAL_KEEP_MANUAL_PHENOCOPY_REVIEW_PENDING	false
GSE261783	GSM8151756	GAGAAATCATTCACAG-1	Tfpt	Tfpt_As_10465	Unstimulated	PROVISIONAL_KEEP_MANUAL_PHENOCOPY_REVIEW_PENDING	false
GSE261783	GSM8151756	GAGCTGCAGGAACTCG-1	Tfpt	Tfpt_As_10465	Unstimulated	PROVISIONAL_KEEP_MANUAL_PHENOCOPY_REVIEW_PENDING	false
GSE261783	GSM8151756	GAGGCAACAAATGCTC-1	Tfpt	Tfpt_As_10465	Unstimulated	PROVISIONAL_KEEP_MANUAL_PHENOCOPY_REVIEW_PENDING	false
GSE261783	GSM8151756	GAGGGATGTAGACTGG-1	Tfpt	Tfpt_As_10465	Unstimulated	PROVISIONAL_KEEP_MANUAL_PHENOCOPY_REVIEW_PENDING	false
GSE261783	GSM8151756	GAGTCATTCCACCCTA-1	Tfpt	Tfpt_As_10465	Unstimulated	PROVISIONAL_KEEP_MANUAL_PHENOCOPY_REVIEW_PENDING	false
GSE261783	GSM8151756	GATCGTAAGCCTTTGA-1	Tfpt	Tfpt_As_10465	Unstimulated	PROVISIONAL_KEEP_MANUAL_PHENOCOPY_REVIEW_PENDING	false
GSE261783	GSM8151756	GATTCGAAGTATAACG-1	Tfpt	Tfpt_As_10465	Unstimulated	PROVISIONAL_KEEP_MANUAL_PHENOCOPY_REVIEW_PENDING	false
GSE261783	GSM8151756	GCATCGGAGGCCGCTT-1	Tfpt	Tfpt_As_10465	Unstimulated	PROVISIONAL_KEEP_MANUAL_PHENOCOPY_REVIEW_PENDING	false
GSE261783	GSM8151756	GCCCAGAGTACGTTCA-1	Tfpt	Tfpt_As_10465	Unstimulated	PROVISIONAL_KEEP_MANUAL_PHENOCOPY_REVIEW_PENDING	false
GSE261783	GSM8151756	GCCTGTTCAAGAGAGA-1	Tfpt	Tfpt_As_10465	Unstimulated	PROVISIONAL_KEEP_MANUAL_PHENOCOPY_REVIEW_PENDING	false
GSE261783	GSM8151756	GCTGGGTTCGGCAGTC-1	Tfpt	Tfpt_As_10465	Unstimulated	PROVISIONAL_KEEP_MANUAL_PHENOCOPY_REVIEW_PENDING	false
GSE261783	GSM8151756	GCTTCACTCTAGTGTG-1	Tfpt	Tfpt_As_10465	Unstimulated	PROVISIONAL_KEEP_MANUAL_PHENOCOPY_REVIEW_PENDING	false
GSE261783	GSM8151756	GGATGTTAGAGGGCGA-1	Tfpt	Tfpt_As_10465	Unstimulated	PROVISIONAL_KEEP_MANUAL_PHENOCOPY_REVIEW_PENDING	false
GSE261783	GSM8151756	GGGTATTGTCTCGGGT-1	Tfpt	Tfpt_As_10465	Unstimulated	PROVISIONAL_KEEP_MANUAL_PHENOCOPY_REVIEW_PENDING	false
GSE261783	GSM8151756	GGGTATTTCATTCCTA-1	Tfpt	Tfpt_As_10465	Unstimulated	PROVISIONAL_KEEP_MANUAL_PHENOCOPY_REVIEW_PENDING	false
GSE261783	GSM8151756	GGTGATTCATCGGAGA-1	Tfpt	Tfpt_As_10465	Unstimulated	PROVISIONAL_KEEP_MANUAL_PHENOCOPY_REVIEW_PENDING	false
GSE261783	GSM8151756	GTAGAGGGTGCCTGAC-1	Tfpt	Tfpt_As_10465	Unstimulated	PROVISIONAL_KEEP_MANUAL_PHENOCOPY_REVIEW_PENDING	false
GSE261783	GSM8151756	GTATTGGCATCGTGCG-1	Tfpt	Tfpt_As_10465	Unstimulated	PROVISIONAL_KEEP_MANUAL_PHENOCOPY_REVIEW_PENDING	false
GSE261783	GSM8151756	GTCGTTCAGTGGAAGA-1	Tfpt	Tfpt_As_10465	Unstimulated	PROVISIONAL_KEEP_MANUAL_PHENOCOPY_REVIEW_PENDING	false
GSE261783	GSM8151756	GTCTCACGTACCCGAC-1	Tfpt	Tfpt_As_10465	Unstimulated	PROVISIONAL_KEEP_MANUAL_PHENOCOPY_REVIEW_PENDING	false
GSE261783	GSM8151756	GTGACGCGTGGGTTGA-1	Tfpt	Tfpt_As_10465	Unstimulated	PROVISIONAL_KEEP_MANUAL_PHENOCOPY_REVIEW_PENDING	false
GSE261783	GSM8151756	GTTACCCCATGGCTGC-1	Tfpt	Tfpt_As_10465	Unstimulated	PROVISIONAL_KEEP_MANUAL_PHENOCOPY_REVIEW_PENDING	false
GSE261783	GSM8151756	GTTCGCTTCATACAGC-1	Tfpt	Tfpt_As_10465	Unstimulated	PROVISIONAL_KEEP_MANUAL_PHENOCOPY_REVIEW_PENDING	false
GSE261783	GSM8151756	GTTGTGAGTTTGGGAG-1	Tfpt	Tfpt_As_10465	Unstimulated	PROVISIONAL_KEEP_MANUAL_PHENOCOPY_REVIEW_PENDING	false
GSE261783	GSM8151756	TAACTTCAGGCTGTAG-1	Tfpt	Tfpt_As_10465	Unstimulated	PROVISIONAL_KEEP_MANUAL_PHENOCOPY_REVIEW_PENDING	false
GSE261783	GSM8151756	TAGGTACAGTGTCATC-1	Tfpt	Tfpt_As_10465	Unstimulated	PROVISIONAL_KEEP_MANUAL_PHENOCOPY_REVIEW_PENDING	false
GSE261783	GSM8151756	TCATGCCCAACACTAC-1	Tfpt	Tfpt_As_10465	Unstimulated	PROVISIONAL_KEEP_MANUAL_PHENOCOPY_REVIEW_PENDING	false
GSE261783	GSM8151756	TCCATCGTCCCTCTCC-1	Tfpt	Tfpt_As_10465	Unstimulated	PROVISIONAL_KEEP_MANUAL_PHENOCOPY_REVIEW_PENDING	false
GSE261783	GSM8151756	TCCGATCTCCTACTGC-1	Tfpt	Tfpt_As_10465	Unstimulated	PROVISIONAL_KEEP_MANUAL_PHENOCOPY_REVIEW_PENDING	false
GSE261783	GSM8151756	TCGATTTTCTATTGTC-1	Tfpt	Tfpt_As_10465	Unstimulated	PROVISIONAL_KEEP_MANUAL_PHENOCOPY_REVIEW_PENDING	false
GSE261783	GSM8151756	TGAGACTCACAGCTGC-1	Tfpt	Tfpt_As_10465	Unstimulated	PROVISIONAL_KEEP_MANUAL_PHENOCOPY_REVIEW_PENDING	false
GSE261783	GSM8151756	TGCAGTATCTACCACC-1	Tfpt	Tfpt_As_10465	Unstimulated	PROVISIONAL_KEEP_MANUAL_PHENOCOPY_REVIEW_PENDING	false
GSE261783	GSM8151756	TGGATCACAGAACGCA-1	Tfpt	Tfpt_As_10465	Unstimulated	PROVISIONAL_KEEP_MANUAL_PHENOCOPY_REVIEW_PENDING	false
GSE261783	GSM8151756	TTCCTCTGTCTTACTT-1	Tfpt	Tfpt_As_10465	Unstimulated	PROVISIONAL_KEEP_MANUAL_PHENOCOPY_REVIEW_PENDING	false
GSE261783	GSM8151756	TTGAGTGCAGGATCTT-1	Tfpt	Tfpt_As_10465	Unstimulated	PROVISIONAL_KEEP_MANUAL_PHENOCOPY_REVIEW_PENDING	false
GSE261783	GSM8151756	TTGCCTGCAAGAGTAT-1	Tfpt	Tfpt_As_10465	Unstimulated	PROVISIONAL_KEEP_MANUAL_PHENOCOPY_REVIEW_PENDING	false
GSE261783	GSM8151756	TTGGATGAGTAAACAC-1	Tfpt	Tfpt_As_10465	Unstimulated	PROVISIONAL_KEEP_MANUAL_PHENOCOPY_REVIEW_PENDING	false
GSE261783	GSM8151756	TTGTTCAAGACTAAGT-1	Tfpt	Tfpt_As_10465	Unstimulated	PROVISIONAL_KEEP_MANUAL_PHENOCOPY_REVIEW_PENDING	false
GSE261783	GSM8151756	TTTAGTCGTCTCACGG-1	Tfpt	Tfpt_As_10465	Unstimulated	PROVISIONAL_KEEP_MANUAL_PHENOCOPY_REVIEW_PENDING	false
GSE261783	GSM8151756	TTTCGATGTACGTAGG-1	Tfpt	Tfpt_As_10465	Unstimulated	PROVISIONAL_KEEP_MANUAL_PHENOCOPY_REVIEW_PENDING	false
GSE261783	GSM8151756	AACACACAGTGCGCTC-1	Tfpt	Tfpt_As_10466	Unstimulated	PROVISIONAL_KEEP_MANUAL_PHENOCOPY_REVIEW_PENDING	false
GSE261783	GSM8151756	AAGATAGTCATAAGGA-1	Tfpt	Tfpt_As_10466	Unstimulated	PROVISIONAL_KEEP_MANUAL_PHENOCOPY_REVIEW_PENDING	false
GSE261783	GSM8151756	AATGGAAGTGACTCTA-1	Tfpt	Tfpt_As_10466	Unstimulated	PROVISIONAL_KEEP_MANUAL_PHENOCOPY_REVIEW_PENDING	false
GSE261783	GSM8151756	AATTCCTGTCAGACGA-1	Tfpt	Tfpt_As_10466	Unstimulated	PROVISIONAL_KEEP_MANUAL_PHENOCOPY_REVIEW_PENDING	false
GSE261783	GSM8151756	ACCACAAAGCTACTAC-1	Tfpt	Tfpt_As_10466	Unstimulated	PROVISIONAL_KEEP_MANUAL_PHENOCOPY_REVIEW_PENDING	false
GSE261783	GSM8151756	ACTGTCCAGTTTCGAC-1	Tfpt	Tfpt_As_10466	Unstimulated	PROVISIONAL_KEEP_MANUAL_PHENOCOPY_REVIEW_PENDING	false
GSE261783	GSM8151756	AGACTCAAGCACCTGC-1	Tfpt	Tfpt_As_10466	Unstimulated	PROVISIONAL_KEEP_MANUAL_PHENOCOPY_REVIEW_PENDING	false
GSE261783	GSM8151756	AGGTGTTTCGGTGTTA-1	Tfpt	Tfpt_As_10466	Unstimulated	PROVISIONAL_KEEP_MANUAL_PHENOCOPY_REVIEW_PENDING	false
GSE261783	GSM8151756	AGTGATCAGCATTTCG-1	Tfpt	Tfpt_As_10466	Unstimulated	PROVISIONAL_KEEP_MANUAL_PHENOCOPY_REVIEW_PENDING	false
GSE261783	GSM8151756	AGTGCCGGTAAGCGGT-1	Tfpt	Tfpt_As_10466	Unstimulated	PROVISIONAL_KEEP_MANUAL_PHENOCOPY_REVIEW_PENDING	false
GSE261783	GSM8151756	ATCGCCTTCTTAGCTT-1	Tfpt	Tfpt_As_10466	Unstimulated	PROVISIONAL_KEEP_MANUAL_PHENOCOPY_REVIEW_PENDING	false
GSE261783	GSM8151756	ATTACTCTCGCGTCGA-1	Tfpt	Tfpt_As_10466	Unstimulated	PROVISIONAL_KEEP_MANUAL_PHENOCOPY_REVIEW_PENDING	false
GSE261783	GSM8151756	ATTCATCCAAGAGATT-1	Tfpt	Tfpt_As_10466	Unstimulated	PROVISIONAL_KEEP_MANUAL_PHENOCOPY_REVIEW_PENDING	false
GSE261783	GSM8151756	ATTCCATCAGGATCTT-1	Tfpt	Tfpt_As_10466	Unstimulated	PROVISIONAL_KEEP_MANUAL_PHENOCOPY_REVIEW_PENDING	false
GSE261783	GSM8151756	ATTGGGTAGCTATCCA-1	Tfpt	Tfpt_As_10466	Unstimulated	PROVISIONAL_KEEP_MANUAL_PHENOCOPY_REVIEW_PENDING	false
GSE261783	GSM8151756	CACCAAACAACCGTAT-1	Tfpt	Tfpt_As_10466	Unstimulated	PROVISIONAL_KEEP_MANUAL_PHENOCOPY_REVIEW_PENDING	false
GSE261783	GSM8151756	CAGGTATTCATGCCAA-1	Tfpt	Tfpt_As_10466	Unstimulated	PROVISIONAL_KEEP_MANUAL_PHENOCOPY_REVIEW_PENDING	false
GSE261783	GSM8151756	CAGTTCCCACCAGCTG-1	Tfpt	Tfpt_As_10466	Unstimulated	PROVISIONAL_KEEP_MANUAL_PHENOCOPY_REVIEW_PENDING	false
GSE261783	GSM8151756	CATCAAGCATGGAATA-1	Tfpt	Tfpt_As_10466	Unstimulated	PROVISIONAL_KEEP_MANUAL_PHENOCOPY_REVIEW_PENDING	false
GSE261783	GSM8151756	CATTCTATCGAAATCC-1	Tfpt	Tfpt_As_10466	Unstimulated	PROVISIONAL_KEEP_MANUAL_PHENOCOPY_REVIEW_PENDING	false
GSE261783	GSM8151756	CCACTTGAGACGGATC-1	Tfpt	Tfpt_As_10466	Unstimulated	PROVISIONAL_KEEP_MANUAL_PHENOCOPY_REVIEW_PENDING	false
GSE261783	GSM8151756	CCGGACATCGAGTCCG-1	Tfpt	Tfpt_As_10466	Unstimulated	PROVISIONAL_KEEP_MANUAL_PHENOCOPY_REVIEW_PENDING	false
GSE261783	GSM8151756	CCTCAGTTCGTTCTAT-1	Tfpt	Tfpt_As_10466	Unstimulated	PROVISIONAL_KEEP_MANUAL_PHENOCOPY_REVIEW_PENDING	false
GSE261783	GSM8151756	CCTTGTGGTTAGGGAC-1	Tfpt	Tfpt_As_10466	Unstimulated	PROVISIONAL_KEEP_MANUAL_PHENOCOPY_REVIEW_PENDING	false
GSE261783	GSM8151756	CGGAATTGTATCTCTT-1	Tfpt	Tfpt_As_10466	Unstimulated	PROVISIONAL_KEEP_MANUAL_PHENOCOPY_REVIEW_PENDING	false
GSE261783	GSM8151756	CTACTATGTATGCTTG-1	Tfpt	Tfpt_As_10466	Unstimulated	PROVISIONAL_KEEP_MANUAL_PHENOCOPY_REVIEW_PENDING	false
GSE261783	GSM8151756	CTACTATTCCAATCCC-1	Tfpt	Tfpt_As_10466	Unstimulated	PROVISIONAL_KEEP_MANUAL_PHENOCOPY_REVIEW_PENDING	false
GSE261783	GSM8151756	CTTCCGAGTAGCTTGT-1	Tfpt	Tfpt_As_10466	Unstimulated	PROVISIONAL_KEEP_MANUAL_PHENOCOPY_REVIEW_PENDING	false
GSE261783	GSM8151756	GAAGCCCGTGACTGTT-1	Tfpt	Tfpt_As_10466	Unstimulated	PROVISIONAL_KEEP_MANUAL_PHENOCOPY_REVIEW_PENDING	false
GSE261783	GSM8151756	GAAGGACGTAGGAAAG-1	Tfpt	Tfpt_As_10466	Unstimulated	PROVISIONAL_KEEP_MANUAL_PHENOCOPY_REVIEW_PENDING	false
GSE261783	GSM8151756	GACAGCCGTTAAGACA-1	Tfpt	Tfpt_As_10466	Unstimulated	PROVISIONAL_KEEP_MANUAL_PHENOCOPY_REVIEW_PENDING	false
GSE261783	GSM8151756	GACGTTAGTGATACCT-1	Tfpt	Tfpt_As_10466	Unstimulated	PROVISIONAL_KEEP_MANUAL_PHENOCOPY_REVIEW_PENDING	false
GSE261783	GSM8151756	GACTGATGTACGGATG-1	Tfpt	Tfpt_As_10466	Unstimulated	PROVISIONAL_KEEP_MANUAL_PHENOCOPY_REVIEW_PENDING	false
GSE261783	GSM8151756	GAGGCCTCACACCAGC-1	Tfpt	Tfpt_As_10466	Unstimulated	PROVISIONAL_KEEP_MANUAL_PHENOCOPY_REVIEW_PENDING	false
GSE261783	GSM8151756	GAGTTGTTCCCAAGTA-1	Tfpt	Tfpt_As_10466	Unstimulated	PROVISIONAL_KEEP_MANUAL_PHENOCOPY_REVIEW_PENDING	false
GSE261783	GSM8151756	GATTCTTTCGGACAAG-1	Tfpt	Tfpt_As_10466	Unstimulated	PROVISIONAL_KEEP_MANUAL_PHENOCOPY_REVIEW_PENDING	false
GSE261783	GSM8151756	GCCAGGTTCTTGTGCC-1	Tfpt	Tfpt_As_10466	Unstimulated	PROVISIONAL_KEEP_MANUAL_PHENOCOPY_REVIEW_PENDING	false
GSE261783	GSM8151756	GCTCAAACACGACAGA-1	Tfpt	Tfpt_As_10466	Unstimulated	PROVISIONAL_KEEP_MANUAL_PHENOCOPY_REVIEW_PENDING	false
GSE261783	GSM8151756	GGAGCAACACTACGGC-1	Tfpt	Tfpt_As_10466	Unstimulated	PROVISIONAL_KEEP_MANUAL_PHENOCOPY_REVIEW_PENDING	false
GSE261783	GSM8151756	GTACAGTGTCAGATTC-1	Tfpt	Tfpt_As_10466	Unstimulated	PROVISIONAL_KEEP_MANUAL_PHENOCOPY_REVIEW_PENDING	false
GSE261783	GSM8151756	GTACAGTTCTACGGTA-1	Tfpt	Tfpt_As_10466	Unstimulated	PROVISIONAL_KEEP_MANUAL_PHENOCOPY_REVIEW_PENDING	false
GSE261783	GSM8151756	GTAGTACTCGTACACA-1	Tfpt	Tfpt_As_10466	Unstimulated	PROVISIONAL_KEEP_MANUAL_PHENOCOPY_REVIEW_PENDING	false
GSE261783	GSM8151756	GTCATCCGTGACATCT-1	Tfpt	Tfpt_As_10466	Unstimulated	PROVISIONAL_KEEP_MANUAL_PHENOCOPY_REVIEW_PENDING	false
GSE261783	GSM8151756	GTCATTTCACGACTAT-1	Tfpt	Tfpt_As_10466	Unstimulated	PROVISIONAL_KEEP_MANUAL_PHENOCOPY_REVIEW_PENDING	false
GSE261783	GSM8151756	GTCTCACGTTCCTTGC-1	Tfpt	Tfpt_As_10466	Unstimulated	PROVISIONAL_KEEP_MANUAL_PHENOCOPY_REVIEW_PENDING	false
GSE261783	GSM8151756	GTGGGAAAGCAACTTC-1	Tfpt	Tfpt_As_10466	Unstimulated	PROVISIONAL_KEEP_MANUAL_PHENOCOPY_REVIEW_PENDING	false
GSE261783	GSM8151756	GTTACCCTCTCTGCCA-1	Tfpt	Tfpt_As_10466	Unstimulated	PROVISIONAL_KEEP_MANUAL_PHENOCOPY_REVIEW_PENDING	false
GSE261783	GSM8151756	TACCGAAAGGTTCTTG-1	Tfpt	Tfpt_As_10466	Unstimulated	PROVISIONAL_KEEP_MANUAL_PHENOCOPY_REVIEW_PENDING	false
GSE261783	GSM8151756	TACCGAACAGTGAGCA-1	Tfpt	Tfpt_As_10466	Unstimulated	PROVISIONAL_KEEP_MANUAL_PHENOCOPY_REVIEW_PENDING	false
GSE261783	GSM8151756	TAGGGTTCAACTTCTT-1	Tfpt	Tfpt_As_10466	Unstimulated	PROVISIONAL_KEEP_MANUAL_PHENOCOPY_REVIEW_PENDING	false
GSE261783	GSM8151756	TAGGTTGGTTTCGTGA-1	Tfpt	Tfpt_As_10466	Unstimulated	PROVISIONAL_KEEP_MANUAL_PHENOCOPY_REVIEW_PENDING	false
GSE261783	GSM8151756	TCGTAGATCAGCAGAG-1	Tfpt	Tfpt_As_10466	Unstimulated	PROVISIONAL_KEEP_MANUAL_PHENOCOPY_REVIEW_PENDING	false
GSE261783	GSM8151756	TCTTGCGAGTCCGTCG-1	Tfpt	Tfpt_As_10466	Unstimulated	PROVISIONAL_KEEP_MANUAL_PHENOCOPY_REVIEW_PENDING	false
GSE261783	GSM8151756	TGCGACGCACCAGGTC-1	Tfpt	Tfpt_As_10466	Unstimulated	PROVISIONAL_KEEP_MANUAL_PHENOCOPY_REVIEW_PENDING	false
GSE261783	GSM8151756	TGCTCCAGTGCTAGCC-1	Tfpt	Tfpt_As_10466	Unstimulated	PROVISIONAL_KEEP_MANUAL_PHENOCOPY_REVIEW_PENDING	false
GSE261783	GSM8151756	TGGTACACAGTCTACA-1	Tfpt	Tfpt_As_10466	Unstimulated	PROVISIONAL_KEEP_MANUAL_PHENOCOPY_REVIEW_PENDING	false
GSE261783	GSM8151756	TGTAGACCACATAACC-1	Tfpt	Tfpt_As_10466	Unstimulated	PROVISIONAL_KEEP_MANUAL_PHENOCOPY_REVIEW_PENDING	false
GSE261783	GSM8151756	TGTTACTCAACCGATT-1	Tfpt	Tfpt_As_10466	Unstimulated	PROVISIONAL_KEEP_MANUAL_PHENOCOPY_REVIEW_PENDING	false
GSE261783	GSM8151756	TTCTTCCGTCGTTCAA-1	Tfpt	Tfpt_As_10466	Unstimulated	PROVISIONAL_KEEP_MANUAL_PHENOCOPY_REVIEW_PENDING	false
GSE261783	GSM8151756	TTGTTCACATCATCTT-1	Tfpt	Tfpt_As_10466	Unstimulated	PROVISIONAL_KEEP_MANUAL_PHENOCOPY_REVIEW_PENDING	false
GSE261783	GSM8151756	TTGTTTGCAGAGACTG-1	Tfpt	Tfpt_As_10466	Unstimulated	PROVISIONAL_KEEP_MANUAL_PHENOCOPY_REVIEW_PENDING	false
GSE261783	GSM8151756	ACTACGACAGCTATAC-1	Wdr82	Wdr82_As_3096	Unstimulated	PROVISIONAL_KEEP_MANUAL_PHENOCOPY_REVIEW_PENDING	false
GSE261783	GSM8151756	AGGAATAGTCACTTCC-1	Wdr82	Wdr82_As_3096	Unstimulated	PROVISIONAL_KEEP_MANUAL_PHENOCOPY_REVIEW_PENDING	false
GSE261783	GSM8151756	ATCACGAGTCTTGAAC-1	Wdr82	Wdr82_As_3096	Unstimulated	PROVISIONAL_KEEP_MANUAL_PHENOCOPY_REVIEW_PENDING	false
GSE261783	GSM8151756	GAACGTTGTAGCTTTG-1	Wdr82	Wdr82_As_3096	Unstimulated	PROVISIONAL_KEEP_MANUAL_PHENOCOPY_REVIEW_PENDING	false
GSE261783	GSM8151756	GCTGCAGCACGACCTG-1	Wdr82	Wdr82_As_3096	Unstimulated	PROVISIONAL_KEEP_MANUAL_PHENOCOPY_REVIEW_PENDING	false
GSE261783	GSM8151756	GGTCTGGAGGCTAACG-1	Wdr82	Wdr82_As_3096	Unstimulated	PROVISIONAL_KEEP_MANUAL_PHENOCOPY_REVIEW_PENDING	false
GSE261783	GSM8151756	GTGTTCCTCCAAGGGA-1	Wdr82	Wdr82_As_3096	Unstimulated	PROVISIONAL_KEEP_MANUAL_PHENOCOPY_REVIEW_PENDING	false
GSE261783	GSM8151756	TCCTCGACACATTCTT-1	Wdr82	Wdr82_As_3096	Unstimulated	PROVISIONAL_KEEP_MANUAL_PHENOCOPY_REVIEW_PENDING	false
GSE261783	GSM8151756	TGCGATATCACATACG-1	Wdr82	Wdr82_As_3096	Unstimulated	PROVISIONAL_KEEP_MANUAL_PHENOCOPY_REVIEW_PENDING	false
GSE261783	GSM8151756	TTTGACTTCGATCCCT-1	Wdr82	Wdr82_As_3096	Unstimulated	PROVISIONAL_KEEP_MANUAL_PHENOCOPY_REVIEW_PENDING	false
GSE261783	GSM8151756	AAACGAACAAAGACTA-1	Wdr82	Wdr82_As_3097	Unstimulated	PROVISIONAL_KEEP_MANUAL_PHENOCOPY_REVIEW_PENDING	false
GSE261783	GSM8151756	AAACGCTAGGACATCG-1	Wdr82	Wdr82_As_3097	Unstimulated	PROVISIONAL_KEEP_MANUAL_PHENOCOPY_REVIEW_PENDING	false
GSE261783	GSM8151756	AACAGGGAGTCACTGT-1	Wdr82	Wdr82_As_3097	Unstimulated	PROVISIONAL_KEEP_MANUAL_PHENOCOPY_REVIEW_PENDING	false
GSE261783	GSM8151756	AACCTTTAGCTAGAGC-1	Wdr82	Wdr82_As_3097	Unstimulated	PROVISIONAL_KEEP_MANUAL_PHENOCOPY_REVIEW_PENDING	false
GSE261783	GSM8151756	ACCAACAAGCGCTTCG-1	Wdr82	Wdr82_As_3097	Unstimulated	PROVISIONAL_KEEP_MANUAL_PHENOCOPY_REVIEW_PENDING	false
GSE261783	GSM8151756	ACCTGTCCATGGAGAC-1	Wdr82	Wdr82_As_3097	Unstimulated	PROVISIONAL_KEEP_MANUAL_PHENOCOPY_REVIEW_PENDING	false
GSE261783	GSM8151756	ACTGATGGTCCGATCG-1	Wdr82	Wdr82_As_3097	Unstimulated	PROVISIONAL_KEEP_MANUAL_PHENOCOPY_REVIEW_PENDING	false
GSE261783	GSM8151756	AGAGCAGTCTGACCCT-1	Wdr82	Wdr82_As_3097	Unstimulated	PROVISIONAL_KEEP_MANUAL_PHENOCOPY_REVIEW_PENDING	false
GSE261783	GSM8151756	AGGTTGTCATCGAGCC-1	Wdr82	Wdr82_As_3097	Unstimulated	PROVISIONAL_KEEP_MANUAL_PHENOCOPY_REVIEW_PENDING	false
GSE261783	GSM8151756	ATGCCTCAGATCCAAA-1	Wdr82	Wdr82_As_3097	Unstimulated	PROVISIONAL_KEEP_MANUAL_PHENOCOPY_REVIEW_PENDING	false
GSE261783	GSM8151756	ATTATCCGTCGGCCTA-1	Wdr82	Wdr82_As_3097	Unstimulated	PROVISIONAL_KEEP_MANUAL_PHENOCOPY_REVIEW_PENDING	false
GSE261783	GSM8151756	CAATCGATCTTTGCGC-1	Wdr82	Wdr82_As_3097	Unstimulated	PROVISIONAL_KEEP_MANUAL_PHENOCOPY_REVIEW_PENDING	false
GSE261783	GSM8151756	CAGCGTGCAACGGTAG-1	Wdr82	Wdr82_As_3097	Unstimulated	PROVISIONAL_KEEP_MANUAL_PHENOCOPY_REVIEW_PENDING	false
GSE261783	GSM8151756	CATGCCTAGCTACAAA-1	Wdr82	Wdr82_As_3097	Unstimulated	PROVISIONAL_KEEP_MANUAL_PHENOCOPY_REVIEW_PENDING	false
GSE261783	GSM8151756	CATTCTATCGAACTCA-1	Wdr82	Wdr82_As_3097	Unstimulated	PROVISIONAL_KEEP_MANUAL_PHENOCOPY_REVIEW_PENDING	false
GSE261783	GSM8151756	CCAAGCGGTGCATGAG-1	Wdr82	Wdr82_As_3097	Unstimulated	PROVISIONAL_KEEP_MANUAL_PHENOCOPY_REVIEW_PENDING	false
GSE261783	GSM8151756	CCACCATAGCAAGTCG-1	Wdr82	Wdr82_As_3097	Unstimulated	PROVISIONAL_KEEP_MANUAL_PHENOCOPY_REVIEW_PENDING	false
GSE261783	GSM8151756	CCTACGTGTGGATCGA-1	Wdr82	Wdr82_As_3097	Unstimulated	PROVISIONAL_KEEP_MANUAL_PHENOCOPY_REVIEW_PENDING	false
GSE261783	GSM8151756	CGAGGAACATCCCACT-1	Wdr82	Wdr82_As_3097	Unstimulated	PROVISIONAL_KEEP_MANUAL_PHENOCOPY_REVIEW_PENDING	false
GSE261783	GSM8151756	CGCAGGTGTACTAGCT-1	Wdr82	Wdr82_As_3097	Unstimulated	PROVISIONAL_KEEP_MANUAL_PHENOCOPY_REVIEW_PENDING	false
GSE261783	GSM8151756	CGGAGAAGTAGGTCAG-1	Wdr82	Wdr82_As_3097	Unstimulated	PROVISIONAL_KEEP_MANUAL_PHENOCOPY_REVIEW_PENDING	false
GSE261783	GSM8151756	CGGGTGTAGACTTCGT-1	Wdr82	Wdr82_As_3097	Unstimulated	PROVISIONAL_KEEP_MANUAL_PHENOCOPY_REVIEW_PENDING	false
GSE261783	GSM8151756	CTATCTACAATTCTTC-1	Wdr82	Wdr82_As_3097	Unstimulated	PROVISIONAL_KEEP_MANUAL_PHENOCOPY_REVIEW_PENDING	false
GSE261783	GSM8151756	GAAGGACAGAACGTGC-1	Wdr82	Wdr82_As_3097	Unstimulated	PROVISIONAL_KEEP_MANUAL_PHENOCOPY_REVIEW_PENDING	false
GSE261783	GSM8151756	GGAGAACGTATCCCTC-1	Wdr82	Wdr82_As_3097	Unstimulated	PROVISIONAL_KEEP_MANUAL_PHENOCOPY_REVIEW_PENDING	false
GSE261783	GSM8151756	GGGAGATCAGTAGAAT-1	Wdr82	Wdr82_As_3097	Unstimulated	PROVISIONAL_KEEP_MANUAL_PHENOCOPY_REVIEW_PENDING	false
GSE261783	GSM8151756	GTCATCCTCATGGGAG-1	Wdr82	Wdr82_As_3097	Unstimulated	PROVISIONAL_KEEP_MANUAL_PHENOCOPY_REVIEW_PENDING	false
GSE261783	GSM8151756	GTGATGTCAGTGGGTA-1	Wdr82	Wdr82_As_3097	Unstimulated	PROVISIONAL_KEEP_MANUAL_PHENOCOPY_REVIEW_PENDING	false
GSE261783	GSM8151756	TAAGTCGCACCGGAAA-1	Wdr82	Wdr82_As_3097	Unstimulated	PROVISIONAL_KEEP_MANUAL_PHENOCOPY_REVIEW_PENDING	false
GSE261783	GSM8151756	TCAATCTAGTGATAAC-1	Wdr82	Wdr82_As_3097	Unstimulated	PROVISIONAL_KEEP_MANUAL_PHENOCOPY_REVIEW_PENDING	false
GSE261783	GSM8151756	TCATTGTCAATCGCAT-1	Wdr82	Wdr82_As_3097	Unstimulated	PROVISIONAL_KEEP_MANUAL_PHENOCOPY_REVIEW_PENDING	false
GSE261783	GSM8151756	AAGTTCGTCGTAGAGG-1	Yeats4	Yeats4_As_2486	Unstimulated	PROVISIONAL_KEEP_MANUAL_PHENOCOPY_REVIEW_PENDING	false
GSE261783	GSM8151756	ACGATCACAAGAATAC-1	Yeats4	Yeats4_As_2486	Unstimulated	PROVISIONAL_KEEP_MANUAL_PHENOCOPY_REVIEW_PENDING	false
GSE261783	GSM8151756	AGATCCAGTCTTGCTC-1	Yeats4	Yeats4_As_2486	Unstimulated	PROVISIONAL_KEEP_MANUAL_PHENOCOPY_REVIEW_PENDING	false
GSE261783	GSM8151756	AGATGAATCTGTCTCG-1	Yeats4	Yeats4_As_2486	Unstimulated	PROVISIONAL_KEEP_MANUAL_PHENOCOPY_REVIEW_PENDING	false
GSE261783	GSM8151756	AGTCTCCAGACGCATG-1	Yeats4	Yeats4_As_2486	Unstimulated	PROVISIONAL_KEEP_MANUAL_PHENOCOPY_REVIEW_PENDING	false
GSE261783	GSM8151756	ATGGAGGTCTATACGG-1	Yeats4	Yeats4_As_2486	Unstimulated	PROVISIONAL_KEEP_MANUAL_PHENOCOPY_REVIEW_PENDING	false
GSE261783	GSM8151756	CAAAGAAGTGTGTACT-1	Yeats4	Yeats4_As_2486	Unstimulated	PROVISIONAL_KEEP_MANUAL_PHENOCOPY_REVIEW_PENDING	false
GSE261783	GSM8151756	CAGATTGGTGATATAG-1	Yeats4	Yeats4_As_2486	Unstimulated	PROVISIONAL_KEEP_MANUAL_PHENOCOPY_REVIEW_PENDING	false
GSE261783	GSM8151756	CATTCTATCAGAGTTC-1	Yeats4	Yeats4_As_2486	Unstimulated	PROVISIONAL_KEEP_MANUAL_PHENOCOPY_REVIEW_PENDING	false
GSE261783	GSM8151756	CCATCACAGAGAGCGG-1	Yeats4	Yeats4_As_2486	Unstimulated	PROVISIONAL_KEEP_MANUAL_PHENOCOPY_REVIEW_PENDING	false
GSE261783	GSM8151756	CCCATTGTCGAAACAA-1	Yeats4	Yeats4_As_2486	Unstimulated	PROVISIONAL_KEEP_MANUAL_PHENOCOPY_REVIEW_PENDING	false
GSE261783	GSM8151756	CCGTAGGTCATGCATG-1	Yeats4	Yeats4_As_2486	Unstimulated	PROVISIONAL_KEEP_MANUAL_PHENOCOPY_REVIEW_PENDING	false
GSE261783	GSM8151756	CCGTGAGTCAAGTCTG-1	Yeats4	Yeats4_As_2486	Unstimulated	PROVISIONAL_KEEP_MANUAL_PHENOCOPY_REVIEW_PENDING	false
GSE261783	GSM8151756	CCTAAGATCAGCCTTC-1	Yeats4	Yeats4_As_2486	Unstimulated	PROVISIONAL_KEEP_MANUAL_PHENOCOPY_REVIEW_PENDING	false
GSE261783	GSM8151756	CGATGGCCACTGCGAC-1	Yeats4	Yeats4_As_2486	Unstimulated	PROVISIONAL_KEEP_MANUAL_PHENOCOPY_REVIEW_PENDING	false
GSE261783	GSM8151756	CGTTGGGGTGCGTTTA-1	Yeats4	Yeats4_As_2486	Unstimulated	PROVISIONAL_KEEP_MANUAL_PHENOCOPY_REVIEW_PENDING	false
GSE261783	GSM8151756	CTAGGTATCGATCCAA-1	Yeats4	Yeats4_As_2486	Unstimulated	PROVISIONAL_KEEP_MANUAL_PHENOCOPY_REVIEW_PENDING	false
GSE261783	GSM8151756	CTCATGCTCGTCGATA-1	Yeats4	Yeats4_As_2486	Unstimulated	PROVISIONAL_KEEP_MANUAL_PHENOCOPY_REVIEW_PENDING	false
GSE261783	GSM8151756	CTCCAACAGATTGAGT-1	Yeats4	Yeats4_As_2486	Unstimulated	PROVISIONAL_KEEP_MANUAL_PHENOCOPY_REVIEW_PENDING	false
GSE261783	GSM8151756	CTCCCTCGTCGAACGA-1	Yeats4	Yeats4_As_2486	Unstimulated	PROVISIONAL_KEEP_MANUAL_PHENOCOPY_REVIEW_PENDING	false
GSE261783	GSM8151756	CTTCCTTGTCATTCCC-1	Yeats4	Yeats4_As_2486	Unstimulated	PROVISIONAL_KEEP_MANUAL_PHENOCOPY_REVIEW_PENDING	false
GSE261783	GSM8151756	GAGAAATTCTTGGCTC-1	Yeats4	Yeats4_As_2486	Unstimulated	PROVISIONAL_KEEP_MANUAL_PHENOCOPY_REVIEW_PENDING	false
GSE261783	GSM8151756	GAGACTTGTTAGGCTT-1	Yeats4	Yeats4_As_2486	Unstimulated	PROVISIONAL_KEEP_MANUAL_PHENOCOPY_REVIEW_PENDING	false
GSE261783	GSM8151756	GATCCCTCATTCGATG-1	Yeats4	Yeats4_As_2486	Unstimulated	PROVISIONAL_KEEP_MANUAL_PHENOCOPY_REVIEW_PENDING	false
GSE261783	GSM8151756	GCAGCTGTCTACCTTA-1	Yeats4	Yeats4_As_2486	Unstimulated	PROVISIONAL_KEEP_MANUAL_PHENOCOPY_REVIEW_PENDING	false
GSE261783	GSM8151756	GCCAGTGGTCGTTCAA-1	Yeats4	Yeats4_As_2486	Unstimulated	PROVISIONAL_KEEP_MANUAL_PHENOCOPY_REVIEW_PENDING	false
GSE261783	GSM8151756	GCGGAAAAGACGAGCT-1	Yeats4	Yeats4_As_2486	Unstimulated	PROVISIONAL_KEEP_MANUAL_PHENOCOPY_REVIEW_PENDING	false
GSE261783	GSM8151756	GGAACCCTCGTTACCC-1	Yeats4	Yeats4_As_2486	Unstimulated	PROVISIONAL_KEEP_MANUAL_PHENOCOPY_REVIEW_PENDING	false
GSE261783	GSM8151756	GGACGTCGTGCCAAGA-1	Yeats4	Yeats4_As_2486	Unstimulated	PROVISIONAL_KEEP_MANUAL_PHENOCOPY_REVIEW_PENDING	false
GSE261783	GSM8151756	GGTGGCTCAGCGTTTA-1	Yeats4	Yeats4_As_2486	Unstimulated	PROVISIONAL_KEEP_MANUAL_PHENOCOPY_REVIEW_PENDING	false
GSE261783	GSM8151756	GGTTCTCCACCCAATA-1	Yeats4	Yeats4_As_2486	Unstimulated	PROVISIONAL_KEEP_MANUAL_PHENOCOPY_REVIEW_PENDING	false
GSE261783	GSM8151756	GTGAGCCCAGTTCTAG-1	Yeats4	Yeats4_As_2486	Unstimulated	PROVISIONAL_KEEP_MANUAL_PHENOCOPY_REVIEW_PENDING	false
GSE261783	GSM8151756	GTTGAACCAAGTGTCT-1	Yeats4	Yeats4_As_2486	Unstimulated	PROVISIONAL_KEEP_MANUAL_PHENOCOPY_REVIEW_PENDING	false
GSE261783	GSM8151756	GTTGCTCGTATCATGC-1	Yeats4	Yeats4_As_2486	Unstimulated	PROVISIONAL_KEEP_MANUAL_PHENOCOPY_REVIEW_PENDING	false
GSE261783	GSM8151756	TAACTTCTCGGTTCAA-1	Yeats4	Yeats4_As_2486	Unstimulated	PROVISIONAL_KEEP_MANUAL_PHENOCOPY_REVIEW_PENDING	false
GSE261783	GSM8151756	TACTGCCCACTTTATC-1	Yeats4	Yeats4_As_2486	Unstimulated	PROVISIONAL_KEEP_MANUAL_PHENOCOPY_REVIEW_PENDING	false
GSE261783	GSM8151756	TAGAGTCAGCGAACTG-1	Yeats4	Yeats4_As_2486	Unstimulated	PROVISIONAL_KEEP_MANUAL_PHENOCOPY_REVIEW_PENDING	false
GSE261783	GSM8151756	TAGAGTCGTCACTTCC-1	Yeats4	Yeats4_As_2486	Unstimulated	PROVISIONAL_KEEP_MANUAL_PHENOCOPY_REVIEW_PENDING	false
GSE261783	GSM8151756	TCAGTTTTCAATCTCT-1	Yeats4	Yeats4_As_2486	Unstimulated	PROVISIONAL_KEEP_MANUAL_PHENOCOPY_REVIEW_PENDING	false
GSE261783	GSM8151756	TCCCATGAGGCCTAAG-1	Yeats4	Yeats4_As_2486	Unstimulated	PROVISIONAL_KEEP_MANUAL_PHENOCOPY_REVIEW_PENDING	false
GSE261783	GSM8151756	TCGACCTCACCATTCC-1	Yeats4	Yeats4_As_2486	Unstimulated	PROVISIONAL_KEEP_MANUAL_PHENOCOPY_REVIEW_PENDING	false
GSE261783	GSM8151756	TCGCTCACATGACTTG-1	Yeats4	Yeats4_As_2486	Unstimulated	PROVISIONAL_KEEP_MANUAL_PHENOCOPY_REVIEW_PENDING	false
GSE261783	GSM8151756	TCTCAGCGTCGGATTT-1	Yeats4	Yeats4_As_2486	Unstimulated	PROVISIONAL_KEEP_MANUAL_PHENOCOPY_REVIEW_PENDING	false
GSE261783	GSM8151756	TGCAGATTCTTAAGGC-1	Yeats4	Yeats4_As_2486	Unstimulated	PROVISIONAL_KEEP_MANUAL_PHENOCOPY_REVIEW_PENDING	false
GSE261783	GSM8151756	TGCGGGTAGCATTTGC-1	Yeats4	Yeats4_As_2486	Unstimulated	PROVISIONAL_KEEP_MANUAL_PHENOCOPY_REVIEW_PENDING	false
GSE261783	GSM8151756	TGGATCAAGTGGTCAG-1	Yeats4	Yeats4_As_2486	Unstimulated	PROVISIONAL_KEEP_MANUAL_PHENOCOPY_REVIEW_PENDING	false
GSE261783	GSM8151756	TGGGAAGTCACTGTCC-1	Yeats4	Yeats4_As_2486	Unstimulated	PROVISIONAL_KEEP_MANUAL_PHENOCOPY_REVIEW_PENDING	false
GSE261783	GSM8151756	TGGGATTGTTTAAGGA-1	Yeats4	Yeats4_As_2486	Unstimulated	PROVISIONAL_KEEP_MANUAL_PHENOCOPY_REVIEW_PENDING	false
GSE261783	GSM8151756	TGGGTTAGTACGACTT-1	Yeats4	Yeats4_As_2486	Unstimulated	PROVISIONAL_KEEP_MANUAL_PHENOCOPY_REVIEW_PENDING	false
GSE261783	GSM8151756	TGTCCCAAGTAACCTC-1	Yeats4	Yeats4_As_2486	Unstimulated	PROVISIONAL_KEEP_MANUAL_PHENOCOPY_REVIEW_PENDING	false
GSE261783	GSM8151756	TGTTTGTAGTATGTAG-1	Yeats4	Yeats4_As_2486	Unstimulated	PROVISIONAL_KEEP_MANUAL_PHENOCOPY_REVIEW_PENDING	false
GSE261783	GSM8151756	TTAGGCAAGATGGTCG-1	Yeats4	Yeats4_As_2486	Unstimulated	PROVISIONAL_KEEP_MANUAL_PHENOCOPY_REVIEW_PENDING	false
GSE261783	GSM8151756	TTCCTTCTCCTTCACG-1	Yeats4	Yeats4_As_2486	Unstimulated	PROVISIONAL_KEEP_MANUAL_PHENOCOPY_REVIEW_PENDING	false
GSE261783	GSM8151756	TTCTTGATCAACTACG-1	Yeats4	Yeats4_As_2486	Unstimulated	PROVISIONAL_KEEP_MANUAL_PHENOCOPY_REVIEW_PENDING	false
GSE261783	GSM8151756	TTGGGTAAGTGACACG-1	Yeats4	Yeats4_As_2486	Unstimulated	PROVISIONAL_KEEP_MANUAL_PHENOCOPY_REVIEW_PENDING	false
GSE261783	GSM8151756	TTTACCAAGACACACG-1	Yeats4	Yeats4_As_2486	Unstimulated	PROVISIONAL_KEEP_MANUAL_PHENOCOPY_REVIEW_PENDING	false
GSE261783	GSM8151756	TTTACCACATTCAGCA-1	Yeats4	Yeats4_As_2486	Unstimulated	PROVISIONAL_KEEP_MANUAL_PHENOCOPY_REVIEW_PENDING	false
GSE261783	GSM8151756	AATCACGAGTATGGCG-1	Yeats4	Yeats4_As_2487	Unstimulated	PROVISIONAL_KEEP_MANUAL_PHENOCOPY_REVIEW_PENDING	false
GSE261783	GSM8151756	ACACCAATCCATACAG-1	Yeats4	Yeats4_As_2487	Unstimulated	PROVISIONAL_KEEP_MANUAL_PHENOCOPY_REVIEW_PENDING	false
GSE261783	GSM8151756	ACCAACAGTTCGGTCG-1	Yeats4	Yeats4_As_2487	Unstimulated	PROVISIONAL_KEEP_MANUAL_PHENOCOPY_REVIEW_PENDING	false
GSE261783	GSM8151756	ACCATTTGTAAGTCAA-1	Yeats4	Yeats4_As_2487	Unstimulated	PROVISIONAL_KEEP_MANUAL_PHENOCOPY_REVIEW_PENDING	false
GSE261783	GSM8151756	ACCATTTTCTGAACGT-1	Yeats4	Yeats4_As_2487	Unstimulated	PROVISIONAL_KEEP_MANUAL_PHENOCOPY_REVIEW_PENDING	false
GSE261783	GSM8151756	ACTCCCAGTCTGCAAT-1	Yeats4	Yeats4_As_2487	Unstimulated	PROVISIONAL_KEEP_MANUAL_PHENOCOPY_REVIEW_PENDING	false
GSE261783	GSM8151756	ATACCGACACATAGCT-1	Yeats4	Yeats4_As_2487	Unstimulated	PROVISIONAL_KEEP_MANUAL_PHENOCOPY_REVIEW_PENDING	false
GSE261783	GSM8151756	ATGCCTCAGAGAGGGC-1	Yeats4	Yeats4_As_2487	Unstimulated	PROVISIONAL_KEEP_MANUAL_PHENOCOPY_REVIEW_PENDING	false
GSE261783	GSM8151756	ATTCACTTCTCCGAGG-1	Yeats4	Yeats4_As_2487	Unstimulated	PROVISIONAL_KEEP_MANUAL_PHENOCOPY_REVIEW_PENDING	false
GSE261783	GSM8151756	ATTCAGGAGATTGATG-1	Yeats4	Yeats4_As_2487	Unstimulated	PROVISIONAL_KEEP_MANUAL_PHENOCOPY_REVIEW_PENDING	false
GSE261783	GSM8151756	CACAGGCGTGCAACGA-1	Yeats4	Yeats4_As_2487	Unstimulated	PROVISIONAL_KEEP_MANUAL_PHENOCOPY_REVIEW_PENDING	false
GSE261783	GSM8151756	CAGAGCCCAAAGACGC-1	Yeats4	Yeats4_As_2487	Unstimulated	PROVISIONAL_KEEP_MANUAL_PHENOCOPY_REVIEW_PENDING	false
GSE261783	GSM8151756	CAGATTGAGACGGTTG-1	Yeats4	Yeats4_As_2487	Unstimulated	PROVISIONAL_KEEP_MANUAL_PHENOCOPY_REVIEW_PENDING	false
GSE261783	GSM8151756	CATACTTTCAGTGGGA-1	Yeats4	Yeats4_As_2487	Unstimulated	PROVISIONAL_KEEP_MANUAL_PHENOCOPY_REVIEW_PENDING	false
GSE261783	GSM8151756	CATAGACAGGTTCACT-1	Yeats4	Yeats4_As_2487	Unstimulated	PROVISIONAL_KEEP_MANUAL_PHENOCOPY_REVIEW_PENDING	false
GSE261783	GSM8151756	CATGCGGGTTAGGACG-1	Yeats4	Yeats4_As_2487	Unstimulated	PROVISIONAL_KEEP_MANUAL_PHENOCOPY_REVIEW_PENDING	false
GSE261783	GSM8151756	CCTCCAAAGCCAACCC-1	Yeats4	Yeats4_As_2487	Unstimulated	PROVISIONAL_KEEP_MANUAL_PHENOCOPY_REVIEW_PENDING	false
GSE261783	GSM8151756	CCTCCAAGTGCACATT-1	Yeats4	Yeats4_As_2487	Unstimulated	PROVISIONAL_KEEP_MANUAL_PHENOCOPY_REVIEW_PENDING	false
GSE261783	GSM8151756	CTCTGGTGTAGGATAT-1	Yeats4	Yeats4_As_2487	Unstimulated	PROVISIONAL_KEEP_MANUAL_PHENOCOPY_REVIEW_PENDING	false
GSE261783	GSM8151756	GAGTGAGTCGAGAGAC-1	Yeats4	Yeats4_As_2487	Unstimulated	PROVISIONAL_KEEP_MANUAL_PHENOCOPY_REVIEW_PENDING	false
GSE261783	GSM8151756	GATCCCTGTCGCTTGG-1	Yeats4	Yeats4_As_2487	Unstimulated	PROVISIONAL_KEEP_MANUAL_PHENOCOPY_REVIEW_PENDING	false
GSE261783	GSM8151756	GCATCTCAGGTAAACT-1	Yeats4	Yeats4_As_2487	Unstimulated	PROVISIONAL_KEEP_MANUAL_PHENOCOPY_REVIEW_PENDING	false
GSE261783	GSM8151756	GCCATTCCATGTCAGT-1	Yeats4	Yeats4_As_2487	Unstimulated	PROVISIONAL_KEEP_MANUAL_PHENOCOPY_REVIEW_PENDING	false
GSE261783	GSM8151756	GGGCTCATCATAGCAC-1	Yeats4	Yeats4_As_2487	Unstimulated	PROVISIONAL_KEEP_MANUAL_PHENOCOPY_REVIEW_PENDING	false
GSE261783	GSM8151756	GGGTAGAGTTCGGCCA-1	Yeats4	Yeats4_As_2487	Unstimulated	PROVISIONAL_KEEP_MANUAL_PHENOCOPY_REVIEW_PENDING	false
GSE261783	GSM8151756	GTCATGAAGAACCGCA-1	Yeats4	Yeats4_As_2487	Unstimulated	PROVISIONAL_KEEP_MANUAL_PHENOCOPY_REVIEW_PENDING	false
GSE261783	GSM8151756	GTCATTTGTCATCGGC-1	Yeats4	Yeats4_As_2487	Unstimulated	PROVISIONAL_KEEP_MANUAL_PHENOCOPY_REVIEW_PENDING	false
GSE261783	GSM8151756	GTCTTTATCAAGGTGG-1	Yeats4	Yeats4_As_2487	Unstimulated	PROVISIONAL_KEEP_MANUAL_PHENOCOPY_REVIEW_PENDING	false
GSE261783	GSM8151756	GTGCTTCTCGAAGAAT-1	Yeats4	Yeats4_As_2487	Unstimulated	PROVISIONAL_KEEP_MANUAL_PHENOCOPY_REVIEW_PENDING	false
GSE261783	GSM8151756	TATCCTATCTCCGAAA-1	Yeats4	Yeats4_As_2487	Unstimulated	PROVISIONAL_KEEP_MANUAL_PHENOCOPY_REVIEW_PENDING	false
GSE261783	GSM8151756	TCATTGTTCATAAGGA-1	Yeats4	Yeats4_As_2487	Unstimulated	PROVISIONAL_KEEP_MANUAL_PHENOCOPY_REVIEW_PENDING	false
GSE261783	GSM8151756	TCGCACTCACAAGTGG-1	Yeats4	Yeats4_As_2487	Unstimulated	PROVISIONAL_KEEP_MANUAL_PHENOCOPY_REVIEW_PENDING	false
GSE261783	GSM8151756	TCGGGACTCCTGGGAC-1	Yeats4	Yeats4_As_2487	Unstimulated	PROVISIONAL_KEEP_MANUAL_PHENOCOPY_REVIEW_PENDING	false
GSE261783	GSM8151756	TCTATACAGAGCTTTC-1	Yeats4	Yeats4_As_2487	Unstimulated	PROVISIONAL_KEEP_MANUAL_PHENOCOPY_REVIEW_PENDING	false
GSE261783	GSM8151756	TTTCCTCCAGACCGCT-1	Yeats4	Yeats4_As_2487	Unstimulated	PROVISIONAL_KEEP_MANUAL_PHENOCOPY_REVIEW_PENDING	false
GSE261783	GSM8151756	AAGGTAATCATTCGGA-1	Yy1	Yy1_As_2358	Unstimulated	PROVISIONAL_KEEP_MANUAL_PHENOCOPY_REVIEW_PENDING	false
GSE261783	GSM8151756	ACGATCAGTTGGTAGG-1	Yy1	Yy1_As_2358	Unstimulated	PROVISIONAL_KEEP_MANUAL_PHENOCOPY_REVIEW_PENDING	false
GSE261783	GSM8151756	AGAAGCGAGTGCAGGT-1	Yy1	Yy1_As_2358	Unstimulated	PROVISIONAL_KEEP_MANUAL_PHENOCOPY_REVIEW_PENDING	false
GSE261783	GSM8151756	AGGCATTCACGCGCAT-1	Yy1	Yy1_As_2358	Unstimulated	PROVISIONAL_KEEP_MANUAL_PHENOCOPY_REVIEW_PENDING	false
GSE261783	GSM8151756	AGGGTGACAAGTTGGG-1	Yy1	Yy1_As_2358	Unstimulated	PROVISIONAL_KEEP_MANUAL_PHENOCOPY_REVIEW_PENDING	false
GSE261783	GSM8151756	AGTGATCAGACGGTCA-1	Yy1	Yy1_As_2358	Unstimulated	PROVISIONAL_KEEP_MANUAL_PHENOCOPY_REVIEW_PENDING	false
GSE261783	GSM8151756	AGTTCCCAGGGATCAC-1	Yy1	Yy1_As_2358	Unstimulated	PROVISIONAL_KEEP_MANUAL_PHENOCOPY_REVIEW_PENDING	false
GSE261783	GSM8151756	ATCGCCTAGACATCCT-1	Yy1	Yy1_As_2358	Unstimulated	PROVISIONAL_KEEP_MANUAL_PHENOCOPY_REVIEW_PENDING	false
GSE261783	GSM8151756	ATCGCCTAGCATTGAA-1	Yy1	Yy1_As_2358	Unstimulated	PROVISIONAL_KEEP_MANUAL_PHENOCOPY_REVIEW_PENDING	false
GSE261783	GSM8151756	ATGTCTTCAAGCTCTA-1	Yy1	Yy1_As_2358	Unstimulated	PROVISIONAL_KEEP_MANUAL_PHENOCOPY_REVIEW_PENDING	false
GSE261783	GSM8151756	CAACCAATCTACCACC-1	Yy1	Yy1_As_2358	Unstimulated	PROVISIONAL_KEEP_MANUAL_PHENOCOPY_REVIEW_PENDING	false
GSE261783	GSM8151756	CACGTTCGTTCAAAGA-1	Yy1	Yy1_As_2358	Unstimulated	PROVISIONAL_KEEP_MANUAL_PHENOCOPY_REVIEW_PENDING	false
GSE261783	GSM8151756	CATAGACAGACCGTTT-1	Yy1	Yy1_As_2358	Unstimulated	PROVISIONAL_KEEP_MANUAL_PHENOCOPY_REVIEW_PENDING	false
GSE261783	GSM8151756	CGAGTGCAGACATCAA-1	Yy1	Yy1_As_2358	Unstimulated	PROVISIONAL_KEEP_MANUAL_PHENOCOPY_REVIEW_PENDING	false
GSE261783	GSM8151756	CGGCAGTAGAGCCCAA-1	Yy1	Yy1_As_2358	Unstimulated	PROVISIONAL_KEEP_MANUAL_PHENOCOPY_REVIEW_PENDING	false
GSE261783	GSM8151756	CTACCCATCTGTGCAA-1	Yy1	Yy1_As_2358	Unstimulated	PROVISIONAL_KEEP_MANUAL_PHENOCOPY_REVIEW_PENDING	false
GSE261783	GSM8151756	CTATAGGGTTGTACGT-1	Yy1	Yy1_As_2358	Unstimulated	PROVISIONAL_KEEP_MANUAL_PHENOCOPY_REVIEW_PENDING	false
GSE261783	GSM8151756	CTCAGAAGTCTGTAAC-1	Yy1	Yy1_As_2358	Unstimulated	PROVISIONAL_KEEP_MANUAL_PHENOCOPY_REVIEW_PENDING	false
GSE261783	GSM8151756	CTGTGAAAGCTACTAC-1	Yy1	Yy1_As_2358	Unstimulated	PROVISIONAL_KEEP_MANUAL_PHENOCOPY_REVIEW_PENDING	false
GSE261783	GSM8151756	GAATCACAGGTAGGCT-1	Yy1	Yy1_As_2358	Unstimulated	PROVISIONAL_KEEP_MANUAL_PHENOCOPY_REVIEW_PENDING	false
GSE261783	GSM8151756	GAGTCATAGGGCGAAG-1	Yy1	Yy1_As_2358	Unstimulated	PROVISIONAL_KEEP_MANUAL_PHENOCOPY_REVIEW_PENDING	false
GSE261783	GSM8151756	GATTTCTCAGGAGGTT-1	Yy1	Yy1_As_2358	Unstimulated	PROVISIONAL_KEEP_MANUAL_PHENOCOPY_REVIEW_PENDING	false
GSE261783	GSM8151756	GCTGGGTCACGATAGG-1	Yy1	Yy1_As_2358	Unstimulated	PROVISIONAL_KEEP_MANUAL_PHENOCOPY_REVIEW_PENDING	false
GSE261783	GSM8151756	GTAGCTAAGAAGCTCG-1	Yy1	Yy1_As_2358	Unstimulated	PROVISIONAL_KEEP_MANUAL_PHENOCOPY_REVIEW_PENDING	false
GSE261783	GSM8151756	TACACCCCAAGTGCTT-1	Yy1	Yy1_As_2358	Unstimulated	PROVISIONAL_KEEP_MANUAL_PHENOCOPY_REVIEW_PENDING	false
GSE261783	GSM8151756	TCAGTCCGTGTTCCTC-1	Yy1	Yy1_As_2358	Unstimulated	PROVISIONAL_KEEP_MANUAL_PHENOCOPY_REVIEW_PENDING	false
GSE261783	GSM8151756	TCCATGCGTGAGAGGG-1	Yy1	Yy1_As_2358	Unstimulated	PROVISIONAL_KEEP_MANUAL_PHENOCOPY_REVIEW_PENDING	false
GSE261783	GSM8151756	TGCTGAAGTGTGAATA-1	Yy1	Yy1_As_2358	Unstimulated	PROVISIONAL_KEEP_MANUAL_PHENOCOPY_REVIEW_PENDING	false
GSE261783	GSM8151756	TTCCTCTTCGGCACTG-1	Yy1	Yy1_As_2358	Unstimulated	PROVISIONAL_KEEP_MANUAL_PHENOCOPY_REVIEW_PENDING	false
GSE261783	GSM8151756	AAAGAACAGGAAGTGA-1	Yy1	Yy1_As_2359	Unstimulated	PROVISIONAL_KEEP_MANUAL_PHENOCOPY_REVIEW_PENDING	false
GSE261783	GSM8151756	AACAAAGAGGGCAAGG-1	Yy1	Yy1_As_2359	Unstimulated	PROVISIONAL_KEEP_MANUAL_PHENOCOPY_REVIEW_PENDING	false
GSE261783	GSM8151756	ACCAACACACAAGCAG-1	Yy1	Yy1_As_2359	Unstimulated	PROVISIONAL_KEEP_MANUAL_PHENOCOPY_REVIEW_PENDING	false
GSE261783	GSM8151756	ACGATCAGTCTCGCGA-1	Yy1	Yy1_As_2359	Unstimulated	PROVISIONAL_KEEP_MANUAL_PHENOCOPY_REVIEW_PENDING	false
GSE261783	GSM8151756	ACTCTCGGTTATGACC-1	Yy1	Yy1_As_2359	Unstimulated	PROVISIONAL_KEEP_MANUAL_PHENOCOPY_REVIEW_PENDING	false
GSE261783	GSM8151756	ACTTCGCCACCGTGAC-1	Yy1	Yy1_As_2359	Unstimulated	PROVISIONAL_KEEP_MANUAL_PHENOCOPY_REVIEW_PENDING	false
GSE261783	GSM8151756	AGCGTCGTCCGCAACG-1	Yy1	Yy1_As_2359	Unstimulated	PROVISIONAL_KEEP_MANUAL_PHENOCOPY_REVIEW_PENDING	false
GSE261783	GSM8151756	AGGTCTAGTATGACAA-1	Yy1	Yy1_As_2359	Unstimulated	PROVISIONAL_KEEP_MANUAL_PHENOCOPY_REVIEW_PENDING	false
GSE261783	GSM8151756	AGTAACCAGCGTACAG-1	Yy1	Yy1_As_2359	Unstimulated	PROVISIONAL_KEEP_MANUAL_PHENOCOPY_REVIEW_PENDING	false
GSE261783	GSM8151756	AGTAGTCTCTTCTGGC-1	Yy1	Yy1_As_2359	Unstimulated	PROVISIONAL_KEEP_MANUAL_PHENOCOPY_REVIEW_PENDING	false
GSE261783	GSM8151756	AGTGTTGCAGTTTCAG-1	Yy1	Yy1_As_2359	Unstimulated	PROVISIONAL_KEEP_MANUAL_PHENOCOPY_REVIEW_PENDING	false
GSE261783	GSM8151756	CACTGTCGTGCGACAA-1	Yy1	Yy1_As_2359	Unstimulated	PROVISIONAL_KEEP_MANUAL_PHENOCOPY_REVIEW_PENDING	false
GSE261783	GSM8151756	CAGCGTGGTGTAAATG-1	Yy1	Yy1_As_2359	Unstimulated	PROVISIONAL_KEEP_MANUAL_PHENOCOPY_REVIEW_PENDING	false
GSE261783	GSM8151756	CATTCTACACATGAAA-1	Yy1	Yy1_As_2359	Unstimulated	PROVISIONAL_KEEP_MANUAL_PHENOCOPY_REVIEW_PENDING	false
GSE261783	GSM8151756	CCACACTAGAGGTCAC-1	Yy1	Yy1_As_2359	Unstimulated	PROVISIONAL_KEEP_MANUAL_PHENOCOPY_REVIEW_PENDING	false
GSE261783	GSM8151756	CCTCAACCAGTGACCC-1	Yy1	Yy1_As_2359	Unstimulated	PROVISIONAL_KEEP_MANUAL_PHENOCOPY_REVIEW_PENDING	false
GSE261783	GSM8151756	CCTCCTCTCCATAGAC-1	Yy1	Yy1_As_2359	Unstimulated	PROVISIONAL_KEEP_MANUAL_PHENOCOPY_REVIEW_PENDING	false
GSE261783	GSM8151756	CTACAGACATCCGCGA-1	Yy1	Yy1_As_2359	Unstimulated	PROVISIONAL_KEEP_MANUAL_PHENOCOPY_REVIEW_PENDING	false
GSE261783	GSM8151756	CTCCCTCGTCCCTGAG-1	Yy1	Yy1_As_2359	Unstimulated	PROVISIONAL_KEEP_MANUAL_PHENOCOPY_REVIEW_PENDING	false
GSE261783	GSM8151756	CTCCTCCTCAGTGGGA-1	Yy1	Yy1_As_2359	Unstimulated	PROVISIONAL_KEEP_MANUAL_PHENOCOPY_REVIEW_PENDING	false
GSE261783	GSM8151756	CTGCTCATCAGCGTCG-1	Yy1	Yy1_As_2359	Unstimulated	PROVISIONAL_KEEP_MANUAL_PHENOCOPY_REVIEW_PENDING	false
GSE261783	GSM8151756	CTGGCAGCAAGCGATG-1	Yy1	Yy1_As_2359	Unstimulated	PROVISIONAL_KEEP_MANUAL_PHENOCOPY_REVIEW_PENDING	false
GSE261783	GSM8151756	GAATAGAGTCTCGGAC-1	Yy1	Yy1_As_2359	Unstimulated	PROVISIONAL_KEEP_MANUAL_PHENOCOPY_REVIEW_PENDING	false
GSE261783	GSM8151756	GATTCGACACCGGCTA-1	Yy1	Yy1_As_2359	Unstimulated	PROVISIONAL_KEEP_MANUAL_PHENOCOPY_REVIEW_PENDING	false
GSE261783	GSM8151756	GCAACCGCACATTCGA-1	Yy1	Yy1_As_2359	Unstimulated	PROVISIONAL_KEEP_MANUAL_PHENOCOPY_REVIEW_PENDING	false
GSE261783	GSM8151756	GGAACCCAGGGCGAGA-1	Yy1	Yy1_As_2359	Unstimulated	PROVISIONAL_KEEP_MANUAL_PHENOCOPY_REVIEW_PENDING	false
GSE261783	GSM8151756	GGGACTCAGATACCAA-1	Yy1	Yy1_As_2359	Unstimulated	PROVISIONAL_KEEP_MANUAL_PHENOCOPY_REVIEW_PENDING	false
GSE261783	GSM8151756	GTACAACAGCCAAGTG-1	Yy1	Yy1_As_2359	Unstimulated	PROVISIONAL_KEEP_MANUAL_PHENOCOPY_REVIEW_PENDING	false
GSE261783	GSM8151756	GTTCTATAGGACGCTA-1	Yy1	Yy1_As_2359	Unstimulated	PROVISIONAL_KEEP_MANUAL_PHENOCOPY_REVIEW_PENDING	false
GSE261783	GSM8151756	GTTCTATTCTCTCTAA-1	Yy1	Yy1_As_2359	Unstimulated	PROVISIONAL_KEEP_MANUAL_PHENOCOPY_REVIEW_PENDING	false
GSE261783	GSM8151756	TAGGTACCAGCATCTA-1	Yy1	Yy1_As_2359	Unstimulated	PROVISIONAL_KEEP_MANUAL_PHENOCOPY_REVIEW_PENDING	false
GSE261783	GSM8151756	TATCTGTAGCATCAAA-1	Yy1	Yy1_As_2359	Unstimulated	PROVISIONAL_KEEP_MANUAL_PHENOCOPY_REVIEW_PENDING	false
GSE261783	GSM8151756	TCATTACAGCTGTACT-1	Yy1	Yy1_As_2359	Unstimulated	PROVISIONAL_KEEP_MANUAL_PHENOCOPY_REVIEW_PENDING	false
GSE261783	GSM8151756	TCGACGGCAGAACCGA-1	Yy1	Yy1_As_2359	Unstimulated	PROVISIONAL_KEEP_MANUAL_PHENOCOPY_REVIEW_PENDING	false
GSE261783	GSM8151756	TCGGGCAAGGAAGAAC-1	Yy1	Yy1_As_2359	Unstimulated	PROVISIONAL_KEEP_MANUAL_PHENOCOPY_REVIEW_PENDING	false
GSE261783	GSM8151756	TCGTGCTTCTGACAGT-1	Yy1	Yy1_As_2359	Unstimulated	PROVISIONAL_KEEP_MANUAL_PHENOCOPY_REVIEW_PENDING	false
GSE261783	GSM8151756	TCTCTGGAGATCCAAA-1	Yy1	Yy1_As_2359	Unstimulated	PROVISIONAL_KEEP_MANUAL_PHENOCOPY_REVIEW_PENDING	false
GSE261783	GSM8151756	TCTCTGGTCACGATCA-1	Yy1	Yy1_As_2359	Unstimulated	PROVISIONAL_KEEP_MANUAL_PHENOCOPY_REVIEW_PENDING	false
GSE261783	GSM8151756	TCTTTGACAAGACGGT-1	Yy1	Yy1_As_2359	Unstimulated	PROVISIONAL_KEEP_MANUAL_PHENOCOPY_REVIEW_PENDING	false
GSE261783	GSM8151756	TGAGCATTCCGTACGG-1	Yy1	Yy1_As_2359	Unstimulated	PROVISIONAL_KEEP_MANUAL_PHENOCOPY_REVIEW_PENDING	false
GSE261783	GSM8151756	TGCGGGTAGGACACTG-1	Yy1	Yy1_As_2359	Unstimulated	PROVISIONAL_KEEP_MANUAL_PHENOCOPY_REVIEW_PENDING	false
GSE261783	GSM8151756	TGTACAGGTGGCTACC-1	Yy1	Yy1_As_2359	Unstimulated	PROVISIONAL_KEEP_MANUAL_PHENOCOPY_REVIEW_PENDING	false
GSE261783	GSM8151756	TTCACGCAGTGAACAT-1	Yy1	Yy1_As_2359	Unstimulated	PROVISIONAL_KEEP_MANUAL_PHENOCOPY_REVIEW_PENDING	false
GSE261783	GSM8151756	TTGAACGTCGCGAAGA-1	Yy1	Yy1_As_2359	Unstimulated	PROVISIONAL_KEEP_MANUAL_PHENOCOPY_REVIEW_PENDING	false
GSE261783	GSM8151756	TTGCGTCGTCCGTACG-1	Yy1	Yy1_As_2359	Unstimulated	PROVISIONAL_KEEP_MANUAL_PHENOCOPY_REVIEW_PENDING	false
GSE261783	GSM8151756	TTGTTTGCAACCGTGC-1	Yy1	Yy1_As_2359	Unstimulated	PROVISIONAL_KEEP_MANUAL_PHENOCOPY_REVIEW_PENDING	false
GSE261783	GSM8151756	AAGTGAATCTGTCCCA-1	Znhit1	Znhit1_As_220	Unstimulated	PROVISIONAL_KEEP_MANUAL_PHENOCOPY_REVIEW_PENDING	false
GSE261783	GSM8151756	AATCACGGTTGCATTG-1	Znhit1	Znhit1_As_220	Unstimulated	PROVISIONAL_KEEP_MANUAL_PHENOCOPY_REVIEW_PENDING	false
GSE261783	GSM8151756	AATTCCTTCGCAGAGA-1	Znhit1	Znhit1_As_220	Unstimulated	PROVISIONAL_KEEP_MANUAL_PHENOCOPY_REVIEW_PENDING	false
GSE261783	GSM8151756	ACCAAACTCCTCTGCA-1	Znhit1	Znhit1_As_220	Unstimulated	PROVISIONAL_KEEP_MANUAL_PHENOCOPY_REVIEW_PENDING	false
GSE261783	GSM8151756	ACGCACGGTAAGCAAT-1	Znhit1	Znhit1_As_220	Unstimulated	PROVISIONAL_KEEP_MANUAL_PHENOCOPY_REVIEW_PENDING	false
GSE261783	GSM8151756	ACTATGGAGAGGTCGT-1	Znhit1	Znhit1_As_220	Unstimulated	PROVISIONAL_KEEP_MANUAL_PHENOCOPY_REVIEW_PENDING	false
GSE261783	GSM8151756	ACTGCAACATGAGGGT-1	Znhit1	Znhit1_As_220	Unstimulated	PROVISIONAL_KEEP_MANUAL_PHENOCOPY_REVIEW_PENDING	false
GSE261783	GSM8151756	ACTTAGGGTACAGTTC-1	Znhit1	Znhit1_As_220	Unstimulated	PROVISIONAL_KEEP_MANUAL_PHENOCOPY_REVIEW_PENDING	false
GSE261783	GSM8151756	ACTTTGTTCAAGGTGG-1	Znhit1	Znhit1_As_220	Unstimulated	PROVISIONAL_KEEP_MANUAL_PHENOCOPY_REVIEW_PENDING	false
GSE261783	GSM8151756	AGACCATGTATCGGTT-1	Znhit1	Znhit1_As_220	Unstimulated	PROVISIONAL_KEEP_MANUAL_PHENOCOPY_REVIEW_PENDING	false
GSE261783	GSM8151756	AGACTCATCGACCTAA-1	Znhit1	Znhit1_As_220	Unstimulated	PROVISIONAL_KEEP_MANUAL_PHENOCOPY_REVIEW_PENDING	false
GSE261783	GSM8151756	AGAGAGCGTACAAGCG-1	Znhit1	Znhit1_As_220	Unstimulated	PROVISIONAL_KEEP_MANUAL_PHENOCOPY_REVIEW_PENDING	false
GSE261783	GSM8151756	AGATCGTTCCAGTTCC-1	Znhit1	Znhit1_As_220	Unstimulated	PROVISIONAL_KEEP_MANUAL_PHENOCOPY_REVIEW_PENDING	false
GSE261783	GSM8151756	AGCGATTAGCAGGGAG-1	Znhit1	Znhit1_As_220	Unstimulated	PROVISIONAL_KEEP_MANUAL_PHENOCOPY_REVIEW_PENDING	false
GSE261783	GSM8151756	AGGAAATTCGTTCCTG-1	Znhit1	Znhit1_As_220	Unstimulated	PROVISIONAL_KEEP_MANUAL_PHENOCOPY_REVIEW_PENDING	false
GSE261783	GSM8151756	AGGAGGTAGAGGACTC-1	Znhit1	Znhit1_As_220	Unstimulated	PROVISIONAL_KEEP_MANUAL_PHENOCOPY_REVIEW_PENDING	false
GSE261783	GSM8151756	AGGCATTTCTTTCCGG-1	Znhit1	Znhit1_As_220	Unstimulated	PROVISIONAL_KEEP_MANUAL_PHENOCOPY_REVIEW_PENDING	false
GSE261783	GSM8151756	AGGGTCCGTTGTCTAG-1	Znhit1	Znhit1_As_220	Unstimulated	PROVISIONAL_KEEP_MANUAL_PHENOCOPY_REVIEW_PENDING	false
GSE261783	GSM8151756	AGTCTCCTCCTGTAGA-1	Znhit1	Znhit1_As_220	Unstimulated	PROVISIONAL_KEEP_MANUAL_PHENOCOPY_REVIEW_PENDING	false
GSE261783	GSM8151756	ATCGCCTGTGCATACT-1	Znhit1	Znhit1_As_220	Unstimulated	PROVISIONAL_KEEP_MANUAL_PHENOCOPY_REVIEW_PENDING	false
GSE261783	GSM8151756	CAAAGAATCTAAGGAA-1	Znhit1	Znhit1_As_220	Unstimulated	PROVISIONAL_KEEP_MANUAL_PHENOCOPY_REVIEW_PENDING	false
GSE261783	GSM8151756	CACAACAGTTGAGTCT-1	Znhit1	Znhit1_As_220	Unstimulated	PROVISIONAL_KEEP_MANUAL_PHENOCOPY_REVIEW_PENDING	false
GSE261783	GSM8151756	CACGTGGTCTCTTCAA-1	Znhit1	Znhit1_As_220	Unstimulated	PROVISIONAL_KEEP_MANUAL_PHENOCOPY_REVIEW_PENDING	false
GSE261783	GSM8151756	CACTGGGAGAGGTTAT-1	Znhit1	Znhit1_As_220	Unstimulated	PROVISIONAL_KEEP_MANUAL_PHENOCOPY_REVIEW_PENDING	false
GSE261783	GSM8151756	CAGAGCCTCGTAACCA-1	Znhit1	Znhit1_As_220	Unstimulated	PROVISIONAL_KEEP_MANUAL_PHENOCOPY_REVIEW_PENDING	false
GSE261783	GSM8151756	CAGATACAGGATGTTA-1	Znhit1	Znhit1_As_220	Unstimulated	PROVISIONAL_KEEP_MANUAL_PHENOCOPY_REVIEW_PENDING	false
GSE261783	GSM8151756	CATCCGTGTCGTGGAA-1	Znhit1	Znhit1_As_220	Unstimulated	PROVISIONAL_KEEP_MANUAL_PHENOCOPY_REVIEW_PENDING	false
GSE261783	GSM8151756	CATGGTAGTGAGACGT-1	Znhit1	Znhit1_As_220	Unstimulated	PROVISIONAL_KEEP_MANUAL_PHENOCOPY_REVIEW_PENDING	false
GSE261783	GSM8151756	CATTGAGCAACCTAAC-1	Znhit1	Znhit1_As_220	Unstimulated	PROVISIONAL_KEEP_MANUAL_PHENOCOPY_REVIEW_PENDING	false
GSE261783	GSM8151756	CCGTGAGGTTAACAGA-1	Znhit1	Znhit1_As_220	Unstimulated	PROVISIONAL_KEEP_MANUAL_PHENOCOPY_REVIEW_PENDING	false
GSE261783	GSM8151756	CGCAGGTCAGTCGTTA-1	Znhit1	Znhit1_As_220	Unstimulated	PROVISIONAL_KEEP_MANUAL_PHENOCOPY_REVIEW_PENDING	false
GSE261783	GSM8151756	CTCAATTTCCGTGTAA-1	Znhit1	Znhit1_As_220	Unstimulated	PROVISIONAL_KEEP_MANUAL_PHENOCOPY_REVIEW_PENDING	false
GSE261783	GSM8151756	CTGAGCGGTGTGTACT-1	Znhit1	Znhit1_As_220	Unstimulated	PROVISIONAL_KEEP_MANUAL_PHENOCOPY_REVIEW_PENDING	false
GSE261783	GSM8151756	CTGCCATGTGAGTAGC-1	Znhit1	Znhit1_As_220	Unstimulated	PROVISIONAL_KEEP_MANUAL_PHENOCOPY_REVIEW_PENDING	false
GSE261783	GSM8151756	CTTCAATGTCATCACA-1	Znhit1	Znhit1_As_220	Unstimulated	PROVISIONAL_KEEP_MANUAL_PHENOCOPY_REVIEW_PENDING	false
GSE261783	GSM8151756	GACTGATTCTGGTTGA-1	Znhit1	Znhit1_As_220	Unstimulated	PROVISIONAL_KEEP_MANUAL_PHENOCOPY_REVIEW_PENDING	false
GSE261783	GSM8151756	GCCATTCGTTGGAGGT-1	Znhit1	Znhit1_As_220	Unstimulated	PROVISIONAL_KEEP_MANUAL_PHENOCOPY_REVIEW_PENDING	false
GSE261783	GSM8151756	GGCTGTGGTGAACGGT-1	Znhit1	Znhit1_As_220	Unstimulated	PROVISIONAL_KEEP_MANUAL_PHENOCOPY_REVIEW_PENDING	false
GSE261783	GSM8151756	GGTGTCGCAGGCATTT-1	Znhit1	Znhit1_As_220	Unstimulated	PROVISIONAL_KEEP_MANUAL_PHENOCOPY_REVIEW_PENDING	false
GSE261783	GSM8151756	GTCCTCATCAAGGACG-1	Znhit1	Znhit1_As_220	Unstimulated	PROVISIONAL_KEEP_MANUAL_PHENOCOPY_REVIEW_PENDING	false
GSE261783	GSM8151756	GTCTACCCATCACAGT-1	Znhit1	Znhit1_As_220	Unstimulated	PROVISIONAL_KEEP_MANUAL_PHENOCOPY_REVIEW_PENDING	false
GSE261783	GSM8151756	GTGCACGGTATAATGG-1	Znhit1	Znhit1_As_220	Unstimulated	PROVISIONAL_KEEP_MANUAL_PHENOCOPY_REVIEW_PENDING	false
GSE261783	GSM8151756	GTGCTTCAGTAGGGTC-1	Znhit1	Znhit1_As_220	Unstimulated	PROVISIONAL_KEEP_MANUAL_PHENOCOPY_REVIEW_PENDING	false
GSE261783	GSM8151756	GTGTGATGTGAGCGAT-1	Znhit1	Znhit1_As_220	Unstimulated	PROVISIONAL_KEEP_MANUAL_PHENOCOPY_REVIEW_PENDING	false
GSE261783	GSM8151756	TACCTGCAGTCGGGAT-1	Znhit1	Znhit1_As_220	Unstimulated	PROVISIONAL_KEEP_MANUAL_PHENOCOPY_REVIEW_PENDING	false
GSE261783	GSM8151756	TCACGCTCAGACGATG-1	Znhit1	Znhit1_As_220	Unstimulated	PROVISIONAL_KEEP_MANUAL_PHENOCOPY_REVIEW_PENDING	false
GSE261783	GSM8151756	TCGCTCAGTCAGTCTA-1	Znhit1	Znhit1_As_220	Unstimulated	PROVISIONAL_KEEP_MANUAL_PHENOCOPY_REVIEW_PENDING	false
GSE261783	GSM8151756	TCGTAGATCCGACAGC-1	Znhit1	Znhit1_As_220	Unstimulated	PROVISIONAL_KEEP_MANUAL_PHENOCOPY_REVIEW_PENDING	false
GSE261783	GSM8151756	TCTGCCATCCTTGACC-1	Znhit1	Znhit1_As_220	Unstimulated	PROVISIONAL_KEEP_MANUAL_PHENOCOPY_REVIEW_PENDING	false
GSE261783	GSM8151756	TGATGGTAGTACCCTA-1	Znhit1	Znhit1_As_220	Unstimulated	PROVISIONAL_KEEP_MANUAL_PHENOCOPY_REVIEW_PENDING	false
GSE261783	GSM8151756	TGTGAGTAGAGAGGTA-1	Znhit1	Znhit1_As_220	Unstimulated	PROVISIONAL_KEEP_MANUAL_PHENOCOPY_REVIEW_PENDING	false
GSE261783	GSM8151756	TTGAGTGTCGTGGCGT-1	Znhit1	Znhit1_As_220	Unstimulated	PROVISIONAL_KEEP_MANUAL_PHENOCOPY_REVIEW_PENDING	false
GSE261783	GSM8151756	TTGTTTGTCTCGTCGT-1	Znhit1	Znhit1_As_220	Unstimulated	PROVISIONAL_KEEP_MANUAL_PHENOCOPY_REVIEW_PENDING	false
GSE261783	GSM8151756	TTTGATCTCAGGGATG-1	Znhit1	Znhit1_As_220	Unstimulated	PROVISIONAL_KEEP_MANUAL_PHENOCOPY_REVIEW_PENDING	false
GSE261783	GSM8151756	ACCACAAAGACTTCGT-1	Znhit1	Znhit1_As_222	Unstimulated	PROVISIONAL_KEEP_MANUAL_PHENOCOPY_REVIEW_PENDING	false
GSE261783	GSM8151756	ACGTACATCGTGGCGT-1	Znhit1	Znhit1_As_222	Unstimulated	PROVISIONAL_KEEP_MANUAL_PHENOCOPY_REVIEW_PENDING	false
GSE261783	GSM8151756	ACTGATGAGTGAGGTC-1	Znhit1	Znhit1_As_222	Unstimulated	PROVISIONAL_KEEP_MANUAL_PHENOCOPY_REVIEW_PENDING	false
GSE261783	GSM8151756	AGAACCTCACTACCCT-1	Znhit1	Znhit1_As_222	Unstimulated	PROVISIONAL_KEEP_MANUAL_PHENOCOPY_REVIEW_PENDING	false
GSE261783	GSM8151756	AGGGTTTCATTCTCTA-1	Znhit1	Znhit1_As_222	Unstimulated	PROVISIONAL_KEEP_MANUAL_PHENOCOPY_REVIEW_PENDING	false
GSE261783	GSM8151756	CAATTTCGTGTAAACA-1	Znhit1	Znhit1_As_222	Unstimulated	PROVISIONAL_KEEP_MANUAL_PHENOCOPY_REVIEW_PENDING	false
GSE261783	GSM8151756	CCCTCAAAGTCCTACA-1	Znhit1	Znhit1_As_222	Unstimulated	PROVISIONAL_KEEP_MANUAL_PHENOCOPY_REVIEW_PENDING	false
GSE261783	GSM8151756	CCGGTAGTCTGGGTCG-1	Znhit1	Znhit1_As_222	Unstimulated	PROVISIONAL_KEEP_MANUAL_PHENOCOPY_REVIEW_PENDING	false
GSE261783	GSM8151756	CCTGCATAGATAACAC-1	Znhit1	Znhit1_As_222	Unstimulated	PROVISIONAL_KEEP_MANUAL_PHENOCOPY_REVIEW_PENDING	false
GSE261783	GSM8151756	CGAGTTACAGGACGAT-1	Znhit1	Znhit1_As_222	Unstimulated	PROVISIONAL_KEEP_MANUAL_PHENOCOPY_REVIEW_PENDING	false
GSE261783	GSM8151756	CTAACCCAGTCAGCCC-1	Znhit1	Znhit1_As_222	Unstimulated	PROVISIONAL_KEEP_MANUAL_PHENOCOPY_REVIEW_PENDING	false
GSE261783	GSM8151756	CTCAAGATCGGAAACG-1	Znhit1	Znhit1_As_222	Unstimulated	PROVISIONAL_KEEP_MANUAL_PHENOCOPY_REVIEW_PENDING	false
GSE261783	GSM8151756	CTCACTGTCGCTACAA-1	Znhit1	Znhit1_As_222	Unstimulated	PROVISIONAL_KEEP_MANUAL_PHENOCOPY_REVIEW_PENDING	false
GSE261783	GSM8151756	CTCAGAAGTGTAGGAC-1	Znhit1	Znhit1_As_222	Unstimulated	PROVISIONAL_KEEP_MANUAL_PHENOCOPY_REVIEW_PENDING	false
GSE261783	GSM8151756	CTCCATGTCAAAGCCT-1	Znhit1	Znhit1_As_222	Unstimulated	PROVISIONAL_KEEP_MANUAL_PHENOCOPY_REVIEW_PENDING	false
GSE261783	GSM8151756	CTCCCTCTCCAGCCTT-1	Znhit1	Znhit1_As_222	Unstimulated	PROVISIONAL_KEEP_MANUAL_PHENOCOPY_REVIEW_PENDING	false
GSE261783	GSM8151756	GAAGTAAGTCCCTAAA-1	Znhit1	Znhit1_As_222	Unstimulated	PROVISIONAL_KEEP_MANUAL_PHENOCOPY_REVIEW_PENDING	false
GSE261783	GSM8151756	GCACATATCCATAGAC-1	Znhit1	Znhit1_As_222	Unstimulated	PROVISIONAL_KEEP_MANUAL_PHENOCOPY_REVIEW_PENDING	false
GSE261783	GSM8151756	GCAGGCTAGTTGTCAC-1	Znhit1	Znhit1_As_222	Unstimulated	PROVISIONAL_KEEP_MANUAL_PHENOCOPY_REVIEW_PENDING	false
GSE261783	GSM8151756	GCTCAAAGTACGGGAT-1	Znhit1	Znhit1_As_222	Unstimulated	PROVISIONAL_KEEP_MANUAL_PHENOCOPY_REVIEW_PENDING	false
GSE261783	GSM8151756	GGCTGTGCAAGGCAAC-1	Znhit1	Znhit1_As_222	Unstimulated	PROVISIONAL_KEEP_MANUAL_PHENOCOPY_REVIEW_PENDING	false
GSE261783	GSM8151756	GTAACACAGGAGTACC-1	Znhit1	Znhit1_As_222	Unstimulated	PROVISIONAL_KEEP_MANUAL_PHENOCOPY_REVIEW_PENDING	false
GSE261783	GSM8151756	GTGGAAGAGACAGCGT-1	Znhit1	Znhit1_As_222	Unstimulated	PROVISIONAL_KEEP_MANUAL_PHENOCOPY_REVIEW_PENDING	false
GSE261783	GSM8151756	TACAACGCAGTCGTTA-1	Znhit1	Znhit1_As_222	Unstimulated	PROVISIONAL_KEEP_MANUAL_PHENOCOPY_REVIEW_PENDING	false
GSE261783	GSM8151756	TACCTGCCAATGGCAG-1	Znhit1	Znhit1_As_222	Unstimulated	PROVISIONAL_KEEP_MANUAL_PHENOCOPY_REVIEW_PENDING	false
GSE261783	GSM8151756	TACTTGTAGACCGCCT-1	Znhit1	Znhit1_As_222	Unstimulated	PROVISIONAL_KEEP_MANUAL_PHENOCOPY_REVIEW_PENDING	false
GSE261783	GSM8151756	TAGGTTGAGGTGAGAA-1	Znhit1	Znhit1_As_222	Unstimulated	PROVISIONAL_KEEP_MANUAL_PHENOCOPY_REVIEW_PENDING	false
GSE261783	GSM8151756	TATCGCCTCGCTAATG-1	Znhit1	Znhit1_As_222	Unstimulated	PROVISIONAL_KEEP_MANUAL_PHENOCOPY_REVIEW_PENDING	false
GSE261783	GSM8151756	TCATGTTGTGAAGCTG-1	Znhit1	Znhit1_As_222	Unstimulated	PROVISIONAL_KEEP_MANUAL_PHENOCOPY_REVIEW_PENDING	false
GSE261783	GSM8151756	TCATTCATCGTTCTCG-1	Znhit1	Znhit1_As_222	Unstimulated	PROVISIONAL_KEEP_MANUAL_PHENOCOPY_REVIEW_PENDING	false
GSE261783	GSM8151756	TGCACGGGTAAGCGGT-1	Znhit1	Znhit1_As_222	Unstimulated	PROVISIONAL_KEEP_MANUAL_PHENOCOPY_REVIEW_PENDING	false
GSE261783	GSM8151756	TGCTCCAAGGAACGCT-1	Znhit1	Znhit1_As_222	Unstimulated	PROVISIONAL_KEEP_MANUAL_PHENOCOPY_REVIEW_PENDING	false
GSE261783	GSM8151756	TGGGAAGGTCCGTACG-1	Znhit1	Znhit1_As_222	Unstimulated	PROVISIONAL_KEEP_MANUAL_PHENOCOPY_REVIEW_PENDING	false
GSE261783	GSM8151756	TTGAGTGCATACCAGT-1	Znhit1	Znhit1_As_222	Unstimulated	PROVISIONAL_KEEP_MANUAL_PHENOCOPY_REVIEW_PENDING	false
GSE261783	GSM8151756	TTGTTCACAGGTAGTG-1	Znhit1	Znhit1_As_222	Unstimulated	PROVISIONAL_KEEP_MANUAL_PHENOCOPY_REVIEW_PENDING	false
GSE261783	GSM8151756	TTTATGCGTGAATAAC-1	Znhit1	Znhit1_As_222	Unstimulated	PROVISIONAL_KEEP_MANUAL_PHENOCOPY_REVIEW_PENDING	false
GSE261783	GSM8151757	AAAGTGAGTGAGATTA-1	Arid2	Arid2_As_73066	Unstimulated	PROVISIONAL_KEEP_MANUAL_PHENOCOPY_REVIEW_PENDING	false
GSE261783	GSM8151757	ACAACCACACTGCACG-1	Arid2	Arid2_As_73066	Unstimulated	PROVISIONAL_KEEP_MANUAL_PHENOCOPY_REVIEW_PENDING	false
GSE261783	GSM8151757	ACACAGTAGAAACTCA-1	Arid2	Arid2_As_73066	Unstimulated	PROVISIONAL_KEEP_MANUAL_PHENOCOPY_REVIEW_PENDING	false
GSE261783	GSM8151757	ACTTATCTCATCACCC-1	Arid2	Arid2_As_73066	Unstimulated	PROVISIONAL_KEEP_MANUAL_PHENOCOPY_REVIEW_PENDING	false
GSE261783	GSM8151757	AGCTACACACGTAGAG-1	Arid2	Arid2_As_73066	Unstimulated	PROVISIONAL_KEEP_MANUAL_PHENOCOPY_REVIEW_PENDING	false
GSE261783	GSM8151757	AGGTTACAGTGCCTCG-1	Arid2	Arid2_As_73066	Unstimulated	PROVISIONAL_KEEP_MANUAL_PHENOCOPY_REVIEW_PENDING	false
GSE261783	GSM8151757	AGGTTGTGTTGCATAC-1	Arid2	Arid2_As_73066	Unstimulated	PROVISIONAL_KEEP_MANUAL_PHENOCOPY_REVIEW_PENDING	false
GSE261783	GSM8151757	AGTCACATCGGACGTC-1	Arid2	Arid2_As_73066	Unstimulated	PROVISIONAL_KEEP_MANUAL_PHENOCOPY_REVIEW_PENDING	false
GSE261783	GSM8151757	CAACCTCAGAAGCGAA-1	Arid2	Arid2_As_73066	Unstimulated	PROVISIONAL_KEEP_MANUAL_PHENOCOPY_REVIEW_PENDING	false
GSE261783	GSM8151757	CAACGGCCAGACTCTA-1	Arid2	Arid2_As_73066	Unstimulated	PROVISIONAL_KEEP_MANUAL_PHENOCOPY_REVIEW_PENDING	false
GSE261783	GSM8151757	CACGTGGCAACAACAA-1	Arid2	Arid2_As_73066	Unstimulated	PROVISIONAL_KEEP_MANUAL_PHENOCOPY_REVIEW_PENDING	false
GSE261783	GSM8151757	CAGTTCCTCGAGATAA-1	Arid2	Arid2_As_73066	Unstimulated	PROVISIONAL_KEEP_MANUAL_PHENOCOPY_REVIEW_PENDING	false
GSE261783	GSM8151757	CCACGAGGTACGTGAG-1	Arid2	Arid2_As_73066	Unstimulated	PROVISIONAL_KEEP_MANUAL_PHENOCOPY_REVIEW_PENDING	false
GSE261783	GSM8151757	CCACGAGGTTCATCGA-1	Arid2	Arid2_As_73066	Unstimulated	PROVISIONAL_KEEP_MANUAL_PHENOCOPY_REVIEW_PENDING	false
GSE261783	GSM8151757	CCACTTGTCTGTCCCA-1	Arid2	Arid2_As_73066	Unstimulated	PROVISIONAL_KEEP_MANUAL_PHENOCOPY_REVIEW_PENDING	false
GSE261783	GSM8151757	CGAAGGACATGCAGGA-1	Arid2	Arid2_As_73066	Unstimulated	PROVISIONAL_KEEP_MANUAL_PHENOCOPY_REVIEW_PENDING	false
GSE261783	GSM8151757	CTAAGTGAGATGCCGA-1	Arid2	Arid2_As_73066	Unstimulated	PROVISIONAL_KEEP_MANUAL_PHENOCOPY_REVIEW_PENDING	false
GSE261783	GSM8151757	CTACGGGAGTTAGAAC-1	Arid2	Arid2_As_73066	Unstimulated	PROVISIONAL_KEEP_MANUAL_PHENOCOPY_REVIEW_PENDING	false
GSE261783	GSM8151757	CTCATTACATTGACTG-1	Arid2	Arid2_As_73066	Unstimulated	PROVISIONAL_KEEP_MANUAL_PHENOCOPY_REVIEW_PENDING	false
GSE261783	GSM8151757	GACAGCCGTTAACAGA-1	Arid2	Arid2_As_73066	Unstimulated	PROVISIONAL_KEEP_MANUAL_PHENOCOPY_REVIEW_PENDING	false
GSE261783	GSM8151757	GACCCAGAGTTGTACC-1	Arid2	Arid2_As_73066	Unstimulated	PROVISIONAL_KEEP_MANUAL_PHENOCOPY_REVIEW_PENDING	false
GSE261783	GSM8151757	GACTCTCTCTTCGGTC-1	Arid2	Arid2_As_73066	Unstimulated	PROVISIONAL_KEEP_MANUAL_PHENOCOPY_REVIEW_PENDING	false
GSE261783	GSM8151757	GATAGCTCATGCCGCA-1	Arid2	Arid2_As_73066	Unstimulated	PROVISIONAL_KEEP_MANUAL_PHENOCOPY_REVIEW_PENDING	false
GSE261783	GSM8151757	GCATTAGTCGAACGCC-1	Arid2	Arid2_As_73066	Unstimulated	PROVISIONAL_KEEP_MANUAL_PHENOCOPY_REVIEW_PENDING	false
GSE261783	GSM8151757	GCCATTCCACGGCACT-1	Arid2	Arid2_As_73066	Unstimulated	PROVISIONAL_KEEP_MANUAL_PHENOCOPY_REVIEW_PENDING	false
GSE261783	GSM8151757	GGAAGTGAGCCTGAAG-1	Arid2	Arid2_As_73066	Unstimulated	PROVISIONAL_KEEP_MANUAL_PHENOCOPY_REVIEW_PENDING	false
GSE261783	GSM8151757	GGCGTCACATCGATAC-1	Arid2	Arid2_As_73066	Unstimulated	PROVISIONAL_KEEP_MANUAL_PHENOCOPY_REVIEW_PENDING	false
GSE261783	GSM8151757	GGTGAAGCAAACTAAG-1	Arid2	Arid2_As_73066	Unstimulated	PROVISIONAL_KEEP_MANUAL_PHENOCOPY_REVIEW_PENDING	false
GSE261783	GSM8151757	GGTTCTCTCGGAATGG-1	Arid2	Arid2_As_73066	Unstimulated	PROVISIONAL_KEEP_MANUAL_PHENOCOPY_REVIEW_PENDING	false
GSE261783	GSM8151757	GGTTGTAAGTCATGGG-1	Arid2	Arid2_As_73066	Unstimulated	PROVISIONAL_KEEP_MANUAL_PHENOCOPY_REVIEW_PENDING	false
GSE261783	GSM8151757	GTCAGCGAGAATAGTC-1	Arid2	Arid2_As_73066	Unstimulated	PROVISIONAL_KEEP_MANUAL_PHENOCOPY_REVIEW_PENDING	false
GSE261783	GSM8151757	GTCTACCCACAGCATT-1	Arid2	Arid2_As_73066	Unstimulated	PROVISIONAL_KEEP_MANUAL_PHENOCOPY_REVIEW_PENDING	false
GSE261783	GSM8151757	GTGCTGGGTAGACTGG-1	Arid2	Arid2_As_73066	Unstimulated	PROVISIONAL_KEEP_MANUAL_PHENOCOPY_REVIEW_PENDING	false
GSE261783	GSM8151757	GTGGAGACATGGCCCA-1	Arid2	Arid2_As_73066	Unstimulated	PROVISIONAL_KEEP_MANUAL_PHENOCOPY_REVIEW_PENDING	false
GSE261783	GSM8151757	TACGGTACAAGCTCTA-1	Arid2	Arid2_As_73066	Unstimulated	PROVISIONAL_KEEP_MANUAL_PHENOCOPY_REVIEW_PENDING	false
GSE261783	GSM8151757	TACTGCCGTTTACCTT-1	Arid2	Arid2_As_73066	Unstimulated	PROVISIONAL_KEEP_MANUAL_PHENOCOPY_REVIEW_PENDING	false
GSE261783	GSM8151757	TAGTGCATCCACATAG-1	Arid2	Arid2_As_73066	Unstimulated	PROVISIONAL_KEEP_MANUAL_PHENOCOPY_REVIEW_PENDING	false
GSE261783	GSM8151757	TATCCTAAGCCAACCC-1	Arid2	Arid2_As_73066	Unstimulated	PROVISIONAL_KEEP_MANUAL_PHENOCOPY_REVIEW_PENDING	false
GSE261783	GSM8151757	TATTGGGTCTTACACT-1	Arid2	Arid2_As_73066	Unstimulated	PROVISIONAL_KEEP_MANUAL_PHENOCOPY_REVIEW_PENDING	false
GSE261783	GSM8151757	TATTTCGGTTGAGAGC-1	Arid2	Arid2_As_73066	Unstimulated	PROVISIONAL_KEEP_MANUAL_PHENOCOPY_REVIEW_PENDING	false
GSE261783	GSM8151757	TCAGTCCAGGATGCGT-1	Arid2	Arid2_As_73066	Unstimulated	PROVISIONAL_KEEP_MANUAL_PHENOCOPY_REVIEW_PENDING	false
GSE261783	GSM8151757	TGGTACATCGTGGCGT-1	Arid2	Arid2_As_73066	Unstimulated	PROVISIONAL_KEEP_MANUAL_PHENOCOPY_REVIEW_PENDING	false
GSE261783	GSM8151757	TGTCCCACAAGACCGA-1	Arid2	Arid2_As_73066	Unstimulated	PROVISIONAL_KEEP_MANUAL_PHENOCOPY_REVIEW_PENDING	false
GSE261783	GSM8151757	TTCATTGGTGGCAACA-1	Arid2	Arid2_As_73066	Unstimulated	PROVISIONAL_KEEP_MANUAL_PHENOCOPY_REVIEW_PENDING	false
GSE261783	GSM8151757	TTCTCTCCAACAAGTA-1	Arid2	Arid2_As_73066	Unstimulated	PROVISIONAL_KEEP_MANUAL_PHENOCOPY_REVIEW_PENDING	false
GSE261783	GSM8151757	AAGACAATCAGAGCAG-1	Arid2	Arid2_As_73067	Unstimulated	PROVISIONAL_KEEP_MANUAL_PHENOCOPY_REVIEW_PENDING	false
GSE261783	GSM8151757	AGATCCAAGGACTATA-1	Arid2	Arid2_As_73067	Unstimulated	PROVISIONAL_KEEP_MANUAL_PHENOCOPY_REVIEW_PENDING	false
GSE261783	GSM8151757	AGATGCTAGCGAACTG-1	Arid2	Arid2_As_73067	Unstimulated	PROVISIONAL_KEEP_MANUAL_PHENOCOPY_REVIEW_PENDING	false
GSE261783	GSM8151757	AGCTACACATTCTGTT-1	Arid2	Arid2_As_73067	Unstimulated	PROVISIONAL_KEEP_MANUAL_PHENOCOPY_REVIEW_PENDING	false
GSE261783	GSM8151757	AGTCATGCACACTGGC-1	Arid2	Arid2_As_73067	Unstimulated	PROVISIONAL_KEEP_MANUAL_PHENOCOPY_REVIEW_PENDING	false
GSE261783	GSM8151757	ATCCCTGCATCCCGTT-1	Arid2	Arid2_As_73067	Unstimulated	PROVISIONAL_KEEP_MANUAL_PHENOCOPY_REVIEW_PENDING	false
GSE261783	GSM8151757	ATGTCTTGTAGGGAGG-1	Arid2	Arid2_As_73067	Unstimulated	PROVISIONAL_KEEP_MANUAL_PHENOCOPY_REVIEW_PENDING	false
GSE261783	GSM8151757	ATTCCATAGATTGATG-1	Arid2	Arid2_As_73067	Unstimulated	PROVISIONAL_KEEP_MANUAL_PHENOCOPY_REVIEW_PENDING	false
GSE261783	GSM8151757	CAGCACGGTTGGTGTT-1	Arid2	Arid2_As_73067	Unstimulated	PROVISIONAL_KEEP_MANUAL_PHENOCOPY_REVIEW_PENDING	false
GSE261783	GSM8151757	CAGGGCTCACTAGGCC-1	Arid2	Arid2_As_73067	Unstimulated	PROVISIONAL_KEEP_MANUAL_PHENOCOPY_REVIEW_PENDING	false
GSE261783	GSM8151757	CCAATTTAGAGATTCA-1	Arid2	Arid2_As_73067	Unstimulated	PROVISIONAL_KEEP_MANUAL_PHENOCOPY_REVIEW_PENDING	false
GSE261783	GSM8151757	CCGAACGGTCAAAGCG-1	Arid2	Arid2_As_73067	Unstimulated	PROVISIONAL_KEEP_MANUAL_PHENOCOPY_REVIEW_PENDING	false
GSE261783	GSM8151757	CGCATAAGTGATTCAC-1	Arid2	Arid2_As_73067	Unstimulated	PROVISIONAL_KEEP_MANUAL_PHENOCOPY_REVIEW_PENDING	false
GSE261783	GSM8151757	CGTCAAAAGATTGATG-1	Arid2	Arid2_As_73067	Unstimulated	PROVISIONAL_KEEP_MANUAL_PHENOCOPY_REVIEW_PENDING	false
GSE261783	GSM8151757	CTCAATTCAGTAGGAC-1	Arid2	Arid2_As_73067	Unstimulated	PROVISIONAL_KEEP_MANUAL_PHENOCOPY_REVIEW_PENDING	false
GSE261783	GSM8151757	CTGCCATCATTCAGCA-1	Arid2	Arid2_As_73067	Unstimulated	PROVISIONAL_KEEP_MANUAL_PHENOCOPY_REVIEW_PENDING	false
GSE261783	GSM8151757	CTGTAGAGTGACTGAG-1	Arid2	Arid2_As_73067	Unstimulated	PROVISIONAL_KEEP_MANUAL_PHENOCOPY_REVIEW_PENDING	false
GSE261783	GSM8151757	CTGTAGAGTTCAAGGG-1	Arid2	Arid2_As_73067	Unstimulated	PROVISIONAL_KEEP_MANUAL_PHENOCOPY_REVIEW_PENDING	false
GSE261783	GSM8151757	CTTCGGTCAGTGGCTC-1	Arid2	Arid2_As_73067	Unstimulated	PROVISIONAL_KEEP_MANUAL_PHENOCOPY_REVIEW_PENDING	false
GSE261783	GSM8151757	GAAGGACCAATAGGAT-1	Arid2	Arid2_As_73067	Unstimulated	PROVISIONAL_KEEP_MANUAL_PHENOCOPY_REVIEW_PENDING	false
GSE261783	GSM8151757	GACGCTGCAGATCATC-1	Arid2	Arid2_As_73067	Unstimulated	PROVISIONAL_KEEP_MANUAL_PHENOCOPY_REVIEW_PENDING	false
GSE261783	GSM8151757	GAGACTTCATAATGCC-1	Arid2	Arid2_As_73067	Unstimulated	PROVISIONAL_KEEP_MANUAL_PHENOCOPY_REVIEW_PENDING	false
GSE261783	GSM8151757	GAGCTGCAGCTTCTAG-1	Arid2	Arid2_As_73067	Unstimulated	PROVISIONAL_KEEP_MANUAL_PHENOCOPY_REVIEW_PENDING	false
GSE261783	GSM8151757	GAGGCCTTCGTGCGAC-1	Arid2	Arid2_As_73067	Unstimulated	PROVISIONAL_KEEP_MANUAL_PHENOCOPY_REVIEW_PENDING	false
GSE261783	GSM8151757	GAGTCTACATTGTCGA-1	Arid2	Arid2_As_73067	Unstimulated	PROVISIONAL_KEEP_MANUAL_PHENOCOPY_REVIEW_PENDING	false
GSE261783	GSM8151757	GATAGAACATGAGTAA-1	Arid2	Arid2_As_73067	Unstimulated	PROVISIONAL_KEEP_MANUAL_PHENOCOPY_REVIEW_PENDING	false
GSE261783	GSM8151757	GCACGGTGTTGCTGAT-1	Arid2	Arid2_As_73067	Unstimulated	PROVISIONAL_KEEP_MANUAL_PHENOCOPY_REVIEW_PENDING	false
GSE261783	GSM8151757	GCCGATGCATCGAACT-1	Arid2	Arid2_As_73067	Unstimulated	PROVISIONAL_KEEP_MANUAL_PHENOCOPY_REVIEW_PENDING	false
GSE261783	GSM8151757	GCTTTCGAGGGCGAAG-1	Arid2	Arid2_As_73067	Unstimulated	PROVISIONAL_KEEP_MANUAL_PHENOCOPY_REVIEW_PENDING	false
GSE261783	GSM8151757	GGGTTATTCCCAAGTA-1	Arid2	Arid2_As_73067	Unstimulated	PROVISIONAL_KEEP_MANUAL_PHENOCOPY_REVIEW_PENDING	false
GSE261783	GSM8151757	GGTGATTAGGCGATAC-1	Arid2	Arid2_As_73067	Unstimulated	PROVISIONAL_KEEP_MANUAL_PHENOCOPY_REVIEW_PENDING	false
GSE261783	GSM8151757	GTACAACGTTGCACGC-1	Arid2	Arid2_As_73067	Unstimulated	PROVISIONAL_KEEP_MANUAL_PHENOCOPY_REVIEW_PENDING	false
GSE261783	GSM8151757	GTTACAGAGTAGGAAG-1	Arid2	Arid2_As_73067	Unstimulated	PROVISIONAL_KEEP_MANUAL_PHENOCOPY_REVIEW_PENDING	false
GSE261783	GSM8151757	GTTATGGGTAGGGTAC-1	Arid2	Arid2_As_73067	Unstimulated	PROVISIONAL_KEEP_MANUAL_PHENOCOPY_REVIEW_PENDING	false
GSE261783	GSM8151757	TAACGACAGATAGTGT-1	Arid2	Arid2_As_73067	Unstimulated	PROVISIONAL_KEEP_MANUAL_PHENOCOPY_REVIEW_PENDING	false
GSE261783	GSM8151757	TAATTCCAGGATTACA-1	Arid2	Arid2_As_73067	Unstimulated	PROVISIONAL_KEEP_MANUAL_PHENOCOPY_REVIEW_PENDING	false
GSE261783	GSM8151757	TACCGAAGTCGCATGC-1	Arid2	Arid2_As_73067	Unstimulated	PROVISIONAL_KEEP_MANUAL_PHENOCOPY_REVIEW_PENDING	false
GSE261783	GSM8151757	TACGGGCAGTTGCGCC-1	Arid2	Arid2_As_73067	Unstimulated	PROVISIONAL_KEEP_MANUAL_PHENOCOPY_REVIEW_PENDING	false
GSE261783	GSM8151757	TACGTCCCACCCAAGC-1	Arid2	Arid2_As_73067	Unstimulated	PROVISIONAL_KEEP_MANUAL_PHENOCOPY_REVIEW_PENDING	false
GSE261783	GSM8151757	TACGTCCGTTACGTAC-1	Arid2	Arid2_As_73067	Unstimulated	PROVISIONAL_KEEP_MANUAL_PHENOCOPY_REVIEW_PENDING	false
GSE261783	GSM8151757	TATCTTGGTCTAGGTT-1	Arid2	Arid2_As_73067	Unstimulated	PROVISIONAL_KEEP_MANUAL_PHENOCOPY_REVIEW_PENDING	false
GSE261783	GSM8151757	TCAAGACCAGAGTGTG-1	Arid2	Arid2_As_73067	Unstimulated	PROVISIONAL_KEEP_MANUAL_PHENOCOPY_REVIEW_PENDING	false
GSE261783	GSM8151757	TCAAGACGTATGAGAT-1	Arid2	Arid2_As_73067	Unstimulated	PROVISIONAL_KEEP_MANUAL_PHENOCOPY_REVIEW_PENDING	false
GSE261783	GSM8151757	TCGGGACAGGACACTG-1	Arid2	Arid2_As_73067	Unstimulated	PROVISIONAL_KEEP_MANUAL_PHENOCOPY_REVIEW_PENDING	false
GSE261783	GSM8151757	TCTGGCTCACCTCTGT-1	Arid2	Arid2_As_73067	Unstimulated	PROVISIONAL_KEEP_MANUAL_PHENOCOPY_REVIEW_PENDING	false
GSE261783	GSM8151757	TCTGGCTTCTCATTAC-1	Arid2	Arid2_As_73067	Unstimulated	PROVISIONAL_KEEP_MANUAL_PHENOCOPY_REVIEW_PENDING	false
GSE261783	GSM8151757	TGATGGTGTTCCCACT-1	Arid2	Arid2_As_73067	Unstimulated	PROVISIONAL_KEEP_MANUAL_PHENOCOPY_REVIEW_PENDING	false
GSE261783	GSM8151757	TTCAATCCAATTGAAG-1	Arid2	Arid2_As_73067	Unstimulated	PROVISIONAL_KEEP_MANUAL_PHENOCOPY_REVIEW_PENDING	false
GSE261783	GSM8151757	AACCTGACACATTCGA-1	Brd7	Brd7_As_70314	Unstimulated	PROVISIONAL_KEEP_MANUAL_PHENOCOPY_REVIEW_PENDING	false
GSE261783	GSM8151757	AAGCCATTCTGCCCTA-1	Brd7	Brd7_As_70314	Unstimulated	PROVISIONAL_KEEP_MANUAL_PHENOCOPY_REVIEW_PENDING	false
GSE261783	GSM8151757	AAGGAATGTGCGAACA-1	Brd7	Brd7_As_70314	Unstimulated	PROVISIONAL_KEEP_MANUAL_PHENOCOPY_REVIEW_PENDING	false
GSE261783	GSM8151757	AATAGAGAGAGTGACC-1	Brd7	Brd7_As_70314	Unstimulated	PROVISIONAL_KEEP_MANUAL_PHENOCOPY_REVIEW_PENDING	false
GSE261783	GSM8151757	AATTCCTCAACTAGAA-1	Brd7	Brd7_As_70314	Unstimulated	PROVISIONAL_KEEP_MANUAL_PHENOCOPY_REVIEW_PENDING	false
GSE261783	GSM8151757	ACAAGCTCACTAGTAC-1	Brd7	Brd7_As_70314	Unstimulated	PROVISIONAL_KEEP_MANUAL_PHENOCOPY_REVIEW_PENDING	false
GSE261783	GSM8151757	ACAGCCGGTGCCGTAC-1	Brd7	Brd7_As_70314	Unstimulated	PROVISIONAL_KEEP_MANUAL_PHENOCOPY_REVIEW_PENDING	false
GSE261783	GSM8151757	ACAGGGAAGGCAGGGA-1	Brd7	Brd7_As_70314	Unstimulated	PROVISIONAL_KEEP_MANUAL_PHENOCOPY_REVIEW_PENDING	false
GSE261783	GSM8151757	ACATCGACATCCTTCG-1	Brd7	Brd7_As_70314	Unstimulated	PROVISIONAL_KEEP_MANUAL_PHENOCOPY_REVIEW_PENDING	false
GSE261783	GSM8151757	ACCTGAAGTTGGATCT-1	Brd7	Brd7_As_70314	Unstimulated	PROVISIONAL_KEEP_MANUAL_PHENOCOPY_REVIEW_PENDING	false
GSE261783	GSM8151757	ACCTGTCGTACCCAGC-1	Brd7	Brd7_As_70314	Unstimulated	PROVISIONAL_KEEP_MANUAL_PHENOCOPY_REVIEW_PENDING	false
GSE261783	GSM8151757	AGAAGTACACAGCGCT-1	Brd7	Brd7_As_70314	Unstimulated	PROVISIONAL_KEEP_MANUAL_PHENOCOPY_REVIEW_PENDING	false
GSE261783	GSM8151757	AGATAGAGTGCCCGTA-1	Brd7	Brd7_As_70314	Unstimulated	PROVISIONAL_KEEP_MANUAL_PHENOCOPY_REVIEW_PENDING	false
GSE261783	GSM8151757	AGATCCACAGAAGTGC-1	Brd7	Brd7_As_70314	Unstimulated	PROVISIONAL_KEEP_MANUAL_PHENOCOPY_REVIEW_PENDING	false
GSE261783	GSM8151757	AGCGCTGCATTGCCGG-1	Brd7	Brd7_As_70314	Unstimulated	PROVISIONAL_KEEP_MANUAL_PHENOCOPY_REVIEW_PENDING	false
GSE261783	GSM8151757	AGGCATTCACCATAAC-1	Brd7	Brd7_As_70314	Unstimulated	PROVISIONAL_KEEP_MANUAL_PHENOCOPY_REVIEW_PENDING	false
GSE261783	GSM8151757	AGGCTGCTCAGCCCAG-1	Brd7	Brd7_As_70314	Unstimulated	PROVISIONAL_KEEP_MANUAL_PHENOCOPY_REVIEW_PENDING	false
GSE261783	GSM8151757	AGGGTTTTCATTCATC-1	Brd7	Brd7_As_70314	Unstimulated	PROVISIONAL_KEEP_MANUAL_PHENOCOPY_REVIEW_PENDING	false
GSE261783	GSM8151757	AGGTCATCAATACAGA-1	Brd7	Brd7_As_70314	Unstimulated	PROVISIONAL_KEEP_MANUAL_PHENOCOPY_REVIEW_PENDING	false
GSE261783	GSM8151757	AGGTCTACAGATACTC-1	Brd7	Brd7_As_70314	Unstimulated	PROVISIONAL_KEEP_MANUAL_PHENOCOPY_REVIEW_PENDING	false
GSE261783	GSM8151757	AGTCATGTCAGCAGAG-1	Brd7	Brd7_As_70314	Unstimulated	PROVISIONAL_KEEP_MANUAL_PHENOCOPY_REVIEW_PENDING	false
GSE261783	GSM8151757	AGTGTTGCACTAGGCC-1	Brd7	Brd7_As_70314	Unstimulated	PROVISIONAL_KEEP_MANUAL_PHENOCOPY_REVIEW_PENDING	false
GSE261783	GSM8151757	AGTTCCCCAATCGCAT-1	Brd7	Brd7_As_70314	Unstimulated	PROVISIONAL_KEEP_MANUAL_PHENOCOPY_REVIEW_PENDING	false
GSE261783	GSM8151757	ATATCCTTCCCATACC-1	Brd7	Brd7_As_70314	Unstimulated	PROVISIONAL_KEEP_MANUAL_PHENOCOPY_REVIEW_PENDING	false
GSE261783	GSM8151757	ATCACGACAGTAACCT-1	Brd7	Brd7_As_70314	Unstimulated	PROVISIONAL_KEEP_MANUAL_PHENOCOPY_REVIEW_PENDING	false
GSE261783	GSM8151757	ATCCTATCAGATCATC-1	Brd7	Brd7_As_70314	Unstimulated	PROVISIONAL_KEEP_MANUAL_PHENOCOPY_REVIEW_PENDING	false
GSE261783	GSM8151757	ATCTCTACACAAATAG-1	Brd7	Brd7_As_70314	Unstimulated	PROVISIONAL_KEEP_MANUAL_PHENOCOPY_REVIEW_PENDING	false
GSE261783	GSM8151757	ATGAGGGTCTGTCCGT-1	Brd7	Brd7_As_70314	Unstimulated	PROVISIONAL_KEEP_MANUAL_PHENOCOPY_REVIEW_PENDING	false
GSE261783	GSM8151757	ATGGAGGCAAAGCAAT-1	Brd7	Brd7_As_70314	Unstimulated	PROVISIONAL_KEEP_MANUAL_PHENOCOPY_REVIEW_PENDING	false
GSE261783	GSM8151757	ATTACTCCAAAGCACG-1	Brd7	Brd7_As_70314	Unstimulated	PROVISIONAL_KEEP_MANUAL_PHENOCOPY_REVIEW_PENDING	false
GSE261783	GSM8151757	CAGATACTCACCCTTG-1	Brd7	Brd7_As_70314	Unstimulated	PROVISIONAL_KEEP_MANUAL_PHENOCOPY_REVIEW_PENDING	false
GSE261783	GSM8151757	CATCGTCAGCTGTTAC-1	Brd7	Brd7_As_70314	Unstimulated	PROVISIONAL_KEEP_MANUAL_PHENOCOPY_REVIEW_PENDING	false
GSE261783	GSM8151757	CATTCCGCACTGCGTG-1	Brd7	Brd7_As_70314	Unstimulated	PROVISIONAL_KEEP_MANUAL_PHENOCOPY_REVIEW_PENDING	false
GSE261783	GSM8151757	CCACAAAGTGGAACCA-1	Brd7	Brd7_As_70314	Unstimulated	PROVISIONAL_KEEP_MANUAL_PHENOCOPY_REVIEW_PENDING	false
GSE261783	GSM8151757	CCACGAGGTCTACGAT-1	Brd7	Brd7_As_70314	Unstimulated	PROVISIONAL_KEEP_MANUAL_PHENOCOPY_REVIEW_PENDING	false
GSE261783	GSM8151757	CCGAACGTCTCGCTTG-1	Brd7	Brd7_As_70314	Unstimulated	PROVISIONAL_KEEP_MANUAL_PHENOCOPY_REVIEW_PENDING	false
GSE261783	GSM8151757	CCTCAACGTACGAGCA-1	Brd7	Brd7_As_70314	Unstimulated	PROVISIONAL_KEEP_MANUAL_PHENOCOPY_REVIEW_PENDING	false
GSE261783	GSM8151757	CGAGAAGTCTGCATAG-1	Brd7	Brd7_As_70314	Unstimulated	PROVISIONAL_KEEP_MANUAL_PHENOCOPY_REVIEW_PENDING	false
GSE261783	GSM8151757	CGGGACTTCACATACG-1	Brd7	Brd7_As_70314	Unstimulated	PROVISIONAL_KEEP_MANUAL_PHENOCOPY_REVIEW_PENDING	false
GSE261783	GSM8151757	CGGGTGTCAGGATCTT-1	Brd7	Brd7_As_70314	Unstimulated	PROVISIONAL_KEEP_MANUAL_PHENOCOPY_REVIEW_PENDING	false
GSE261783	GSM8151757	CGTGAATAGCTAGTTC-1	Brd7	Brd7_As_70314	Unstimulated	PROVISIONAL_KEEP_MANUAL_PHENOCOPY_REVIEW_PENDING	false
GSE261783	GSM8151757	CTAACTTTCTCTCCGA-1	Brd7	Brd7_As_70314	Unstimulated	PROVISIONAL_KEEP_MANUAL_PHENOCOPY_REVIEW_PENDING	false
GSE261783	GSM8151757	CTACCCACAGACGCTC-1	Brd7	Brd7_As_70314	Unstimulated	PROVISIONAL_KEEP_MANUAL_PHENOCOPY_REVIEW_PENDING	false
GSE261783	GSM8151757	CTCAAGATCAACGCTA-1	Brd7	Brd7_As_70314	Unstimulated	PROVISIONAL_KEEP_MANUAL_PHENOCOPY_REVIEW_PENDING	false
GSE261783	GSM8151757	CTCATGCGTTGTCCCT-1	Brd7	Brd7_As_70314	Unstimulated	PROVISIONAL_KEEP_MANUAL_PHENOCOPY_REVIEW_PENDING	false
GSE261783	GSM8151757	CTGGCAGGTACAGTAA-1	Brd7	Brd7_As_70314	Unstimulated	PROVISIONAL_KEEP_MANUAL_PHENOCOPY_REVIEW_PENDING	false
GSE261783	GSM8151757	CTTTCAAAGTGTTCAC-1	Brd7	Brd7_As_70314	Unstimulated	PROVISIONAL_KEEP_MANUAL_PHENOCOPY_REVIEW_PENDING	false
GSE261783	GSM8151757	GAATCACAGGTTAAAC-1	Brd7	Brd7_As_70314	Unstimulated	PROVISIONAL_KEEP_MANUAL_PHENOCOPY_REVIEW_PENDING	false
GSE261783	GSM8151757	GACGCTGTCTGCATAG-1	Brd7	Brd7_As_70314	Unstimulated	PROVISIONAL_KEEP_MANUAL_PHENOCOPY_REVIEW_PENDING	false
GSE261783	GSM8151757	GAGTCTAAGTTGCTCA-1	Brd7	Brd7_As_70314	Unstimulated	PROVISIONAL_KEEP_MANUAL_PHENOCOPY_REVIEW_PENDING	false
GSE261783	GSM8151757	GAGTTGTAGCGCCCAT-1	Brd7	Brd7_As_70314	Unstimulated	PROVISIONAL_KEEP_MANUAL_PHENOCOPY_REVIEW_PENDING	false
GSE261783	GSM8151757	GATTGGTAGTTCCTGA-1	Brd7	Brd7_As_70314	Unstimulated	PROVISIONAL_KEEP_MANUAL_PHENOCOPY_REVIEW_PENDING	false
GSE261783	GSM8151757	GCACTAACAATCTGCA-1	Brd7	Brd7_As_70314	Unstimulated	PROVISIONAL_KEEP_MANUAL_PHENOCOPY_REVIEW_PENDING	false
GSE261783	GSM8151757	GCGGATCTCGCTCCTA-1	Brd7	Brd7_As_70314	Unstimulated	PROVISIONAL_KEEP_MANUAL_PHENOCOPY_REVIEW_PENDING	false
GSE261783	GSM8151757	GGAATGGCAGACAAGC-1	Brd7	Brd7_As_70314	Unstimulated	PROVISIONAL_KEEP_MANUAL_PHENOCOPY_REVIEW_PENDING	false
GSE261783	GSM8151757	GGCTTGGTCCTTGGAA-1	Brd7	Brd7_As_70314	Unstimulated	PROVISIONAL_KEEP_MANUAL_PHENOCOPY_REVIEW_PENDING	false
GSE261783	GSM8151757	GGGTCTGGTCCCGCAA-1	Brd7	Brd7_As_70314	Unstimulated	PROVISIONAL_KEEP_MANUAL_PHENOCOPY_REVIEW_PENDING	false
GSE261783	GSM8151757	GGGTTATCAGTCGAGA-1	Brd7	Brd7_As_70314	Unstimulated	PROVISIONAL_KEEP_MANUAL_PHENOCOPY_REVIEW_PENDING	false
GSE261783	GSM8151757	GGTGGCTCAGGCCTGT-1	Brd7	Brd7_As_70314	Unstimulated	PROVISIONAL_KEEP_MANUAL_PHENOCOPY_REVIEW_PENDING	false
GSE261783	GSM8151757	GTCACGGAGATCCAAA-1	Brd7	Brd7_As_70314	Unstimulated	PROVISIONAL_KEEP_MANUAL_PHENOCOPY_REVIEW_PENDING	false
GSE261783	GSM8151757	GTCCACTCATGGAATA-1	Brd7	Brd7_As_70314	Unstimulated	PROVISIONAL_KEEP_MANUAL_PHENOCOPY_REVIEW_PENDING	false
GSE261783	GSM8151757	GTTCATTGTCCACACG-1	Brd7	Brd7_As_70314	Unstimulated	PROVISIONAL_KEEP_MANUAL_PHENOCOPY_REVIEW_PENDING	false
GSE261783	GSM8151757	TAACACGTCATTCATC-1	Brd7	Brd7_As_70314	Unstimulated	PROVISIONAL_KEEP_MANUAL_PHENOCOPY_REVIEW_PENDING	false
GSE261783	GSM8151757	TACCTGCCAAATCAGA-1	Brd7	Brd7_As_70314	Unstimulated	PROVISIONAL_KEEP_MANUAL_PHENOCOPY_REVIEW_PENDING	false
GSE261783	GSM8151757	TACGCTCCAGTTCTAG-1	Brd7	Brd7_As_70314	Unstimulated	PROVISIONAL_KEEP_MANUAL_PHENOCOPY_REVIEW_PENDING	false
GSE261783	GSM8151757	TACGGTACAAGATTGA-1	Brd7	Brd7_As_70314	Unstimulated	PROVISIONAL_KEEP_MANUAL_PHENOCOPY_REVIEW_PENDING	false
GSE261783	GSM8151757	TAGTGCAGTACCATAC-1	Brd7	Brd7_As_70314	Unstimulated	PROVISIONAL_KEEP_MANUAL_PHENOCOPY_REVIEW_PENDING	false
GSE261783	GSM8151757	TATTCCATCAGCGGAA-1	Brd7	Brd7_As_70314	Unstimulated	PROVISIONAL_KEEP_MANUAL_PHENOCOPY_REVIEW_PENDING	false
GSE261783	GSM8151757	TCATGCCGTACGTAGG-1	Brd7	Brd7_As_70314	Unstimulated	PROVISIONAL_KEEP_MANUAL_PHENOCOPY_REVIEW_PENDING	false
GSE261783	GSM8151757	TCTGTCGGTACAGTAA-1	Brd7	Brd7_As_70314	Unstimulated	PROVISIONAL_KEEP_MANUAL_PHENOCOPY_REVIEW_PENDING	false
GSE261783	GSM8151757	TGAATCGAGTGATAAC-1	Brd7	Brd7_As_70314	Unstimulated	PROVISIONAL_KEEP_MANUAL_PHENOCOPY_REVIEW_PENDING	false
GSE261783	GSM8151757	TGCACGGCATCCTTCG-1	Brd7	Brd7_As_70314	Unstimulated	PROVISIONAL_KEEP_MANUAL_PHENOCOPY_REVIEW_PENDING	false
GSE261783	GSM8151757	TGCATCCCACTTACAG-1	Brd7	Brd7_As_70314	Unstimulated	PROVISIONAL_KEEP_MANUAL_PHENOCOPY_REVIEW_PENDING	false
GSE261783	GSM8151757	TGCGACGAGACTTCGT-1	Brd7	Brd7_As_70314	Unstimulated	PROVISIONAL_KEEP_MANUAL_PHENOCOPY_REVIEW_PENDING	false
GSE261783	GSM8151757	TGCTCCATCGTGCACG-1	Brd7	Brd7_As_70314	Unstimulated	PROVISIONAL_KEEP_MANUAL_PHENOCOPY_REVIEW_PENDING	false
GSE261783	GSM8151757	TGCTTGCTCCTGCCAT-1	Brd7	Brd7_As_70314	Unstimulated	PROVISIONAL_KEEP_MANUAL_PHENOCOPY_REVIEW_PENDING	false
GSE261783	GSM8151757	TGTCAGATCACCTCAC-1	Brd7	Brd7_As_70314	Unstimulated	PROVISIONAL_KEEP_MANUAL_PHENOCOPY_REVIEW_PENDING	false
GSE261783	GSM8151757	TTACAGGGTAAGTAGT-1	Brd7	Brd7_As_70314	Unstimulated	PROVISIONAL_KEEP_MANUAL_PHENOCOPY_REVIEW_PENDING	false
GSE261783	GSM8151757	TTCATTGTCACAACCA-1	Brd7	Brd7_As_70314	Unstimulated	PROVISIONAL_KEEP_MANUAL_PHENOCOPY_REVIEW_PENDING	false
GSE261783	GSM8151757	TTCGCTGGTACTCAAC-1	Brd7	Brd7_As_70314	Unstimulated	PROVISIONAL_KEEP_MANUAL_PHENOCOPY_REVIEW_PENDING	false
GSE261783	GSM8151757	TTGCTGCTCTTGAGCA-1	Brd7	Brd7_As_70314	Unstimulated	PROVISIONAL_KEEP_MANUAL_PHENOCOPY_REVIEW_PENDING	false
GSE261783	GSM8151757	TTGTTCATCGGATTAC-1	Brd7	Brd7_As_70314	Unstimulated	PROVISIONAL_KEEP_MANUAL_PHENOCOPY_REVIEW_PENDING	false
GSE261783	GSM8151757	TTTCGATGTGACTGTT-1	Brd7	Brd7_As_70314	Unstimulated	PROVISIONAL_KEEP_MANUAL_PHENOCOPY_REVIEW_PENDING	false
GSE261783	GSM8151757	AAATGGACAGTCGTTA-1	Brd7	Brd7_As_70316	Unstimulated	PROVISIONAL_KEEP_MANUAL_PHENOCOPY_REVIEW_PENDING	false
GSE261783	GSM8151757	AAGAACAGTCGACGCT-1	Brd7	Brd7_As_70316	Unstimulated	PROVISIONAL_KEEP_MANUAL_PHENOCOPY_REVIEW_PENDING	false
GSE261783	GSM8151757	AATTCCTGTGCCGTAC-1	Brd7	Brd7_As_70316	Unstimulated	PROVISIONAL_KEEP_MANUAL_PHENOCOPY_REVIEW_PENDING	false
GSE261783	GSM8151757	ACATCGACAGTATACC-1	Brd7	Brd7_As_70316	Unstimulated	PROVISIONAL_KEEP_MANUAL_PHENOCOPY_REVIEW_PENDING	false
GSE261783	GSM8151757	ACGTTCCAGCCAGAGT-1	Brd7	Brd7_As_70316	Unstimulated	PROVISIONAL_KEEP_MANUAL_PHENOCOPY_REVIEW_PENDING	false
GSE261783	GSM8151757	AGACACTGTTGCATCA-1	Brd7	Brd7_As_70316	Unstimulated	PROVISIONAL_KEEP_MANUAL_PHENOCOPY_REVIEW_PENDING	false
GSE261783	GSM8151757	AGATGAAGTGCAACAG-1	Brd7	Brd7_As_70316	Unstimulated	PROVISIONAL_KEEP_MANUAL_PHENOCOPY_REVIEW_PENDING	false
GSE261783	GSM8151757	AGTTCCCAGTGCGACA-1	Brd7	Brd7_As_70316	Unstimulated	PROVISIONAL_KEEP_MANUAL_PHENOCOPY_REVIEW_PENDING	false
GSE261783	GSM8151757	ATCGCCTGTAGCTGCC-1	Brd7	Brd7_As_70316	Unstimulated	PROVISIONAL_KEEP_MANUAL_PHENOCOPY_REVIEW_PENDING	false
GSE261783	GSM8151757	CAACCTCTCCAGTTCC-1	Brd7	Brd7_As_70316	Unstimulated	PROVISIONAL_KEEP_MANUAL_PHENOCOPY_REVIEW_PENDING	false
GSE261783	GSM8151757	CAACGGCGTGAGAACC-1	Brd7	Brd7_As_70316	Unstimulated	PROVISIONAL_KEEP_MANUAL_PHENOCOPY_REVIEW_PENDING	false
GSE261783	GSM8151757	CAACGGCTCGTTAGAC-1	Brd7	Brd7_As_70316	Unstimulated	PROVISIONAL_KEEP_MANUAL_PHENOCOPY_REVIEW_PENDING	false
GSE261783	GSM8151757	CACAGATAGACTCGAG-1	Brd7	Brd7_As_70316	Unstimulated	PROVISIONAL_KEEP_MANUAL_PHENOCOPY_REVIEW_PENDING	false
GSE261783	GSM8151757	CAGGCCAGTGCAACGA-1	Brd7	Brd7_As_70316	Unstimulated	PROVISIONAL_KEEP_MANUAL_PHENOCOPY_REVIEW_PENDING	false
GSE261783	GSM8151757	CAGGTATCAGCCGGTT-1	Brd7	Brd7_As_70316	Unstimulated	PROVISIONAL_KEEP_MANUAL_PHENOCOPY_REVIEW_PENDING	false
GSE261783	GSM8151757	CATAGACCAACTGAAA-1	Brd7	Brd7_As_70316	Unstimulated	PROVISIONAL_KEEP_MANUAL_PHENOCOPY_REVIEW_PENDING	false
GSE261783	GSM8151757	CATCGGGGTACCGCGT-1	Brd7	Brd7_As_70316	Unstimulated	PROVISIONAL_KEEP_MANUAL_PHENOCOPY_REVIEW_PENDING	false
GSE261783	GSM8151757	CGCCAGATCGGCACTG-1	Brd7	Brd7_As_70316	Unstimulated	PROVISIONAL_KEEP_MANUAL_PHENOCOPY_REVIEW_PENDING	false
GSE261783	GSM8151757	CGGTCAGTCTGGGCGT-1	Brd7	Brd7_As_70316	Unstimulated	PROVISIONAL_KEEP_MANUAL_PHENOCOPY_REVIEW_PENDING	false
GSE261783	GSM8151757	CTGAATGCAGCGACCT-1	Brd7	Brd7_As_70316	Unstimulated	PROVISIONAL_KEEP_MANUAL_PHENOCOPY_REVIEW_PENDING	false
GSE261783	GSM8151757	GAACGTTAGTATGATG-1	Brd7	Brd7_As_70316	Unstimulated	PROVISIONAL_KEEP_MANUAL_PHENOCOPY_REVIEW_PENDING	false
GSE261783	GSM8151757	GACTTCCCAGCGACCT-1	Brd7	Brd7_As_70316	Unstimulated	PROVISIONAL_KEEP_MANUAL_PHENOCOPY_REVIEW_PENDING	false
GSE261783	GSM8151757	GGGTTATCACATATCG-1	Brd7	Brd7_As_70316	Unstimulated	PROVISIONAL_KEEP_MANUAL_PHENOCOPY_REVIEW_PENDING	false
GSE261783	GSM8151757	GTAGGAGAGCAGATAT-1	Brd7	Brd7_As_70316	Unstimulated	PROVISIONAL_KEEP_MANUAL_PHENOCOPY_REVIEW_PENDING	false
GSE261783	GSM8151757	GTCATGATCCTTATCA-1	Brd7	Brd7_As_70316	Unstimulated	PROVISIONAL_KEEP_MANUAL_PHENOCOPY_REVIEW_PENDING	false
GSE261783	GSM8151757	GTCCTCAGTACCGGAA-1	Brd7	Brd7_As_70316	Unstimulated	PROVISIONAL_KEEP_MANUAL_PHENOCOPY_REVIEW_PENDING	false
GSE261783	GSM8151757	GTGTCCTAGCGGTAGT-1	Brd7	Brd7_As_70316	Unstimulated	PROVISIONAL_KEEP_MANUAL_PHENOCOPY_REVIEW_PENDING	false
GSE261783	GSM8151757	GTTGCTCCAACCGACC-1	Brd7	Brd7_As_70316	Unstimulated	PROVISIONAL_KEEP_MANUAL_PHENOCOPY_REVIEW_PENDING	false
GSE261783	GSM8151757	TACCCGTCAAACAGGC-1	Brd7	Brd7_As_70316	Unstimulated	PROVISIONAL_KEEP_MANUAL_PHENOCOPY_REVIEW_PENDING	false
GSE261783	GSM8151757	TCACTATTCTGAACGT-1	Brd7	Brd7_As_70316	Unstimulated	PROVISIONAL_KEEP_MANUAL_PHENOCOPY_REVIEW_PENDING	false
GSE261783	GSM8151757	TCATATCGTGATACCT-1	Brd7	Brd7_As_70316	Unstimulated	PROVISIONAL_KEEP_MANUAL_PHENOCOPY_REVIEW_PENDING	false
GSE261783	GSM8151757	TCCCAGTGTTCGTTCC-1	Brd7	Brd7_As_70316	Unstimulated	PROVISIONAL_KEEP_MANUAL_PHENOCOPY_REVIEW_PENDING	false
GSE261783	GSM8151757	TCCTAATAGCCGGATA-1	Brd7	Brd7_As_70316	Unstimulated	PROVISIONAL_KEEP_MANUAL_PHENOCOPY_REVIEW_PENDING	false
GSE261783	GSM8151757	TCCTCGATCAGCTTCC-1	Brd7	Brd7_As_70316	Unstimulated	PROVISIONAL_KEEP_MANUAL_PHENOCOPY_REVIEW_PENDING	false
GSE261783	GSM8151757	TCTCCGACAACATACC-1	Brd7	Brd7_As_70316	Unstimulated	PROVISIONAL_KEEP_MANUAL_PHENOCOPY_REVIEW_PENDING	false
GSE261783	GSM8151757	TGACAGTCACCAGCTG-1	Brd7	Brd7_As_70316	Unstimulated	PROVISIONAL_KEEP_MANUAL_PHENOCOPY_REVIEW_PENDING	false
GSE261783	GSM8151757	TGAGACTAGAGGCCAT-1	Brd7	Brd7_As_70316	Unstimulated	PROVISIONAL_KEEP_MANUAL_PHENOCOPY_REVIEW_PENDING	false
GSE261783	GSM8151757	TGATCTTCAAGACGGT-1	Brd7	Brd7_As_70316	Unstimulated	PROVISIONAL_KEEP_MANUAL_PHENOCOPY_REVIEW_PENDING	false
GSE261783	GSM8151757	TGGTAGTGTGGCCACT-1	Brd7	Brd7_As_70316	Unstimulated	PROVISIONAL_KEEP_MANUAL_PHENOCOPY_REVIEW_PENDING	false
GSE261783	GSM8151757	TGGTGATTCCGATAGT-1	Brd7	Brd7_As_70316	Unstimulated	PROVISIONAL_KEEP_MANUAL_PHENOCOPY_REVIEW_PENDING	false
GSE261783	GSM8151757	TTACGTTCAAGCGCAA-1	Brd7	Brd7_As_70316	Unstimulated	PROVISIONAL_KEEP_MANUAL_PHENOCOPY_REVIEW_PENDING	false
GSE261783	GSM8151757	TTAGGGTTCGTAGCCG-1	Brd7	Brd7_As_70316	Unstimulated	PROVISIONAL_KEEP_MANUAL_PHENOCOPY_REVIEW_PENDING	false
GSE261783	GSM8151757	TTAGTCTAGGGCGAAG-1	Brd7	Brd7_As_70316	Unstimulated	PROVISIONAL_KEEP_MANUAL_PHENOCOPY_REVIEW_PENDING	false
GSE261783	GSM8151757	TTCCGTGGTTGCGGAA-1	Brd7	Brd7_As_70316	Unstimulated	PROVISIONAL_KEEP_MANUAL_PHENOCOPY_REVIEW_PENDING	false
GSE261783	GSM8151757	TTGATGGGTACAATAG-1	Brd7	Brd7_As_70316	Unstimulated	PROVISIONAL_KEEP_MANUAL_PHENOCOPY_REVIEW_PENDING	false
GSE261783	GSM8151757	TTGCTGCGTGTGTCCG-1	Brd7	Brd7_As_70316	Unstimulated	PROVISIONAL_KEEP_MANUAL_PHENOCOPY_REVIEW_PENDING	false
GSE261783	GSM8151757	TTTATGCGTCAACATC-1	Brd7	Brd7_As_70316	Unstimulated	PROVISIONAL_KEEP_MANUAL_PHENOCOPY_REVIEW_PENDING	false
GSE261783	GSM8151757	AATCGACCATGACTGT-1	Brd9	Brd9_As_70306	Unstimulated	PROVISIONAL_KEEP_MANUAL_PHENOCOPY_REVIEW_PENDING	false
GSE261783	GSM8151757	AATCGTGCAAATACGA-1	Brd9	Brd9_As_70306	Unstimulated	PROVISIONAL_KEEP_MANUAL_PHENOCOPY_REVIEW_PENDING	false
GSE261783	GSM8151757	AATGAAGAGCAGCACA-1	Brd9	Brd9_As_70306	Unstimulated	PROVISIONAL_KEEP_MANUAL_PHENOCOPY_REVIEW_PENDING	false
GSE261783	GSM8151757	ACGGAAGTCGGTTAGT-1	Brd9	Brd9_As_70306	Unstimulated	PROVISIONAL_KEEP_MANUAL_PHENOCOPY_REVIEW_PENDING	false
GSE261783	GSM8151757	ACGGTTAGTGAGACGT-1	Brd9	Brd9_As_70306	Unstimulated	PROVISIONAL_KEEP_MANUAL_PHENOCOPY_REVIEW_PENDING	false
GSE261783	GSM8151757	ACGTACACAGTAACGG-1	Brd9	Brd9_As_70306	Unstimulated	PROVISIONAL_KEEP_MANUAL_PHENOCOPY_REVIEW_PENDING	false
GSE261783	GSM8151757	ACGTTCCAGACTGAGC-1	Brd9	Brd9_As_70306	Unstimulated	PROVISIONAL_KEEP_MANUAL_PHENOCOPY_REVIEW_PENDING	false
GSE261783	GSM8151757	ACTGCAATCAAAGCCT-1	Brd9	Brd9_As_70306	Unstimulated	PROVISIONAL_KEEP_MANUAL_PHENOCOPY_REVIEW_PENDING	false
GSE261783	GSM8151757	AGAAATGTCAAGAATG-1	Brd9	Brd9_As_70306	Unstimulated	PROVISIONAL_KEEP_MANUAL_PHENOCOPY_REVIEW_PENDING	false
GSE261783	GSM8151757	AGACCCGCACAAGTTC-1	Brd9	Brd9_As_70306	Unstimulated	PROVISIONAL_KEEP_MANUAL_PHENOCOPY_REVIEW_PENDING	false
GSE261783	GSM8151757	ATCCACCGTTGGGCCT-1	Brd9	Brd9_As_70306	Unstimulated	PROVISIONAL_KEEP_MANUAL_PHENOCOPY_REVIEW_PENDING	false
GSE261783	GSM8151757	ATCCCTGGTAACTTCG-1	Brd9	Brd9_As_70306	Unstimulated	PROVISIONAL_KEEP_MANUAL_PHENOCOPY_REVIEW_PENDING	false
GSE261783	GSM8151757	ATCGTGATCTCTAGGA-1	Brd9	Brd9_As_70306	Unstimulated	PROVISIONAL_KEEP_MANUAL_PHENOCOPY_REVIEW_PENDING	false
GSE261783	GSM8151757	ATTCCATAGGTTAGTA-1	Brd9	Brd9_As_70306	Unstimulated	PROVISIONAL_KEEP_MANUAL_PHENOCOPY_REVIEW_PENDING	false
GSE261783	GSM8151757	ATTCCATTCTAAGCCA-1	Brd9	Brd9_As_70306	Unstimulated	PROVISIONAL_KEEP_MANUAL_PHENOCOPY_REVIEW_PENDING	false
GSE261783	GSM8151757	CACAACAAGATTACCC-1	Brd9	Brd9_As_70306	Unstimulated	PROVISIONAL_KEEP_MANUAL_PHENOCOPY_REVIEW_PENDING	false
GSE261783	GSM8151757	CAGTGCGTCACTTGGA-1	Brd9	Brd9_As_70306	Unstimulated	PROVISIONAL_KEEP_MANUAL_PHENOCOPY_REVIEW_PENDING	false
GSE261783	GSM8151757	CCAATTTCAGTCTCTC-1	Brd9	Brd9_As_70306	Unstimulated	PROVISIONAL_KEEP_MANUAL_PHENOCOPY_REVIEW_PENDING	false
GSE261783	GSM8151757	CCGGACAAGCTAGAGC-1	Brd9	Brd9_As_70306	Unstimulated	PROVISIONAL_KEEP_MANUAL_PHENOCOPY_REVIEW_PENDING	false
GSE261783	GSM8151757	CCTCTAGTCCCGTAAA-1	Brd9	Brd9_As_70306	Unstimulated	PROVISIONAL_KEEP_MANUAL_PHENOCOPY_REVIEW_PENDING	false
GSE261783	GSM8151757	CGATGGCCACACCTTC-1	Brd9	Brd9_As_70306	Unstimulated	PROVISIONAL_KEEP_MANUAL_PHENOCOPY_REVIEW_PENDING	false
GSE261783	GSM8151757	CGGTCAGCACCTCTGT-1	Brd9	Brd9_As_70306	Unstimulated	PROVISIONAL_KEEP_MANUAL_PHENOCOPY_REVIEW_PENDING	false
GSE261783	GSM8151757	CTAAGTGGTAAGGAGA-1	Brd9	Brd9_As_70306	Unstimulated	PROVISIONAL_KEEP_MANUAL_PHENOCOPY_REVIEW_PENDING	false
GSE261783	GSM8151757	CTCATGCAGTGAGGCT-1	Brd9	Brd9_As_70306	Unstimulated	PROVISIONAL_KEEP_MANUAL_PHENOCOPY_REVIEW_PENDING	false
GSE261783	GSM8151757	CTCATTACATTGCAAC-1	Brd9	Brd9_As_70306	Unstimulated	PROVISIONAL_KEEP_MANUAL_PHENOCOPY_REVIEW_PENDING	false
GSE261783	GSM8151757	CTCCAACCAGTCTACA-1	Brd9	Brd9_As_70306	Unstimulated	PROVISIONAL_KEEP_MANUAL_PHENOCOPY_REVIEW_PENDING	false
GSE261783	GSM8151757	CTCCAACGTGGATCAG-1	Brd9	Brd9_As_70306	Unstimulated	PROVISIONAL_KEEP_MANUAL_PHENOCOPY_REVIEW_PENDING	false
GSE261783	GSM8151757	CTTTCAACAGATTTCG-1	Brd9	Brd9_As_70306	Unstimulated	PROVISIONAL_KEEP_MANUAL_PHENOCOPY_REVIEW_PENDING	false
GSE261783	GSM8151757	GACGCTGTCAGCTCTC-1	Brd9	Brd9_As_70306	Unstimulated	PROVISIONAL_KEEP_MANUAL_PHENOCOPY_REVIEW_PENDING	false
GSE261783	GSM8151757	GCTGCAGCAATGAAAC-1	Brd9	Brd9_As_70306	Unstimulated	PROVISIONAL_KEEP_MANUAL_PHENOCOPY_REVIEW_PENDING	false
GSE261783	GSM8151757	GGAGGTATCGATAACC-1	Brd9	Brd9_As_70306	Unstimulated	PROVISIONAL_KEEP_MANUAL_PHENOCOPY_REVIEW_PENDING	false
GSE261783	GSM8151757	GGTTAACCACGCGCAT-1	Brd9	Brd9_As_70306	Unstimulated	PROVISIONAL_KEEP_MANUAL_PHENOCOPY_REVIEW_PENDING	false
GSE261783	GSM8151757	GTGCTTCAGCTAGATA-1	Brd9	Brd9_As_70306	Unstimulated	PROVISIONAL_KEEP_MANUAL_PHENOCOPY_REVIEW_PENDING	false
GSE261783	GSM8151757	GTTGCTCAGGGCATGT-1	Brd9	Brd9_As_70306	Unstimulated	PROVISIONAL_KEEP_MANUAL_PHENOCOPY_REVIEW_PENDING	false
GSE261783	GSM8151757	TACATTCCATAGAATG-1	Brd9	Brd9_As_70306	Unstimulated	PROVISIONAL_KEEP_MANUAL_PHENOCOPY_REVIEW_PENDING	false
GSE261783	GSM8151757	TAGGAGGGTGTCACAT-1	Brd9	Brd9_As_70306	Unstimulated	PROVISIONAL_KEEP_MANUAL_PHENOCOPY_REVIEW_PENDING	false
GSE261783	GSM8151757	TCCTTCTTCTTAGTTC-1	Brd9	Brd9_As_70306	Unstimulated	PROVISIONAL_KEEP_MANUAL_PHENOCOPY_REVIEW_PENDING	false
GSE261783	GSM8151757	TCGACGGCATGGAAGC-1	Brd9	Brd9_As_70306	Unstimulated	PROVISIONAL_KEEP_MANUAL_PHENOCOPY_REVIEW_PENDING	false
GSE261783	GSM8151757	TGATTTCGTATTCTCT-1	Brd9	Brd9_As_70306	Unstimulated	PROVISIONAL_KEEP_MANUAL_PHENOCOPY_REVIEW_PENDING	false
GSE261783	GSM8151757	TGTCAGACATGACGGA-1	Brd9	Brd9_As_70306	Unstimulated	PROVISIONAL_KEEP_MANUAL_PHENOCOPY_REVIEW_PENDING	false
GSE261783	GSM8151757	TTCCAATGTGATTCTG-1	Brd9	Brd9_As_70306	Unstimulated	PROVISIONAL_KEEP_MANUAL_PHENOCOPY_REVIEW_PENDING	false
GSE261783	GSM8151757	TTCCACGGTCATGACT-1	Brd9	Brd9_As_70306	Unstimulated	PROVISIONAL_KEEP_MANUAL_PHENOCOPY_REVIEW_PENDING	false
GSE261783	GSM8151757	TTCGCTGAGAGAATCT-1	Brd9	Brd9_As_70306	Unstimulated	PROVISIONAL_KEEP_MANUAL_PHENOCOPY_REVIEW_PENDING	false
GSE261783	GSM8151757	TTCTGTACAACATCGT-1	Brd9	Brd9_As_70306	Unstimulated	PROVISIONAL_KEEP_MANUAL_PHENOCOPY_REVIEW_PENDING	false
GSE261783	GSM8151757	TTGGGTAAGTCACGAG-1	Brd9	Brd9_As_70306	Unstimulated	PROVISIONAL_KEEP_MANUAL_PHENOCOPY_REVIEW_PENDING	false
GSE261783	GSM8151757	TTTGGAGCACTGCTTC-1	Brd9	Brd9_As_70306	Unstimulated	PROVISIONAL_KEEP_MANUAL_PHENOCOPY_REVIEW_PENDING	false
GSE261783	GSM8151757	AACAAAGTCCGCAAAT-1	Brd9	Brd9_As_70308	Unstimulated	PROVISIONAL_KEEP_MANUAL_PHENOCOPY_REVIEW_PENDING	false
GSE261783	GSM8151757	AACCACACAGACCAGA-1	Brd9	Brd9_As_70308	Unstimulated	PROVISIONAL_KEEP_MANUAL_PHENOCOPY_REVIEW_PENDING	false
GSE261783	GSM8151757	AACGTCACACGCTGAC-1	Brd9	Brd9_As_70308	Unstimulated	PROVISIONAL_KEEP_MANUAL_PHENOCOPY_REVIEW_PENDING	false
GSE261783	GSM8151757	ACGATCAAGATCCTAC-1	Brd9	Brd9_As_70308	Unstimulated	PROVISIONAL_KEEP_MANUAL_PHENOCOPY_REVIEW_PENDING	false
GSE261783	GSM8151757	ACGATCATCACCATCC-1	Brd9	Brd9_As_70308	Unstimulated	PROVISIONAL_KEEP_MANUAL_PHENOCOPY_REVIEW_PENDING	false
GSE261783	GSM8151757	ACGGGTCCATGCCGGT-1	Brd9	Brd9_As_70308	Unstimulated	PROVISIONAL_KEEP_MANUAL_PHENOCOPY_REVIEW_PENDING	false
GSE261783	GSM8151757	ACGTCCTTCGAGATAA-1	Brd9	Brd9_As_70308	Unstimulated	PROVISIONAL_KEEP_MANUAL_PHENOCOPY_REVIEW_PENDING	false
GSE261783	GSM8151757	ACGTTCCTCCCATAGA-1	Brd9	Brd9_As_70308	Unstimulated	PROVISIONAL_KEEP_MANUAL_PHENOCOPY_REVIEW_PENDING	false
GSE261783	GSM8151757	AGAAGTAGTCCTCCAT-1	Brd9	Brd9_As_70308	Unstimulated	PROVISIONAL_KEEP_MANUAL_PHENOCOPY_REVIEW_PENDING	false
GSE261783	GSM8151757	AGCTACATCCTTCAGC-1	Brd9	Brd9_As_70308	Unstimulated	PROVISIONAL_KEEP_MANUAL_PHENOCOPY_REVIEW_PENDING	false
GSE261783	GSM8151757	AGGCTGCGTGTTCCAA-1	Brd9	Brd9_As_70308	Unstimulated	PROVISIONAL_KEEP_MANUAL_PHENOCOPY_REVIEW_PENDING	false
GSE261783	GSM8151757	AGGTCTACATAATGAG-1	Brd9	Brd9_As_70308	Unstimulated	PROVISIONAL_KEEP_MANUAL_PHENOCOPY_REVIEW_PENDING	false
GSE261783	GSM8151757	AGTAGCTCATTGAAAG-1	Brd9	Brd9_As_70308	Unstimulated	PROVISIONAL_KEEP_MANUAL_PHENOCOPY_REVIEW_PENDING	false
GSE261783	GSM8151757	AGTCACAGTGACACGA-1	Brd9	Brd9_As_70308	Unstimulated	PROVISIONAL_KEEP_MANUAL_PHENOCOPY_REVIEW_PENDING	false
GSE261783	GSM8151757	AGTGCCGGTGCCGTTG-1	Brd9	Brd9_As_70308	Unstimulated	PROVISIONAL_KEEP_MANUAL_PHENOCOPY_REVIEW_PENDING	false
GSE261783	GSM8151757	ATCGCCTTCCGCACTT-1	Brd9	Brd9_As_70308	Unstimulated	PROVISIONAL_KEEP_MANUAL_PHENOCOPY_REVIEW_PENDING	false
GSE261783	GSM8151757	ATCTCTAGTTTCGACA-1	Brd9	Brd9_As_70308	Unstimulated	PROVISIONAL_KEEP_MANUAL_PHENOCOPY_REVIEW_PENDING	false
GSE261783	GSM8151757	ATGGAGGGTATTTCCT-1	Brd9	Brd9_As_70308	Unstimulated	PROVISIONAL_KEEP_MANUAL_PHENOCOPY_REVIEW_PENDING	false
GSE261783	GSM8151757	ATGTCCCCATGTACGT-1	Brd9	Brd9_As_70308	Unstimulated	PROVISIONAL_KEEP_MANUAL_PHENOCOPY_REVIEW_PENDING	false
GSE261783	GSM8151757	ATTATCCAGTCACTAC-1	Brd9	Brd9_As_70308	Unstimulated	PROVISIONAL_KEEP_MANUAL_PHENOCOPY_REVIEW_PENDING	false
GSE261783	GSM8151757	ATTGTTCAGTGCAAAT-1	Brd9	Brd9_As_70308	Unstimulated	PROVISIONAL_KEEP_MANUAL_PHENOCOPY_REVIEW_PENDING	false
GSE261783	GSM8151757	ATTGTTCTCGCACTCT-1	Brd9	Brd9_As_70308	Unstimulated	PROVISIONAL_KEEP_MANUAL_PHENOCOPY_REVIEW_PENDING	false
GSE261783	GSM8151757	ATTTCTGCATATCTCT-1	Brd9	Brd9_As_70308	Unstimulated	PROVISIONAL_KEEP_MANUAL_PHENOCOPY_REVIEW_PENDING	false
GSE261783	GSM8151757	CAACCAACAGATACCT-1	Brd9	Brd9_As_70308	Unstimulated	PROVISIONAL_KEEP_MANUAL_PHENOCOPY_REVIEW_PENDING	false
GSE261783	GSM8151757	CATACCCAGGGTTAGC-1	Brd9	Brd9_As_70308	Unstimulated	PROVISIONAL_KEEP_MANUAL_PHENOCOPY_REVIEW_PENDING	false
GSE261783	GSM8151757	CATACCCTCGCGATCG-1	Brd9	Brd9_As_70308	Unstimulated	PROVISIONAL_KEEP_MANUAL_PHENOCOPY_REVIEW_PENDING	false
GSE261783	GSM8151757	CCGATCTAGCTATCCA-1	Brd9	Brd9_As_70308	Unstimulated	PROVISIONAL_KEEP_MANUAL_PHENOCOPY_REVIEW_PENDING	false
GSE261783	GSM8151757	CCGATCTCAAATCAGA-1	Brd9	Brd9_As_70308	Unstimulated	PROVISIONAL_KEEP_MANUAL_PHENOCOPY_REVIEW_PENDING	false
GSE261783	GSM8151757	CCTCTCCCAATGACCT-1	Brd9	Brd9_As_70308	Unstimulated	PROVISIONAL_KEEP_MANUAL_PHENOCOPY_REVIEW_PENDING	false
GSE261783	GSM8151757	CGAGAAGCATGACTGT-1	Brd9	Brd9_As_70308	Unstimulated	PROVISIONAL_KEEP_MANUAL_PHENOCOPY_REVIEW_PENDING	false
GSE261783	GSM8151757	CGCGTGAGTACATACC-1	Brd9	Brd9_As_70308	Unstimulated	PROVISIONAL_KEEP_MANUAL_PHENOCOPY_REVIEW_PENDING	false
GSE261783	GSM8151757	CGTTAGATCATGAGTC-1	Brd9	Brd9_As_70308	Unstimulated	PROVISIONAL_KEEP_MANUAL_PHENOCOPY_REVIEW_PENDING	false
GSE261783	GSM8151757	CTCAGTCCAAGGTCGA-1	Brd9	Brd9_As_70308	Unstimulated	PROVISIONAL_KEEP_MANUAL_PHENOCOPY_REVIEW_PENDING	false
GSE261783	GSM8151757	CTCCATGCAGTTACCA-1	Brd9	Brd9_As_70308	Unstimulated	PROVISIONAL_KEEP_MANUAL_PHENOCOPY_REVIEW_PENDING	false
GSE261783	GSM8151757	CTCTGGTAGGTGAGAA-1	Brd9	Brd9_As_70308	Unstimulated	PROVISIONAL_KEEP_MANUAL_PHENOCOPY_REVIEW_PENDING	false
GSE261783	GSM8151757	GAACTGTAGGCTGTAG-1	Brd9	Brd9_As_70308	Unstimulated	PROVISIONAL_KEEP_MANUAL_PHENOCOPY_REVIEW_PENDING	false
GSE261783	GSM8151757	GAAGCGACAACCACAT-1	Brd9	Brd9_As_70308	Unstimulated	PROVISIONAL_KEEP_MANUAL_PHENOCOPY_REVIEW_PENDING	false
GSE261783	GSM8151757	GAAGGGTTCTGGGAGA-1	Brd9	Brd9_As_70308	Unstimulated	PROVISIONAL_KEEP_MANUAL_PHENOCOPY_REVIEW_PENDING	false
GSE261783	GSM8151757	GATCATGCAAGAGTTA-1	Brd9	Brd9_As_70308	Unstimulated	PROVISIONAL_KEEP_MANUAL_PHENOCOPY_REVIEW_PENDING	false
GSE261783	GSM8151757	GCAACCGGTGGTAACG-1	Brd9	Brd9_As_70308	Unstimulated	PROVISIONAL_KEEP_MANUAL_PHENOCOPY_REVIEW_PENDING	false
GSE261783	GSM8151757	GCCATGGGTGCATCTA-1	Brd9	Brd9_As_70308	Unstimulated	PROVISIONAL_KEEP_MANUAL_PHENOCOPY_REVIEW_PENDING	false
GSE261783	GSM8151757	GCTGCAGCAGCCGTCA-1	Brd9	Brd9_As_70308	Unstimulated	PROVISIONAL_KEEP_MANUAL_PHENOCOPY_REVIEW_PENDING	false
GSE261783	GSM8151757	GGAGGATTCGCCAATA-1	Brd9	Brd9_As_70308	Unstimulated	PROVISIONAL_KEEP_MANUAL_PHENOCOPY_REVIEW_PENDING	false
GSE261783	GSM8151757	GGCACGTTCGCATGAT-1	Brd9	Brd9_As_70308	Unstimulated	PROVISIONAL_KEEP_MANUAL_PHENOCOPY_REVIEW_PENDING	false
GSE261783	GSM8151757	GGGAAGTGTGTGTACT-1	Brd9	Brd9_As_70308	Unstimulated	PROVISIONAL_KEEP_MANUAL_PHENOCOPY_REVIEW_PENDING	false
GSE261783	GSM8151757	GGGCGTTAGCTAATGA-1	Brd9	Brd9_As_70308	Unstimulated	PROVISIONAL_KEEP_MANUAL_PHENOCOPY_REVIEW_PENDING	false
GSE261783	GSM8151757	GGTCACGTCGTCGCTT-1	Brd9	Brd9_As_70308	Unstimulated	PROVISIONAL_KEEP_MANUAL_PHENOCOPY_REVIEW_PENDING	false
GSE261783	GSM8151757	GGTGATTGTAGGACTG-1	Brd9	Brd9_As_70308	Unstimulated	PROVISIONAL_KEEP_MANUAL_PHENOCOPY_REVIEW_PENDING	false
GSE261783	GSM8151757	GTAGGAGGTGCCGTTG-1	Brd9	Brd9_As_70308	Unstimulated	PROVISIONAL_KEEP_MANUAL_PHENOCOPY_REVIEW_PENDING	false
GSE261783	GSM8151757	GTCACGGCAAGATGTA-1	Brd9	Brd9_As_70308	Unstimulated	PROVISIONAL_KEEP_MANUAL_PHENOCOPY_REVIEW_PENDING	false
GSE261783	GSM8151757	GTTTACTAGCGGGTTA-1	Brd9	Brd9_As_70308	Unstimulated	PROVISIONAL_KEEP_MANUAL_PHENOCOPY_REVIEW_PENDING	false
GSE261783	GSM8151757	TACTTCATCGTCTCAC-1	Brd9	Brd9_As_70308	Unstimulated	PROVISIONAL_KEEP_MANUAL_PHENOCOPY_REVIEW_PENDING	false
GSE261783	GSM8151757	TAGAGTCGTGGGTCAA-1	Brd9	Brd9_As_70308	Unstimulated	PROVISIONAL_KEEP_MANUAL_PHENOCOPY_REVIEW_PENDING	false
GSE261783	GSM8151757	TATCCTAAGCCAGAGT-1	Brd9	Brd9_As_70308	Unstimulated	PROVISIONAL_KEEP_MANUAL_PHENOCOPY_REVIEW_PENDING	false
GSE261783	GSM8151757	TCATTACCAAGAATAC-1	Brd9	Brd9_As_70308	Unstimulated	PROVISIONAL_KEEP_MANUAL_PHENOCOPY_REVIEW_PENDING	false
GSE261783	GSM8151757	TCGATTTGTCAATGGG-1	Brd9	Brd9_As_70308	Unstimulated	PROVISIONAL_KEEP_MANUAL_PHENOCOPY_REVIEW_PENDING	false
GSE261783	GSM8151757	TCGGGACTCATGAAAG-1	Brd9	Brd9_As_70308	Unstimulated	PROVISIONAL_KEEP_MANUAL_PHENOCOPY_REVIEW_PENDING	false
GSE261783	GSM8151757	TCTGTCGGTGCATGAG-1	Brd9	Brd9_As_70308	Unstimulated	PROVISIONAL_KEEP_MANUAL_PHENOCOPY_REVIEW_PENDING	false
GSE261783	GSM8151757	TGCATCCTCTGGAAGG-1	Brd9	Brd9_As_70308	Unstimulated	PROVISIONAL_KEEP_MANUAL_PHENOCOPY_REVIEW_PENDING	false
GSE261783	GSM8151757	TGCCGAGGTGGGATTG-1	Brd9	Brd9_As_70308	Unstimulated	PROVISIONAL_KEEP_MANUAL_PHENOCOPY_REVIEW_PENDING	false
GSE261783	GSM8151757	TGGAACTCAATCGCAT-1	Brd9	Brd9_As_70308	Unstimulated	PROVISIONAL_KEEP_MANUAL_PHENOCOPY_REVIEW_PENDING	false
GSE261783	GSM8151757	TGGGCGTGTGAGATAT-1	Brd9	Brd9_As_70308	Unstimulated	PROVISIONAL_KEEP_MANUAL_PHENOCOPY_REVIEW_PENDING	false
GSE261783	GSM8151757	TGGGTTAGTAGTCACT-1	Brd9	Brd9_As_70308	Unstimulated	PROVISIONAL_KEEP_MANUAL_PHENOCOPY_REVIEW_PENDING	false
GSE261783	GSM8151757	TGGGTTAGTGAATATG-1	Brd9	Brd9_As_70308	Unstimulated	PROVISIONAL_KEEP_MANUAL_PHENOCOPY_REVIEW_PENDING	false
GSE261783	GSM8151757	TGTAACGGTAGTGGCA-1	Brd9	Brd9_As_70308	Unstimulated	PROVISIONAL_KEEP_MANUAL_PHENOCOPY_REVIEW_PENDING	false
GSE261783	GSM8151757	TTCTGTATCCGCGGAT-1	Brd9	Brd9_As_70308	Unstimulated	PROVISIONAL_KEEP_MANUAL_PHENOCOPY_REVIEW_PENDING	false
GSE261783	GSM8151757	TTCTTGAAGGAAACGA-1	Brd9	Brd9_As_70308	Unstimulated	PROVISIONAL_KEEP_MANUAL_PHENOCOPY_REVIEW_PENDING	false
GSE261783	GSM8151757	TTGACCCAGGATACCG-1	Brd9	Brd9_As_70308	Unstimulated	PROVISIONAL_KEEP_MANUAL_PHENOCOPY_REVIEW_PENDING	false
GSE261783	GSM8151757	TTTGATCGTCACTACA-1	Brd9	Brd9_As_70308	Unstimulated	PROVISIONAL_KEEP_MANUAL_PHENOCOPY_REVIEW_PENDING	false
GSE261783	GSM8151757	AAAGGTACAAAGCGTG-1	Chd4	Chd4_As_66308	Unstimulated	PROVISIONAL_KEEP_MANUAL_PHENOCOPY_REVIEW_PENDING	false
GSE261783	GSM8151757	AACAAGACAAGTGGTG-1	Chd4	Chd4_As_66308	Unstimulated	PROVISIONAL_KEEP_MANUAL_PHENOCOPY_REVIEW_PENDING	false
GSE261783	GSM8151757	AACCCAAAGAGAGCAA-1	Chd4	Chd4_As_66308	Unstimulated	PROVISIONAL_KEEP_MANUAL_PHENOCOPY_REVIEW_PENDING	false
GSE261783	GSM8151757	AGACACTAGAGGTATT-1	Chd4	Chd4_As_66308	Unstimulated	PROVISIONAL_KEEP_MANUAL_PHENOCOPY_REVIEW_PENDING	false
GSE261783	GSM8151757	CACGAATGTGGTCTAT-1	Chd4	Chd4_As_66308	Unstimulated	PROVISIONAL_KEEP_MANUAL_PHENOCOPY_REVIEW_PENDING	false
GSE261783	GSM8151757	CCAAGCGCAGTTGTTG-1	Chd4	Chd4_As_66308	Unstimulated	PROVISIONAL_KEEP_MANUAL_PHENOCOPY_REVIEW_PENDING	false
GSE261783	GSM8151757	CCACAAACATGTACGT-1	Chd4	Chd4_As_66308	Unstimulated	PROVISIONAL_KEEP_MANUAL_PHENOCOPY_REVIEW_PENDING	false
GSE261783	GSM8151757	CCCGGAATCGCTGACG-1	Chd4	Chd4_As_66308	Unstimulated	PROVISIONAL_KEEP_MANUAL_PHENOCOPY_REVIEW_PENDING	false
GSE261783	GSM8151757	CGTAAGTCACGTACAT-1	Chd4	Chd4_As_66308	Unstimulated	PROVISIONAL_KEEP_MANUAL_PHENOCOPY_REVIEW_PENDING	false
GSE261783	GSM8151757	CTCGAGGAGGTCGACA-1	Chd4	Chd4_As_66308	Unstimulated	PROVISIONAL_KEEP_MANUAL_PHENOCOPY_REVIEW_PENDING	false
GSE261783	GSM8151757	CTGAGCGAGCGTCTGC-1	Chd4	Chd4_As_66308	Unstimulated	PROVISIONAL_KEEP_MANUAL_PHENOCOPY_REVIEW_PENDING	false
GSE261783	GSM8151757	CTGCATCGTATCCTTT-1	Chd4	Chd4_As_66308	Unstimulated	PROVISIONAL_KEEP_MANUAL_PHENOCOPY_REVIEW_PENDING	false
GSE261783	GSM8151757	CTTCGGTGTCACTACA-1	Chd4	Chd4_As_66308	Unstimulated	PROVISIONAL_KEEP_MANUAL_PHENOCOPY_REVIEW_PENDING	false
GSE261783	GSM8151757	GAACTGTAGATGTTCC-1	Chd4	Chd4_As_66308	Unstimulated	PROVISIONAL_KEEP_MANUAL_PHENOCOPY_REVIEW_PENDING	false
GSE261783	GSM8151757	GAGTTGTTCGCGCTGA-1	Chd4	Chd4_As_66308	Unstimulated	PROVISIONAL_KEEP_MANUAL_PHENOCOPY_REVIEW_PENDING	false
GSE261783	GSM8151757	GAGTTGTTCTTACGTT-1	Chd4	Chd4_As_66308	Unstimulated	PROVISIONAL_KEEP_MANUAL_PHENOCOPY_REVIEW_PENDING	false
GSE261783	GSM8151757	GCGAGAATCGACCCAG-1	Chd4	Chd4_As_66308	Unstimulated	PROVISIONAL_KEEP_MANUAL_PHENOCOPY_REVIEW_PENDING	false
GSE261783	GSM8151757	GTAGGAGAGTCTTCGA-1	Chd4	Chd4_As_66308	Unstimulated	PROVISIONAL_KEEP_MANUAL_PHENOCOPY_REVIEW_PENDING	false
GSE261783	GSM8151757	TACACCCTCGCCTTTG-1	Chd4	Chd4_As_66308	Unstimulated	PROVISIONAL_KEEP_MANUAL_PHENOCOPY_REVIEW_PENDING	false
GSE261783	GSM8151757	TCCGATCAGTACTGGG-1	Chd4	Chd4_As_66308	Unstimulated	PROVISIONAL_KEEP_MANUAL_PHENOCOPY_REVIEW_PENDING	false
GSE261783	GSM8151757	TCCTGCAAGGTAGTAT-1	Chd4	Chd4_As_66308	Unstimulated	PROVISIONAL_KEEP_MANUAL_PHENOCOPY_REVIEW_PENDING	false
GSE261783	GSM8151757	TCTCACGTCGAGAATA-1	Chd4	Chd4_As_66308	Unstimulated	PROVISIONAL_KEEP_MANUAL_PHENOCOPY_REVIEW_PENDING	false
GSE261783	GSM8151757	TGCTTCGAGCCACCGT-1	Chd4	Chd4_As_66308	Unstimulated	PROVISIONAL_KEEP_MANUAL_PHENOCOPY_REVIEW_PENDING	false
GSE261783	GSM8151757	TTACGTTGTTGTATGC-1	Chd4	Chd4_As_66308	Unstimulated	PROVISIONAL_KEEP_MANUAL_PHENOCOPY_REVIEW_PENDING	false
GSE261783	GSM8151757	TTGCCTGCACCCTCTA-1	Chd4	Chd4_As_66308	Unstimulated	PROVISIONAL_KEEP_MANUAL_PHENOCOPY_REVIEW_PENDING	false
GSE261783	GSM8151757	TTGCTGCAGCCGGAAT-1	Chd4	Chd4_As_66308	Unstimulated	PROVISIONAL_KEEP_MANUAL_PHENOCOPY_REVIEW_PENDING	false
GSE261783	GSM8151757	AACCATGCACAGCCTG-1	Chd4	Chd4_As_66309	Unstimulated	PROVISIONAL_KEEP_MANUAL_PHENOCOPY_REVIEW_PENDING	false
GSE261783	GSM8151757	AACGAAAGTGTCATCA-1	Chd4	Chd4_As_66309	Unstimulated	PROVISIONAL_KEEP_MANUAL_PHENOCOPY_REVIEW_PENDING	false
GSE261783	GSM8151757	ACACAGTCAATCGCGC-1	Chd4	Chd4_As_66309	Unstimulated	PROVISIONAL_KEEP_MANUAL_PHENOCOPY_REVIEW_PENDING	false
GSE261783	GSM8151757	ACAGAAAGTTCGGCTG-1	Chd4	Chd4_As_66309	Unstimulated	PROVISIONAL_KEEP_MANUAL_PHENOCOPY_REVIEW_PENDING	false
GSE261783	GSM8151757	ACAGGGACATATGCGT-1	Chd4	Chd4_As_66309	Unstimulated	PROVISIONAL_KEEP_MANUAL_PHENOCOPY_REVIEW_PENDING	false
GSE261783	GSM8151757	AGATCCACAAAGGAGA-1	Chd4	Chd4_As_66309	Unstimulated	PROVISIONAL_KEEP_MANUAL_PHENOCOPY_REVIEW_PENDING	false
GSE261783	GSM8151757	AGCGATTCAGCTACAT-1	Chd4	Chd4_As_66309	Unstimulated	PROVISIONAL_KEEP_MANUAL_PHENOCOPY_REVIEW_PENDING	false
GSE261783	GSM8151757	AGGCCACTCCCAGTGG-1	Chd4	Chd4_As_66309	Unstimulated	PROVISIONAL_KEEP_MANUAL_PHENOCOPY_REVIEW_PENDING	false
GSE261783	GSM8151757	AGGTGTTTCCAAATGC-1	Chd4	Chd4_As_66309	Unstimulated	PROVISIONAL_KEEP_MANUAL_PHENOCOPY_REVIEW_PENDING	false
GSE261783	GSM8151757	ATCGGCGAGTGGTTGG-1	Chd4	Chd4_As_66309	Unstimulated	PROVISIONAL_KEEP_MANUAL_PHENOCOPY_REVIEW_PENDING	false
GSE261783	GSM8151757	ATCTCTACATCGAAGG-1	Chd4	Chd4_As_66309	Unstimulated	PROVISIONAL_KEEP_MANUAL_PHENOCOPY_REVIEW_PENDING	false
GSE261783	GSM8151757	ATGAGTCAGTTGTCGT-1	Chd4	Chd4_As_66309	Unstimulated	PROVISIONAL_KEEP_MANUAL_PHENOCOPY_REVIEW_PENDING	false
GSE261783	GSM8151757	CACAGATCAAGTCCAT-1	Chd4	Chd4_As_66309	Unstimulated	PROVISIONAL_KEEP_MANUAL_PHENOCOPY_REVIEW_PENDING	false
GSE261783	GSM8151757	CACTGAAGTAGACTGG-1	Chd4	Chd4_As_66309	Unstimulated	PROVISIONAL_KEEP_MANUAL_PHENOCOPY_REVIEW_PENDING	false
GSE261783	GSM8151757	CACTGAATCGCGGACT-1	Chd4	Chd4_As_66309	Unstimulated	PROVISIONAL_KEEP_MANUAL_PHENOCOPY_REVIEW_PENDING	false
GSE261783	GSM8151757	CAGATACCAGATCCAT-1	Chd4	Chd4_As_66309	Unstimulated	PROVISIONAL_KEEP_MANUAL_PHENOCOPY_REVIEW_PENDING	false
GSE261783	GSM8151757	CATACTTGTCTAGTGT-1	Chd4	Chd4_As_66309	Unstimulated	PROVISIONAL_KEEP_MANUAL_PHENOCOPY_REVIEW_PENDING	false
GSE261783	GSM8151757	CATTGTTCATCCCGTT-1	Chd4	Chd4_As_66309	Unstimulated	PROVISIONAL_KEEP_MANUAL_PHENOCOPY_REVIEW_PENDING	false
GSE261783	GSM8151757	CATTGTTGTACGACTT-1	Chd4	Chd4_As_66309	Unstimulated	PROVISIONAL_KEEP_MANUAL_PHENOCOPY_REVIEW_PENDING	false
GSE261783	GSM8151757	CCACGAGCAGGCTTGC-1	Chd4	Chd4_As_66309	Unstimulated	PROVISIONAL_KEEP_MANUAL_PHENOCOPY_REVIEW_PENDING	false
GSE261783	GSM8151757	CGAATTGCATCCCGTT-1	Chd4	Chd4_As_66309	Unstimulated	PROVISIONAL_KEEP_MANUAL_PHENOCOPY_REVIEW_PENDING	false
GSE261783	GSM8151757	CGACAGCAGTGTAGTA-1	Chd4	Chd4_As_66309	Unstimulated	PROVISIONAL_KEEP_MANUAL_PHENOCOPY_REVIEW_PENDING	false
GSE261783	GSM8151757	CGGGTCATCTAGTCAG-1	Chd4	Chd4_As_66309	Unstimulated	PROVISIONAL_KEEP_MANUAL_PHENOCOPY_REVIEW_PENDING	false
GSE261783	GSM8151757	CGTAATGAGATCCTAC-1	Chd4	Chd4_As_66309	Unstimulated	PROVISIONAL_KEEP_MANUAL_PHENOCOPY_REVIEW_PENDING	false
GSE261783	GSM8151757	CTCAACCTCCTTGGAA-1	Chd4	Chd4_As_66309	Unstimulated	PROVISIONAL_KEEP_MANUAL_PHENOCOPY_REVIEW_PENDING	false
GSE261783	GSM8151757	CTGATCCCATGTAACC-1	Chd4	Chd4_As_66309	Unstimulated	PROVISIONAL_KEEP_MANUAL_PHENOCOPY_REVIEW_PENDING	false
GSE261783	GSM8151757	CTGTACCTCCGAGGCT-1	Chd4	Chd4_As_66309	Unstimulated	PROVISIONAL_KEEP_MANUAL_PHENOCOPY_REVIEW_PENDING	false
GSE261783	GSM8151757	CTTCTAATCCTAACAG-1	Chd4	Chd4_As_66309	Unstimulated	PROVISIONAL_KEEP_MANUAL_PHENOCOPY_REVIEW_PENDING	false
GSE261783	GSM8151757	GAAGGGTCACTAGAGG-1	Chd4	Chd4_As_66309	Unstimulated	PROVISIONAL_KEEP_MANUAL_PHENOCOPY_REVIEW_PENDING	false
GSE261783	GSM8151757	GAATCACGTGACGTCC-1	Chd4	Chd4_As_66309	Unstimulated	PROVISIONAL_KEEP_MANUAL_PHENOCOPY_REVIEW_PENDING	false
GSE261783	GSM8151757	GACTTCCGTCCTCCAT-1	Chd4	Chd4_As_66309	Unstimulated	PROVISIONAL_KEEP_MANUAL_PHENOCOPY_REVIEW_PENDING	false
GSE261783	GSM8151757	GAGACCCAGCATTTGC-1	Chd4	Chd4_As_66309	Unstimulated	PROVISIONAL_KEEP_MANUAL_PHENOCOPY_REVIEW_PENDING	false
GSE261783	GSM8151757	GAGGGATGTTGAAGTA-1	Chd4	Chd4_As_66309	Unstimulated	PROVISIONAL_KEEP_MANUAL_PHENOCOPY_REVIEW_PENDING	false
GSE261783	GSM8151757	GCCCGAACATCGCTAA-1	Chd4	Chd4_As_66309	Unstimulated	PROVISIONAL_KEEP_MANUAL_PHENOCOPY_REVIEW_PENDING	false
GSE261783	GSM8151757	GGTAACTCAACGGTAG-1	Chd4	Chd4_As_66309	Unstimulated	PROVISIONAL_KEEP_MANUAL_PHENOCOPY_REVIEW_PENDING	false
GSE261783	GSM8151757	GGTGGCTGTTCCCACT-1	Chd4	Chd4_As_66309	Unstimulated	PROVISIONAL_KEEP_MANUAL_PHENOCOPY_REVIEW_PENDING	false
GSE261783	GSM8151757	GGTTCTCTCATCGCAA-1	Chd4	Chd4_As_66309	Unstimulated	PROVISIONAL_KEEP_MANUAL_PHENOCOPY_REVIEW_PENDING	false
GSE261783	GSM8151757	GTAGTACGTTCTCCAC-1	Chd4	Chd4_As_66309	Unstimulated	PROVISIONAL_KEEP_MANUAL_PHENOCOPY_REVIEW_PENDING	false
GSE261783	GSM8151757	GTCTACCCAAGAGAGA-1	Chd4	Chd4_As_66309	Unstimulated	PROVISIONAL_KEEP_MANUAL_PHENOCOPY_REVIEW_PENDING	false
GSE261783	GSM8151757	GTTAGACTCTGCCCTA-1	Chd4	Chd4_As_66309	Unstimulated	PROVISIONAL_KEEP_MANUAL_PHENOCOPY_REVIEW_PENDING	false
GSE261783	GSM8151757	TAATTCCCAAACCGGA-1	Chd4	Chd4_As_66309	Unstimulated	PROVISIONAL_KEEP_MANUAL_PHENOCOPY_REVIEW_PENDING	false
GSE261783	GSM8151757	TATCTTGGTTATAGAG-1	Chd4	Chd4_As_66309	Unstimulated	PROVISIONAL_KEEP_MANUAL_PHENOCOPY_REVIEW_PENDING	false
GSE261783	GSM8151757	TCCCATGAGACGCTCC-1	Chd4	Chd4_As_66309	Unstimulated	PROVISIONAL_KEEP_MANUAL_PHENOCOPY_REVIEW_PENDING	false
GSE261783	GSM8151757	TCCGTGTGTGATACAA-1	Chd4	Chd4_As_66309	Unstimulated	PROVISIONAL_KEEP_MANUAL_PHENOCOPY_REVIEW_PENDING	false
GSE261783	GSM8151757	TCGGGTGAGATACTGA-1	Chd4	Chd4_As_66309	Unstimulated	PROVISIONAL_KEEP_MANUAL_PHENOCOPY_REVIEW_PENDING	false
GSE261783	GSM8151757	TCTTGCGAGCCGCTTG-1	Chd4	Chd4_As_66309	Unstimulated	PROVISIONAL_KEEP_MANUAL_PHENOCOPY_REVIEW_PENDING	false
GSE261783	GSM8151757	TGGAACTGTTGTTGAC-1	Chd4	Chd4_As_66309	Unstimulated	PROVISIONAL_KEEP_MANUAL_PHENOCOPY_REVIEW_PENDING	false
GSE261783	GSM8151757	TGTCCACTCTAGTGAC-1	Chd4	Chd4_As_66309	Unstimulated	PROVISIONAL_KEEP_MANUAL_PHENOCOPY_REVIEW_PENDING	false
GSE261783	GSM8151757	TGTGCGGCATGTTCGA-1	Chd4	Chd4_As_66309	Unstimulated	PROVISIONAL_KEEP_MANUAL_PHENOCOPY_REVIEW_PENDING	false
GSE261783	GSM8151757	ACACTGATCTTGGAAC-1	Dmap1	Dmap1_As_60920	Unstimulated	PROVISIONAL_KEEP_MANUAL_PHENOCOPY_REVIEW_PENDING	false
GSE261783	GSM8151757	ACTTTCAGTGATATAG-1	Dmap1	Dmap1_As_60920	Unstimulated	PROVISIONAL_KEEP_MANUAL_PHENOCOPY_REVIEW_PENDING	false
GSE261783	GSM8151757	ATAGGCTTCTTACGTT-1	Dmap1	Dmap1_As_60920	Unstimulated	PROVISIONAL_KEEP_MANUAL_PHENOCOPY_REVIEW_PENDING	false
GSE261783	GSM8151757	ATCCTATAGCAGCCCT-1	Dmap1	Dmap1_As_60920	Unstimulated	PROVISIONAL_KEEP_MANUAL_PHENOCOPY_REVIEW_PENDING	false
GSE261783	GSM8151757	ATCGGCGCAACGCCCA-1	Dmap1	Dmap1_As_60920	Unstimulated	PROVISIONAL_KEEP_MANUAL_PHENOCOPY_REVIEW_PENDING	false
GSE261783	GSM8151757	ATGCATGTCATGAGAA-1	Dmap1	Dmap1_As_60920	Unstimulated	PROVISIONAL_KEEP_MANUAL_PHENOCOPY_REVIEW_PENDING	false
GSE261783	GSM8151757	CATACAGAGAGCTGCA-1	Dmap1	Dmap1_As_60920	Unstimulated	PROVISIONAL_KEEP_MANUAL_PHENOCOPY_REVIEW_PENDING	false
GSE261783	GSM8151757	CATACCCAGCTAGAGC-1	Dmap1	Dmap1_As_60920	Unstimulated	PROVISIONAL_KEEP_MANUAL_PHENOCOPY_REVIEW_PENDING	false
GSE261783	GSM8151757	CCTCATGAGATGGTAT-1	Dmap1	Dmap1_As_60920	Unstimulated	PROVISIONAL_KEEP_MANUAL_PHENOCOPY_REVIEW_PENDING	false
GSE261783	GSM8151757	CCTCTAGCACCCTGAG-1	Dmap1	Dmap1_As_60920	Unstimulated	PROVISIONAL_KEEP_MANUAL_PHENOCOPY_REVIEW_PENDING	false
GSE261783	GSM8151757	CCTTTGGCAGGCCTGT-1	Dmap1	Dmap1_As_60920	Unstimulated	PROVISIONAL_KEEP_MANUAL_PHENOCOPY_REVIEW_PENDING	false
GSE261783	GSM8151757	CGAAGGACAATCCTTT-1	Dmap1	Dmap1_As_60920	Unstimulated	PROVISIONAL_KEEP_MANUAL_PHENOCOPY_REVIEW_PENDING	false
GSE261783	GSM8151757	CGGACACAGGTAAGTT-1	Dmap1	Dmap1_As_60920	Unstimulated	PROVISIONAL_KEEP_MANUAL_PHENOCOPY_REVIEW_PENDING	false
GSE261783	GSM8151757	GAAATGAAGCAGGGAG-1	Dmap1	Dmap1_As_60920	Unstimulated	PROVISIONAL_KEEP_MANUAL_PHENOCOPY_REVIEW_PENDING	false
GSE261783	GSM8151757	GAGTCTAGTAAGTTAG-1	Dmap1	Dmap1_As_60920	Unstimulated	PROVISIONAL_KEEP_MANUAL_PHENOCOPY_REVIEW_PENDING	false
GSE261783	GSM8151757	GATCAGTAGCAGAAAG-1	Dmap1	Dmap1_As_60920	Unstimulated	PROVISIONAL_KEEP_MANUAL_PHENOCOPY_REVIEW_PENDING	false
GSE261783	GSM8151757	GATGAGGTCAAACGAA-1	Dmap1	Dmap1_As_60920	Unstimulated	PROVISIONAL_KEEP_MANUAL_PHENOCOPY_REVIEW_PENDING	false
GSE261783	GSM8151757	GGGTATTCATACAGAA-1	Dmap1	Dmap1_As_60920	Unstimulated	PROVISIONAL_KEEP_MANUAL_PHENOCOPY_REVIEW_PENDING	false
GSE261783	GSM8151757	GGTAACTAGAAGCCAC-1	Dmap1	Dmap1_As_60920	Unstimulated	PROVISIONAL_KEEP_MANUAL_PHENOCOPY_REVIEW_PENDING	false
GSE261783	GSM8151757	GGTTAACGTAGAATAC-1	Dmap1	Dmap1_As_60920	Unstimulated	PROVISIONAL_KEEP_MANUAL_PHENOCOPY_REVIEW_PENDING	false
GSE261783	GSM8151757	GTGTGATCATTATGCG-1	Dmap1	Dmap1_As_60920	Unstimulated	PROVISIONAL_KEEP_MANUAL_PHENOCOPY_REVIEW_PENDING	false
GSE261783	GSM8151757	GTTCCGTCAGTAACCT-1	Dmap1	Dmap1_As_60920	Unstimulated	PROVISIONAL_KEEP_MANUAL_PHENOCOPY_REVIEW_PENDING	false
GSE261783	GSM8151757	TACTTGTAGAGCCTGA-1	Dmap1	Dmap1_As_60920	Unstimulated	PROVISIONAL_KEEP_MANUAL_PHENOCOPY_REVIEW_PENDING	false
GSE261783	GSM8151757	TCAAGTGCAATTAGGA-1	Dmap1	Dmap1_As_60920	Unstimulated	PROVISIONAL_KEEP_MANUAL_PHENOCOPY_REVIEW_PENDING	false
GSE261783	GSM8151757	TCACACCGTAACACCT-1	Dmap1	Dmap1_As_60920	Unstimulated	PROVISIONAL_KEEP_MANUAL_PHENOCOPY_REVIEW_PENDING	false
GSE261783	GSM8151757	TCGCAGGAGTTCATCG-1	Dmap1	Dmap1_As_60920	Unstimulated	PROVISIONAL_KEEP_MANUAL_PHENOCOPY_REVIEW_PENDING	false
GSE261783	GSM8151757	TCGGGTGAGACCAGAC-1	Dmap1	Dmap1_As_60920	Unstimulated	PROVISIONAL_KEEP_MANUAL_PHENOCOPY_REVIEW_PENDING	false
GSE261783	GSM8151757	TGCATGAAGTTACGGG-1	Dmap1	Dmap1_As_60920	Unstimulated	PROVISIONAL_KEEP_MANUAL_PHENOCOPY_REVIEW_PENDING	false
GSE261783	GSM8151757	TGTACAGAGGTCACTT-1	Dmap1	Dmap1_As_60920	Unstimulated	PROVISIONAL_KEEP_MANUAL_PHENOCOPY_REVIEW_PENDING	false
GSE261783	GSM8151757	TGTCCTGTCACCACAA-1	Dmap1	Dmap1_As_60920	Unstimulated	PROVISIONAL_KEEP_MANUAL_PHENOCOPY_REVIEW_PENDING	false
GSE261783	GSM8151757	TTACCGCTCACCTTAT-1	Dmap1	Dmap1_As_60920	Unstimulated	PROVISIONAL_KEEP_MANUAL_PHENOCOPY_REVIEW_PENDING	false
GSE261783	GSM8151757	TTGCCTGCAGTAGAAT-1	Dmap1	Dmap1_As_60920	Unstimulated	PROVISIONAL_KEEP_MANUAL_PHENOCOPY_REVIEW_PENDING	false
GSE261783	GSM8151757	TTTACCACAGTCGTTA-1	Dmap1	Dmap1_As_60920	Unstimulated	PROVISIONAL_KEEP_MANUAL_PHENOCOPY_REVIEW_PENDING	false
GSE261783	GSM8151757	AAAGTGAAGTGTACCT-1	Dmap1	Dmap1_As_60922	Unstimulated	PROVISIONAL_KEEP_MANUAL_PHENOCOPY_REVIEW_PENDING	false
GSE261783	GSM8151757	AACCTTTAGTGCCCGT-1	Dmap1	Dmap1_As_60922	Unstimulated	PROVISIONAL_KEEP_MANUAL_PHENOCOPY_REVIEW_PENDING	false
GSE261783	GSM8151757	AAGACAATCAGGACGA-1	Dmap1	Dmap1_As_60922	Unstimulated	PROVISIONAL_KEEP_MANUAL_PHENOCOPY_REVIEW_PENDING	false
GSE261783	GSM8151757	AAGACAATCTGTTCAT-1	Dmap1	Dmap1_As_60922	Unstimulated	PROVISIONAL_KEEP_MANUAL_PHENOCOPY_REVIEW_PENDING	false
GSE261783	GSM8151757	ACCTACCGTATTGAGA-1	Dmap1	Dmap1_As_60922	Unstimulated	PROVISIONAL_KEEP_MANUAL_PHENOCOPY_REVIEW_PENDING	false
GSE261783	GSM8151757	ACCTGAACATCACGGC-1	Dmap1	Dmap1_As_60922	Unstimulated	PROVISIONAL_KEEP_MANUAL_PHENOCOPY_REVIEW_PENDING	false
GSE261783	GSM8151757	AGCGTATTCGTTCAGA-1	Dmap1	Dmap1_As_60922	Unstimulated	PROVISIONAL_KEEP_MANUAL_PHENOCOPY_REVIEW_PENDING	false
GSE261783	GSM8151757	AGGATCTAGCTGGCCT-1	Dmap1	Dmap1_As_60922	Unstimulated	PROVISIONAL_KEEP_MANUAL_PHENOCOPY_REVIEW_PENDING	false
GSE261783	GSM8151757	AGTAGTCAGTCCTGCG-1	Dmap1	Dmap1_As_60922	Unstimulated	PROVISIONAL_KEEP_MANUAL_PHENOCOPY_REVIEW_PENDING	false
GSE261783	GSM8151757	ATACCGAAGGGATCAC-1	Dmap1	Dmap1_As_60922	Unstimulated	PROVISIONAL_KEEP_MANUAL_PHENOCOPY_REVIEW_PENDING	false
GSE261783	GSM8151757	CAGCGTGAGTCGCGAA-1	Dmap1	Dmap1_As_60922	Unstimulated	PROVISIONAL_KEEP_MANUAL_PHENOCOPY_REVIEW_PENDING	false
GSE261783	GSM8151757	CAGTTAGGTCCGGTGT-1	Dmap1	Dmap1_As_60922	Unstimulated	PROVISIONAL_KEEP_MANUAL_PHENOCOPY_REVIEW_PENDING	false
GSE261783	GSM8151757	CCAATTTTCCACGTGG-1	Dmap1	Dmap1_As_60922	Unstimulated	PROVISIONAL_KEEP_MANUAL_PHENOCOPY_REVIEW_PENDING	false
GSE261783	GSM8151757	CCTTTGGTCTTACCGC-1	Dmap1	Dmap1_As_60922	Unstimulated	PROVISIONAL_KEEP_MANUAL_PHENOCOPY_REVIEW_PENDING	false
GSE261783	GSM8151757	CGTGATAAGTTCAACC-1	Dmap1	Dmap1_As_60922	Unstimulated	PROVISIONAL_KEEP_MANUAL_PHENOCOPY_REVIEW_PENDING	false
GSE261783	GSM8151757	CTCAAGATCGAACCAT-1	Dmap1	Dmap1_As_60922	Unstimulated	PROVISIONAL_KEEP_MANUAL_PHENOCOPY_REVIEW_PENDING	false
GSE261783	GSM8151757	CTTACCGAGAGATGCC-1	Dmap1	Dmap1_As_60922	Unstimulated	PROVISIONAL_KEEP_MANUAL_PHENOCOPY_REVIEW_PENDING	false
GSE261783	GSM8151757	CTTGAGATCTGAGTCA-1	Dmap1	Dmap1_As_60922	Unstimulated	PROVISIONAL_KEEP_MANUAL_PHENOCOPY_REVIEW_PENDING	false
GSE261783	GSM8151757	CTTTCGGGTCGTAATC-1	Dmap1	Dmap1_As_60922	Unstimulated	PROVISIONAL_KEEP_MANUAL_PHENOCOPY_REVIEW_PENDING	false
GSE261783	GSM8151757	GACTGATTCACTTTGT-1	Dmap1	Dmap1_As_60922	Unstimulated	PROVISIONAL_KEEP_MANUAL_PHENOCOPY_REVIEW_PENDING	false
GSE261783	GSM8151757	GAGACTTCAATTCTTC-1	Dmap1	Dmap1_As_60922	Unstimulated	PROVISIONAL_KEEP_MANUAL_PHENOCOPY_REVIEW_PENDING	false
GSE261783	GSM8151757	GCACGGTGTCAGTTTG-1	Dmap1	Dmap1_As_60922	Unstimulated	PROVISIONAL_KEEP_MANUAL_PHENOCOPY_REVIEW_PENDING	false
GSE261783	GSM8151757	GGTGGCTAGGTGATCG-1	Dmap1	Dmap1_As_60922	Unstimulated	PROVISIONAL_KEEP_MANUAL_PHENOCOPY_REVIEW_PENDING	false
GSE261783	GSM8151757	GGTTGTAGTCTTGAAC-1	Dmap1	Dmap1_As_60922	Unstimulated	PROVISIONAL_KEEP_MANUAL_PHENOCOPY_REVIEW_PENDING	false
GSE261783	GSM8151757	GTAACACTCTAGTTCT-1	Dmap1	Dmap1_As_60922	Unstimulated	PROVISIONAL_KEEP_MANUAL_PHENOCOPY_REVIEW_PENDING	false
GSE261783	GSM8151757	GTAGAGGTCCAAGCTA-1	Dmap1	Dmap1_As_60922	Unstimulated	PROVISIONAL_KEEP_MANUAL_PHENOCOPY_REVIEW_PENDING	false
GSE261783	GSM8151757	GTGTTAGGTGCTTCAA-1	Dmap1	Dmap1_As_60922	Unstimulated	PROVISIONAL_KEEP_MANUAL_PHENOCOPY_REVIEW_PENDING	false
GSE261783	GSM8151757	TACGTCCGTAGCGCTC-1	Dmap1	Dmap1_As_60922	Unstimulated	PROVISIONAL_KEEP_MANUAL_PHENOCOPY_REVIEW_PENDING	false
GSE261783	GSM8151757	TAGCACACAATGCAAA-1	Dmap1	Dmap1_As_60922	Unstimulated	PROVISIONAL_KEEP_MANUAL_PHENOCOPY_REVIEW_PENDING	false
GSE261783	GSM8151757	TCACGGGCATTCAGGT-1	Dmap1	Dmap1_As_60922	Unstimulated	PROVISIONAL_KEEP_MANUAL_PHENOCOPY_REVIEW_PENDING	false
GSE261783	GSM8151757	TCACTATTCCTCAGAA-1	Dmap1	Dmap1_As_60922	Unstimulated	PROVISIONAL_KEEP_MANUAL_PHENOCOPY_REVIEW_PENDING	false
GSE261783	GSM8151757	TCGCACTGTACAAAGT-1	Dmap1	Dmap1_As_60922	Unstimulated	PROVISIONAL_KEEP_MANUAL_PHENOCOPY_REVIEW_PENDING	false
GSE261783	GSM8151757	TGTAAGCTCTTCGGTC-1	Dmap1	Dmap1_As_60922	Unstimulated	PROVISIONAL_KEEP_MANUAL_PHENOCOPY_REVIEW_PENDING	false
GSE261783	GSM8151757	TGTGATGGTACGATTC-1	Dmap1	Dmap1_As_60922	Unstimulated	PROVISIONAL_KEEP_MANUAL_PHENOCOPY_REVIEW_PENDING	false
GSE261783	GSM8151757	TGTTCATTCCATCACC-1	Dmap1	Dmap1_As_60922	Unstimulated	PROVISIONAL_KEEP_MANUAL_PHENOCOPY_REVIEW_PENDING	false
GSE261783	GSM8151757	AAAGTCCCAGAGGTTG-1	Egr2	EGR2_2	Unstimulated	PROVISIONAL_KEEP_MANUAL_PHENOCOPY_REVIEW_PENDING	false
GSE261783	GSM8151757	ACATGCAAGGTAGGCT-1	Egr2	EGR2_2	Unstimulated	PROVISIONAL_KEEP_MANUAL_PHENOCOPY_REVIEW_PENDING	false
GSE261783	GSM8151757	ACCACAATCATGCCGG-1	Egr2	EGR2_2	Unstimulated	PROVISIONAL_KEEP_MANUAL_PHENOCOPY_REVIEW_PENDING	false
GSE261783	GSM8151757	ACGGGTCTCGTGGCTG-1	Egr2	EGR2_2	Unstimulated	PROVISIONAL_KEEP_MANUAL_PHENOCOPY_REVIEW_PENDING	false
GSE261783	GSM8151757	ACTATTCAGGCCACTC-1	Egr2	EGR2_2	Unstimulated	PROVISIONAL_KEEP_MANUAL_PHENOCOPY_REVIEW_PENDING	false
GSE261783	GSM8151757	AGATAGAAGCCGATAG-1	Egr2	EGR2_2	Unstimulated	PROVISIONAL_KEEP_MANUAL_PHENOCOPY_REVIEW_PENDING	false
GSE261783	GSM8151757	AGCCAATTCATGAAAG-1	Egr2	EGR2_2	Unstimulated	PROVISIONAL_KEEP_MANUAL_PHENOCOPY_REVIEW_PENDING	false
GSE261783	GSM8151757	AGCTACACAGTATGAA-1	Egr2	EGR2_2	Unstimulated	PROVISIONAL_KEEP_MANUAL_PHENOCOPY_REVIEW_PENDING	false
GSE261783	GSM8151757	AGGAAATGTCGCATGC-1	Egr2	EGR2_2	Unstimulated	PROVISIONAL_KEEP_MANUAL_PHENOCOPY_REVIEW_PENDING	false
GSE261783	GSM8151757	AGGAATATCATGGTAC-1	Egr2	EGR2_2	Unstimulated	PROVISIONAL_KEEP_MANUAL_PHENOCOPY_REVIEW_PENDING	false
GSE261783	GSM8151757	AGGAGGTAGGACACTG-1	Egr2	EGR2_2	Unstimulated	PROVISIONAL_KEEP_MANUAL_PHENOCOPY_REVIEW_PENDING	false
GSE261783	GSM8151757	AGGTGTTCAGCAGTTT-1	Egr2	EGR2_2	Unstimulated	PROVISIONAL_KEEP_MANUAL_PHENOCOPY_REVIEW_PENDING	false
GSE261783	GSM8151757	AGTAGCTTCTAGAGCT-1	Egr2	EGR2_2	Unstimulated	PROVISIONAL_KEEP_MANUAL_PHENOCOPY_REVIEW_PENDING	false
GSE261783	GSM8151757	AGTTCCCGTAATGATG-1	Egr2	EGR2_2	Unstimulated	PROVISIONAL_KEEP_MANUAL_PHENOCOPY_REVIEW_PENDING	false
GSE261783	GSM8151757	ATACCGAGTCAAACGG-1	Egr2	EGR2_2	Unstimulated	PROVISIONAL_KEEP_MANUAL_PHENOCOPY_REVIEW_PENDING	false
GSE261783	GSM8151757	ATGCATGAGTCTAGAA-1	Egr2	EGR2_2	Unstimulated	PROVISIONAL_KEEP_MANUAL_PHENOCOPY_REVIEW_PENDING	false
GSE261783	GSM8151757	CAAGAGGCATACATCG-1	Egr2	EGR2_2	Unstimulated	PROVISIONAL_KEEP_MANUAL_PHENOCOPY_REVIEW_PENDING	false
GSE261783	GSM8151757	CAATTTCTCAGCTTGA-1	Egr2	EGR2_2	Unstimulated	PROVISIONAL_KEEP_MANUAL_PHENOCOPY_REVIEW_PENDING	false
GSE261783	GSM8151757	CACACAAAGCCATTGT-1	Egr2	EGR2_2	Unstimulated	PROVISIONAL_KEEP_MANUAL_PHENOCOPY_REVIEW_PENDING	false
GSE261783	GSM8151757	CACAGGCTCTTCGCTG-1	Egr2	EGR2_2	Unstimulated	PROVISIONAL_KEEP_MANUAL_PHENOCOPY_REVIEW_PENDING	false
GSE261783	GSM8151757	CACTGAACATTCTTCA-1	Egr2	EGR2_2	Unstimulated	PROVISIONAL_KEEP_MANUAL_PHENOCOPY_REVIEW_PENDING	false
GSE261783	GSM8151757	CAGCGTGTCTTTGCGC-1	Egr2	EGR2_2	Unstimulated	PROVISIONAL_KEEP_MANUAL_PHENOCOPY_REVIEW_PENDING	false
GSE261783	GSM8151757	CAGTGCGTCCCGTAAA-1	Egr2	EGR2_2	Unstimulated	PROVISIONAL_KEEP_MANUAL_PHENOCOPY_REVIEW_PENDING	false
GSE261783	GSM8151757	CATAGACAGATGGTCG-1	Egr2	EGR2_2	Unstimulated	PROVISIONAL_KEEP_MANUAL_PHENOCOPY_REVIEW_PENDING	false
GSE261783	GSM8151757	CATCGCTAGGTACCTT-1	Egr2	EGR2_2	Unstimulated	PROVISIONAL_KEEP_MANUAL_PHENOCOPY_REVIEW_PENDING	false
GSE261783	GSM8151757	CATGAGTAGCCTGCCA-1	Egr2	EGR2_2	Unstimulated	PROVISIONAL_KEEP_MANUAL_PHENOCOPY_REVIEW_PENDING	false
GSE261783	GSM8151757	CCACGAGTCAAAGCCT-1	Egr2	EGR2_2	Unstimulated	PROVISIONAL_KEEP_MANUAL_PHENOCOPY_REVIEW_PENDING	false
GSE261783	GSM8151757	CCCATTGGTGAGCAGT-1	Egr2	EGR2_2	Unstimulated	PROVISIONAL_KEEP_MANUAL_PHENOCOPY_REVIEW_PENDING	false
GSE261783	GSM8151757	CCGATCTTCGCGGACT-1	Egr2	EGR2_2	Unstimulated	PROVISIONAL_KEEP_MANUAL_PHENOCOPY_REVIEW_PENDING	false
GSE261783	GSM8151757	CCGCAAGAGTGAGTTA-1	Egr2	EGR2_2	Unstimulated	PROVISIONAL_KEEP_MANUAL_PHENOCOPY_REVIEW_PENDING	false
GSE261783	GSM8151757	CCTATCGAGGTATTGA-1	Egr2	EGR2_2	Unstimulated	PROVISIONAL_KEEP_MANUAL_PHENOCOPY_REVIEW_PENDING	false
GSE261783	GSM8151757	CGGAACCAGGAACGTC-1	Egr2	EGR2_2	Unstimulated	PROVISIONAL_KEEP_MANUAL_PHENOCOPY_REVIEW_PENDING	false
GSE261783	GSM8151757	CGGAACCTCGTAACCA-1	Egr2	EGR2_2	Unstimulated	PROVISIONAL_KEEP_MANUAL_PHENOCOPY_REVIEW_PENDING	false
GSE261783	GSM8151757	CGTAGTAGTAACGTTC-1	Egr2	EGR2_2	Unstimulated	PROVISIONAL_KEEP_MANUAL_PHENOCOPY_REVIEW_PENDING	false
GSE261783	GSM8151757	CTAACCCTCAAGCGTT-1	Egr2	EGR2_2	Unstimulated	PROVISIONAL_KEEP_MANUAL_PHENOCOPY_REVIEW_PENDING	false
GSE261783	GSM8151757	CTCAATTTCGCTAGCG-1	Egr2	EGR2_2	Unstimulated	PROVISIONAL_KEEP_MANUAL_PHENOCOPY_REVIEW_PENDING	false
GSE261783	GSM8151757	CTCCCAACATTCTGTT-1	Egr2	EGR2_2	Unstimulated	PROVISIONAL_KEEP_MANUAL_PHENOCOPY_REVIEW_PENDING	false
GSE261783	GSM8151757	CTGCCTAGTCCTGAAT-1	Egr2	EGR2_2	Unstimulated	PROVISIONAL_KEEP_MANUAL_PHENOCOPY_REVIEW_PENDING	false
GSE261783	GSM8151757	CTTGATTAGCCTCACG-1	Egr2	EGR2_2	Unstimulated	PROVISIONAL_KEEP_MANUAL_PHENOCOPY_REVIEW_PENDING	false
GSE261783	GSM8151757	GAAACCTTCACTACGA-1	Egr2	EGR2_2	Unstimulated	PROVISIONAL_KEEP_MANUAL_PHENOCOPY_REVIEW_PENDING	false
GSE261783	GSM8151757	GAACACTAGCCTCTGG-1	Egr2	EGR2_2	Unstimulated	PROVISIONAL_KEEP_MANUAL_PHENOCOPY_REVIEW_PENDING	false
GSE261783	GSM8151757	GAACGTTGTCACAGAG-1	Egr2	EGR2_2	Unstimulated	PROVISIONAL_KEEP_MANUAL_PHENOCOPY_REVIEW_PENDING	false
GSE261783	GSM8151757	GAACGTTTCAAGAGTA-1	Egr2	EGR2_2	Unstimulated	PROVISIONAL_KEEP_MANUAL_PHENOCOPY_REVIEW_PENDING	false
GSE261783	GSM8151757	GAAGGACTCTGTAACG-1	Egr2	EGR2_2	Unstimulated	PROVISIONAL_KEEP_MANUAL_PHENOCOPY_REVIEW_PENDING	false
GSE261783	GSM8151757	GACGTTATCGCACTCT-1	Egr2	EGR2_2	Unstimulated	PROVISIONAL_KEEP_MANUAL_PHENOCOPY_REVIEW_PENDING	false
GSE261783	GSM8151757	GACTATGAGTCATACC-1	Egr2	EGR2_2	Unstimulated	PROVISIONAL_KEEP_MANUAL_PHENOCOPY_REVIEW_PENDING	false
GSE261783	GSM8151757	GAGTTACTCCGTGGTG-1	Egr2	EGR2_2	Unstimulated	PROVISIONAL_KEEP_MANUAL_PHENOCOPY_REVIEW_PENDING	false
GSE261783	GSM8151757	GATCATGGTATGGAAT-1	Egr2	EGR2_2	Unstimulated	PROVISIONAL_KEEP_MANUAL_PHENOCOPY_REVIEW_PENDING	false
GSE261783	GSM8151757	GCAACATTCAGAGTTC-1	Egr2	EGR2_2	Unstimulated	PROVISIONAL_KEEP_MANUAL_PHENOCOPY_REVIEW_PENDING	false
GSE261783	GSM8151757	GCATCTCTCCTCACGT-1	Egr2	EGR2_2	Unstimulated	PROVISIONAL_KEEP_MANUAL_PHENOCOPY_REVIEW_PENDING	false
GSE261783	GSM8151757	GCCAGTGGTTCATCTT-1	Egr2	EGR2_2	Unstimulated	PROVISIONAL_KEEP_MANUAL_PHENOCOPY_REVIEW_PENDING	false
GSE261783	GSM8151757	GCTGGGTCATGGCTGC-1	Egr2	EGR2_2	Unstimulated	PROVISIONAL_KEEP_MANUAL_PHENOCOPY_REVIEW_PENDING	false
GSE261783	GSM8151757	GCTGGGTTCGATTGAC-1	Egr2	EGR2_2	Unstimulated	PROVISIONAL_KEEP_MANUAL_PHENOCOPY_REVIEW_PENDING	false
GSE261783	GSM8151757	GCTTCACTCGGCTATA-1	Egr2	EGR2_2	Unstimulated	PROVISIONAL_KEEP_MANUAL_PHENOCOPY_REVIEW_PENDING	false
GSE261783	GSM8151757	GGAATGGTCAGGAAAT-1	Egr2	EGR2_2	Unstimulated	PROVISIONAL_KEEP_MANUAL_PHENOCOPY_REVIEW_PENDING	false
GSE261783	GSM8151757	GGGTCACCACCGTACG-1	Egr2	EGR2_2	Unstimulated	PROVISIONAL_KEEP_MANUAL_PHENOCOPY_REVIEW_PENDING	false
GSE261783	GSM8151757	GGTTCTCCATCCAATG-1	Egr2	EGR2_2	Unstimulated	PROVISIONAL_KEEP_MANUAL_PHENOCOPY_REVIEW_PENDING	false
GSE261783	GSM8151757	GGTTGTATCGTACCTC-1	Egr2	EGR2_2	Unstimulated	PROVISIONAL_KEEP_MANUAL_PHENOCOPY_REVIEW_PENDING	false
GSE261783	GSM8151757	GTAGAAATCATTGCTT-1	Egr2	EGR2_2	Unstimulated	PROVISIONAL_KEEP_MANUAL_PHENOCOPY_REVIEW_PENDING	false
GSE261783	GSM8151757	GTAGATCCAGACACCC-1	Egr2	EGR2_2	Unstimulated	PROVISIONAL_KEEP_MANUAL_PHENOCOPY_REVIEW_PENDING	false
GSE261783	GSM8151757	GTCACGGTCACAGTGT-1	Egr2	EGR2_2	Unstimulated	PROVISIONAL_KEEP_MANUAL_PHENOCOPY_REVIEW_PENDING	false
GSE261783	GSM8151757	GTCAGCGGTATTCTCT-1	Egr2	EGR2_2	Unstimulated	PROVISIONAL_KEEP_MANUAL_PHENOCOPY_REVIEW_PENDING	false
GSE261783	GSM8151757	GTGCACGAGCTACTGT-1	Egr2	EGR2_2	Unstimulated	PROVISIONAL_KEEP_MANUAL_PHENOCOPY_REVIEW_PENDING	false
GSE261783	GSM8151757	GTTCATTGTTCTAAGC-1	Egr2	EGR2_2	Unstimulated	PROVISIONAL_KEEP_MANUAL_PHENOCOPY_REVIEW_PENDING	false
GSE261783	GSM8151757	GTTCGCTAGGTCCTGC-1	Egr2	EGR2_2	Unstimulated	PROVISIONAL_KEEP_MANUAL_PHENOCOPY_REVIEW_PENDING	false
GSE261783	GSM8151757	GTTCTATGTGCGTCGT-1	Egr2	EGR2_2	Unstimulated	PROVISIONAL_KEEP_MANUAL_PHENOCOPY_REVIEW_PENDING	false
GSE261783	GSM8151757	GTTTACTAGTCGAAGC-1	Egr2	EGR2_2	Unstimulated	PROVISIONAL_KEEP_MANUAL_PHENOCOPY_REVIEW_PENDING	false
GSE261783	GSM8151757	TACCGAACAGATAAAC-1	Egr2	EGR2_2	Unstimulated	PROVISIONAL_KEEP_MANUAL_PHENOCOPY_REVIEW_PENDING	false
GSE261783	GSM8151757	TACTTCATCCTACCAC-1	Egr2	EGR2_2	Unstimulated	PROVISIONAL_KEEP_MANUAL_PHENOCOPY_REVIEW_PENDING	false
GSE261783	GSM8151757	TAGGTTGGTCTTCAAG-1	Egr2	EGR2_2	Unstimulated	PROVISIONAL_KEEP_MANUAL_PHENOCOPY_REVIEW_PENDING	false
GSE261783	GSM8151757	TCAAGCATCACGACTA-1	Egr2	EGR2_2	Unstimulated	PROVISIONAL_KEEP_MANUAL_PHENOCOPY_REVIEW_PENDING	false
GSE261783	GSM8151757	TCACTATGTTAAGGAT-1	Egr2	EGR2_2	Unstimulated	PROVISIONAL_KEEP_MANUAL_PHENOCOPY_REVIEW_PENDING	false
GSE261783	GSM8151757	TCAGTCCGTGCTATTG-1	Egr2	EGR2_2	Unstimulated	PROVISIONAL_KEEP_MANUAL_PHENOCOPY_REVIEW_PENDING	false
GSE261783	GSM8151757	TCATGCCTCTATTCGT-1	Egr2	EGR2_2	Unstimulated	PROVISIONAL_KEEP_MANUAL_PHENOCOPY_REVIEW_PENDING	false
GSE261783	GSM8151757	TCGGGACTCATTATCC-1	Egr2	EGR2_2	Unstimulated	PROVISIONAL_KEEP_MANUAL_PHENOCOPY_REVIEW_PENDING	false
GSE261783	GSM8151757	TGAGGTTCATCTCAAG-1	Egr2	EGR2_2	Unstimulated	PROVISIONAL_KEEP_MANUAL_PHENOCOPY_REVIEW_PENDING	false
GSE261783	GSM8151757	TGATTCTGTCATCAGT-1	Egr2	EGR2_2	Unstimulated	PROVISIONAL_KEEP_MANUAL_PHENOCOPY_REVIEW_PENDING	false
GSE261783	GSM8151757	TGCATGACAAACAGGC-1	Egr2	EGR2_2	Unstimulated	PROVISIONAL_KEEP_MANUAL_PHENOCOPY_REVIEW_PENDING	false
GSE261783	GSM8151757	TGGGAGATCGATTCCC-1	Egr2	EGR2_2	Unstimulated	PROVISIONAL_KEEP_MANUAL_PHENOCOPY_REVIEW_PENDING	false
GSE261783	GSM8151757	TGGTAGTAGCTGTACT-1	Egr2	EGR2_2	Unstimulated	PROVISIONAL_KEEP_MANUAL_PHENOCOPY_REVIEW_PENDING	false
GSE261783	GSM8151757	TTCGATTCAACATCGT-1	Egr2	EGR2_2	Unstimulated	PROVISIONAL_KEEP_MANUAL_PHENOCOPY_REVIEW_PENDING	false
GSE261783	GSM8151757	TTGTGGAGTCGGTGTC-1	Egr2	EGR2_2	Unstimulated	PROVISIONAL_KEEP_MANUAL_PHENOCOPY_REVIEW_PENDING	false
GSE261783	GSM8151757	TTTAGTCCACGCACCA-1	Egr2	EGR2_2	Unstimulated	PROVISIONAL_KEEP_MANUAL_PHENOCOPY_REVIEW_PENDING	false
GSE261783	GSM8151757	TTTCCTCCAGCGACAA-1	Egr2	EGR2_2	Unstimulated	PROVISIONAL_KEEP_MANUAL_PHENOCOPY_REVIEW_PENDING	false
GSE261783	GSM8151757	TTTCGATAGAAGGCTC-1	Egr2	EGR2_2	Unstimulated	PROVISIONAL_KEEP_MANUAL_PHENOCOPY_REVIEW_PENDING	false
GSE261783	GSM8151757	TTTGACTCATACCGTA-1	Egr2	EGR2_2	Unstimulated	PROVISIONAL_KEEP_MANUAL_PHENOCOPY_REVIEW_PENDING	false
GSE261783	GSM8151757	AAAGGATGTGAACCGA-1	Egr2	EGR2_3	Unstimulated	PROVISIONAL_KEEP_MANUAL_PHENOCOPY_REVIEW_PENDING	false
GSE261783	GSM8151757	AAAGTCCGTGATACTC-1	Egr2	EGR2_3	Unstimulated	PROVISIONAL_KEEP_MANUAL_PHENOCOPY_REVIEW_PENDING	false
GSE261783	GSM8151757	AAGCGAGCACAAAGCG-1	Egr2	EGR2_3	Unstimulated	PROVISIONAL_KEEP_MANUAL_PHENOCOPY_REVIEW_PENDING	false
GSE261783	GSM8151757	AAGTCGTCATAAGATG-1	Egr2	EGR2_3	Unstimulated	PROVISIONAL_KEEP_MANUAL_PHENOCOPY_REVIEW_PENDING	false
GSE261783	GSM8151757	AAGTTCGCAGGCGAAT-1	Egr2	EGR2_3	Unstimulated	PROVISIONAL_KEEP_MANUAL_PHENOCOPY_REVIEW_PENDING	false
GSE261783	GSM8151757	AATGACCCATGACTGT-1	Egr2	EGR2_3	Unstimulated	PROVISIONAL_KEEP_MANUAL_PHENOCOPY_REVIEW_PENDING	false
GSE261783	GSM8151757	ACCTACCTCCGATCTC-1	Egr2	EGR2_3	Unstimulated	PROVISIONAL_KEEP_MANUAL_PHENOCOPY_REVIEW_PENDING	false
GSE261783	GSM8151757	ACTTAGGAGATGGTCG-1	Egr2	EGR2_3	Unstimulated	PROVISIONAL_KEEP_MANUAL_PHENOCOPY_REVIEW_PENDING	false
GSE261783	GSM8151757	AGAACAATCAGTGCGC-1	Egr2	EGR2_3	Unstimulated	PROVISIONAL_KEEP_MANUAL_PHENOCOPY_REVIEW_PENDING	false
GSE261783	GSM8151757	AGAACAATCGGACGTC-1	Egr2	EGR2_3	Unstimulated	PROVISIONAL_KEEP_MANUAL_PHENOCOPY_REVIEW_PENDING	false
GSE261783	GSM8151757	AGAAGCGCACAAGGTG-1	Egr2	EGR2_3	Unstimulated	PROVISIONAL_KEEP_MANUAL_PHENOCOPY_REVIEW_PENDING	false
GSE261783	GSM8151757	AGAAGCGCACATGGTT-1	Egr2	EGR2_3	Unstimulated	PROVISIONAL_KEEP_MANUAL_PHENOCOPY_REVIEW_PENDING	false
GSE261783	GSM8151757	AGACAGGTCCAAACCA-1	Egr2	EGR2_3	Unstimulated	PROVISIONAL_KEEP_MANUAL_PHENOCOPY_REVIEW_PENDING	false
GSE261783	GSM8151757	AGACCCGGTCGGTGAA-1	Egr2	EGR2_3	Unstimulated	PROVISIONAL_KEEP_MANUAL_PHENOCOPY_REVIEW_PENDING	false
GSE261783	GSM8151757	AGATCCAAGTCACTAC-1	Egr2	EGR2_3	Unstimulated	PROVISIONAL_KEEP_MANUAL_PHENOCOPY_REVIEW_PENDING	false
GSE261783	GSM8151757	AGCCACGGTCTTCCGT-1	Egr2	EGR2_3	Unstimulated	PROVISIONAL_KEEP_MANUAL_PHENOCOPY_REVIEW_PENDING	false
GSE261783	GSM8151757	AGCGATTTCCGGCAGT-1	Egr2	EGR2_3	Unstimulated	PROVISIONAL_KEEP_MANUAL_PHENOCOPY_REVIEW_PENDING	false
GSE261783	GSM8151757	AGCGTATAGGATTTAG-1	Egr2	EGR2_3	Unstimulated	PROVISIONAL_KEEP_MANUAL_PHENOCOPY_REVIEW_PENDING	false
GSE261783	GSM8151757	AGCTACAAGTCTGCAT-1	Egr2	EGR2_3	Unstimulated	PROVISIONAL_KEEP_MANUAL_PHENOCOPY_REVIEW_PENDING	false
GSE261783	GSM8151757	AGGCATTCATACAGCT-1	Egr2	EGR2_3	Unstimulated	PROVISIONAL_KEEP_MANUAL_PHENOCOPY_REVIEW_PENDING	false
GSE261783	GSM8151757	AGTGCCGCAGTATTCG-1	Egr2	EGR2_3	Unstimulated	PROVISIONAL_KEEP_MANUAL_PHENOCOPY_REVIEW_PENDING	false
GSE261783	GSM8151757	ATAGAGAAGGTCACCC-1	Egr2	EGR2_3	Unstimulated	PROVISIONAL_KEEP_MANUAL_PHENOCOPY_REVIEW_PENDING	false
GSE261783	GSM8151757	ATCCCTGGTCAGATTC-1	Egr2	EGR2_3	Unstimulated	PROVISIONAL_KEEP_MANUAL_PHENOCOPY_REVIEW_PENDING	false
GSE261783	GSM8151757	ATCGATGGTTCGGTCG-1	Egr2	EGR2_3	Unstimulated	PROVISIONAL_KEEP_MANUAL_PHENOCOPY_REVIEW_PENDING	false
GSE261783	GSM8151757	ATCGGATAGAGTAACT-1	Egr2	EGR2_3	Unstimulated	PROVISIONAL_KEEP_MANUAL_PHENOCOPY_REVIEW_PENDING	false
GSE261783	GSM8151757	ATGAAAGAGACAGTCG-1	Egr2	EGR2_3	Unstimulated	PROVISIONAL_KEEP_MANUAL_PHENOCOPY_REVIEW_PENDING	false
GSE261783	GSM8151757	ATGCGATAGGCCATAG-1	Egr2	EGR2_3	Unstimulated	PROVISIONAL_KEEP_MANUAL_PHENOCOPY_REVIEW_PENDING	false
GSE261783	GSM8151757	ATTCACTTCATCTCTA-1	Egr2	EGR2_3	Unstimulated	PROVISIONAL_KEEP_MANUAL_PHENOCOPY_REVIEW_PENDING	false
GSE261783	GSM8151757	CACCAAACATTATGCG-1	Egr2	EGR2_3	Unstimulated	PROVISIONAL_KEEP_MANUAL_PHENOCOPY_REVIEW_PENDING	false
GSE261783	GSM8151757	CATAAGCCAATTCTTC-1	Egr2	EGR2_3	Unstimulated	PROVISIONAL_KEEP_MANUAL_PHENOCOPY_REVIEW_PENDING	false
GSE261783	GSM8151757	CATTGCCCAAGAAACT-1	Egr2	EGR2_3	Unstimulated	PROVISIONAL_KEEP_MANUAL_PHENOCOPY_REVIEW_PENDING	false
GSE261783	GSM8151757	CCAATGAGTTCAACGT-1	Egr2	EGR2_3	Unstimulated	PROVISIONAL_KEEP_MANUAL_PHENOCOPY_REVIEW_PENDING	false
GSE261783	GSM8151757	CCAATTTCATCCTTGC-1	Egr2	EGR2_3	Unstimulated	PROVISIONAL_KEEP_MANUAL_PHENOCOPY_REVIEW_PENDING	false
GSE261783	GSM8151757	CCACAAAAGTAGTCCT-1	Egr2	EGR2_3	Unstimulated	PROVISIONAL_KEEP_MANUAL_PHENOCOPY_REVIEW_PENDING	false
GSE261783	GSM8151757	CCATAAGAGGACGCAT-1	Egr2	EGR2_3	Unstimulated	PROVISIONAL_KEEP_MANUAL_PHENOCOPY_REVIEW_PENDING	false
GSE261783	GSM8151757	CCGGGTAGTGTGTACT-1	Egr2	EGR2_3	Unstimulated	PROVISIONAL_KEEP_MANUAL_PHENOCOPY_REVIEW_PENDING	false
GSE261783	GSM8151757	CCGTAGGAGTATAACG-1	Egr2	EGR2_3	Unstimulated	PROVISIONAL_KEEP_MANUAL_PHENOCOPY_REVIEW_PENDING	false
GSE261783	GSM8151757	CCGTAGGGTCCCGGTA-1	Egr2	EGR2_3	Unstimulated	PROVISIONAL_KEEP_MANUAL_PHENOCOPY_REVIEW_PENDING	false
GSE261783	GSM8151757	CCGTGAGTCTTCTGGC-1	Egr2	EGR2_3	Unstimulated	PROVISIONAL_KEEP_MANUAL_PHENOCOPY_REVIEW_PENDING	false
GSE261783	GSM8151757	CGGGTCATCAAGTAAG-1	Egr2	EGR2_3	Unstimulated	PROVISIONAL_KEEP_MANUAL_PHENOCOPY_REVIEW_PENDING	false
GSE261783	GSM8151757	CGGTCAGCAGGTACGA-1	Egr2	EGR2_3	Unstimulated	PROVISIONAL_KEEP_MANUAL_PHENOCOPY_REVIEW_PENDING	false
GSE261783	GSM8151757	CGTTCTGCAGACCATT-1	Egr2	EGR2_3	Unstimulated	PROVISIONAL_KEEP_MANUAL_PHENOCOPY_REVIEW_PENDING	false
GSE261783	GSM8151757	CTAACTTAGGTCGTCC-1	Egr2	EGR2_3	Unstimulated	PROVISIONAL_KEEP_MANUAL_PHENOCOPY_REVIEW_PENDING	false
GSE261783	GSM8151757	CTACGGGGTACGAGTG-1	Egr2	EGR2_3	Unstimulated	PROVISIONAL_KEEP_MANUAL_PHENOCOPY_REVIEW_PENDING	false
GSE261783	GSM8151757	CTACGGGGTACGATCT-1	Egr2	EGR2_3	Unstimulated	PROVISIONAL_KEEP_MANUAL_PHENOCOPY_REVIEW_PENDING	false
GSE261783	GSM8151757	CTCAAGAAGCGACTAG-1	Egr2	EGR2_3	Unstimulated	PROVISIONAL_KEEP_MANUAL_PHENOCOPY_REVIEW_PENDING	false
GSE261783	GSM8151757	CTCCAACCAATCTGCA-1	Egr2	EGR2_3	Unstimulated	PROVISIONAL_KEEP_MANUAL_PHENOCOPY_REVIEW_PENDING	false
GSE261783	GSM8151757	CTCCCTCCAACGCCCA-1	Egr2	EGR2_3	Unstimulated	PROVISIONAL_KEEP_MANUAL_PHENOCOPY_REVIEW_PENDING	false
GSE261783	GSM8151757	CTGCCATAGAGAATCT-1	Egr2	EGR2_3	Unstimulated	PROVISIONAL_KEEP_MANUAL_PHENOCOPY_REVIEW_PENDING	false
GSE261783	GSM8151757	CTGTACCTCGGCTGTG-1	Egr2	EGR2_3	Unstimulated	PROVISIONAL_KEEP_MANUAL_PHENOCOPY_REVIEW_PENDING	false
GSE261783	GSM8151757	CTTCAATTCGGTCTAA-1	Egr2	EGR2_3	Unstimulated	PROVISIONAL_KEEP_MANUAL_PHENOCOPY_REVIEW_PENDING	false
GSE261783	GSM8151757	GAAGAATAGTCTGCAT-1	Egr2	EGR2_3	Unstimulated	PROVISIONAL_KEEP_MANUAL_PHENOCOPY_REVIEW_PENDING	false
GSE261783	GSM8151757	GAAGGGTTCTGTAACG-1	Egr2	EGR2_3	Unstimulated	PROVISIONAL_KEEP_MANUAL_PHENOCOPY_REVIEW_PENDING	false
GSE261783	GSM8151757	GACCCTTTCACACCCT-1	Egr2	EGR2_3	Unstimulated	PROVISIONAL_KEEP_MANUAL_PHENOCOPY_REVIEW_PENDING	false
GSE261783	GSM8151757	GACTCAACACGGGCTT-1	Egr2	EGR2_3	Unstimulated	PROVISIONAL_KEEP_MANUAL_PHENOCOPY_REVIEW_PENDING	false
GSE261783	GSM8151757	GAGCCTGAGTAGTGCG-1	Egr2	EGR2_3	Unstimulated	PROVISIONAL_KEEP_MANUAL_PHENOCOPY_REVIEW_PENDING	false
GSE261783	GSM8151757	GAGGGATTCCTGTTGC-1	Egr2	EGR2_3	Unstimulated	PROVISIONAL_KEEP_MANUAL_PHENOCOPY_REVIEW_PENDING	false
GSE261783	GSM8151757	GAGGGATTCGCAGAGA-1	Egr2	EGR2_3	Unstimulated	PROVISIONAL_KEEP_MANUAL_PHENOCOPY_REVIEW_PENDING	false
GSE261783	GSM8151757	GATTGGTGTTGTGTTG-1	Egr2	EGR2_3	Unstimulated	PROVISIONAL_KEEP_MANUAL_PHENOCOPY_REVIEW_PENDING	false
GSE261783	GSM8151757	GCACATAGTGGAATGC-1	Egr2	EGR2_3	Unstimulated	PROVISIONAL_KEEP_MANUAL_PHENOCOPY_REVIEW_PENDING	false
GSE261783	GSM8151757	GCATGATTCGCGTCGA-1	Egr2	EGR2_3	Unstimulated	PROVISIONAL_KEEP_MANUAL_PHENOCOPY_REVIEW_PENDING	false
GSE261783	GSM8151757	GCCAGCATCCACGGAC-1	Egr2	EGR2_3	Unstimulated	PROVISIONAL_KEEP_MANUAL_PHENOCOPY_REVIEW_PENDING	false
GSE261783	GSM8151757	GCCATTCCAAGGCTTT-1	Egr2	EGR2_3	Unstimulated	PROVISIONAL_KEEP_MANUAL_PHENOCOPY_REVIEW_PENDING	false
GSE261783	GSM8151757	GCGTGCACAGCTACAT-1	Egr2	EGR2_3	Unstimulated	PROVISIONAL_KEEP_MANUAL_PHENOCOPY_REVIEW_PENDING	false
GSE261783	GSM8151757	GCGTTTCTCTGAGGTT-1	Egr2	EGR2_3	Unstimulated	PROVISIONAL_KEEP_MANUAL_PHENOCOPY_REVIEW_PENDING	false
GSE261783	GSM8151757	GCTACCTTCGAAATCC-1	Egr2	EGR2_3	Unstimulated	PROVISIONAL_KEEP_MANUAL_PHENOCOPY_REVIEW_PENDING	false
GSE261783	GSM8151757	GTAGAAAAGTGATTCC-1	Egr2	EGR2_3	Unstimulated	PROVISIONAL_KEEP_MANUAL_PHENOCOPY_REVIEW_PENDING	false
GSE261783	GSM8151757	GTAGGAGAGAAACTCA-1	Egr2	EGR2_3	Unstimulated	PROVISIONAL_KEEP_MANUAL_PHENOCOPY_REVIEW_PENDING	false
GSE261783	GSM8151757	GTAGTACGTGGCAGAT-1	Egr2	EGR2_3	Unstimulated	PROVISIONAL_KEEP_MANUAL_PHENOCOPY_REVIEW_PENDING	false
GSE261783	GSM8151757	GTATTTCAGGTTGCCC-1	Egr2	EGR2_3	Unstimulated	PROVISIONAL_KEEP_MANUAL_PHENOCOPY_REVIEW_PENDING	false
GSE261783	GSM8151757	GTCATCCCAACAGAGC-1	Egr2	EGR2_3	Unstimulated	PROVISIONAL_KEEP_MANUAL_PHENOCOPY_REVIEW_PENDING	false
GSE261783	GSM8151757	GTGAGTTCACGTAGTT-1	Egr2	EGR2_3	Unstimulated	PROVISIONAL_KEEP_MANUAL_PHENOCOPY_REVIEW_PENDING	false
GSE261783	GSM8151757	GTGTTAGAGAGTTCGG-1	Egr2	EGR2_3	Unstimulated	PROVISIONAL_KEEP_MANUAL_PHENOCOPY_REVIEW_PENDING	false
GSE261783	GSM8151757	GTGTTCCCAGTCAGCC-1	Egr2	EGR2_3	Unstimulated	PROVISIONAL_KEEP_MANUAL_PHENOCOPY_REVIEW_PENDING	false
GSE261783	GSM8151757	TACCCACTCCACACAA-1	Egr2	EGR2_3	Unstimulated	PROVISIONAL_KEEP_MANUAL_PHENOCOPY_REVIEW_PENDING	false
GSE261783	GSM8151757	TACTGCCCAAATTGGA-1	Egr2	EGR2_3	Unstimulated	PROVISIONAL_KEEP_MANUAL_PHENOCOPY_REVIEW_PENDING	false
GSE261783	GSM8151757	TACTTGTGTGGACAGT-1	Egr2	EGR2_3	Unstimulated	PROVISIONAL_KEEP_MANUAL_PHENOCOPY_REVIEW_PENDING	false
GSE261783	GSM8151757	TACTTGTTCGCATTGA-1	Egr2	EGR2_3	Unstimulated	PROVISIONAL_KEEP_MANUAL_PHENOCOPY_REVIEW_PENDING	false
GSE261783	GSM8151757	TATCGCCTCATGCATG-1	Egr2	EGR2_3	Unstimulated	PROVISIONAL_KEEP_MANUAL_PHENOCOPY_REVIEW_PENDING	false
GSE261783	GSM8151757	TCAAGCATCGTGGGTC-1	Egr2	EGR2_3	Unstimulated	PROVISIONAL_KEEP_MANUAL_PHENOCOPY_REVIEW_PENDING	false
GSE261783	GSM8151757	TCAGGTATCCGACAGC-1	Egr2	EGR2_3	Unstimulated	PROVISIONAL_KEEP_MANUAL_PHENOCOPY_REVIEW_PENDING	false
GSE261783	GSM8151757	TCCACGTGTGTCATGT-1	Egr2	EGR2_3	Unstimulated	PROVISIONAL_KEEP_MANUAL_PHENOCOPY_REVIEW_PENDING	false
GSE261783	GSM8151757	TCCCAGTGTGTTATCG-1	Egr2	EGR2_3	Unstimulated	PROVISIONAL_KEEP_MANUAL_PHENOCOPY_REVIEW_PENDING	false
GSE261783	GSM8151757	TCCTTCTCAGAACCGA-1	Egr2	EGR2_3	Unstimulated	PROVISIONAL_KEEP_MANUAL_PHENOCOPY_REVIEW_PENDING	false
GSE261783	GSM8151757	TCGACGGCAGGTTCAT-1	Egr2	EGR2_3	Unstimulated	PROVISIONAL_KEEP_MANUAL_PHENOCOPY_REVIEW_PENDING	false
GSE261783	GSM8151757	TCGTAGACATACAGGG-1	Egr2	EGR2_3	Unstimulated	PROVISIONAL_KEEP_MANUAL_PHENOCOPY_REVIEW_PENDING	false
GSE261783	GSM8151757	TCTACCGAGCGATGCA-1	Egr2	EGR2_3	Unstimulated	PROVISIONAL_KEEP_MANUAL_PHENOCOPY_REVIEW_PENDING	false
GSE261783	GSM8151757	TCTTCCTAGTAACGAT-1	Egr2	EGR2_3	Unstimulated	PROVISIONAL_KEEP_MANUAL_PHENOCOPY_REVIEW_PENDING	false
GSE261783	GSM8151757	TCTTTGAGTGCAAGAC-1	Egr2	EGR2_3	Unstimulated	PROVISIONAL_KEEP_MANUAL_PHENOCOPY_REVIEW_PENDING	false
GSE261783	GSM8151757	TGACAGTGTGGTTCTA-1	Egr2	EGR2_3	Unstimulated	PROVISIONAL_KEEP_MANUAL_PHENOCOPY_REVIEW_PENDING	false
GSE261783	GSM8151757	TGACGCGAGTGTAGAT-1	Egr2	EGR2_3	Unstimulated	PROVISIONAL_KEEP_MANUAL_PHENOCOPY_REVIEW_PENDING	false
GSE261783	GSM8151757	TGAGGTTAGCGGTAAC-1	Egr2	EGR2_3	Unstimulated	PROVISIONAL_KEEP_MANUAL_PHENOCOPY_REVIEW_PENDING	false
GSE261783	GSM8151757	TGGAACTTCTTACCAT-1	Egr2	EGR2_3	Unstimulated	PROVISIONAL_KEEP_MANUAL_PHENOCOPY_REVIEW_PENDING	false
GSE261783	GSM8151757	TGGGCTGAGAAGTCAT-1	Egr2	EGR2_3	Unstimulated	PROVISIONAL_KEEP_MANUAL_PHENOCOPY_REVIEW_PENDING	false
GSE261783	GSM8151757	TGTAGACCAACAAGTA-1	Egr2	EGR2_3	Unstimulated	PROVISIONAL_KEEP_MANUAL_PHENOCOPY_REVIEW_PENDING	false
GSE261783	GSM8151757	TTACAGGTCCACACAA-1	Egr2	EGR2_3	Unstimulated	PROVISIONAL_KEEP_MANUAL_PHENOCOPY_REVIEW_PENDING	false
GSE261783	GSM8151757	TTCAGGATCATGAGTC-1	Egr2	EGR2_3	Unstimulated	PROVISIONAL_KEEP_MANUAL_PHENOCOPY_REVIEW_PENDING	false
GSE261783	GSM8151757	TTCCAATTCTTGATTC-1	Egr2	EGR2_3	Unstimulated	PROVISIONAL_KEEP_MANUAL_PHENOCOPY_REVIEW_PENDING	false
GSE261783	GSM8151757	TTGGTTTAGAACGCGT-1	Egr2	EGR2_3	Unstimulated	PROVISIONAL_KEEP_MANUAL_PHENOCOPY_REVIEW_PENDING	false
GSE261783	GSM8151757	TTGTTCATCTTGCAAG-1	Egr2	EGR2_3	Unstimulated	PROVISIONAL_KEEP_MANUAL_PHENOCOPY_REVIEW_PENDING	false
GSE261783	GSM8151757	TTTCCTCAGGAAAGTG-1	Egr2	EGR2_3	Unstimulated	PROVISIONAL_KEEP_MANUAL_PHENOCOPY_REVIEW_PENDING	false
GSE261783	GSM8151757	AACGGGAGTACCCGCA-1	Hcfc1	Hcfc1_As_49709	Unstimulated	PROVISIONAL_KEEP_MANUAL_PHENOCOPY_REVIEW_PENDING	false
GSE261783	GSM8151757	AGGGTGACAATAGTGA-1	Hcfc1	Hcfc1_As_49709	Unstimulated	PROVISIONAL_KEEP_MANUAL_PHENOCOPY_REVIEW_PENDING	false
GSE261783	GSM8151757	AGTACTGAGGGACTGT-1	Hcfc1	Hcfc1_As_49709	Unstimulated	PROVISIONAL_KEEP_MANUAL_PHENOCOPY_REVIEW_PENDING	false
GSE261783	GSM8151757	AGTGATCCACCGCTGA-1	Hcfc1	Hcfc1_As_49709	Unstimulated	PROVISIONAL_KEEP_MANUAL_PHENOCOPY_REVIEW_PENDING	false
GSE261783	GSM8151757	ATCAGGTAGTTTAGGA-1	Hcfc1	Hcfc1_As_49709	Unstimulated	PROVISIONAL_KEEP_MANUAL_PHENOCOPY_REVIEW_PENDING	false
GSE261783	GSM8151757	ATCCACCCATCCGTGG-1	Hcfc1	Hcfc1_As_49709	Unstimulated	PROVISIONAL_KEEP_MANUAL_PHENOCOPY_REVIEW_PENDING	false
GSE261783	GSM8151757	ATCCCTGGTAACATGA-1	Hcfc1	Hcfc1_As_49709	Unstimulated	PROVISIONAL_KEEP_MANUAL_PHENOCOPY_REVIEW_PENDING	false
GSE261783	GSM8151757	ATCGTCCTCTTAATCC-1	Hcfc1	Hcfc1_As_49709	Unstimulated	PROVISIONAL_KEEP_MANUAL_PHENOCOPY_REVIEW_PENDING	false
GSE261783	GSM8151757	ATCTTCAGTGGATCAG-1	Hcfc1	Hcfc1_As_49709	Unstimulated	PROVISIONAL_KEEP_MANUAL_PHENOCOPY_REVIEW_PENDING	false
GSE261783	GSM8151757	ATGTCTTTCTAGACCA-1	Hcfc1	Hcfc1_As_49709	Unstimulated	PROVISIONAL_KEEP_MANUAL_PHENOCOPY_REVIEW_PENDING	false
GSE261783	GSM8151757	CATTTCAGTCATCACA-1	Hcfc1	Hcfc1_As_49709	Unstimulated	PROVISIONAL_KEEP_MANUAL_PHENOCOPY_REVIEW_PENDING	false
GSE261783	GSM8151757	CCACTTGAGAGCCTGA-1	Hcfc1	Hcfc1_As_49709	Unstimulated	PROVISIONAL_KEEP_MANUAL_PHENOCOPY_REVIEW_PENDING	false
GSE261783	GSM8151757	CCGCAAGGTACCTTCC-1	Hcfc1	Hcfc1_As_49709	Unstimulated	PROVISIONAL_KEEP_MANUAL_PHENOCOPY_REVIEW_PENDING	false
GSE261783	GSM8151757	CCTACGTGTGACTCTA-1	Hcfc1	Hcfc1_As_49709	Unstimulated	PROVISIONAL_KEEP_MANUAL_PHENOCOPY_REVIEW_PENDING	false
GSE261783	GSM8151757	CGAAGTTTCGAACGCC-1	Hcfc1	Hcfc1_As_49709	Unstimulated	PROVISIONAL_KEEP_MANUAL_PHENOCOPY_REVIEW_PENDING	false
GSE261783	GSM8151757	CGTGAATCAGGTACGA-1	Hcfc1	Hcfc1_As_49709	Unstimulated	PROVISIONAL_KEEP_MANUAL_PHENOCOPY_REVIEW_PENDING	false
GSE261783	GSM8151757	CTAAGTGGTGTTCCAA-1	Hcfc1	Hcfc1_As_49709	Unstimulated	PROVISIONAL_KEEP_MANUAL_PHENOCOPY_REVIEW_PENDING	false
GSE261783	GSM8151757	CTGCAGGTCCCTCAAC-1	Hcfc1	Hcfc1_As_49709	Unstimulated	PROVISIONAL_KEEP_MANUAL_PHENOCOPY_REVIEW_PENDING	false
GSE261783	GSM8151757	CTGGTCTGTGAATGTA-1	Hcfc1	Hcfc1_As_49709	Unstimulated	PROVISIONAL_KEEP_MANUAL_PHENOCOPY_REVIEW_PENDING	false
GSE261783	GSM8151757	GACCGTGGTGTAAACA-1	Hcfc1	Hcfc1_As_49709	Unstimulated	PROVISIONAL_KEEP_MANUAL_PHENOCOPY_REVIEW_PENDING	false
GSE261783	GSM8151757	GAGTTGTAGGATTACA-1	Hcfc1	Hcfc1_As_49709	Unstimulated	PROVISIONAL_KEEP_MANUAL_PHENOCOPY_REVIEW_PENDING	false
GSE261783	GSM8151757	GATCAGTTCTGACAGT-1	Hcfc1	Hcfc1_As_49709	Unstimulated	PROVISIONAL_KEEP_MANUAL_PHENOCOPY_REVIEW_PENDING	false
GSE261783	GSM8151757	GATGAGGTCATACGGT-1	Hcfc1	Hcfc1_As_49709	Unstimulated	PROVISIONAL_KEEP_MANUAL_PHENOCOPY_REVIEW_PENDING	false
GSE261783	GSM8151757	GCCATTCGTTTGGCTA-1	Hcfc1	Hcfc1_As_49709	Unstimulated	PROVISIONAL_KEEP_MANUAL_PHENOCOPY_REVIEW_PENDING	false
GSE261783	GSM8151757	GCGTTTCAGATTCGCT-1	Hcfc1	Hcfc1_As_49709	Unstimulated	PROVISIONAL_KEEP_MANUAL_PHENOCOPY_REVIEW_PENDING	false
GSE261783	GSM8151757	GCTGAATGTCGGTAAG-1	Hcfc1	Hcfc1_As_49709	Unstimulated	PROVISIONAL_KEEP_MANUAL_PHENOCOPY_REVIEW_PENDING	false
GSE261783	GSM8151757	GCTTTCGTCGGCCAAC-1	Hcfc1	Hcfc1_As_49709	Unstimulated	PROVISIONAL_KEEP_MANUAL_PHENOCOPY_REVIEW_PENDING	false
GSE261783	GSM8151757	GGGTGTCTCAACTGGT-1	Hcfc1	Hcfc1_As_49709	Unstimulated	PROVISIONAL_KEEP_MANUAL_PHENOCOPY_REVIEW_PENDING	false
GSE261783	GSM8151757	TATGTTCGTCTTTCAT-1	Hcfc1	Hcfc1_As_49709	Unstimulated	PROVISIONAL_KEEP_MANUAL_PHENOCOPY_REVIEW_PENDING	false
GSE261783	GSM8151757	TCAAGCACATGAGAAT-1	Hcfc1	Hcfc1_As_49709	Unstimulated	PROVISIONAL_KEEP_MANUAL_PHENOCOPY_REVIEW_PENDING	false
GSE261783	GSM8151757	TCAATTCGTCGGCCTA-1	Hcfc1	Hcfc1_As_49709	Unstimulated	PROVISIONAL_KEEP_MANUAL_PHENOCOPY_REVIEW_PENDING	false
GSE261783	GSM8151757	TCATTGTGTAATGTGA-1	Hcfc1	Hcfc1_As_49709	Unstimulated	PROVISIONAL_KEEP_MANUAL_PHENOCOPY_REVIEW_PENDING	false
GSE261783	GSM8151757	TCGTAGATCTTGGAAC-1	Hcfc1	Hcfc1_As_49709	Unstimulated	PROVISIONAL_KEEP_MANUAL_PHENOCOPY_REVIEW_PENDING	false
GSE261783	GSM8151757	TCTCAGCTCTTGGATG-1	Hcfc1	Hcfc1_As_49709	Unstimulated	PROVISIONAL_KEEP_MANUAL_PHENOCOPY_REVIEW_PENDING	false
GSE261783	GSM8151757	TGAATCGTCGAGAAGC-1	Hcfc1	Hcfc1_As_49709	Unstimulated	PROVISIONAL_KEEP_MANUAL_PHENOCOPY_REVIEW_PENDING	false
GSE261783	GSM8151757	TGCGATAAGATAGGGA-1	Hcfc1	Hcfc1_As_49709	Unstimulated	PROVISIONAL_KEEP_MANUAL_PHENOCOPY_REVIEW_PENDING	false
GSE261783	GSM8151757	TGGATGTCACTGAGTT-1	Hcfc1	Hcfc1_As_49709	Unstimulated	PROVISIONAL_KEEP_MANUAL_PHENOCOPY_REVIEW_PENDING	false
GSE261783	GSM8151757	TGGGAAGTCCCTTCCC-1	Hcfc1	Hcfc1_As_49709	Unstimulated	PROVISIONAL_KEEP_MANUAL_PHENOCOPY_REVIEW_PENDING	false
GSE261783	GSM8151757	TGTCCACTCTTCCAGC-1	Hcfc1	Hcfc1_As_49709	Unstimulated	PROVISIONAL_KEEP_MANUAL_PHENOCOPY_REVIEW_PENDING	false
GSE261783	GSM8151757	TTGTTTGTCCCATACC-1	Hcfc1	Hcfc1_As_49709	Unstimulated	PROVISIONAL_KEEP_MANUAL_PHENOCOPY_REVIEW_PENDING	false
GSE261783	GSM8151757	AACAAAGGTTGGTAGG-1	Hcfc1	Hcfc1_As_49711	Unstimulated	PROVISIONAL_KEEP_MANUAL_PHENOCOPY_REVIEW_PENDING	false
GSE261783	GSM8151757	AACCAACAGCAATAAC-1	Hcfc1	Hcfc1_As_49711	Unstimulated	PROVISIONAL_KEEP_MANUAL_PHENOCOPY_REVIEW_PENDING	false
GSE261783	GSM8151757	AACCAACGTTCAACGT-1	Hcfc1	Hcfc1_As_49711	Unstimulated	PROVISIONAL_KEEP_MANUAL_PHENOCOPY_REVIEW_PENDING	false
GSE261783	GSM8151757	AATCACGGTTATGTCG-1	Hcfc1	Hcfc1_As_49711	Unstimulated	PROVISIONAL_KEEP_MANUAL_PHENOCOPY_REVIEW_PENDING	false
GSE261783	GSM8151757	AGAACAAAGGTGCGAT-1	Hcfc1	Hcfc1_As_49711	Unstimulated	PROVISIONAL_KEEP_MANUAL_PHENOCOPY_REVIEW_PENDING	false
GSE261783	GSM8151757	AGATGAAAGGACACTG-1	Hcfc1	Hcfc1_As_49711	Unstimulated	PROVISIONAL_KEEP_MANUAL_PHENOCOPY_REVIEW_PENDING	false
GSE261783	GSM8151757	AGGTTGTAGCCTCGTG-1	Hcfc1	Hcfc1_As_49711	Unstimulated	PROVISIONAL_KEEP_MANUAL_PHENOCOPY_REVIEW_PENDING	false
GSE261783	GSM8151757	AGTGATCAGAGTGTTA-1	Hcfc1	Hcfc1_As_49711	Unstimulated	PROVISIONAL_KEEP_MANUAL_PHENOCOPY_REVIEW_PENDING	false
GSE261783	GSM8151757	ATCATTCGTCACATTG-1	Hcfc1	Hcfc1_As_49711	Unstimulated	PROVISIONAL_KEEP_MANUAL_PHENOCOPY_REVIEW_PENDING	false
GSE261783	GSM8151757	ATCCTATTCCCTCTCC-1	Hcfc1	Hcfc1_As_49711	Unstimulated	PROVISIONAL_KEEP_MANUAL_PHENOCOPY_REVIEW_PENDING	false
GSE261783	GSM8151757	ATGACCATCGGAATGG-1	Hcfc1	Hcfc1_As_49711	Unstimulated	PROVISIONAL_KEEP_MANUAL_PHENOCOPY_REVIEW_PENDING	false
GSE261783	GSM8151757	ATTTCTGTCTGGTGGC-1	Hcfc1	Hcfc1_As_49711	Unstimulated	PROVISIONAL_KEEP_MANUAL_PHENOCOPY_REVIEW_PENDING	false
GSE261783	GSM8151757	CAAGACTAGAGTCTTC-1	Hcfc1	Hcfc1_As_49711	Unstimulated	PROVISIONAL_KEEP_MANUAL_PHENOCOPY_REVIEW_PENDING	false
GSE261783	GSM8151757	CATACAGAGCGCCATC-1	Hcfc1	Hcfc1_As_49711	Unstimulated	PROVISIONAL_KEEP_MANUAL_PHENOCOPY_REVIEW_PENDING	false
GSE261783	GSM8151757	CCCTCTCTCTACTCAT-1	Hcfc1	Hcfc1_As_49711	Unstimulated	PROVISIONAL_KEEP_MANUAL_PHENOCOPY_REVIEW_PENDING	false
GSE261783	GSM8151757	CCTACGTAGCACCGAA-1	Hcfc1	Hcfc1_As_49711	Unstimulated	PROVISIONAL_KEEP_MANUAL_PHENOCOPY_REVIEW_PENDING	false
GSE261783	GSM8151757	CGAGTTACAATTCTTC-1	Hcfc1	Hcfc1_As_49711	Unstimulated	PROVISIONAL_KEEP_MANUAL_PHENOCOPY_REVIEW_PENDING	false
GSE261783	GSM8151757	CTCATGCGTCAGTTTG-1	Hcfc1	Hcfc1_As_49711	Unstimulated	PROVISIONAL_KEEP_MANUAL_PHENOCOPY_REVIEW_PENDING	false
GSE261783	GSM8151757	CTGAGCGCACTTCATT-1	Hcfc1	Hcfc1_As_49711	Unstimulated	PROVISIONAL_KEEP_MANUAL_PHENOCOPY_REVIEW_PENDING	false
GSE261783	GSM8151757	CTTTCAATCATTGCGA-1	Hcfc1	Hcfc1_As_49711	Unstimulated	PROVISIONAL_KEEP_MANUAL_PHENOCOPY_REVIEW_PENDING	false
GSE261783	GSM8151757	GACAGCCTCTGACGCG-1	Hcfc1	Hcfc1_As_49711	Unstimulated	PROVISIONAL_KEEP_MANUAL_PHENOCOPY_REVIEW_PENDING	false
GSE261783	GSM8151757	GACATCACATATCTCT-1	Hcfc1	Hcfc1_As_49711	Unstimulated	PROVISIONAL_KEEP_MANUAL_PHENOCOPY_REVIEW_PENDING	false
GSE261783	GSM8151757	GACCCAGTCTAGGCAT-1	Hcfc1	Hcfc1_As_49711	Unstimulated	PROVISIONAL_KEEP_MANUAL_PHENOCOPY_REVIEW_PENDING	false
GSE261783	GSM8151757	GAGAAATGTTAGGGAC-1	Hcfc1	Hcfc1_As_49711	Unstimulated	PROVISIONAL_KEEP_MANUAL_PHENOCOPY_REVIEW_PENDING	false
GSE261783	GSM8151757	GATTGGTAGAGTCACG-1	Hcfc1	Hcfc1_As_49711	Unstimulated	PROVISIONAL_KEEP_MANUAL_PHENOCOPY_REVIEW_PENDING	false
GSE261783	GSM8151757	GATTTCTTCCCAGTGG-1	Hcfc1	Hcfc1_As_49711	Unstimulated	PROVISIONAL_KEEP_MANUAL_PHENOCOPY_REVIEW_PENDING	false
GSE261783	GSM8151757	GCCATGGGTCGTTATG-1	Hcfc1	Hcfc1_As_49711	Unstimulated	PROVISIONAL_KEEP_MANUAL_PHENOCOPY_REVIEW_PENDING	false
GSE261783	GSM8151757	GCGGAAACAGGCCTGT-1	Hcfc1	Hcfc1_As_49711	Unstimulated	PROVISIONAL_KEEP_MANUAL_PHENOCOPY_REVIEW_PENDING	false
GSE261783	GSM8151757	GGACGTCGTTGACTAC-1	Hcfc1	Hcfc1_As_49711	Unstimulated	PROVISIONAL_KEEP_MANUAL_PHENOCOPY_REVIEW_PENDING	false
GSE261783	GSM8151757	GGAGGTAGTCGGCTAC-1	Hcfc1	Hcfc1_As_49711	Unstimulated	PROVISIONAL_KEEP_MANUAL_PHENOCOPY_REVIEW_PENDING	false
GSE261783	GSM8151757	GGGCGTTGTATCCTTT-1	Hcfc1	Hcfc1_As_49711	Unstimulated	PROVISIONAL_KEEP_MANUAL_PHENOCOPY_REVIEW_PENDING	false
GSE261783	GSM8151757	GTGTTAGGTTGTATGC-1	Hcfc1	Hcfc1_As_49711	Unstimulated	PROVISIONAL_KEEP_MANUAL_PHENOCOPY_REVIEW_PENDING	false
GSE261783	GSM8151757	TACACCCTCGGAGATG-1	Hcfc1	Hcfc1_As_49711	Unstimulated	PROVISIONAL_KEEP_MANUAL_PHENOCOPY_REVIEW_PENDING	false
GSE261783	GSM8151757	TCAAGTGAGTGACCTT-1	Hcfc1	Hcfc1_As_49711	Unstimulated	PROVISIONAL_KEEP_MANUAL_PHENOCOPY_REVIEW_PENDING	false
GSE261783	GSM8151757	TCATTTGAGGTAACTA-1	Hcfc1	Hcfc1_As_49711	Unstimulated	PROVISIONAL_KEEP_MANUAL_PHENOCOPY_REVIEW_PENDING	false
GSE261783	GSM8151757	TCGTAGACAATGTCTG-1	Hcfc1	Hcfc1_As_49711	Unstimulated	PROVISIONAL_KEEP_MANUAL_PHENOCOPY_REVIEW_PENDING	false
GSE261783	GSM8151757	TCTGTCGAGACCATGG-1	Hcfc1	Hcfc1_As_49711	Unstimulated	PROVISIONAL_KEEP_MANUAL_PHENOCOPY_REVIEW_PENDING	false
GSE261783	GSM8151757	TGCATGATCTCTTGCG-1	Hcfc1	Hcfc1_As_49711	Unstimulated	PROVISIONAL_KEEP_MANUAL_PHENOCOPY_REVIEW_PENDING	false
GSE261783	GSM8151757	TGGGATTCACGGTGCT-1	Hcfc1	Hcfc1_As_49711	Unstimulated	PROVISIONAL_KEEP_MANUAL_PHENOCOPY_REVIEW_PENDING	false
GSE261783	GSM8151757	TTAGTCTGTGGTCCCA-1	Hcfc1	Hcfc1_As_49711	Unstimulated	PROVISIONAL_KEEP_MANUAL_PHENOCOPY_REVIEW_PENDING	false
GSE261783	GSM8151757	TTCTTGAGTCTCTCCA-1	Hcfc1	Hcfc1_As_49711	Unstimulated	PROVISIONAL_KEEP_MANUAL_PHENOCOPY_REVIEW_PENDING	false
GSE261783	GSM8151757	AACTTCTCACTAGTAC-1	Ino80	Ino80_As_46860	Unstimulated	PROVISIONAL_KEEP_MANUAL_PHENOCOPY_REVIEW_PENDING	false
GSE261783	GSM8151757	AATGAAGGTTCGATTG-1	Ino80	Ino80_As_46860	Unstimulated	PROVISIONAL_KEEP_MANUAL_PHENOCOPY_REVIEW_PENDING	false
GSE261783	GSM8151757	ACACTGAGTGCTCTCT-1	Ino80	Ino80_As_46860	Unstimulated	PROVISIONAL_KEEP_MANUAL_PHENOCOPY_REVIEW_PENDING	false
GSE261783	GSM8151757	ACATCGAGTGGTAACG-1	Ino80	Ino80_As_46860	Unstimulated	PROVISIONAL_KEEP_MANUAL_PHENOCOPY_REVIEW_PENDING	false
GSE261783	GSM8151757	ACGGTTATCGAGTCCG-1	Ino80	Ino80_As_46860	Unstimulated	PROVISIONAL_KEEP_MANUAL_PHENOCOPY_REVIEW_PENDING	false
GSE261783	GSM8151757	ACGTTCCCAAGAAACT-1	Ino80	Ino80_As_46860	Unstimulated	PROVISIONAL_KEEP_MANUAL_PHENOCOPY_REVIEW_PENDING	false
GSE261783	GSM8151757	AGAACAAGTCTTCCGT-1	Ino80	Ino80_As_46860	Unstimulated	PROVISIONAL_KEEP_MANUAL_PHENOCOPY_REVIEW_PENDING	false
GSE261783	GSM8151757	AGCTCAATCTGTCCGT-1	Ino80	Ino80_As_46860	Unstimulated	PROVISIONAL_KEEP_MANUAL_PHENOCOPY_REVIEW_PENDING	false
GSE261783	GSM8151757	AGGGTCCGTCCAGCAC-1	Ino80	Ino80_As_46860	Unstimulated	PROVISIONAL_KEEP_MANUAL_PHENOCOPY_REVIEW_PENDING	false
GSE261783	GSM8151757	AGGTAGGTCACTCACC-1	Ino80	Ino80_As_46860	Unstimulated	PROVISIONAL_KEEP_MANUAL_PHENOCOPY_REVIEW_PENDING	false
GSE261783	GSM8151757	AGTAGCTTCGTGCATA-1	Ino80	Ino80_As_46860	Unstimulated	PROVISIONAL_KEEP_MANUAL_PHENOCOPY_REVIEW_PENDING	false
GSE261783	GSM8151757	ATACCGAGTCAGACGA-1	Ino80	Ino80_As_46860	Unstimulated	PROVISIONAL_KEEP_MANUAL_PHENOCOPY_REVIEW_PENDING	false
GSE261783	GSM8151757	ATTCAGGTCTCCTGAC-1	Ino80	Ino80_As_46860	Unstimulated	PROVISIONAL_KEEP_MANUAL_PHENOCOPY_REVIEW_PENDING	false
GSE261783	GSM8151757	ATTCTACTCCTACACC-1	Ino80	Ino80_As_46860	Unstimulated	PROVISIONAL_KEEP_MANUAL_PHENOCOPY_REVIEW_PENDING	false
GSE261783	GSM8151757	CAACAACTCAAATGCC-1	Ino80	Ino80_As_46860	Unstimulated	PROVISIONAL_KEEP_MANUAL_PHENOCOPY_REVIEW_PENDING	false
GSE261783	GSM8151757	CAGATACCATCAGCGC-1	Ino80	Ino80_As_46860	Unstimulated	PROVISIONAL_KEEP_MANUAL_PHENOCOPY_REVIEW_PENDING	false
GSE261783	GSM8151757	CATGCCTCAATGGCAG-1	Ino80	Ino80_As_46860	Unstimulated	PROVISIONAL_KEEP_MANUAL_PHENOCOPY_REVIEW_PENDING	false
GSE261783	GSM8151757	CATGCCTGTGTACATC-1	Ino80	Ino80_As_46860	Unstimulated	PROVISIONAL_KEEP_MANUAL_PHENOCOPY_REVIEW_PENDING	false
GSE261783	GSM8151757	CCACGAGGTCCTCATC-1	Ino80	Ino80_As_46860	Unstimulated	PROVISIONAL_KEEP_MANUAL_PHENOCOPY_REVIEW_PENDING	false
GSE261783	GSM8151757	CCCTCTCGTAGCGATG-1	Ino80	Ino80_As_46860	Unstimulated	PROVISIONAL_KEEP_MANUAL_PHENOCOPY_REVIEW_PENDING	false
GSE261783	GSM8151757	CCGATCTGTCTCAGGC-1	Ino80	Ino80_As_46860	Unstimulated	PROVISIONAL_KEEP_MANUAL_PHENOCOPY_REVIEW_PENDING	false
GSE261783	GSM8151757	CCTCCAAAGGGACACT-1	Ino80	Ino80_As_46860	Unstimulated	PROVISIONAL_KEEP_MANUAL_PHENOCOPY_REVIEW_PENDING	false
GSE261783	GSM8151757	CGGTCAGCACCACATA-1	Ino80	Ino80_As_46860	Unstimulated	PROVISIONAL_KEEP_MANUAL_PHENOCOPY_REVIEW_PENDING	false
GSE261783	GSM8151757	CTGTGGGAGGCCATAG-1	Ino80	Ino80_As_46860	Unstimulated	PROVISIONAL_KEEP_MANUAL_PHENOCOPY_REVIEW_PENDING	false
GSE261783	GSM8151757	GAAGTAACAGAACTCT-1	Ino80	Ino80_As_46860	Unstimulated	PROVISIONAL_KEEP_MANUAL_PHENOCOPY_REVIEW_PENDING	false
GSE261783	GSM8151757	GAGAGGTGTAGGCAGT-1	Ino80	Ino80_As_46860	Unstimulated	PROVISIONAL_KEEP_MANUAL_PHENOCOPY_REVIEW_PENDING	false
GSE261783	GSM8151757	GATCAGTTCCCTCGTA-1	Ino80	Ino80_As_46860	Unstimulated	PROVISIONAL_KEEP_MANUAL_PHENOCOPY_REVIEW_PENDING	false
GSE261783	GSM8151757	GCCAGGTTCTGACCCT-1	Ino80	Ino80_As_46860	Unstimulated	PROVISIONAL_KEEP_MANUAL_PHENOCOPY_REVIEW_PENDING	false
GSE261783	GSM8151757	GCCCGAATCCGTGACG-1	Ino80	Ino80_As_46860	Unstimulated	PROVISIONAL_KEEP_MANUAL_PHENOCOPY_REVIEW_PENDING	false
GSE261783	GSM8151757	GCGTGCACACTCAGAT-1	Ino80	Ino80_As_46860	Unstimulated	PROVISIONAL_KEEP_MANUAL_PHENOCOPY_REVIEW_PENDING	false
GSE261783	GSM8151757	GGAGGATCACACCGCA-1	Ino80	Ino80_As_46860	Unstimulated	PROVISIONAL_KEEP_MANUAL_PHENOCOPY_REVIEW_PENDING	false
GSE261783	GSM8151757	GGTGGCTCAGCTACTA-1	Ino80	Ino80_As_46860	Unstimulated	PROVISIONAL_KEEP_MANUAL_PHENOCOPY_REVIEW_PENDING	false
GSE261783	GSM8151757	GGTGTCGCAGCAGTGA-1	Ino80	Ino80_As_46860	Unstimulated	PROVISIONAL_KEEP_MANUAL_PHENOCOPY_REVIEW_PENDING	false
GSE261783	GSM8151757	GGTTCTCCACTGTCGG-1	Ino80	Ino80_As_46860	Unstimulated	PROVISIONAL_KEEP_MANUAL_PHENOCOPY_REVIEW_PENDING	false
GSE261783	GSM8151757	GTAGGTTTCATCACAG-1	Ino80	Ino80_As_46860	Unstimulated	PROVISIONAL_KEEP_MANUAL_PHENOCOPY_REVIEW_PENDING	false
GSE261783	GSM8151757	GTCTAGAGTGTGCCTG-1	Ino80	Ino80_As_46860	Unstimulated	PROVISIONAL_KEEP_MANUAL_PHENOCOPY_REVIEW_PENDING	false
GSE261783	GSM8151757	GTGTTCCCACACGGTC-1	Ino80	Ino80_As_46860	Unstimulated	PROVISIONAL_KEEP_MANUAL_PHENOCOPY_REVIEW_PENDING	false
GSE261783	GSM8151757	GTTACAGCAGCACCCA-1	Ino80	Ino80_As_46860	Unstimulated	PROVISIONAL_KEEP_MANUAL_PHENOCOPY_REVIEW_PENDING	false
GSE261783	GSM8151757	GTTGTCCAGTTGTAGA-1	Ino80	Ino80_As_46860	Unstimulated	PROVISIONAL_KEEP_MANUAL_PHENOCOPY_REVIEW_PENDING	false
GSE261783	GSM8151757	GTTGTGATCTAAGAAG-1	Ino80	Ino80_As_46860	Unstimulated	PROVISIONAL_KEEP_MANUAL_PHENOCOPY_REVIEW_PENDING	false
GSE261783	GSM8151757	TAACCAGAGGTAGCCA-1	Ino80	Ino80_As_46860	Unstimulated	PROVISIONAL_KEEP_MANUAL_PHENOCOPY_REVIEW_PENDING	false
GSE261783	GSM8151757	TAAGCCACAATTGTGC-1	Ino80	Ino80_As_46860	Unstimulated	PROVISIONAL_KEEP_MANUAL_PHENOCOPY_REVIEW_PENDING	false
GSE261783	GSM8151757	TACCGGGTCGTGTCAA-1	Ino80	Ino80_As_46860	Unstimulated	PROVISIONAL_KEEP_MANUAL_PHENOCOPY_REVIEW_PENDING	false
GSE261783	GSM8151757	TACGCTCTCATTCGTT-1	Ino80	Ino80_As_46860	Unstimulated	PROVISIONAL_KEEP_MANUAL_PHENOCOPY_REVIEW_PENDING	false
GSE261783	GSM8151757	TCAATCTCAACACTAC-1	Ino80	Ino80_As_46860	Unstimulated	PROVISIONAL_KEEP_MANUAL_PHENOCOPY_REVIEW_PENDING	false
GSE261783	GSM8151757	TCATCATGTGCAGATG-1	Ino80	Ino80_As_46860	Unstimulated	PROVISIONAL_KEEP_MANUAL_PHENOCOPY_REVIEW_PENDING	false
GSE261783	GSM8151757	TCATGGATCTACTCAT-1	Ino80	Ino80_As_46860	Unstimulated	PROVISIONAL_KEEP_MANUAL_PHENOCOPY_REVIEW_PENDING	false
GSE261783	GSM8151757	TCATTTGCATTAAAGG-1	Ino80	Ino80_As_46860	Unstimulated	PROVISIONAL_KEEP_MANUAL_PHENOCOPY_REVIEW_PENDING	false
GSE261783	GSM8151757	TCCGAAAAGTATGATG-1	Ino80	Ino80_As_46860	Unstimulated	PROVISIONAL_KEEP_MANUAL_PHENOCOPY_REVIEW_PENDING	false
GSE261783	GSM8151757	TGATGGTAGGAGCAAA-1	Ino80	Ino80_As_46860	Unstimulated	PROVISIONAL_KEEP_MANUAL_PHENOCOPY_REVIEW_PENDING	false
GSE261783	GSM8151757	TGATGGTGTCCGGACT-1	Ino80	Ino80_As_46860	Unstimulated	PROVISIONAL_KEEP_MANUAL_PHENOCOPY_REVIEW_PENDING	false
GSE261783	GSM8151757	TGCAGTAAGTGCAGGT-1	Ino80	Ino80_As_46860	Unstimulated	PROVISIONAL_KEEP_MANUAL_PHENOCOPY_REVIEW_PENDING	false
GSE261783	GSM8151757	TGCCGAGCACGGTGAA-1	Ino80	Ino80_As_46860	Unstimulated	PROVISIONAL_KEEP_MANUAL_PHENOCOPY_REVIEW_PENDING	false
GSE261783	GSM8151757	TGCTTCGAGAGTTGCG-1	Ino80	Ino80_As_46860	Unstimulated	PROVISIONAL_KEEP_MANUAL_PHENOCOPY_REVIEW_PENDING	false
GSE261783	GSM8151757	TGTGGCGTCGGACTTA-1	Ino80	Ino80_As_46860	Unstimulated	PROVISIONAL_KEEP_MANUAL_PHENOCOPY_REVIEW_PENDING	false
GSE261783	GSM8151757	TGTTCTAAGCATGCAG-1	Ino80	Ino80_As_46860	Unstimulated	PROVISIONAL_KEEP_MANUAL_PHENOCOPY_REVIEW_PENDING	false
GSE261783	GSM8151757	TTGGGCGAGCGGATCA-1	Ino80	Ino80_As_46860	Unstimulated	PROVISIONAL_KEEP_MANUAL_PHENOCOPY_REVIEW_PENDING	false
GSE261783	GSM8151757	TTTACCAGTTCCAAAC-1	Ino80	Ino80_As_46860	Unstimulated	PROVISIONAL_KEEP_MANUAL_PHENOCOPY_REVIEW_PENDING	false
GSE261783	GSM8151757	AAAGGATCAAGCGCTC-1	Ino80	Ino80_As_46861	Unstimulated	PROVISIONAL_KEEP_MANUAL_PHENOCOPY_REVIEW_PENDING	false
GSE261783	GSM8151757	AACACACTCACTTTGT-1	Ino80	Ino80_As_46861	Unstimulated	PROVISIONAL_KEEP_MANUAL_PHENOCOPY_REVIEW_PENDING	false
GSE261783	GSM8151757	ACTTTCAGTTCAGCGC-1	Ino80	Ino80_As_46861	Unstimulated	PROVISIONAL_KEEP_MANUAL_PHENOCOPY_REVIEW_PENDING	false
GSE261783	GSM8151757	AGCTCAAAGAAGCTGC-1	Ino80	Ino80_As_46861	Unstimulated	PROVISIONAL_KEEP_MANUAL_PHENOCOPY_REVIEW_PENDING	false
GSE261783	GSM8151757	AGGGTTTAGGTAAGAG-1	Ino80	Ino80_As_46861	Unstimulated	PROVISIONAL_KEEP_MANUAL_PHENOCOPY_REVIEW_PENDING	false
GSE261783	GSM8151757	CACAGATTCTTCCCGA-1	Ino80	Ino80_As_46861	Unstimulated	PROVISIONAL_KEEP_MANUAL_PHENOCOPY_REVIEW_PENDING	false
GSE261783	GSM8151757	CACATGAAGTGCTCAT-1	Ino80	Ino80_As_46861	Unstimulated	PROVISIONAL_KEEP_MANUAL_PHENOCOPY_REVIEW_PENDING	false
GSE261783	GSM8151757	CACTAAGAGTTGCTGT-1	Ino80	Ino80_As_46861	Unstimulated	PROVISIONAL_KEEP_MANUAL_PHENOCOPY_REVIEW_PENDING	false
GSE261783	GSM8151757	CCTTGTGCATCATCCC-1	Ino80	Ino80_As_46861	Unstimulated	PROVISIONAL_KEEP_MANUAL_PHENOCOPY_REVIEW_PENDING	false
GSE261783	GSM8151757	CCTTGTGTCGTGCACG-1	Ino80	Ino80_As_46861	Unstimulated	PROVISIONAL_KEEP_MANUAL_PHENOCOPY_REVIEW_PENDING	false
GSE261783	GSM8151757	CGATGGCTCATGTCTT-1	Ino80	Ino80_As_46861	Unstimulated	PROVISIONAL_KEEP_MANUAL_PHENOCOPY_REVIEW_PENDING	false
GSE261783	GSM8151757	CTCAACCAGCTCAGAG-1	Ino80	Ino80_As_46861	Unstimulated	PROVISIONAL_KEEP_MANUAL_PHENOCOPY_REVIEW_PENDING	false
GSE261783	GSM8151757	CTCGAGGGTAAGATCA-1	Ino80	Ino80_As_46861	Unstimulated	PROVISIONAL_KEEP_MANUAL_PHENOCOPY_REVIEW_PENDING	false
GSE261783	GSM8151757	CTGAATGCACGACAAG-1	Ino80	Ino80_As_46861	Unstimulated	PROVISIONAL_KEEP_MANUAL_PHENOCOPY_REVIEW_PENDING	false
GSE261783	GSM8151757	CTTCCTTAGAAGTCTA-1	Ino80	Ino80_As_46861	Unstimulated	PROVISIONAL_KEEP_MANUAL_PHENOCOPY_REVIEW_PENDING	false
GSE261783	GSM8151757	CTTCTCTCACGAGGAT-1	Ino80	Ino80_As_46861	Unstimulated	PROVISIONAL_KEEP_MANUAL_PHENOCOPY_REVIEW_PENDING	false
GSE261783	GSM8151757	GAGACTTCAACCGTGC-1	Ino80	Ino80_As_46861	Unstimulated	PROVISIONAL_KEEP_MANUAL_PHENOCOPY_REVIEW_PENDING	false
GSE261783	GSM8151757	GCAGCTGTCTCCTACG-1	Ino80	Ino80_As_46861	Unstimulated	PROVISIONAL_KEEP_MANUAL_PHENOCOPY_REVIEW_PENDING	false
GSE261783	GSM8151757	GGAATGGAGACCCTTA-1	Ino80	Ino80_As_46861	Unstimulated	PROVISIONAL_KEEP_MANUAL_PHENOCOPY_REVIEW_PENDING	false
GSE261783	GSM8151757	GGCAGTCGTCGTGTTA-1	Ino80	Ino80_As_46861	Unstimulated	PROVISIONAL_KEEP_MANUAL_PHENOCOPY_REVIEW_PENDING	false
GSE261783	GSM8151757	GGGAGATCAACCGCTG-1	Ino80	Ino80_As_46861	Unstimulated	PROVISIONAL_KEEP_MANUAL_PHENOCOPY_REVIEW_PENDING	false
GSE261783	GSM8151757	GTGAGCCGTGTACAGG-1	Ino80	Ino80_As_46861	Unstimulated	PROVISIONAL_KEEP_MANUAL_PHENOCOPY_REVIEW_PENDING	false
GSE261783	GSM8151757	TATCGCCCAGAGCTAG-1	Ino80	Ino80_As_46861	Unstimulated	PROVISIONAL_KEEP_MANUAL_PHENOCOPY_REVIEW_PENDING	false
GSE261783	GSM8151757	TCTGCCATCGCAATTG-1	Ino80	Ino80_As_46861	Unstimulated	PROVISIONAL_KEEP_MANUAL_PHENOCOPY_REVIEW_PENDING	false
GSE261783	GSM8151757	TCTGGCTGTTGTGTAC-1	Ino80	Ino80_As_46861	Unstimulated	PROVISIONAL_KEEP_MANUAL_PHENOCOPY_REVIEW_PENDING	false
GSE261783	GSM8151757	TTGTTCACACACGCCA-1	Ino80	Ino80_As_46861	Unstimulated	PROVISIONAL_KEEP_MANUAL_PHENOCOPY_REVIEW_PENDING	false
GSE261783	GSM8151757	AACTTCTTCTCTCTTC-1	Kansl1	Kansl1_As_45908	Unstimulated	PROVISIONAL_KEEP_MANUAL_PHENOCOPY_REVIEW_PENDING	false
GSE261783	GSM8151757	ACTTAGGCATTCCTCG-1	Kansl1	Kansl1_As_45908	Unstimulated	PROVISIONAL_KEEP_MANUAL_PHENOCOPY_REVIEW_PENDING	false
GSE261783	GSM8151757	AGCGCCACAGAGAATT-1	Kansl1	Kansl1_As_45908	Unstimulated	PROVISIONAL_KEEP_MANUAL_PHENOCOPY_REVIEW_PENDING	false
GSE261783	GSM8151757	ATATCCTAGTCCGTCG-1	Kansl1	Kansl1_As_45908	Unstimulated	PROVISIONAL_KEEP_MANUAL_PHENOCOPY_REVIEW_PENDING	false
GSE261783	GSM8151757	ATTCTACAGCGAAACC-1	Kansl1	Kansl1_As_45908	Unstimulated	PROVISIONAL_KEEP_MANUAL_PHENOCOPY_REVIEW_PENDING	false
GSE261783	GSM8151757	CAACCAAAGCTCATAC-1	Kansl1	Kansl1_As_45908	Unstimulated	PROVISIONAL_KEEP_MANUAL_PHENOCOPY_REVIEW_PENDING	false
GSE261783	GSM8151757	CACTGAATCGCAGTGC-1	Kansl1	Kansl1_As_45908	Unstimulated	PROVISIONAL_KEEP_MANUAL_PHENOCOPY_REVIEW_PENDING	false
GSE261783	GSM8151757	CAGATCACACATTCTT-1	Kansl1	Kansl1_As_45908	Unstimulated	PROVISIONAL_KEEP_MANUAL_PHENOCOPY_REVIEW_PENDING	false
GSE261783	GSM8151757	CATAAGCAGCCTCTGG-1	Kansl1	Kansl1_As_45908	Unstimulated	PROVISIONAL_KEEP_MANUAL_PHENOCOPY_REVIEW_PENDING	false
GSE261783	GSM8151757	CCAAGCGAGCATCCCG-1	Kansl1	Kansl1_As_45908	Unstimulated	PROVISIONAL_KEEP_MANUAL_PHENOCOPY_REVIEW_PENDING	false
GSE261783	GSM8151757	CCAATTTTCCGCAACG-1	Kansl1	Kansl1_As_45908	Unstimulated	PROVISIONAL_KEEP_MANUAL_PHENOCOPY_REVIEW_PENDING	false
GSE261783	GSM8151757	CCATCACGTAGCTTGT-1	Kansl1	Kansl1_As_45908	Unstimulated	PROVISIONAL_KEEP_MANUAL_PHENOCOPY_REVIEW_PENDING	false
GSE261783	GSM8151757	CCTAAGAAGTATCTGC-1	Kansl1	Kansl1_As_45908	Unstimulated	PROVISIONAL_KEEP_MANUAL_PHENOCOPY_REVIEW_PENDING	false
GSE261783	GSM8151757	CGGACACAGTGTACCT-1	Kansl1	Kansl1_As_45908	Unstimulated	PROVISIONAL_KEEP_MANUAL_PHENOCOPY_REVIEW_PENDING	false
GSE261783	GSM8151757	CTACGGGGTCTTGAAC-1	Kansl1	Kansl1_As_45908	Unstimulated	PROVISIONAL_KEEP_MANUAL_PHENOCOPY_REVIEW_PENDING	false
GSE261783	GSM8151757	CTGCTCAGTGAATATG-1	Kansl1	Kansl1_As_45908	Unstimulated	PROVISIONAL_KEEP_MANUAL_PHENOCOPY_REVIEW_PENDING	false
GSE261783	GSM8151757	GAAACCTTCTGGAAGG-1	Kansl1	Kansl1_As_45908	Unstimulated	PROVISIONAL_KEEP_MANUAL_PHENOCOPY_REVIEW_PENDING	false
GSE261783	GSM8151757	GACCCAGCATGCAGCC-1	Kansl1	Kansl1_As_45908	Unstimulated	PROVISIONAL_KEEP_MANUAL_PHENOCOPY_REVIEW_PENDING	false
GSE261783	GSM8151757	GACCTTCAGTGTCATC-1	Kansl1	Kansl1_As_45908	Unstimulated	PROVISIONAL_KEEP_MANUAL_PHENOCOPY_REVIEW_PENDING	false
GSE261783	GSM8151757	GAGCCTGCACCTAAAC-1	Kansl1	Kansl1_As_45908	Unstimulated	PROVISIONAL_KEEP_MANUAL_PHENOCOPY_REVIEW_PENDING	false
GSE261783	GSM8151757	GCCGTGACAATGAAAC-1	Kansl1	Kansl1_As_45908	Unstimulated	PROVISIONAL_KEEP_MANUAL_PHENOCOPY_REVIEW_PENDING	false
GSE261783	GSM8151757	GGAAGTGTCAAGTGTC-1	Kansl1	Kansl1_As_45908	Unstimulated	PROVISIONAL_KEEP_MANUAL_PHENOCOPY_REVIEW_PENDING	false
GSE261783	GSM8151757	GGCTGTGCACGATAGG-1	Kansl1	Kansl1_As_45908	Unstimulated	PROVISIONAL_KEEP_MANUAL_PHENOCOPY_REVIEW_PENDING	false
GSE261783	GSM8151757	GTAGTACTCGTGAGAG-1	Kansl1	Kansl1_As_45908	Unstimulated	PROVISIONAL_KEEP_MANUAL_PHENOCOPY_REVIEW_PENDING	false
GSE261783	GSM8151757	GTCACTCGTTGCATGT-1	Kansl1	Kansl1_As_45908	Unstimulated	PROVISIONAL_KEEP_MANUAL_PHENOCOPY_REVIEW_PENDING	false
GSE261783	GSM8151757	GTGAGTTTCATACAGC-1	Kansl1	Kansl1_As_45908	Unstimulated	PROVISIONAL_KEEP_MANUAL_PHENOCOPY_REVIEW_PENDING	false
GSE261783	GSM8151757	TAGGTACTCCACCTCA-1	Kansl1	Kansl1_As_45908	Unstimulated	PROVISIONAL_KEEP_MANUAL_PHENOCOPY_REVIEW_PENDING	false
GSE261783	GSM8151757	TATTCCACATCCTCAC-1	Kansl1	Kansl1_As_45908	Unstimulated	PROVISIONAL_KEEP_MANUAL_PHENOCOPY_REVIEW_PENDING	false
GSE261783	GSM8151757	TCATGAGTCCCATTCG-1	Kansl1	Kansl1_As_45908	Unstimulated	PROVISIONAL_KEEP_MANUAL_PHENOCOPY_REVIEW_PENDING	false
GSE261783	GSM8151757	TCATGGAAGATACATG-1	Kansl1	Kansl1_As_45908	Unstimulated	PROVISIONAL_KEEP_MANUAL_PHENOCOPY_REVIEW_PENDING	false
GSE261783	GSM8151757	TCGAACATCTTCCACG-1	Kansl1	Kansl1_As_45908	Unstimulated	PROVISIONAL_KEEP_MANUAL_PHENOCOPY_REVIEW_PENDING	false
GSE261783	GSM8151757	TCTATCAAGGGCTGAT-1	Kansl1	Kansl1_As_45908	Unstimulated	PROVISIONAL_KEEP_MANUAL_PHENOCOPY_REVIEW_PENDING	false
GSE261783	GSM8151757	TCTCACGCAGGGTTGA-1	Kansl1	Kansl1_As_45908	Unstimulated	PROVISIONAL_KEEP_MANUAL_PHENOCOPY_REVIEW_PENDING	false
GSE261783	GSM8151757	TCTCACGTCACTCGAA-1	Kansl1	Kansl1_As_45908	Unstimulated	PROVISIONAL_KEEP_MANUAL_PHENOCOPY_REVIEW_PENDING	false
GSE261783	GSM8151757	TGGATGTGTAGATCCT-1	Kansl1	Kansl1_As_45908	Unstimulated	PROVISIONAL_KEEP_MANUAL_PHENOCOPY_REVIEW_PENDING	false
GSE261783	GSM8151757	TGTCAGAGTTGGAGGT-1	Kansl1	Kansl1_As_45908	Unstimulated	PROVISIONAL_KEEP_MANUAL_PHENOCOPY_REVIEW_PENDING	false
GSE261783	GSM8151757	TTCCTAAAGTCACGCC-1	Kansl1	Kansl1_As_45908	Unstimulated	PROVISIONAL_KEEP_MANUAL_PHENOCOPY_REVIEW_PENDING	false
GSE261783	GSM8151757	TTCCTCTGTATTAAGG-1	Kansl1	Kansl1_As_45908	Unstimulated	PROVISIONAL_KEEP_MANUAL_PHENOCOPY_REVIEW_PENDING	false
GSE261783	GSM8151757	TTGCTGCCAATTGTGC-1	Kansl1	Kansl1_As_45908	Unstimulated	PROVISIONAL_KEEP_MANUAL_PHENOCOPY_REVIEW_PENDING	false
GSE261783	GSM8151757	TTGTGGAGTTAAGACA-1	Kansl1	Kansl1_As_45908	Unstimulated	PROVISIONAL_KEEP_MANUAL_PHENOCOPY_REVIEW_PENDING	false
GSE261783	GSM8151757	AAAGTCCGTTTACACG-1	Kansl1	Kansl1_As_45909	Unstimulated	PROVISIONAL_KEEP_MANUAL_PHENOCOPY_REVIEW_PENDING	false
GSE261783	GSM8151757	AAATGGATCTAAGCGT-1	Kansl1	Kansl1_As_45909	Unstimulated	PROVISIONAL_KEEP_MANUAL_PHENOCOPY_REVIEW_PENDING	false
GSE261783	GSM8151757	ACCAACACATGGATCT-1	Kansl1	Kansl1_As_45909	Unstimulated	PROVISIONAL_KEEP_MANUAL_PHENOCOPY_REVIEW_PENDING	false
GSE261783	GSM8151757	AGAGAGCCACCAAATC-1	Kansl1	Kansl1_As_45909	Unstimulated	PROVISIONAL_KEEP_MANUAL_PHENOCOPY_REVIEW_PENDING	false
GSE261783	GSM8151757	AGATCCAAGACCAGAC-1	Kansl1	Kansl1_As_45909	Unstimulated	PROVISIONAL_KEEP_MANUAL_PHENOCOPY_REVIEW_PENDING	false
GSE261783	GSM8151757	AGCCACGTCTTCTCAA-1	Kansl1	Kansl1_As_45909	Unstimulated	PROVISIONAL_KEEP_MANUAL_PHENOCOPY_REVIEW_PENDING	false
GSE261783	GSM8151757	AGGGCCTAGACGGTTG-1	Kansl1	Kansl1_As_45909	Unstimulated	PROVISIONAL_KEEP_MANUAL_PHENOCOPY_REVIEW_PENDING	false
GSE261783	GSM8151757	AGGGCTCAGGGTGAAA-1	Kansl1	Kansl1_As_45909	Unstimulated	PROVISIONAL_KEEP_MANUAL_PHENOCOPY_REVIEW_PENDING	false
GSE261783	GSM8151757	AGTTAGCTCCTTCACG-1	Kansl1	Kansl1_As_45909	Unstimulated	PROVISIONAL_KEEP_MANUAL_PHENOCOPY_REVIEW_PENDING	false
GSE261783	GSM8151757	AGTTCCCTCCTTCTAA-1	Kansl1	Kansl1_As_45909	Unstimulated	PROVISIONAL_KEEP_MANUAL_PHENOCOPY_REVIEW_PENDING	false
GSE261783	GSM8151757	ATCGGCGCAGAGCTAG-1	Kansl1	Kansl1_As_45909	Unstimulated	PROVISIONAL_KEEP_MANUAL_PHENOCOPY_REVIEW_PENDING	false
GSE261783	GSM8151757	ATCGTGAAGCTACTGT-1	Kansl1	Kansl1_As_45909	Unstimulated	PROVISIONAL_KEEP_MANUAL_PHENOCOPY_REVIEW_PENDING	false
GSE261783	GSM8151757	ATTTACCCACCGCTGA-1	Kansl1	Kansl1_As_45909	Unstimulated	PROVISIONAL_KEEP_MANUAL_PHENOCOPY_REVIEW_PENDING	false
GSE261783	GSM8151757	CAAGGGATCTTGGGCG-1	Kansl1	Kansl1_As_45909	Unstimulated	PROVISIONAL_KEEP_MANUAL_PHENOCOPY_REVIEW_PENDING	false
GSE261783	GSM8151757	CACTGAAGTGTCTTCC-1	Kansl1	Kansl1_As_45909	Unstimulated	PROVISIONAL_KEEP_MANUAL_PHENOCOPY_REVIEW_PENDING	false
GSE261783	GSM8151757	CATCGGGGTGACTATC-1	Kansl1	Kansl1_As_45909	Unstimulated	PROVISIONAL_KEEP_MANUAL_PHENOCOPY_REVIEW_PENDING	false
GSE261783	GSM8151757	CGGGTGTAGATGCTTC-1	Kansl1	Kansl1_As_45909	Unstimulated	PROVISIONAL_KEEP_MANUAL_PHENOCOPY_REVIEW_PENDING	false
GSE261783	GSM8151757	CTACGGGCACAACATC-1	Kansl1	Kansl1_As_45909	Unstimulated	PROVISIONAL_KEEP_MANUAL_PHENOCOPY_REVIEW_PENDING	false
GSE261783	GSM8151757	CTAGGTATCTGCGGCA-1	Kansl1	Kansl1_As_45909	Unstimulated	PROVISIONAL_KEEP_MANUAL_PHENOCOPY_REVIEW_PENDING	false
GSE261783	GSM8151757	CTCAATTCATGACGTT-1	Kansl1	Kansl1_As_45909	Unstimulated	PROVISIONAL_KEEP_MANUAL_PHENOCOPY_REVIEW_PENDING	false
GSE261783	GSM8151757	GAAGCGAAGTCGGCAA-1	Kansl1	Kansl1_As_45909	Unstimulated	PROVISIONAL_KEEP_MANUAL_PHENOCOPY_REVIEW_PENDING	false
GSE261783	GSM8151757	GAGAAATTCTAACGCA-1	Kansl1	Kansl1_As_45909	Unstimulated	PROVISIONAL_KEEP_MANUAL_PHENOCOPY_REVIEW_PENDING	false
GSE261783	GSM8151757	GAGCCTGCACAGTATC-1	Kansl1	Kansl1_As_45909	Unstimulated	PROVISIONAL_KEEP_MANUAL_PHENOCOPY_REVIEW_PENDING	false
GSE261783	GSM8151757	GCATGATGTAACCCGC-1	Kansl1	Kansl1_As_45909	Unstimulated	PROVISIONAL_KEEP_MANUAL_PHENOCOPY_REVIEW_PENDING	false
GSE261783	GSM8151757	GGAGGTATCCCATAGA-1	Kansl1	Kansl1_As_45909	Unstimulated	PROVISIONAL_KEEP_MANUAL_PHENOCOPY_REVIEW_PENDING	false
GSE261783	GSM8151757	GTTGAACCAACACAGG-1	Kansl1	Kansl1_As_45909	Unstimulated	PROVISIONAL_KEEP_MANUAL_PHENOCOPY_REVIEW_PENDING	false
GSE261783	GSM8151757	TCACACCGTCTAACGT-1	Kansl1	Kansl1_As_45909	Unstimulated	PROVISIONAL_KEEP_MANUAL_PHENOCOPY_REVIEW_PENDING	false
GSE261783	GSM8151757	TGCAGGCCAGACCATT-1	Kansl1	Kansl1_As_45909	Unstimulated	PROVISIONAL_KEEP_MANUAL_PHENOCOPY_REVIEW_PENDING	false
GSE261783	GSM8151757	TGCAGGCTCCGTGGGT-1	Kansl1	Kansl1_As_45909	Unstimulated	PROVISIONAL_KEEP_MANUAL_PHENOCOPY_REVIEW_PENDING	false
GSE261783	GSM8151757	TGCAGTATCAAGCTGT-1	Kansl1	Kansl1_As_45909	Unstimulated	PROVISIONAL_KEEP_MANUAL_PHENOCOPY_REVIEW_PENDING	false
GSE261783	GSM8151757	TGGTTAGAGTCTCGTA-1	Kansl1	Kansl1_As_45909	Unstimulated	PROVISIONAL_KEEP_MANUAL_PHENOCOPY_REVIEW_PENDING	false
GSE261783	GSM8151757	TGTGGCGTCTAGATCG-1	Kansl1	Kansl1_As_45909	Unstimulated	PROVISIONAL_KEEP_MANUAL_PHENOCOPY_REVIEW_PENDING	false
GSE261783	GSM8151757	TTCTTGACAGTCAACT-1	Kansl1	Kansl1_As_45909	Unstimulated	PROVISIONAL_KEEP_MANUAL_PHENOCOPY_REVIEW_PENDING	false
GSE261783	GSM8151757	TTGACCCCACGGCGTT-1	Kansl1	Kansl1_As_45909	Unstimulated	PROVISIONAL_KEEP_MANUAL_PHENOCOPY_REVIEW_PENDING	false
GSE261783	GSM8151757	AAAGAACGTGTGCCTG-1	Kat5	Kat5_Br_45092	Unstimulated	PROVISIONAL_KEEP_MANUAL_PHENOCOPY_REVIEW_PENDING	false
GSE261783	GSM8151757	AACAAAGTCAACGAGG-1	Kat5	Kat5_Br_45092	Unstimulated	PROVISIONAL_KEEP_MANUAL_PHENOCOPY_REVIEW_PENDING	false
GSE261783	GSM8151757	AACAGGGTCCATAGAC-1	Kat5	Kat5_Br_45092	Unstimulated	PROVISIONAL_KEEP_MANUAL_PHENOCOPY_REVIEW_PENDING	false
GSE261783	GSM8151757	ACTGTGACAGCGTTTA-1	Kat5	Kat5_Br_45092	Unstimulated	PROVISIONAL_KEEP_MANUAL_PHENOCOPY_REVIEW_PENDING	false
GSE261783	GSM8151757	AGAGAATAGAAGGTAG-1	Kat5	Kat5_Br_45092	Unstimulated	PROVISIONAL_KEEP_MANUAL_PHENOCOPY_REVIEW_PENDING	false
GSE261783	GSM8151757	AGAGAGCGTGTGATGG-1	Kat5	Kat5_Br_45092	Unstimulated	PROVISIONAL_KEEP_MANUAL_PHENOCOPY_REVIEW_PENDING	false
GSE261783	GSM8151757	AGATCCACAGAGGCAT-1	Kat5	Kat5_Br_45092	Unstimulated	PROVISIONAL_KEEP_MANUAL_PHENOCOPY_REVIEW_PENDING	false
GSE261783	GSM8151757	AGGACTTCAACACACT-1	Kat5	Kat5_Br_45092	Unstimulated	PROVISIONAL_KEEP_MANUAL_PHENOCOPY_REVIEW_PENDING	false
GSE261783	GSM8151757	AGGACTTTCAATGTCG-1	Kat5	Kat5_Br_45092	Unstimulated	PROVISIONAL_KEEP_MANUAL_PHENOCOPY_REVIEW_PENDING	false
GSE261783	GSM8151757	ATTACCTAGACATGCG-1	Kat5	Kat5_Br_45092	Unstimulated	PROVISIONAL_KEEP_MANUAL_PHENOCOPY_REVIEW_PENDING	false
GSE261783	GSM8151757	CAACAGTGTCCAACGC-1	Kat5	Kat5_Br_45092	Unstimulated	PROVISIONAL_KEEP_MANUAL_PHENOCOPY_REVIEW_PENDING	false
GSE261783	GSM8151757	CAACGATCACAGTCGC-1	Kat5	Kat5_Br_45092	Unstimulated	PROVISIONAL_KEEP_MANUAL_PHENOCOPY_REVIEW_PENDING	false
GSE261783	GSM8151757	CATACTTAGGTACCTT-1	Kat5	Kat5_Br_45092	Unstimulated	PROVISIONAL_KEEP_MANUAL_PHENOCOPY_REVIEW_PENDING	false
GSE261783	GSM8151757	CATAGACAGACTCAAA-1	Kat5	Kat5_Br_45092	Unstimulated	PROVISIONAL_KEEP_MANUAL_PHENOCOPY_REVIEW_PENDING	false
GSE261783	GSM8151757	CATCGGGCACGACGCT-1	Kat5	Kat5_Br_45092	Unstimulated	PROVISIONAL_KEEP_MANUAL_PHENOCOPY_REVIEW_PENDING	false
GSE261783	GSM8151757	CCACGAGGTCCCTGTT-1	Kat5	Kat5_Br_45092	Unstimulated	PROVISIONAL_KEEP_MANUAL_PHENOCOPY_REVIEW_PENDING	false
GSE261783	GSM8151757	CCGAACGAGTGATAAC-1	Kat5	Kat5_Br_45092	Unstimulated	PROVISIONAL_KEEP_MANUAL_PHENOCOPY_REVIEW_PENDING	false
GSE261783	GSM8151757	CGAGGAATCAAACGTC-1	Kat5	Kat5_Br_45092	Unstimulated	PROVISIONAL_KEEP_MANUAL_PHENOCOPY_REVIEW_PENDING	false
GSE261783	GSM8151757	CGCATGGGTAGGAAAG-1	Kat5	Kat5_Br_45092	Unstimulated	PROVISIONAL_KEEP_MANUAL_PHENOCOPY_REVIEW_PENDING	false
GSE261783	GSM8151757	CGTCCATGTCATTCCC-1	Kat5	Kat5_Br_45092	Unstimulated	PROVISIONAL_KEEP_MANUAL_PHENOCOPY_REVIEW_PENDING	false
GSE261783	GSM8151757	CGTTAGATCTTACACT-1	Kat5	Kat5_Br_45092	Unstimulated	PROVISIONAL_KEEP_MANUAL_PHENOCOPY_REVIEW_PENDING	false
GSE261783	GSM8151757	CTCAATTTCCCGAGTG-1	Kat5	Kat5_Br_45092	Unstimulated	PROVISIONAL_KEEP_MANUAL_PHENOCOPY_REVIEW_PENDING	false
GSE261783	GSM8151757	CTCTCAGTCTCGCAGG-1	Kat5	Kat5_Br_45092	Unstimulated	PROVISIONAL_KEEP_MANUAL_PHENOCOPY_REVIEW_PENDING	false
GSE261783	GSM8151757	CTGTAGAGTACCAATC-1	Kat5	Kat5_Br_45092	Unstimulated	PROVISIONAL_KEEP_MANUAL_PHENOCOPY_REVIEW_PENDING	false
GSE261783	GSM8151757	GAATCACTCCAAGCAT-1	Kat5	Kat5_Br_45092	Unstimulated	PROVISIONAL_KEEP_MANUAL_PHENOCOPY_REVIEW_PENDING	false
GSE261783	GSM8151757	GACAGCCCAGGCGATA-1	Kat5	Kat5_Br_45092	Unstimulated	PROVISIONAL_KEEP_MANUAL_PHENOCOPY_REVIEW_PENDING	false
GSE261783	GSM8151757	GAGATGGCATTGAAAG-1	Kat5	Kat5_Br_45092	Unstimulated	PROVISIONAL_KEEP_MANUAL_PHENOCOPY_REVIEW_PENDING	false
GSE261783	GSM8151757	GAGCCTGAGATCGCTT-1	Kat5	Kat5_Br_45092	Unstimulated	PROVISIONAL_KEEP_MANUAL_PHENOCOPY_REVIEW_PENDING	false
GSE261783	GSM8151757	GATTCTTGTGAATGAT-1	Kat5	Kat5_Br_45092	Unstimulated	PROVISIONAL_KEEP_MANUAL_PHENOCOPY_REVIEW_PENDING	false
GSE261783	GSM8151757	GCGGAAAAGGGTCACA-1	Kat5	Kat5_Br_45092	Unstimulated	PROVISIONAL_KEEP_MANUAL_PHENOCOPY_REVIEW_PENDING	false
GSE261783	GSM8151757	GCTGCAGCACGCCAGT-1	Kat5	Kat5_Br_45092	Unstimulated	PROVISIONAL_KEEP_MANUAL_PHENOCOPY_REVIEW_PENDING	false
GSE261783	GSM8151757	GGAATCTAGCAGTACG-1	Kat5	Kat5_Br_45092	Unstimulated	PROVISIONAL_KEEP_MANUAL_PHENOCOPY_REVIEW_PENDING	false
GSE261783	GSM8151757	GGAGGATCAGTCGGAA-1	Kat5	Kat5_Br_45092	Unstimulated	PROVISIONAL_KEEP_MANUAL_PHENOCOPY_REVIEW_PENDING	false
GSE261783	GSM8151757	GGAGGTATCACTTTGT-1	Kat5	Kat5_Br_45092	Unstimulated	PROVISIONAL_KEEP_MANUAL_PHENOCOPY_REVIEW_PENDING	false
GSE261783	GSM8151757	GGATGTTGTTGCACGC-1	Kat5	Kat5_Br_45092	Unstimulated	PROVISIONAL_KEEP_MANUAL_PHENOCOPY_REVIEW_PENDING	false
GSE261783	GSM8151757	GGCACGTGTCCATCTC-1	Kat5	Kat5_Br_45092	Unstimulated	PROVISIONAL_KEEP_MANUAL_PHENOCOPY_REVIEW_PENDING	false
GSE261783	GSM8151757	GGGAGTAAGGTCACCC-1	Kat5	Kat5_Br_45092	Unstimulated	PROVISIONAL_KEEP_MANUAL_PHENOCOPY_REVIEW_PENDING	false
GSE261783	GSM8151757	GGGTGTCAGACGAAGA-1	Kat5	Kat5_Br_45092	Unstimulated	PROVISIONAL_KEEP_MANUAL_PHENOCOPY_REVIEW_PENDING	false
GSE261783	GSM8151757	GTAACACAGGTGATCG-1	Kat5	Kat5_Br_45092	Unstimulated	PROVISIONAL_KEEP_MANUAL_PHENOCOPY_REVIEW_PENDING	false
GSE261783	GSM8151757	GTAGCTAAGCTACTAC-1	Kat5	Kat5_Br_45092	Unstimulated	PROVISIONAL_KEEP_MANUAL_PHENOCOPY_REVIEW_PENDING	false
GSE261783	GSM8151757	TACCTCGAGGAAGTAG-1	Kat5	Kat5_Br_45092	Unstimulated	PROVISIONAL_KEEP_MANUAL_PHENOCOPY_REVIEW_PENDING	false
GSE261783	GSM8151757	TACCTGCAGATGTTGA-1	Kat5	Kat5_Br_45092	Unstimulated	PROVISIONAL_KEEP_MANUAL_PHENOCOPY_REVIEW_PENDING	false
GSE261783	GSM8151757	TAGACTGCAGAGGGTT-1	Kat5	Kat5_Br_45092	Unstimulated	PROVISIONAL_KEEP_MANUAL_PHENOCOPY_REVIEW_PENDING	false
GSE261783	GSM8151757	TCACTATGTGTACAGG-1	Kat5	Kat5_Br_45092	Unstimulated	PROVISIONAL_KEEP_MANUAL_PHENOCOPY_REVIEW_PENDING	false
GSE261783	GSM8151757	TCATGAGTCTCTTAAC-1	Kat5	Kat5_Br_45092	Unstimulated	PROVISIONAL_KEEP_MANUAL_PHENOCOPY_REVIEW_PENDING	false
GSE261783	GSM8151757	TCGGGACTCAGTGTGT-1	Kat5	Kat5_Br_45092	Unstimulated	PROVISIONAL_KEEP_MANUAL_PHENOCOPY_REVIEW_PENDING	false
GSE261783	GSM8151757	TCTTGCGAGGCGAAGG-1	Kat5	Kat5_Br_45092	Unstimulated	PROVISIONAL_KEEP_MANUAL_PHENOCOPY_REVIEW_PENDING	false
GSE261783	GSM8151757	TGATCTTGTCTACTGA-1	Kat5	Kat5_Br_45092	Unstimulated	PROVISIONAL_KEEP_MANUAL_PHENOCOPY_REVIEW_PENDING	false
GSE261783	GSM8151757	TGGAGAGAGGCCACTC-1	Kat5	Kat5_Br_45092	Unstimulated	PROVISIONAL_KEEP_MANUAL_PHENOCOPY_REVIEW_PENDING	false
GSE261783	GSM8151757	TTCTAACAGCTTTCCC-1	Kat5	Kat5_Br_45092	Unstimulated	PROVISIONAL_KEEP_MANUAL_PHENOCOPY_REVIEW_PENDING	false
GSE261783	GSM8151757	TTGAGTGTCCATTTGT-1	Kat5	Kat5_Br_45092	Unstimulated	PROVISIONAL_KEEP_MANUAL_PHENOCOPY_REVIEW_PENDING	false
GSE261783	GSM8151757	TTTGATCCAAGATCCT-1	Kat5	Kat5_Br_45092	Unstimulated	PROVISIONAL_KEEP_MANUAL_PHENOCOPY_REVIEW_PENDING	false
GSE261783	GSM8151757	AAGAACAGTGACTGAG-1	Kat5	Kat5_Br_45093	Unstimulated	PROVISIONAL_KEEP_MANUAL_PHENOCOPY_REVIEW_PENDING	false
GSE261783	GSM8151757	AAGTACCGTTTACTTC-1	Kat5	Kat5_Br_45093	Unstimulated	PROVISIONAL_KEEP_MANUAL_PHENOCOPY_REVIEW_PENDING	false
GSE261783	GSM8151757	AGATCGTAGTGCAGCA-1	Kat5	Kat5_Br_45093	Unstimulated	PROVISIONAL_KEEP_MANUAL_PHENOCOPY_REVIEW_PENDING	false
GSE261783	GSM8151757	AGCGCCATCCTGATAG-1	Kat5	Kat5_Br_45093	Unstimulated	PROVISIONAL_KEEP_MANUAL_PHENOCOPY_REVIEW_PENDING	false
GSE261783	GSM8151757	AGGCCACGTGTCTTGA-1	Kat5	Kat5_Br_45093	Unstimulated	PROVISIONAL_KEEP_MANUAL_PHENOCOPY_REVIEW_PENDING	false
GSE261783	GSM8151757	ATCATTCTCCTACGGG-1	Kat5	Kat5_Br_45093	Unstimulated	PROVISIONAL_KEEP_MANUAL_PHENOCOPY_REVIEW_PENDING	false
GSE261783	GSM8151757	ATTTCACAGTAGGGTC-1	Kat5	Kat5_Br_45093	Unstimulated	PROVISIONAL_KEEP_MANUAL_PHENOCOPY_REVIEW_PENDING	false
GSE261783	GSM8151757	CAACCTCCAGACGATG-1	Kat5	Kat5_Br_45093	Unstimulated	PROVISIONAL_KEEP_MANUAL_PHENOCOPY_REVIEW_PENDING	false
GSE261783	GSM8151757	CACGGGTGTGACACAG-1	Kat5	Kat5_Br_45093	Unstimulated	PROVISIONAL_KEEP_MANUAL_PHENOCOPY_REVIEW_PENDING	false
GSE261783	GSM8151757	CCGGTAGCACATTGTG-1	Kat5	Kat5_Br_45093	Unstimulated	PROVISIONAL_KEEP_MANUAL_PHENOCOPY_REVIEW_PENDING	false
GSE261783	GSM8151757	CCTCAACTCTTGGTCC-1	Kat5	Kat5_Br_45093	Unstimulated	PROVISIONAL_KEEP_MANUAL_PHENOCOPY_REVIEW_PENDING	false
GSE261783	GSM8151757	CCTGCATAGGCGAAGG-1	Kat5	Kat5_Br_45093	Unstimulated	PROVISIONAL_KEEP_MANUAL_PHENOCOPY_REVIEW_PENDING	false
GSE261783	GSM8151757	CTATAGGGTGTTGATC-1	Kat5	Kat5_Br_45093	Unstimulated	PROVISIONAL_KEEP_MANUAL_PHENOCOPY_REVIEW_PENDING	false
GSE261783	GSM8151757	CTCAAGAAGGTGGCTA-1	Kat5	Kat5_Br_45093	Unstimulated	PROVISIONAL_KEEP_MANUAL_PHENOCOPY_REVIEW_PENDING	false
GSE261783	GSM8151757	GCAGTTATCAGCGCAC-1	Kat5	Kat5_Br_45093	Unstimulated	PROVISIONAL_KEEP_MANUAL_PHENOCOPY_REVIEW_PENDING	false
GSE261783	GSM8151757	GCCCGAAGTGCTCTCT-1	Kat5	Kat5_Br_45093	Unstimulated	PROVISIONAL_KEEP_MANUAL_PHENOCOPY_REVIEW_PENDING	false
GSE261783	GSM8151757	GGCACGTGTTAAAGTG-1	Kat5	Kat5_Br_45093	Unstimulated	PROVISIONAL_KEEP_MANUAL_PHENOCOPY_REVIEW_PENDING	false
GSE261783	GSM8151757	GGGACTCAGCGTTAGG-1	Kat5	Kat5_Br_45093	Unstimulated	PROVISIONAL_KEEP_MANUAL_PHENOCOPY_REVIEW_PENDING	false
GSE261783	GSM8151757	GTCAGCGCAGGTTCAT-1	Kat5	Kat5_Br_45093	Unstimulated	PROVISIONAL_KEEP_MANUAL_PHENOCOPY_REVIEW_PENDING	false
GSE261783	GSM8151757	GTGGAAGTCTTCTAAC-1	Kat5	Kat5_Br_45093	Unstimulated	PROVISIONAL_KEEP_MANUAL_PHENOCOPY_REVIEW_PENDING	false
GSE261783	GSM8151757	GTGGCGTTCCAGCTCT-1	Kat5	Kat5_Br_45093	Unstimulated	PROVISIONAL_KEEP_MANUAL_PHENOCOPY_REVIEW_PENDING	false
GSE261783	GSM8151757	TACCGAATCCCTCTTT-1	Kat5	Kat5_Br_45093	Unstimulated	PROVISIONAL_KEEP_MANUAL_PHENOCOPY_REVIEW_PENDING	false
GSE261783	GSM8151757	TAGGTTGTCGCATTGA-1	Kat5	Kat5_Br_45093	Unstimulated	PROVISIONAL_KEEP_MANUAL_PHENOCOPY_REVIEW_PENDING	false
GSE261783	GSM8151757	TCACGCTGTGCGGATA-1	Kat5	Kat5_Br_45093	Unstimulated	PROVISIONAL_KEEP_MANUAL_PHENOCOPY_REVIEW_PENDING	false
GSE261783	GSM8151757	TCATTTGGTGGAGGTT-1	Kat5	Kat5_Br_45093	Unstimulated	PROVISIONAL_KEEP_MANUAL_PHENOCOPY_REVIEW_PENDING	false
GSE261783	GSM8151757	TCGGGACAGAGGGTCT-1	Kat5	Kat5_Br_45093	Unstimulated	PROVISIONAL_KEEP_MANUAL_PHENOCOPY_REVIEW_PENDING	false
GSE261783	GSM8151757	TCTACATTCACGAACT-1	Kat5	Kat5_Br_45093	Unstimulated	PROVISIONAL_KEEP_MANUAL_PHENOCOPY_REVIEW_PENDING	false
GSE261783	GSM8151757	TGTCCTGTCCCATGGG-1	Kat5	Kat5_Br_45093	Unstimulated	PROVISIONAL_KEEP_MANUAL_PHENOCOPY_REVIEW_PENDING	false
GSE261783	GSM8151757	TGTGGCGAGCCTAACT-1	Kat5	Kat5_Br_45093	Unstimulated	PROVISIONAL_KEEP_MANUAL_PHENOCOPY_REVIEW_PENDING	false
GSE261783	GSM8151757	TGTTGGAGTGCATGAG-1	Kat5	Kat5_Br_45093	Unstimulated	PROVISIONAL_KEEP_MANUAL_PHENOCOPY_REVIEW_PENDING	false
GSE261783	GSM8151757	TTCACGCAGGTCGACA-1	Kat5	Kat5_Br_45093	Unstimulated	PROVISIONAL_KEEP_MANUAL_PHENOCOPY_REVIEW_PENDING	false
GSE261783	GSM8151757	TTGTTGTTCATGCCAA-1	Kat5	Kat5_Br_45093	Unstimulated	PROVISIONAL_KEEP_MANUAL_PHENOCOPY_REVIEW_PENDING	false
GSE261783	GSM8151757	TTTGGTTAGTAAACTG-1	Kat5	Kat5_Br_45093	Unstimulated	PROVISIONAL_KEEP_MANUAL_PHENOCOPY_REVIEW_PENDING	false
GSE261783	GSM8151757	AACCAACAGCACTCTA-1	Kat8	Kat8_As_45860	Unstimulated	PROVISIONAL_KEEP_MANUAL_PHENOCOPY_REVIEW_PENDING	false
GSE261783	GSM8151757	AACGGGAAGAATACAC-1	Kat8	Kat8_As_45860	Unstimulated	PROVISIONAL_KEEP_MANUAL_PHENOCOPY_REVIEW_PENDING	false
GSE261783	GSM8151757	AAGACAATCGTCAGAT-1	Kat8	Kat8_As_45860	Unstimulated	PROVISIONAL_KEEP_MANUAL_PHENOCOPY_REVIEW_PENDING	false
GSE261783	GSM8151757	AATCACGGTAGGCAGT-1	Kat8	Kat8_As_45860	Unstimulated	PROVISIONAL_KEEP_MANUAL_PHENOCOPY_REVIEW_PENDING	false
GSE261783	GSM8151757	AATCACGTCCGCCTAT-1	Kat8	Kat8_As_45860	Unstimulated	PROVISIONAL_KEEP_MANUAL_PHENOCOPY_REVIEW_PENDING	false
GSE261783	GSM8151757	ACTATGGTCCCTCTAG-1	Kat8	Kat8_As_45860	Unstimulated	PROVISIONAL_KEEP_MANUAL_PHENOCOPY_REVIEW_PENDING	false
GSE261783	GSM8151757	AGACACTGTTCAGTAC-1	Kat8	Kat8_As_45860	Unstimulated	PROVISIONAL_KEEP_MANUAL_PHENOCOPY_REVIEW_PENDING	false
GSE261783	GSM8151757	AGACTCAGTGATACAA-1	Kat8	Kat8_As_45860	Unstimulated	PROVISIONAL_KEEP_MANUAL_PHENOCOPY_REVIEW_PENDING	false
GSE261783	GSM8151757	AGATGCTAGAGTTGCG-1	Kat8	Kat8_As_45860	Unstimulated	PROVISIONAL_KEEP_MANUAL_PHENOCOPY_REVIEW_PENDING	false
GSE261783	GSM8151757	AGGGTTTCACAATGCT-1	Kat8	Kat8_As_45860	Unstimulated	PROVISIONAL_KEEP_MANUAL_PHENOCOPY_REVIEW_PENDING	false
GSE261783	GSM8151757	AGTGTTGTCACCGCTT-1	Kat8	Kat8_As_45860	Unstimulated	PROVISIONAL_KEEP_MANUAL_PHENOCOPY_REVIEW_PENDING	false
GSE261783	GSM8151757	ATAGAGAAGCTTGTTG-1	Kat8	Kat8_As_45860	Unstimulated	PROVISIONAL_KEEP_MANUAL_PHENOCOPY_REVIEW_PENDING	false
GSE261783	GSM8151757	ATCACAGCAGTCAGCC-1	Kat8	Kat8_As_45860	Unstimulated	PROVISIONAL_KEEP_MANUAL_PHENOCOPY_REVIEW_PENDING	false
GSE261783	GSM8151757	ATCGGATTCCAAAGGG-1	Kat8	Kat8_As_45860	Unstimulated	PROVISIONAL_KEEP_MANUAL_PHENOCOPY_REVIEW_PENDING	false
GSE261783	GSM8151757	ATTACCTTCCTTACCG-1	Kat8	Kat8_As_45860	Unstimulated	PROVISIONAL_KEEP_MANUAL_PHENOCOPY_REVIEW_PENDING	false
GSE261783	GSM8151757	CAGCAGCTCCGTGACG-1	Kat8	Kat8_As_45860	Unstimulated	PROVISIONAL_KEEP_MANUAL_PHENOCOPY_REVIEW_PENDING	false
GSE261783	GSM8151757	CATCAAGTCCCAGGCA-1	Kat8	Kat8_As_45860	Unstimulated	PROVISIONAL_KEEP_MANUAL_PHENOCOPY_REVIEW_PENDING	false
GSE261783	GSM8151757	CCACAAAGTTCGTTCC-1	Kat8	Kat8_As_45860	Unstimulated	PROVISIONAL_KEEP_MANUAL_PHENOCOPY_REVIEW_PENDING	false
GSE261783	GSM8151757	CCCAACTAGGGTCAAC-1	Kat8	Kat8_As_45860	Unstimulated	PROVISIONAL_KEEP_MANUAL_PHENOCOPY_REVIEW_PENDING	false
GSE261783	GSM8151757	CCTAACCAGGGATCGT-1	Kat8	Kat8_As_45860	Unstimulated	PROVISIONAL_KEEP_MANUAL_PHENOCOPY_REVIEW_PENDING	false
GSE261783	GSM8151757	CGTAAGTGTCGCACAC-1	Kat8	Kat8_As_45860	Unstimulated	PROVISIONAL_KEEP_MANUAL_PHENOCOPY_REVIEW_PENDING	false
GSE261783	GSM8151757	CTCTCAGTCAACGAGG-1	Kat8	Kat8_As_45860	Unstimulated	PROVISIONAL_KEEP_MANUAL_PHENOCOPY_REVIEW_PENDING	false
GSE261783	GSM8151757	CTGCTCATCTAAGCGT-1	Kat8	Kat8_As_45860	Unstimulated	PROVISIONAL_KEEP_MANUAL_PHENOCOPY_REVIEW_PENDING	false
GSE261783	GSM8151757	CTTGATTTCGGCAGTC-1	Kat8	Kat8_As_45860	Unstimulated	PROVISIONAL_KEEP_MANUAL_PHENOCOPY_REVIEW_PENDING	false
GSE261783	GSM8151757	GAAATGATCCGACGGT-1	Kat8	Kat8_As_45860	Unstimulated	PROVISIONAL_KEEP_MANUAL_PHENOCOPY_REVIEW_PENDING	false
GSE261783	GSM8151757	GAACACTGTAACTAAG-1	Kat8	Kat8_As_45860	Unstimulated	PROVISIONAL_KEEP_MANUAL_PHENOCOPY_REVIEW_PENDING	false
GSE261783	GSM8151757	GACACGCTCCGTATGA-1	Kat8	Kat8_As_45860	Unstimulated	PROVISIONAL_KEEP_MANUAL_PHENOCOPY_REVIEW_PENDING	false
GSE261783	GSM8151757	GACCCTTGTGTGTGGA-1	Kat8	Kat8_As_45860	Unstimulated	PROVISIONAL_KEEP_MANUAL_PHENOCOPY_REVIEW_PENDING	false
GSE261783	GSM8151757	GATTTCTTCTACGGTA-1	Kat8	Kat8_As_45860	Unstimulated	PROVISIONAL_KEEP_MANUAL_PHENOCOPY_REVIEW_PENDING	false
GSE261783	GSM8151757	GCCCGAATCAAATGAG-1	Kat8	Kat8_As_45860	Unstimulated	PROVISIONAL_KEEP_MANUAL_PHENOCOPY_REVIEW_PENDING	false
GSE261783	GSM8151757	GGAACCCTCGTGGGTC-1	Kat8	Kat8_As_45860	Unstimulated	PROVISIONAL_KEEP_MANUAL_PHENOCOPY_REVIEW_PENDING	false
GSE261783	GSM8151757	GTGCACGTCAAGCCAT-1	Kat8	Kat8_As_45860	Unstimulated	PROVISIONAL_KEEP_MANUAL_PHENOCOPY_REVIEW_PENDING	false
GSE261783	GSM8151757	GTGTGGCGTATCGCTA-1	Kat8	Kat8_As_45860	Unstimulated	PROVISIONAL_KEEP_MANUAL_PHENOCOPY_REVIEW_PENDING	false
GSE261783	GSM8151757	TAAGCACGTTTGTTGG-1	Kat8	Kat8_As_45860	Unstimulated	PROVISIONAL_KEEP_MANUAL_PHENOCOPY_REVIEW_PENDING	false
GSE261783	GSM8151757	TACGGGCTCACCTGGG-1	Kat8	Kat8_As_45860	Unstimulated	PROVISIONAL_KEEP_MANUAL_PHENOCOPY_REVIEW_PENDING	false
GSE261783	GSM8151757	TATGTTCAGACATGCG-1	Kat8	Kat8_As_45860	Unstimulated	PROVISIONAL_KEEP_MANUAL_PHENOCOPY_REVIEW_PENDING	false
GSE261783	GSM8151757	TCACGGGCATATTCGG-1	Kat8	Kat8_As_45860	Unstimulated	PROVISIONAL_KEEP_MANUAL_PHENOCOPY_REVIEW_PENDING	false
GSE261783	GSM8151757	TCACTCGAGTGTTGAA-1	Kat8	Kat8_As_45860	Unstimulated	PROVISIONAL_KEEP_MANUAL_PHENOCOPY_REVIEW_PENDING	false
GSE261783	GSM8151757	TCGGTCTTCTTCCCAG-1	Kat8	Kat8_As_45860	Unstimulated	PROVISIONAL_KEEP_MANUAL_PHENOCOPY_REVIEW_PENDING	false
GSE261783	GSM8151757	TCTACATCACTTACAG-1	Kat8	Kat8_As_45860	Unstimulated	PROVISIONAL_KEEP_MANUAL_PHENOCOPY_REVIEW_PENDING	false
GSE261783	GSM8151757	TCTCAGCTCACGTCCT-1	Kat8	Kat8_As_45860	Unstimulated	PROVISIONAL_KEEP_MANUAL_PHENOCOPY_REVIEW_PENDING	false
GSE261783	GSM8151757	TGATCAGTCTGGTCAA-1	Kat8	Kat8_As_45860	Unstimulated	PROVISIONAL_KEEP_MANUAL_PHENOCOPY_REVIEW_PENDING	false
GSE261783	GSM8151757	TGCATCCCAAATTAGG-1	Kat8	Kat8_As_45860	Unstimulated	PROVISIONAL_KEEP_MANUAL_PHENOCOPY_REVIEW_PENDING	false
GSE261783	GSM8151757	TGTACAGGTCGTGATT-1	Kat8	Kat8_As_45860	Unstimulated	PROVISIONAL_KEEP_MANUAL_PHENOCOPY_REVIEW_PENDING	false
GSE261783	GSM8151757	TGTGATGTCATCCCGT-1	Kat8	Kat8_As_45860	Unstimulated	PROVISIONAL_KEEP_MANUAL_PHENOCOPY_REVIEW_PENDING	false
GSE261783	GSM8151757	TTTCAGTCATGCACTA-1	Kat8	Kat8_As_45860	Unstimulated	PROVISIONAL_KEEP_MANUAL_PHENOCOPY_REVIEW_PENDING	false
GSE261783	GSM8151757	AACAAAGGTTGTGGCC-1	Kat8	Kat8_As_45861	Unstimulated	PROVISIONAL_KEEP_MANUAL_PHENOCOPY_REVIEW_PENDING	false
GSE261783	GSM8151757	AACCTGACACGTATAC-1	Kat8	Kat8_As_45861	Unstimulated	PROVISIONAL_KEEP_MANUAL_PHENOCOPY_REVIEW_PENDING	false
GSE261783	GSM8151757	AAGACTCAGACTCTTG-1	Kat8	Kat8_As_45861	Unstimulated	PROVISIONAL_KEEP_MANUAL_PHENOCOPY_REVIEW_PENDING	false
GSE261783	GSM8151757	ACACAGTAGCGACTAG-1	Kat8	Kat8_As_45861	Unstimulated	PROVISIONAL_KEEP_MANUAL_PHENOCOPY_REVIEW_PENDING	false
GSE261783	GSM8151757	ACACAGTAGCGCGTTC-1	Kat8	Kat8_As_45861	Unstimulated	PROVISIONAL_KEEP_MANUAL_PHENOCOPY_REVIEW_PENDING	false
GSE261783	GSM8151757	ACACGCGAGGTGCCAA-1	Kat8	Kat8_As_45861	Unstimulated	PROVISIONAL_KEEP_MANUAL_PHENOCOPY_REVIEW_PENDING	false
GSE261783	GSM8151757	ACCCTCAGTACGCGTC-1	Kat8	Kat8_As_45861	Unstimulated	PROVISIONAL_KEEP_MANUAL_PHENOCOPY_REVIEW_PENDING	false
GSE261783	GSM8151757	ACTTTCAAGCGCTGAA-1	Kat8	Kat8_As_45861	Unstimulated	PROVISIONAL_KEEP_MANUAL_PHENOCOPY_REVIEW_PENDING	false
GSE261783	GSM8151757	AGATGAAAGCGACTGA-1	Kat8	Kat8_As_45861	Unstimulated	PROVISIONAL_KEEP_MANUAL_PHENOCOPY_REVIEW_PENDING	false
GSE261783	GSM8151757	AGGAAATCAGCGGTTC-1	Kat8	Kat8_As_45861	Unstimulated	PROVISIONAL_KEEP_MANUAL_PHENOCOPY_REVIEW_PENDING	false
GSE261783	GSM8151757	AGGGTCCCAGCATTGT-1	Kat8	Kat8_As_45861	Unstimulated	PROVISIONAL_KEEP_MANUAL_PHENOCOPY_REVIEW_PENDING	false
GSE261783	GSM8151757	AGGTCTACAATAGTCC-1	Kat8	Kat8_As_45861	Unstimulated	PROVISIONAL_KEEP_MANUAL_PHENOCOPY_REVIEW_PENDING	false
GSE261783	GSM8151757	AGTAGTCAGGAAAGGT-1	Kat8	Kat8_As_45861	Unstimulated	PROVISIONAL_KEEP_MANUAL_PHENOCOPY_REVIEW_PENDING	false
GSE261783	GSM8151757	ATGCATGAGCATAGGC-1	Kat8	Kat8_As_45861	Unstimulated	PROVISIONAL_KEEP_MANUAL_PHENOCOPY_REVIEW_PENDING	false
GSE261783	GSM8151757	ATTATCCTCCTGTAGA-1	Kat8	Kat8_As_45861	Unstimulated	PROVISIONAL_KEEP_MANUAL_PHENOCOPY_REVIEW_PENDING	false
GSE261783	GSM8151757	CAAGACTTCGCCGAAC-1	Kat8	Kat8_As_45861	Unstimulated	PROVISIONAL_KEEP_MANUAL_PHENOCOPY_REVIEW_PENDING	false
GSE261783	GSM8151757	CATCCCATCACCGACG-1	Kat8	Kat8_As_45861	Unstimulated	PROVISIONAL_KEEP_MANUAL_PHENOCOPY_REVIEW_PENDING	false
GSE261783	GSM8151757	CATTGTTCACTTCAGA-1	Kat8	Kat8_As_45861	Unstimulated	PROVISIONAL_KEEP_MANUAL_PHENOCOPY_REVIEW_PENDING	false
GSE261783	GSM8151757	CCAAGCGAGGCGTCCT-1	Kat8	Kat8_As_45861	Unstimulated	PROVISIONAL_KEEP_MANUAL_PHENOCOPY_REVIEW_PENDING	false
GSE261783	GSM8151757	CCTTGTGTCCACGTAA-1	Kat8	Kat8_As_45861	Unstimulated	PROVISIONAL_KEEP_MANUAL_PHENOCOPY_REVIEW_PENDING	false
GSE261783	GSM8151757	CGCATGGCAGAGCTAG-1	Kat8	Kat8_As_45861	Unstimulated	PROVISIONAL_KEEP_MANUAL_PHENOCOPY_REVIEW_PENDING	false
GSE261783	GSM8151757	CGCATGGTCTGTGCAA-1	Kat8	Kat8_As_45861	Unstimulated	PROVISIONAL_KEEP_MANUAL_PHENOCOPY_REVIEW_PENDING	false
GSE261783	GSM8151757	CGGAGAATCTCTAGGA-1	Kat8	Kat8_As_45861	Unstimulated	PROVISIONAL_KEEP_MANUAL_PHENOCOPY_REVIEW_PENDING	false
GSE261783	GSM8151757	CTAAGTGGTTTGGGTT-1	Kat8	Kat8_As_45861	Unstimulated	PROVISIONAL_KEEP_MANUAL_PHENOCOPY_REVIEW_PENDING	false
GSE261783	GSM8151757	CTCATTAGTCATCGGC-1	Kat8	Kat8_As_45861	Unstimulated	PROVISIONAL_KEEP_MANUAL_PHENOCOPY_REVIEW_PENDING	false
GSE261783	GSM8151757	CTCCGATAGCGCCCAT-1	Kat8	Kat8_As_45861	Unstimulated	PROVISIONAL_KEEP_MANUAL_PHENOCOPY_REVIEW_PENDING	false
GSE261783	GSM8151757	GCAGCTGGTCAAGCCC-1	Kat8	Kat8_As_45861	Unstimulated	PROVISIONAL_KEEP_MANUAL_PHENOCOPY_REVIEW_PENDING	false
GSE261783	GSM8151757	GCTACAATCGAGAACG-1	Kat8	Kat8_As_45861	Unstimulated	PROVISIONAL_KEEP_MANUAL_PHENOCOPY_REVIEW_PENDING	false
GSE261783	GSM8151757	GTACAGTAGACGAGCT-1	Kat8	Kat8_As_45861	Unstimulated	PROVISIONAL_KEEP_MANUAL_PHENOCOPY_REVIEW_PENDING	false
GSE261783	GSM8151757	GTCGAATAGTGCCTCG-1	Kat8	Kat8_As_45861	Unstimulated	PROVISIONAL_KEEP_MANUAL_PHENOCOPY_REVIEW_PENDING	false
GSE261783	GSM8151757	GTCTTTAGTTAACCTG-1	Kat8	Kat8_As_45861	Unstimulated	PROVISIONAL_KEEP_MANUAL_PHENOCOPY_REVIEW_PENDING	false
GSE261783	GSM8151757	GTGCACGGTCTTGCGG-1	Kat8	Kat8_As_45861	Unstimulated	PROVISIONAL_KEEP_MANUAL_PHENOCOPY_REVIEW_PENDING	false
GSE261783	GSM8151757	GTTACAGAGTAACCTC-1	Kat8	Kat8_As_45861	Unstimulated	PROVISIONAL_KEEP_MANUAL_PHENOCOPY_REVIEW_PENDING	false
GSE261783	GSM8151757	TATACCTGTGTTTGCA-1	Kat8	Kat8_As_45861	Unstimulated	PROVISIONAL_KEEP_MANUAL_PHENOCOPY_REVIEW_PENDING	false
GSE261783	GSM8151757	TGCAGATCAGCGGATA-1	Kat8	Kat8_As_45861	Unstimulated	PROVISIONAL_KEEP_MANUAL_PHENOCOPY_REVIEW_PENDING	false
GSE261783	GSM8151757	TGGGAAGAGTAAACTG-1	Kat8	Kat8_As_45861	Unstimulated	PROVISIONAL_KEEP_MANUAL_PHENOCOPY_REVIEW_PENDING	false
GSE261783	GSM8151757	TTGTTGTAGACTTGTC-1	Kat8	Kat8_As_45861	Unstimulated	PROVISIONAL_KEEP_MANUAL_PHENOCOPY_REVIEW_PENDING	false
GSE261783	GSM8151757	AAAGGTACATGTGCTA-1	Kmt2a	Kmt2a_As_44476	Unstimulated	PROVISIONAL_KEEP_MANUAL_PHENOCOPY_REVIEW_PENDING	false
GSE261783	GSM8151757	AACGAAAAGCTTGTTG-1	Kmt2a	Kmt2a_As_44476	Unstimulated	PROVISIONAL_KEEP_MANUAL_PHENOCOPY_REVIEW_PENDING	false
GSE261783	GSM8151757	AACGAAACAGATAAAC-1	Kmt2a	Kmt2a_As_44476	Unstimulated	PROVISIONAL_KEEP_MANUAL_PHENOCOPY_REVIEW_PENDING	false
GSE261783	GSM8151757	AAGCGAGGTTATGTCG-1	Kmt2a	Kmt2a_As_44476	Unstimulated	PROVISIONAL_KEEP_MANUAL_PHENOCOPY_REVIEW_PENDING	false
GSE261783	GSM8151757	AAGGAATCACCTCTGT-1	Kmt2a	Kmt2a_As_44476	Unstimulated	PROVISIONAL_KEEP_MANUAL_PHENOCOPY_REVIEW_PENDING	false
GSE261783	GSM8151757	AAGGTAATCCCTGGTT-1	Kmt2a	Kmt2a_As_44476	Unstimulated	PROVISIONAL_KEEP_MANUAL_PHENOCOPY_REVIEW_PENDING	false
GSE261783	GSM8151757	ACACCAAAGCGTGAGT-1	Kmt2a	Kmt2a_As_44476	Unstimulated	PROVISIONAL_KEEP_MANUAL_PHENOCOPY_REVIEW_PENDING	false
GSE261783	GSM8151757	ACCCAAATCCTAACAG-1	Kmt2a	Kmt2a_As_44476	Unstimulated	PROVISIONAL_KEEP_MANUAL_PHENOCOPY_REVIEW_PENDING	false
GSE261783	GSM8151757	ACTATGGAGGGTGAAA-1	Kmt2a	Kmt2a_As_44476	Unstimulated	PROVISIONAL_KEEP_MANUAL_PHENOCOPY_REVIEW_PENDING	false
GSE261783	GSM8151757	ACTCCCATCTATCCAT-1	Kmt2a	Kmt2a_As_44476	Unstimulated	PROVISIONAL_KEEP_MANUAL_PHENOCOPY_REVIEW_PENDING	false
GSE261783	GSM8151757	AGAAGTAGTATCATGC-1	Kmt2a	Kmt2a_As_44476	Unstimulated	PROVISIONAL_KEEP_MANUAL_PHENOCOPY_REVIEW_PENDING	false
GSE261783	GSM8151757	AGACTCAAGGGCAGTT-1	Kmt2a	Kmt2a_As_44476	Unstimulated	PROVISIONAL_KEEP_MANUAL_PHENOCOPY_REVIEW_PENDING	false
GSE261783	GSM8151757	AGGCTGCTCCCTCAAC-1	Kmt2a	Kmt2a_As_44476	Unstimulated	PROVISIONAL_KEEP_MANUAL_PHENOCOPY_REVIEW_PENDING	false
GSE261783	GSM8151757	AGTAGTCTCCATTTCA-1	Kmt2a	Kmt2a_As_44476	Unstimulated	PROVISIONAL_KEEP_MANUAL_PHENOCOPY_REVIEW_PENDING	false
GSE261783	GSM8151757	AGTCAACCATTCTCTA-1	Kmt2a	Kmt2a_As_44476	Unstimulated	PROVISIONAL_KEEP_MANUAL_PHENOCOPY_REVIEW_PENDING	false
GSE261783	GSM8151757	AGTTAGCAGCACTCAT-1	Kmt2a	Kmt2a_As_44476	Unstimulated	PROVISIONAL_KEEP_MANUAL_PHENOCOPY_REVIEW_PENDING	false
GSE261783	GSM8151757	ATCCCTGCAGGATCTT-1	Kmt2a	Kmt2a_As_44476	Unstimulated	PROVISIONAL_KEEP_MANUAL_PHENOCOPY_REVIEW_PENDING	false
GSE261783	GSM8151757	CAATACGAGAGAACCC-1	Kmt2a	Kmt2a_As_44476	Unstimulated	PROVISIONAL_KEEP_MANUAL_PHENOCOPY_REVIEW_PENDING	false
GSE261783	GSM8151757	CAATACGGTTCGGCTG-1	Kmt2a	Kmt2a_As_44476	Unstimulated	PROVISIONAL_KEEP_MANUAL_PHENOCOPY_REVIEW_PENDING	false
GSE261783	GSM8151757	CAATGACCACCAGACC-1	Kmt2a	Kmt2a_As_44476	Unstimulated	PROVISIONAL_KEEP_MANUAL_PHENOCOPY_REVIEW_PENDING	false
GSE261783	GSM8151757	CACAGATGTCTTCATT-1	Kmt2a	Kmt2a_As_44476	Unstimulated	PROVISIONAL_KEEP_MANUAL_PHENOCOPY_REVIEW_PENDING	false
GSE261783	GSM8151757	CACATGATCGAACGCC-1	Kmt2a	Kmt2a_As_44476	Unstimulated	PROVISIONAL_KEEP_MANUAL_PHENOCOPY_REVIEW_PENDING	false
GSE261783	GSM8151757	CATACTTAGCATACTC-1	Kmt2a	Kmt2a_As_44476	Unstimulated	PROVISIONAL_KEEP_MANUAL_PHENOCOPY_REVIEW_PENDING	false
GSE261783	GSM8151757	CATACTTGTCTTTCTA-1	Kmt2a	Kmt2a_As_44476	Unstimulated	PROVISIONAL_KEEP_MANUAL_PHENOCOPY_REVIEW_PENDING	false
GSE261783	GSM8151757	CATCCGTGTGCTGCAC-1	Kmt2a	Kmt2a_As_44476	Unstimulated	PROVISIONAL_KEEP_MANUAL_PHENOCOPY_REVIEW_PENDING	false
GSE261783	GSM8151757	CATGCAATCCGATCGG-1	Kmt2a	Kmt2a_As_44476	Unstimulated	PROVISIONAL_KEEP_MANUAL_PHENOCOPY_REVIEW_PENDING	false
GSE261783	GSM8151757	CCACGAGTCACCATGA-1	Kmt2a	Kmt2a_As_44476	Unstimulated	PROVISIONAL_KEEP_MANUAL_PHENOCOPY_REVIEW_PENDING	false
GSE261783	GSM8151757	CCACGTTGTCGTGGTC-1	Kmt2a	Kmt2a_As_44476	Unstimulated	PROVISIONAL_KEEP_MANUAL_PHENOCOPY_REVIEW_PENDING	false
GSE261783	GSM8151757	CCTGTTGAGGAGACCT-1	Kmt2a	Kmt2a_As_44476	Unstimulated	PROVISIONAL_KEEP_MANUAL_PHENOCOPY_REVIEW_PENDING	false
GSE261783	GSM8151757	CGAAGGACACATATCG-1	Kmt2a	Kmt2a_As_44476	Unstimulated	PROVISIONAL_KEEP_MANUAL_PHENOCOPY_REVIEW_PENDING	false
GSE261783	GSM8151757	CGTAAGTCACAGCGCT-1	Kmt2a	Kmt2a_As_44476	Unstimulated	PROVISIONAL_KEEP_MANUAL_PHENOCOPY_REVIEW_PENDING	false
GSE261783	GSM8151757	CGTCCATAGTCCGCGT-1	Kmt2a	Kmt2a_As_44476	Unstimulated	PROVISIONAL_KEEP_MANUAL_PHENOCOPY_REVIEW_PENDING	false
GSE261783	GSM8151757	CTGCCATAGGATATGT-1	Kmt2a	Kmt2a_As_44476	Unstimulated	PROVISIONAL_KEEP_MANUAL_PHENOCOPY_REVIEW_PENDING	false
GSE261783	GSM8151757	CTGCCTACAACTTGGT-1	Kmt2a	Kmt2a_As_44476	Unstimulated	PROVISIONAL_KEEP_MANUAL_PHENOCOPY_REVIEW_PENDING	false
GSE261783	GSM8151757	CTGCGAGAGGAACATT-1	Kmt2a	Kmt2a_As_44476	Unstimulated	PROVISIONAL_KEEP_MANUAL_PHENOCOPY_REVIEW_PENDING	false
GSE261783	GSM8151757	CTGGACGAGCGCCTCA-1	Kmt2a	Kmt2a_As_44476	Unstimulated	PROVISIONAL_KEEP_MANUAL_PHENOCOPY_REVIEW_PENDING	false
GSE261783	GSM8151757	GACCTTCTCCACGAAT-1	Kmt2a	Kmt2a_As_44476	Unstimulated	PROVISIONAL_KEEP_MANUAL_PHENOCOPY_REVIEW_PENDING	false
GSE261783	GSM8151757	GATCCCTAGGTGGGTT-1	Kmt2a	Kmt2a_As_44476	Unstimulated	PROVISIONAL_KEEP_MANUAL_PHENOCOPY_REVIEW_PENDING	false
GSE261783	GSM8151757	GATTCTTAGTACGAGC-1	Kmt2a	Kmt2a_As_44476	Unstimulated	PROVISIONAL_KEEP_MANUAL_PHENOCOPY_REVIEW_PENDING	false
GSE261783	GSM8151757	GCAGGCTGTCTACATG-1	Kmt2a	Kmt2a_As_44476	Unstimulated	PROVISIONAL_KEEP_MANUAL_PHENOCOPY_REVIEW_PENDING	false
GSE261783	GSM8151757	GCCTGTTCAATTTCTC-1	Kmt2a	Kmt2a_As_44476	Unstimulated	PROVISIONAL_KEEP_MANUAL_PHENOCOPY_REVIEW_PENDING	false
GSE261783	GSM8151757	GCTTTCGGTGGCTACC-1	Kmt2a	Kmt2a_As_44476	Unstimulated	PROVISIONAL_KEEP_MANUAL_PHENOCOPY_REVIEW_PENDING	false
GSE261783	GSM8151757	GGCAGTCTCGATGGAG-1	Kmt2a	Kmt2a_As_44476	Unstimulated	PROVISIONAL_KEEP_MANUAL_PHENOCOPY_REVIEW_PENDING	false
GSE261783	GSM8151757	GGCTGTGCAGACACAG-1	Kmt2a	Kmt2a_As_44476	Unstimulated	PROVISIONAL_KEEP_MANUAL_PHENOCOPY_REVIEW_PENDING	false
GSE261783	GSM8151757	GGCTTGGTCAATGTCG-1	Kmt2a	Kmt2a_As_44476	Unstimulated	PROVISIONAL_KEEP_MANUAL_PHENOCOPY_REVIEW_PENDING	false
GSE261783	GSM8151757	GGTAGAGAGGCTAAAT-1	Kmt2a	Kmt2a_As_44476	Unstimulated	PROVISIONAL_KEEP_MANUAL_PHENOCOPY_REVIEW_PENDING	false
GSE261783	GSM8151757	GGTCTGGGTCCTATAG-1	Kmt2a	Kmt2a_As_44476	Unstimulated	PROVISIONAL_KEEP_MANUAL_PHENOCOPY_REVIEW_PENDING	false
GSE261783	GSM8151757	GTCACTCAGCTTCTAG-1	Kmt2a	Kmt2a_As_44476	Unstimulated	PROVISIONAL_KEEP_MANUAL_PHENOCOPY_REVIEW_PENDING	false
GSE261783	GSM8151757	GTTGTGACACTAACCA-1	Kmt2a	Kmt2a_As_44476	Unstimulated	PROVISIONAL_KEEP_MANUAL_PHENOCOPY_REVIEW_PENDING	false
GSE261783	GSM8151757	TACCGAAAGCAACAAT-1	Kmt2a	Kmt2a_As_44476	Unstimulated	PROVISIONAL_KEEP_MANUAL_PHENOCOPY_REVIEW_PENDING	false
GSE261783	GSM8151757	TACGGGCCATAACTCG-1	Kmt2a	Kmt2a_As_44476	Unstimulated	PROVISIONAL_KEEP_MANUAL_PHENOCOPY_REVIEW_PENDING	false
GSE261783	GSM8151757	TACTTCATCACGGGAA-1	Kmt2a	Kmt2a_As_44476	Unstimulated	PROVISIONAL_KEEP_MANUAL_PHENOCOPY_REVIEW_PENDING	false
GSE261783	GSM8151757	TAGATCGCACAATTCG-1	Kmt2a	Kmt2a_As_44476	Unstimulated	PROVISIONAL_KEEP_MANUAL_PHENOCOPY_REVIEW_PENDING	false
GSE261783	GSM8151757	TATTGCTGTATCCTCC-1	Kmt2a	Kmt2a_As_44476	Unstimulated	PROVISIONAL_KEEP_MANUAL_PHENOCOPY_REVIEW_PENDING	false
GSE261783	GSM8151757	TCAGTTTCATCGTCCT-1	Kmt2a	Kmt2a_As_44476	Unstimulated	PROVISIONAL_KEEP_MANUAL_PHENOCOPY_REVIEW_PENDING	false
GSE261783	GSM8151757	TCCTTTCAGCACGGAT-1	Kmt2a	Kmt2a_As_44476	Unstimulated	PROVISIONAL_KEEP_MANUAL_PHENOCOPY_REVIEW_PENDING	false
GSE261783	GSM8151757	TCGAAGTGTATACAGA-1	Kmt2a	Kmt2a_As_44476	Unstimulated	PROVISIONAL_KEEP_MANUAL_PHENOCOPY_REVIEW_PENDING	false
GSE261783	GSM8151757	TCGACGGAGTCCCAAT-1	Kmt2a	Kmt2a_As_44476	Unstimulated	PROVISIONAL_KEEP_MANUAL_PHENOCOPY_REVIEW_PENDING	false
GSE261783	GSM8151757	TCTCACGAGAGAGTTT-1	Kmt2a	Kmt2a_As_44476	Unstimulated	PROVISIONAL_KEEP_MANUAL_PHENOCOPY_REVIEW_PENDING	false
GSE261783	GSM8151757	TGATGCATCCAGTACA-1	Kmt2a	Kmt2a_As_44476	Unstimulated	PROVISIONAL_KEEP_MANUAL_PHENOCOPY_REVIEW_PENDING	false
GSE261783	GSM8151757	TGATTTCGTCACCTTC-1	Kmt2a	Kmt2a_As_44476	Unstimulated	PROVISIONAL_KEEP_MANUAL_PHENOCOPY_REVIEW_PENDING	false
GSE261783	GSM8151757	TGCATGAGTATCACGT-1	Kmt2a	Kmt2a_As_44476	Unstimulated	PROVISIONAL_KEEP_MANUAL_PHENOCOPY_REVIEW_PENDING	false
GSE261783	GSM8151757	TGGTACAGTGAGCGAT-1	Kmt2a	Kmt2a_As_44476	Unstimulated	PROVISIONAL_KEEP_MANUAL_PHENOCOPY_REVIEW_PENDING	false
GSE261783	GSM8151757	TGGTTAGTCACTACTT-1	Kmt2a	Kmt2a_As_44476	Unstimulated	PROVISIONAL_KEEP_MANUAL_PHENOCOPY_REVIEW_PENDING	false
GSE261783	GSM8151757	TGTCCACCACAAGTGG-1	Kmt2a	Kmt2a_As_44476	Unstimulated	PROVISIONAL_KEEP_MANUAL_PHENOCOPY_REVIEW_PENDING	false
GSE261783	GSM8151757	TGTTGGACAGTCAGAG-1	Kmt2a	Kmt2a_As_44476	Unstimulated	PROVISIONAL_KEEP_MANUAL_PHENOCOPY_REVIEW_PENDING	false
GSE261783	GSM8151757	TTACGTTAGCGAGTAC-1	Kmt2a	Kmt2a_As_44476	Unstimulated	PROVISIONAL_KEEP_MANUAL_PHENOCOPY_REVIEW_PENDING	false
GSE261783	GSM8151757	TTCCTAAAGCGCCTAC-1	Kmt2a	Kmt2a_As_44476	Unstimulated	PROVISIONAL_KEEP_MANUAL_PHENOCOPY_REVIEW_PENDING	false
GSE261783	GSM8151757	TTCTAGTCACCCTCTA-1	Kmt2a	Kmt2a_As_44476	Unstimulated	PROVISIONAL_KEEP_MANUAL_PHENOCOPY_REVIEW_PENDING	false
GSE261783	GSM8151757	TTTACCAAGGTGCTTT-1	Kmt2a	Kmt2a_As_44476	Unstimulated	PROVISIONAL_KEEP_MANUAL_PHENOCOPY_REVIEW_PENDING	false
GSE261783	GSM8151757	AACCTTTAGCCGTTGC-1	Kmt2a	Kmt2a_Br_53969	Unstimulated	PROVISIONAL_KEEP_MANUAL_PHENOCOPY_REVIEW_PENDING	false
GSE261783	GSM8151757	AAGGTAAAGTGGTTCT-1	Kmt2a	Kmt2a_Br_53969	Unstimulated	PROVISIONAL_KEEP_MANUAL_PHENOCOPY_REVIEW_PENDING	false
GSE261783	GSM8151757	ACAAGCTGTGCTCTTC-1	Kmt2a	Kmt2a_Br_53969	Unstimulated	PROVISIONAL_KEEP_MANUAL_PHENOCOPY_REVIEW_PENDING	false
GSE261783	GSM8151757	ACAGGGATCCAGGACC-1	Kmt2a	Kmt2a_Br_53969	Unstimulated	PROVISIONAL_KEEP_MANUAL_PHENOCOPY_REVIEW_PENDING	false
GSE261783	GSM8151757	ACCAAACTCTAAGAAG-1	Kmt2a	Kmt2a_Br_53969	Unstimulated	PROVISIONAL_KEEP_MANUAL_PHENOCOPY_REVIEW_PENDING	false
GSE261783	GSM8151757	ACTGCAAGTAGATCGG-1	Kmt2a	Kmt2a_Br_53969	Unstimulated	PROVISIONAL_KEEP_MANUAL_PHENOCOPY_REVIEW_PENDING	false
GSE261783	GSM8151757	AGATAGAAGTCTCCTC-1	Kmt2a	Kmt2a_Br_53969	Unstimulated	PROVISIONAL_KEEP_MANUAL_PHENOCOPY_REVIEW_PENDING	false
GSE261783	GSM8151757	AGGCTGCAGAGGATCC-1	Kmt2a	Kmt2a_Br_53969	Unstimulated	PROVISIONAL_KEEP_MANUAL_PHENOCOPY_REVIEW_PENDING	false
GSE261783	GSM8151757	ATAGACCTCTCTGCTG-1	Kmt2a	Kmt2a_Br_53969	Unstimulated	PROVISIONAL_KEEP_MANUAL_PHENOCOPY_REVIEW_PENDING	false
GSE261783	GSM8151757	ATCCATTCAAGTGGGT-1	Kmt2a	Kmt2a_Br_53969	Unstimulated	PROVISIONAL_KEEP_MANUAL_PHENOCOPY_REVIEW_PENDING	false
GSE261783	GSM8151757	ATCGTAGAGTCCGTCG-1	Kmt2a	Kmt2a_Br_53969	Unstimulated	PROVISIONAL_KEEP_MANUAL_PHENOCOPY_REVIEW_PENDING	false
GSE261783	GSM8151757	ATGCGATCATGAGATA-1	Kmt2a	Kmt2a_Br_53969	Unstimulated	PROVISIONAL_KEEP_MANUAL_PHENOCOPY_REVIEW_PENDING	false
GSE261783	GSM8151757	ATGGGTTAGCTGGCCT-1	Kmt2a	Kmt2a_Br_53969	Unstimulated	PROVISIONAL_KEEP_MANUAL_PHENOCOPY_REVIEW_PENDING	false
GSE261783	GSM8151757	ATTACCTTCCTCACGT-1	Kmt2a	Kmt2a_Br_53969	Unstimulated	PROVISIONAL_KEEP_MANUAL_PHENOCOPY_REVIEW_PENDING	false
GSE261783	GSM8151757	CACCAAAGTCCGGACT-1	Kmt2a	Kmt2a_Br_53969	Unstimulated	PROVISIONAL_KEEP_MANUAL_PHENOCOPY_REVIEW_PENDING	false
GSE261783	GSM8151757	CGGACACCATTGTCGA-1	Kmt2a	Kmt2a_Br_53969	Unstimulated	PROVISIONAL_KEEP_MANUAL_PHENOCOPY_REVIEW_PENDING	false
GSE261783	GSM8151757	CTAGACATCTCATGCC-1	Kmt2a	Kmt2a_Br_53969	Unstimulated	PROVISIONAL_KEEP_MANUAL_PHENOCOPY_REVIEW_PENDING	false
GSE261783	GSM8151757	CTAGGTAAGTTACGGG-1	Kmt2a	Kmt2a_Br_53969	Unstimulated	PROVISIONAL_KEEP_MANUAL_PHENOCOPY_REVIEW_PENDING	false
GSE261783	GSM8151757	CTATCCGCACGCTTAA-1	Kmt2a	Kmt2a_Br_53969	Unstimulated	PROVISIONAL_KEEP_MANUAL_PHENOCOPY_REVIEW_PENDING	false
GSE261783	GSM8151757	CTCAGTCGTGTCCTAA-1	Kmt2a	Kmt2a_Br_53969	Unstimulated	PROVISIONAL_KEEP_MANUAL_PHENOCOPY_REVIEW_PENDING	false
GSE261783	GSM8151757	CTGCATCGTCGCGTCA-1	Kmt2a	Kmt2a_Br_53969	Unstimulated	PROVISIONAL_KEEP_MANUAL_PHENOCOPY_REVIEW_PENDING	false
GSE261783	GSM8151757	GAAATGATCGGCAGTC-1	Kmt2a	Kmt2a_Br_53969	Unstimulated	PROVISIONAL_KEEP_MANUAL_PHENOCOPY_REVIEW_PENDING	false
GSE261783	GSM8151757	GAATAGACAGCTATTG-1	Kmt2a	Kmt2a_Br_53969	Unstimulated	PROVISIONAL_KEEP_MANUAL_PHENOCOPY_REVIEW_PENDING	false
GSE261783	GSM8151757	GAGGGATAGTATAACG-1	Kmt2a	Kmt2a_Br_53969	Unstimulated	PROVISIONAL_KEEP_MANUAL_PHENOCOPY_REVIEW_PENDING	false
GSE261783	GSM8151757	GAGTGAGGTTCCGTTC-1	Kmt2a	Kmt2a_Br_53969	Unstimulated	PROVISIONAL_KEEP_MANUAL_PHENOCOPY_REVIEW_PENDING	false
GSE261783	GSM8151757	GATAGCTAGATGACCG-1	Kmt2a	Kmt2a_Br_53969	Unstimulated	PROVISIONAL_KEEP_MANUAL_PHENOCOPY_REVIEW_PENDING	false
GSE261783	GSM8151757	GATAGCTCATCATTGG-1	Kmt2a	Kmt2a_Br_53969	Unstimulated	PROVISIONAL_KEEP_MANUAL_PHENOCOPY_REVIEW_PENDING	false
GSE261783	GSM8151757	GATTCTTCAGATACTC-1	Kmt2a	Kmt2a_Br_53969	Unstimulated	PROVISIONAL_KEEP_MANUAL_PHENOCOPY_REVIEW_PENDING	false
GSE261783	GSM8151757	GATTGGTGTTAGTTCG-1	Kmt2a	Kmt2a_Br_53969	Unstimulated	PROVISIONAL_KEEP_MANUAL_PHENOCOPY_REVIEW_PENDING	false
GSE261783	GSM8151757	GCGATCGTCAACTTTC-1	Kmt2a	Kmt2a_Br_53969	Unstimulated	PROVISIONAL_KEEP_MANUAL_PHENOCOPY_REVIEW_PENDING	false
GSE261783	GSM8151757	GGATCTAGTTGGTACT-1	Kmt2a	Kmt2a_Br_53969	Unstimulated	PROVISIONAL_KEEP_MANUAL_PHENOCOPY_REVIEW_PENDING	false
GSE261783	GSM8151757	GGGTGAAAGTGCCCGT-1	Kmt2a	Kmt2a_Br_53969	Unstimulated	PROVISIONAL_KEEP_MANUAL_PHENOCOPY_REVIEW_PENDING	false
GSE261783	GSM8151757	GGTGTTATCTTTCTAG-1	Kmt2a	Kmt2a_Br_53969	Unstimulated	PROVISIONAL_KEEP_MANUAL_PHENOCOPY_REVIEW_PENDING	false
GSE261783	GSM8151757	GTTACAGTCACTCGAA-1	Kmt2a	Kmt2a_Br_53969	Unstimulated	PROVISIONAL_KEEP_MANUAL_PHENOCOPY_REVIEW_PENDING	false
GSE261783	GSM8151757	GTTCATTTCGCAATGT-1	Kmt2a	Kmt2a_Br_53969	Unstimulated	PROVISIONAL_KEEP_MANUAL_PHENOCOPY_REVIEW_PENDING	false
GSE261783	GSM8151757	TACCGGGCACAAAGTA-1	Kmt2a	Kmt2a_Br_53969	Unstimulated	PROVISIONAL_KEEP_MANUAL_PHENOCOPY_REVIEW_PENDING	false
GSE261783	GSM8151757	TCATCATCATATACCG-1	Kmt2a	Kmt2a_Br_53969	Unstimulated	PROVISIONAL_KEEP_MANUAL_PHENOCOPY_REVIEW_PENDING	false
GSE261783	GSM8151757	TCGCTTGTCACCTGTC-1	Kmt2a	Kmt2a_Br_53969	Unstimulated	PROVISIONAL_KEEP_MANUAL_PHENOCOPY_REVIEW_PENDING	false
GSE261783	GSM8151757	TGACAGTGTGCCGTTG-1	Kmt2a	Kmt2a_Br_53969	Unstimulated	PROVISIONAL_KEEP_MANUAL_PHENOCOPY_REVIEW_PENDING	false
GSE261783	GSM8151757	TGACCCTTCTCGTCAC-1	Kmt2a	Kmt2a_Br_53969	Unstimulated	PROVISIONAL_KEEP_MANUAL_PHENOCOPY_REVIEW_PENDING	false
GSE261783	GSM8151757	TGAGGAGAGGTGCAGT-1	Kmt2a	Kmt2a_Br_53969	Unstimulated	PROVISIONAL_KEEP_MANUAL_PHENOCOPY_REVIEW_PENDING	false
GSE261783	GSM8151757	TGAGGTTAGTGATAGT-1	Kmt2a	Kmt2a_Br_53969	Unstimulated	PROVISIONAL_KEEP_MANUAL_PHENOCOPY_REVIEW_PENDING	false
GSE261783	GSM8151757	TGGAGAGGTCCTTAAG-1	Kmt2a	Kmt2a_Br_53969	Unstimulated	PROVISIONAL_KEEP_MANUAL_PHENOCOPY_REVIEW_PENDING	false
GSE261783	GSM8151757	TGGGAGAGTTACGTAC-1	Kmt2a	Kmt2a_Br_53969	Unstimulated	PROVISIONAL_KEEP_MANUAL_PHENOCOPY_REVIEW_PENDING	false
GSE261783	GSM8151757	TGGGAGATCTGGAAGG-1	Kmt2a	Kmt2a_Br_53969	Unstimulated	PROVISIONAL_KEEP_MANUAL_PHENOCOPY_REVIEW_PENDING	false
GSE261783	GSM8151757	TTCAATCTCTTAATCC-1	Kmt2a	Kmt2a_Br_53969	Unstimulated	PROVISIONAL_KEEP_MANUAL_PHENOCOPY_REVIEW_PENDING	false
GSE261783	GSM8151757	TTCCGGTAGAGTGAAG-1	Kmt2a	Kmt2a_Br_53969	Unstimulated	PROVISIONAL_KEEP_MANUAL_PHENOCOPY_REVIEW_PENDING	false
GSE261783	GSM8151757	TTCCGGTCATTCGATG-1	Kmt2a	Kmt2a_Br_53969	Unstimulated	PROVISIONAL_KEEP_MANUAL_PHENOCOPY_REVIEW_PENDING	false
GSE261783	GSM8151757	TTGTGTTTCCTCACGT-1	Kmt2a	Kmt2a_Br_53969	Unstimulated	PROVISIONAL_KEEP_MANUAL_PHENOCOPY_REVIEW_PENDING	false
GSE261783	GSM8151757	TTGTTGTCAATTGGTC-1	Kmt2a	Kmt2a_Br_53969	Unstimulated	PROVISIONAL_KEEP_MANUAL_PHENOCOPY_REVIEW_PENDING	false
GSE261783	GSM8151757	TTGTTTGCAAAGCTCT-1	Kmt2a	Kmt2a_Br_53969	Unstimulated	PROVISIONAL_KEEP_MANUAL_PHENOCOPY_REVIEW_PENDING	false
GSE261783	GSM8151757	TTTAGTCTCGTAACTG-1	Kmt2a	Kmt2a_Br_53969	Unstimulated	PROVISIONAL_KEEP_MANUAL_PHENOCOPY_REVIEW_PENDING	false
GSE261783	GSM8151757	ACGTAGTTCCGTTTCG-1	ctrl	NTC_0005	Unstimulated	PROVISIONAL_KEEP_MANUAL_PHENOCOPY_REVIEW_PENDING	false
GSE261783	GSM8151757	ACTCCCACACGAGGAT-1	ctrl	NTC_0005	Unstimulated	PROVISIONAL_KEEP_MANUAL_PHENOCOPY_REVIEW_PENDING	false
GSE261783	GSM8151757	AGCTCAATCGTCTACC-1	ctrl	NTC_0005	Unstimulated	PROVISIONAL_KEEP_MANUAL_PHENOCOPY_REVIEW_PENDING	false
GSE261783	GSM8151757	AGGGTTTAGTTGGGAC-1	ctrl	NTC_0005	Unstimulated	PROVISIONAL_KEEP_MANUAL_PHENOCOPY_REVIEW_PENDING	false
GSE261783	GSM8151757	AGTAACCTCATCACTT-1	ctrl	NTC_0005	Unstimulated	PROVISIONAL_KEEP_MANUAL_PHENOCOPY_REVIEW_PENDING	false
GSE261783	GSM8151757	AGTGACTGTATGCGTT-1	ctrl	NTC_0005	Unstimulated	PROVISIONAL_KEEP_MANUAL_PHENOCOPY_REVIEW_PENDING	false
GSE261783	GSM8151757	ATCACTTCAGAGTTGG-1	ctrl	NTC_0005	Unstimulated	PROVISIONAL_KEEP_MANUAL_PHENOCOPY_REVIEW_PENDING	false
GSE261783	GSM8151757	ATCCCTGGTTATGGTC-1	ctrl	NTC_0005	Unstimulated	PROVISIONAL_KEEP_MANUAL_PHENOCOPY_REVIEW_PENDING	false
GSE261783	GSM8151757	ATGCCTCGTACTTCCC-1	ctrl	NTC_0005	Unstimulated	PROVISIONAL_KEEP_MANUAL_PHENOCOPY_REVIEW_PENDING	false
GSE261783	GSM8151757	ATTTCACAGATGACCG-1	ctrl	NTC_0005	Unstimulated	PROVISIONAL_KEEP_MANUAL_PHENOCOPY_REVIEW_PENDING	false
GSE261783	GSM8151757	CAACGATCACTAGGCC-1	ctrl	NTC_0005	Unstimulated	PROVISIONAL_KEEP_MANUAL_PHENOCOPY_REVIEW_PENDING	false
GSE261783	GSM8151757	CACGTTCGTATCACCA-1	ctrl	NTC_0005	Unstimulated	PROVISIONAL_KEEP_MANUAL_PHENOCOPY_REVIEW_PENDING	false
GSE261783	GSM8151757	CAGTGCGTCGGTAACT-1	ctrl	NTC_0005	Unstimulated	PROVISIONAL_KEEP_MANUAL_PHENOCOPY_REVIEW_PENDING	false
GSE261783	GSM8151757	CATGCCTCAACAGATA-1	ctrl	NTC_0005	Unstimulated	PROVISIONAL_KEEP_MANUAL_PHENOCOPY_REVIEW_PENDING	false
GSE261783	GSM8151757	CCTAACCCAAGAAATC-1	ctrl	NTC_0005	Unstimulated	PROVISIONAL_KEEP_MANUAL_PHENOCOPY_REVIEW_PENDING	false
GSE261783	GSM8151757	CGCCATTTCTATCCAT-1	ctrl	NTC_0005	Unstimulated	PROVISIONAL_KEEP_MANUAL_PHENOCOPY_REVIEW_PENDING	false
GSE261783	GSM8151757	CGGGTGTGTTGTAGCT-1	ctrl	NTC_0005	Unstimulated	PROVISIONAL_KEEP_MANUAL_PHENOCOPY_REVIEW_PENDING	false
GSE261783	GSM8151757	CGTCCATGTGTCTCCT-1	ctrl	NTC_0005	Unstimulated	PROVISIONAL_KEEP_MANUAL_PHENOCOPY_REVIEW_PENDING	false
GSE261783	GSM8151757	GACCCAGTCCTAACAG-1	ctrl	NTC_0005	Unstimulated	PROVISIONAL_KEEP_MANUAL_PHENOCOPY_REVIEW_PENDING	false
GSE261783	GSM8151757	GACCCTTCAAGGTCAG-1	ctrl	NTC_0005	Unstimulated	PROVISIONAL_KEEP_MANUAL_PHENOCOPY_REVIEW_PENDING	false
GSE261783	GSM8151757	GATCATGGTCCACTTC-1	ctrl	NTC_0005	Unstimulated	PROVISIONAL_KEEP_MANUAL_PHENOCOPY_REVIEW_PENDING	false
GSE261783	GSM8151757	GGAGAACAGACCAAAT-1	ctrl	NTC_0005	Unstimulated	PROVISIONAL_KEEP_MANUAL_PHENOCOPY_REVIEW_PENDING	false
GSE261783	GSM8151757	GGATGTTGTGGACTAG-1	ctrl	NTC_0005	Unstimulated	PROVISIONAL_KEEP_MANUAL_PHENOCOPY_REVIEW_PENDING	false
GSE261783	GSM8151757	GTAATGCTCATAGAGA-1	ctrl	NTC_0005	Unstimulated	PROVISIONAL_KEEP_MANUAL_PHENOCOPY_REVIEW_PENDING	false
GSE261783	GSM8151757	GTCCACTTCGTCACCT-1	ctrl	NTC_0005	Unstimulated	PROVISIONAL_KEEP_MANUAL_PHENOCOPY_REVIEW_PENDING	false
GSE261783	GSM8151757	GTTACAGAGTGTGTTC-1	ctrl	NTC_0005	Unstimulated	PROVISIONAL_KEEP_MANUAL_PHENOCOPY_REVIEW_PENDING	false
GSE261783	GSM8151757	GTTTGGAAGCCGAACA-1	ctrl	NTC_0005	Unstimulated	PROVISIONAL_KEEP_MANUAL_PHENOCOPY_REVIEW_PENDING	false
GSE261783	GSM8151757	TACCCACAGATTTGCC-1	ctrl	NTC_0005	Unstimulated	PROVISIONAL_KEEP_MANUAL_PHENOCOPY_REVIEW_PENDING	false
GSE261783	GSM8151757	TACCGAACAGGACATG-1	ctrl	NTC_0005	Unstimulated	PROVISIONAL_KEEP_MANUAL_PHENOCOPY_REVIEW_PENDING	false
GSE261783	GSM8151757	TACTTGTTCCATTGGA-1	ctrl	NTC_0005	Unstimulated	PROVISIONAL_KEEP_MANUAL_PHENOCOPY_REVIEW_PENDING	false
GSE261783	GSM8151757	TATCGCCGTCGAATGG-1	ctrl	NTC_0005	Unstimulated	PROVISIONAL_KEEP_MANUAL_PHENOCOPY_REVIEW_PENDING	false
GSE261783	GSM8151757	TCGGGTGGTTTAGTCG-1	ctrl	NTC_0005	Unstimulated	PROVISIONAL_KEEP_MANUAL_PHENOCOPY_REVIEW_PENDING	false
GSE261783	GSM8151757	TGACTCCCAAACTAAG-1	ctrl	NTC_0005	Unstimulated	PROVISIONAL_KEEP_MANUAL_PHENOCOPY_REVIEW_PENDING	false
GSE261783	GSM8151757	TGCTTCGTCGCTGTCT-1	ctrl	NTC_0005	Unstimulated	PROVISIONAL_KEEP_MANUAL_PHENOCOPY_REVIEW_PENDING	false
GSE261783	GSM8151757	TGGATCAGTAGACAAT-1	ctrl	NTC_0005	Unstimulated	PROVISIONAL_KEEP_MANUAL_PHENOCOPY_REVIEW_PENDING	false
GSE261783	GSM8151757	AAATGGACACGATTCA-1	ctrl	NTC_0006	Unstimulated	PROVISIONAL_KEEP_MANUAL_PHENOCOPY_REVIEW_PENDING	false
GSE261783	GSM8151757	AACGGGATCATGCCCT-1	ctrl	NTC_0006	Unstimulated	PROVISIONAL_KEEP_MANUAL_PHENOCOPY_REVIEW_PENDING	false
GSE261783	GSM8151757	AAGCCATCACAAGTGG-1	ctrl	NTC_0006	Unstimulated	PROVISIONAL_KEEP_MANUAL_PHENOCOPY_REVIEW_PENDING	false
GSE261783	GSM8151757	AATGGCTCAGAAGCTG-1	ctrl	NTC_0006	Unstimulated	PROVISIONAL_KEEP_MANUAL_PHENOCOPY_REVIEW_PENDING	false
GSE261783	GSM8151757	AATTTCCAGGCACGAT-1	ctrl	NTC_0006	Unstimulated	PROVISIONAL_KEEP_MANUAL_PHENOCOPY_REVIEW_PENDING	false
GSE261783	GSM8151757	ACATCGATCCTAGCCT-1	ctrl	NTC_0006	Unstimulated	PROVISIONAL_KEEP_MANUAL_PHENOCOPY_REVIEW_PENDING	false
GSE261783	GSM8151757	ACGGGTCCAATTGCCA-1	ctrl	NTC_0006	Unstimulated	PROVISIONAL_KEEP_MANUAL_PHENOCOPY_REVIEW_PENDING	false
GSE261783	GSM8151757	ACGTAACGTGAAGCTG-1	ctrl	NTC_0006	Unstimulated	PROVISIONAL_KEEP_MANUAL_PHENOCOPY_REVIEW_PENDING	false
GSE261783	GSM8151757	AGAACCTAGGGCGAAG-1	ctrl	NTC_0006	Unstimulated	PROVISIONAL_KEEP_MANUAL_PHENOCOPY_REVIEW_PENDING	false
GSE261783	GSM8151757	AGAGAATTCGACCTAA-1	ctrl	NTC_0006	Unstimulated	PROVISIONAL_KEEP_MANUAL_PHENOCOPY_REVIEW_PENDING	false
GSE261783	GSM8151757	AGCGTATGTACGTAGG-1	ctrl	NTC_0006	Unstimulated	PROVISIONAL_KEEP_MANUAL_PHENOCOPY_REVIEW_PENDING	false
GSE261783	GSM8151757	AGCTACATCCACGGGT-1	ctrl	NTC_0006	Unstimulated	PROVISIONAL_KEEP_MANUAL_PHENOCOPY_REVIEW_PENDING	false
GSE261783	GSM8151757	AGTGACTAGCGCCATC-1	ctrl	NTC_0006	Unstimulated	PROVISIONAL_KEEP_MANUAL_PHENOCOPY_REVIEW_PENDING	false
GSE261783	GSM8151757	ATCCATTAGACATGCG-1	ctrl	NTC_0006	Unstimulated	PROVISIONAL_KEEP_MANUAL_PHENOCOPY_REVIEW_PENDING	false
GSE261783	GSM8151757	ATCGGCGAGAGATGCC-1	ctrl	NTC_0006	Unstimulated	PROVISIONAL_KEEP_MANUAL_PHENOCOPY_REVIEW_PENDING	false
GSE261783	GSM8151757	ATTGGGTTCTTGAGCA-1	ctrl	NTC_0006	Unstimulated	PROVISIONAL_KEEP_MANUAL_PHENOCOPY_REVIEW_PENDING	false
GSE261783	GSM8151757	CACCGTTTCAACTGGT-1	ctrl	NTC_0006	Unstimulated	PROVISIONAL_KEEP_MANUAL_PHENOCOPY_REVIEW_PENDING	false
GSE261783	GSM8151757	CACGTGGGTGGACCTC-1	ctrl	NTC_0006	Unstimulated	PROVISIONAL_KEEP_MANUAL_PHENOCOPY_REVIEW_PENDING	false
GSE261783	GSM8151757	CAGCGTGGTTCTCGTC-1	ctrl	NTC_0006	Unstimulated	PROVISIONAL_KEEP_MANUAL_PHENOCOPY_REVIEW_PENDING	false
GSE261783	GSM8151757	CCAATGATCCTACAAG-1	ctrl	NTC_0006	Unstimulated	PROVISIONAL_KEEP_MANUAL_PHENOCOPY_REVIEW_PENDING	false
GSE261783	GSM8151757	CCACGTTTCCTTCTAA-1	ctrl	NTC_0006	Unstimulated	PROVISIONAL_KEEP_MANUAL_PHENOCOPY_REVIEW_PENDING	false
GSE261783	GSM8151757	CCCTAACGTGTCCATA-1	ctrl	NTC_0006	Unstimulated	PROVISIONAL_KEEP_MANUAL_PHENOCOPY_REVIEW_PENDING	false
GSE261783	GSM8151757	CCGAACGGTTGCATGT-1	ctrl	NTC_0006	Unstimulated	PROVISIONAL_KEEP_MANUAL_PHENOCOPY_REVIEW_PENDING	false
GSE261783	GSM8151757	CGAGGCTAGCAGCGAT-1	ctrl	NTC_0006	Unstimulated	PROVISIONAL_KEEP_MANUAL_PHENOCOPY_REVIEW_PENDING	false
GSE261783	GSM8151757	CGCCAGACAAGGCGTA-1	ctrl	NTC_0006	Unstimulated	PROVISIONAL_KEEP_MANUAL_PHENOCOPY_REVIEW_PENDING	false
GSE261783	GSM8151757	CGTGAATTCCCGATCT-1	ctrl	NTC_0006	Unstimulated	PROVISIONAL_KEEP_MANUAL_PHENOCOPY_REVIEW_PENDING	false
GSE261783	GSM8151757	CTAGGTATCAGTCAGT-1	ctrl	NTC_0006	Unstimulated	PROVISIONAL_KEEP_MANUAL_PHENOCOPY_REVIEW_PENDING	false
GSE261783	GSM8151757	CTATCTACAGTCGAGA-1	ctrl	NTC_0006	Unstimulated	PROVISIONAL_KEEP_MANUAL_PHENOCOPY_REVIEW_PENDING	false
GSE261783	GSM8151757	CTCACTGGTCTAACGT-1	ctrl	NTC_0006	Unstimulated	PROVISIONAL_KEEP_MANUAL_PHENOCOPY_REVIEW_PENDING	false
GSE261783	GSM8151757	CTCAGAATCATAGGCT-1	ctrl	NTC_0006	Unstimulated	PROVISIONAL_KEEP_MANUAL_PHENOCOPY_REVIEW_PENDING	false
GSE261783	GSM8151757	CTCATGCGTGACACGA-1	ctrl	NTC_0006	Unstimulated	PROVISIONAL_KEEP_MANUAL_PHENOCOPY_REVIEW_PENDING	false
GSE261783	GSM8151757	CTGATCCAGGAAGAAC-1	ctrl	NTC_0006	Unstimulated	PROVISIONAL_KEEP_MANUAL_PHENOCOPY_REVIEW_PENDING	false
GSE261783	GSM8151757	CTGTAGATCCTACGAA-1	ctrl	NTC_0006	Unstimulated	PROVISIONAL_KEEP_MANUAL_PHENOCOPY_REVIEW_PENDING	false
GSE261783	GSM8151757	GACTCTCTCGGTCACG-1	ctrl	NTC_0006	Unstimulated	PROVISIONAL_KEEP_MANUAL_PHENOCOPY_REVIEW_PENDING	false
GSE261783	GSM8151757	GAGTTACTCTAACGGT-1	ctrl	NTC_0006	Unstimulated	PROVISIONAL_KEEP_MANUAL_PHENOCOPY_REVIEW_PENDING	false
GSE261783	GSM8151757	GCAACATCACCCTAGG-1	ctrl	NTC_0006	Unstimulated	PROVISIONAL_KEEP_MANUAL_PHENOCOPY_REVIEW_PENDING	false
GSE261783	GSM8151757	GGGTAGAAGTTCCTGA-1	ctrl	NTC_0006	Unstimulated	PROVISIONAL_KEEP_MANUAL_PHENOCOPY_REVIEW_PENDING	false
GSE261783	GSM8151757	GGGTCACTCGATACTG-1	ctrl	NTC_0006	Unstimulated	PROVISIONAL_KEEP_MANUAL_PHENOCOPY_REVIEW_PENDING	false
GSE261783	GSM8151757	GGTAACTAGGGCAGAG-1	ctrl	NTC_0006	Unstimulated	PROVISIONAL_KEEP_MANUAL_PHENOCOPY_REVIEW_PENDING	false
GSE261783	GSM8151757	GGTAGAGGTACAACGG-1	ctrl	NTC_0006	Unstimulated	PROVISIONAL_KEEP_MANUAL_PHENOCOPY_REVIEW_PENDING	false
GSE261783	GSM8151757	GGTTAACTCGCAAGAG-1	ctrl	NTC_0006	Unstimulated	PROVISIONAL_KEEP_MANUAL_PHENOCOPY_REVIEW_PENDING	false
GSE261783	GSM8151757	GGTTCTCAGCTTAGTC-1	ctrl	NTC_0006	Unstimulated	PROVISIONAL_KEEP_MANUAL_PHENOCOPY_REVIEW_PENDING	false
GSE261783	GSM8151757	GTCGTAACAGAGCGTA-1	ctrl	NTC_0006	Unstimulated	PROVISIONAL_KEEP_MANUAL_PHENOCOPY_REVIEW_PENDING	false
GSE261783	GSM8151757	GTGCTGGAGGCAGGGA-1	ctrl	NTC_0006	Unstimulated	PROVISIONAL_KEEP_MANUAL_PHENOCOPY_REVIEW_PENDING	false
GSE261783	GSM8151757	GTGGCGTAGTGCGTCC-1	ctrl	NTC_0006	Unstimulated	PROVISIONAL_KEEP_MANUAL_PHENOCOPY_REVIEW_PENDING	false
GSE261783	GSM8151757	GTTACCCTCATTATCC-1	ctrl	NTC_0006	Unstimulated	PROVISIONAL_KEEP_MANUAL_PHENOCOPY_REVIEW_PENDING	false
GSE261783	GSM8151757	GTTGTGACAATCGCAT-1	ctrl	NTC_0006	Unstimulated	PROVISIONAL_KEEP_MANUAL_PHENOCOPY_REVIEW_PENDING	false
GSE261783	GSM8151757	TAATCTCCAGTTTGGT-1	ctrl	NTC_0006	Unstimulated	PROVISIONAL_KEEP_MANUAL_PHENOCOPY_REVIEW_PENDING	false
GSE261783	GSM8151757	TAATCTCGTGACGTCC-1	ctrl	NTC_0006	Unstimulated	PROVISIONAL_KEEP_MANUAL_PHENOCOPY_REVIEW_PENDING	false
GSE261783	GSM8151757	TACGCTCAGTCATCCA-1	ctrl	NTC_0006	Unstimulated	PROVISIONAL_KEEP_MANUAL_PHENOCOPY_REVIEW_PENDING	false
GSE261783	GSM8151757	TAGGGTTTCCACAGGC-1	ctrl	NTC_0006	Unstimulated	PROVISIONAL_KEEP_MANUAL_PHENOCOPY_REVIEW_PENDING	false
GSE261783	GSM8151757	TCACACCAGGAGGCAG-1	ctrl	NTC_0006	Unstimulated	PROVISIONAL_KEEP_MANUAL_PHENOCOPY_REVIEW_PENDING	false
GSE261783	GSM8151757	TCACGGGGTATACCCA-1	ctrl	NTC_0006	Unstimulated	PROVISIONAL_KEEP_MANUAL_PHENOCOPY_REVIEW_PENDING	false
GSE261783	GSM8151757	TCACTCGAGTCGCTAT-1	ctrl	NTC_0006	Unstimulated	PROVISIONAL_KEEP_MANUAL_PHENOCOPY_REVIEW_PENDING	false
GSE261783	GSM8151757	TCGACCTTCTGGCCGA-1	ctrl	NTC_0006	Unstimulated	PROVISIONAL_KEEP_MANUAL_PHENOCOPY_REVIEW_PENDING	false
GSE261783	GSM8151757	TCTTTGATCTTCTTCC-1	ctrl	NTC_0006	Unstimulated	PROVISIONAL_KEEP_MANUAL_PHENOCOPY_REVIEW_PENDING	false
GSE261783	GSM8151757	TGGCGTGGTATCAGCT-1	ctrl	NTC_0006	Unstimulated	PROVISIONAL_KEEP_MANUAL_PHENOCOPY_REVIEW_PENDING	false
GSE261783	GSM8151757	TGGGAGAAGGTAACTA-1	ctrl	NTC_0006	Unstimulated	PROVISIONAL_KEEP_MANUAL_PHENOCOPY_REVIEW_PENDING	false
GSE261783	GSM8151757	TGTAGACCAGCGGATA-1	ctrl	NTC_0006	Unstimulated	PROVISIONAL_KEEP_MANUAL_PHENOCOPY_REVIEW_PENDING	false
GSE261783	GSM8151757	TGTCCACAGTGCTAGG-1	ctrl	NTC_0006	Unstimulated	PROVISIONAL_KEEP_MANUAL_PHENOCOPY_REVIEW_PENDING	false
GSE261783	GSM8151757	TGTGTGAAGTATAGAC-1	ctrl	NTC_0006	Unstimulated	PROVISIONAL_KEEP_MANUAL_PHENOCOPY_REVIEW_PENDING	false
GSE261783	GSM8151757	TGTTTGTCATAGTCAC-1	ctrl	NTC_0006	Unstimulated	PROVISIONAL_KEEP_MANUAL_PHENOCOPY_REVIEW_PENDING	false
GSE261783	GSM8151757	TGTTTGTGTCATCGCG-1	ctrl	NTC_0006	Unstimulated	PROVISIONAL_KEEP_MANUAL_PHENOCOPY_REVIEW_PENDING	false
GSE261783	GSM8151757	TTACGCCAGATTGCGG-1	ctrl	NTC_0006	Unstimulated	PROVISIONAL_KEEP_MANUAL_PHENOCOPY_REVIEW_PENDING	false
GSE261783	GSM8151757	TTACTGTTCCATTCAT-1	ctrl	NTC_0006	Unstimulated	PROVISIONAL_KEEP_MANUAL_PHENOCOPY_REVIEW_PENDING	false
GSE261783	GSM8151757	TTCTCTCTCTATTGTC-1	ctrl	NTC_0006	Unstimulated	PROVISIONAL_KEEP_MANUAL_PHENOCOPY_REVIEW_PENDING	false
GSE261783	GSM8151757	TTGAACGAGCCATCCG-1	ctrl	NTC_0006	Unstimulated	PROVISIONAL_KEEP_MANUAL_PHENOCOPY_REVIEW_PENDING	false
GSE261783	GSM8151757	AATAGAGCAGGAGACT-1	Paxip1	Paxip1_As_28665	Unstimulated	PROVISIONAL_KEEP_MANUAL_PHENOCOPY_REVIEW_PENDING	false
GSE261783	GSM8151757	AATCGACAGGCTCAAG-1	Paxip1	Paxip1_As_28665	Unstimulated	PROVISIONAL_KEEP_MANUAL_PHENOCOPY_REVIEW_PENDING	false
GSE261783	GSM8151757	AATCGACCAGCCATTA-1	Paxip1	Paxip1_As_28665	Unstimulated	PROVISIONAL_KEEP_MANUAL_PHENOCOPY_REVIEW_PENDING	false
GSE261783	GSM8151757	ACAACCACACTGATTG-1	Paxip1	Paxip1_As_28665	Unstimulated	PROVISIONAL_KEEP_MANUAL_PHENOCOPY_REVIEW_PENDING	false
GSE261783	GSM8151757	ACAGAAACAAAGTATG-1	Paxip1	Paxip1_As_28665	Unstimulated	PROVISIONAL_KEEP_MANUAL_PHENOCOPY_REVIEW_PENDING	false
GSE261783	GSM8151757	ACCCAAATCCGACGGT-1	Paxip1	Paxip1_As_28665	Unstimulated	PROVISIONAL_KEEP_MANUAL_PHENOCOPY_REVIEW_PENDING	false
GSE261783	GSM8151757	ACGGTTACAGTTTCAG-1	Paxip1	Paxip1_As_28665	Unstimulated	PROVISIONAL_KEEP_MANUAL_PHENOCOPY_REVIEW_PENDING	false
GSE261783	GSM8151757	AGAAATGCACGACAAG-1	Paxip1	Paxip1_As_28665	Unstimulated	PROVISIONAL_KEEP_MANUAL_PHENOCOPY_REVIEW_PENDING	false
GSE261783	GSM8151757	AGACCCGCACTGCGAC-1	Paxip1	Paxip1_As_28665	Unstimulated	PROVISIONAL_KEEP_MANUAL_PHENOCOPY_REVIEW_PENDING	false
GSE261783	GSM8151757	AGCGCCACAAGAAACT-1	Paxip1	Paxip1_As_28665	Unstimulated	PROVISIONAL_KEEP_MANUAL_PHENOCOPY_REVIEW_PENDING	false
GSE261783	GSM8151757	AGGCTGCAGGCGAACT-1	Paxip1	Paxip1_As_28665	Unstimulated	PROVISIONAL_KEEP_MANUAL_PHENOCOPY_REVIEW_PENDING	false
GSE261783	GSM8151757	ATCGTAGGTGTCCCTT-1	Paxip1	Paxip1_As_28665	Unstimulated	PROVISIONAL_KEEP_MANUAL_PHENOCOPY_REVIEW_PENDING	false
GSE261783	GSM8151757	ATCTTCACATGATCTG-1	Paxip1	Paxip1_As_28665	Unstimulated	PROVISIONAL_KEEP_MANUAL_PHENOCOPY_REVIEW_PENDING	false
GSE261783	GSM8151757	ATGAAAGAGCACCGAA-1	Paxip1	Paxip1_As_28665	Unstimulated	PROVISIONAL_KEEP_MANUAL_PHENOCOPY_REVIEW_PENDING	false
GSE261783	GSM8151757	ATTCACTCAGTTGAAA-1	Paxip1	Paxip1_As_28665	Unstimulated	PROVISIONAL_KEEP_MANUAL_PHENOCOPY_REVIEW_PENDING	false
GSE261783	GSM8151757	CAAGAGGAGCGCACAA-1	Paxip1	Paxip1_As_28665	Unstimulated	PROVISIONAL_KEEP_MANUAL_PHENOCOPY_REVIEW_PENDING	false
GSE261783	GSM8151757	CACCAAAGTTTCCATT-1	Paxip1	Paxip1_As_28665	Unstimulated	PROVISIONAL_KEEP_MANUAL_PHENOCOPY_REVIEW_PENDING	false
GSE261783	GSM8151757	CAGCAATAGCAATAAC-1	Paxip1	Paxip1_As_28665	Unstimulated	PROVISIONAL_KEEP_MANUAL_PHENOCOPY_REVIEW_PENDING	false
GSE261783	GSM8151757	CAGGTATAGAGTCAAT-1	Paxip1	Paxip1_As_28665	Unstimulated	PROVISIONAL_KEEP_MANUAL_PHENOCOPY_REVIEW_PENDING	false
GSE261783	GSM8151757	CCTCTAGTCGAACTCA-1	Paxip1	Paxip1_As_28665	Unstimulated	PROVISIONAL_KEEP_MANUAL_PHENOCOPY_REVIEW_PENDING	false
GSE261783	GSM8151757	CGAGGCTCACCAGCGT-1	Paxip1	Paxip1_As_28665	Unstimulated	PROVISIONAL_KEEP_MANUAL_PHENOCOPY_REVIEW_PENDING	false
GSE261783	GSM8151757	CGGAACCTCAGTGTCA-1	Paxip1	Paxip1_As_28665	Unstimulated	PROVISIONAL_KEEP_MANUAL_PHENOCOPY_REVIEW_PENDING	false
GSE261783	GSM8151757	CTACCTGCACAACGCC-1	Paxip1	Paxip1_As_28665	Unstimulated	PROVISIONAL_KEEP_MANUAL_PHENOCOPY_REVIEW_PENDING	false
GSE261783	GSM8151757	CTACTATCACTGCGTG-1	Paxip1	Paxip1_As_28665	Unstimulated	PROVISIONAL_KEEP_MANUAL_PHENOCOPY_REVIEW_PENDING	false
GSE261783	GSM8151757	CTCCTCCTCCGTATAG-1	Paxip1	Paxip1_As_28665	Unstimulated	PROVISIONAL_KEEP_MANUAL_PHENOCOPY_REVIEW_PENDING	false
GSE261783	GSM8151757	CTTACCGTCGTAGGGA-1	Paxip1	Paxip1_As_28665	Unstimulated	PROVISIONAL_KEEP_MANUAL_PHENOCOPY_REVIEW_PENDING	false
GSE261783	GSM8151757	GAACACTTCGTCTACC-1	Paxip1	Paxip1_As_28665	Unstimulated	PROVISIONAL_KEEP_MANUAL_PHENOCOPY_REVIEW_PENDING	false
GSE261783	GSM8151757	GAAGGGTCAGGTTCAT-1	Paxip1	Paxip1_As_28665	Unstimulated	PROVISIONAL_KEEP_MANUAL_PHENOCOPY_REVIEW_PENDING	false
GSE261783	GSM8151757	GATGGAGAGTCTAGCT-1	Paxip1	Paxip1_As_28665	Unstimulated	PROVISIONAL_KEEP_MANUAL_PHENOCOPY_REVIEW_PENDING	false
GSE261783	GSM8151757	GCAACCGAGGTGCAGT-1	Paxip1	Paxip1_As_28665	Unstimulated	PROVISIONAL_KEEP_MANUAL_PHENOCOPY_REVIEW_PENDING	false
GSE261783	GSM8151757	GCATGATGTAAGTCAA-1	Paxip1	Paxip1_As_28665	Unstimulated	PROVISIONAL_KEEP_MANUAL_PHENOCOPY_REVIEW_PENDING	false
GSE261783	GSM8151757	GCCGATGAGGTAGACC-1	Paxip1	Paxip1_As_28665	Unstimulated	PROVISIONAL_KEEP_MANUAL_PHENOCOPY_REVIEW_PENDING	false
GSE261783	GSM8151757	GGAAGTGTCCAAAGGG-1	Paxip1	Paxip1_As_28665	Unstimulated	PROVISIONAL_KEEP_MANUAL_PHENOCOPY_REVIEW_PENDING	false
GSE261783	GSM8151757	GGAGCAACATGTTCGA-1	Paxip1	Paxip1_As_28665	Unstimulated	PROVISIONAL_KEEP_MANUAL_PHENOCOPY_REVIEW_PENDING	false
GSE261783	GSM8151757	GGGAGATGTTCTTCAT-1	Paxip1	Paxip1_As_28665	Unstimulated	PROVISIONAL_KEEP_MANUAL_PHENOCOPY_REVIEW_PENDING	false
GSE261783	GSM8151757	GGGTATTGTACTCGCG-1	Paxip1	Paxip1_As_28665	Unstimulated	PROVISIONAL_KEEP_MANUAL_PHENOCOPY_REVIEW_PENDING	false
GSE261783	GSM8151757	GTCAAACGTTAGGCTT-1	Paxip1	Paxip1_As_28665	Unstimulated	PROVISIONAL_KEEP_MANUAL_PHENOCOPY_REVIEW_PENDING	false
GSE261783	GSM8151757	GTCATCCAGTCATCGT-1	Paxip1	Paxip1_As_28665	Unstimulated	PROVISIONAL_KEEP_MANUAL_PHENOCOPY_REVIEW_PENDING	false
GSE261783	GSM8151757	GTCGTAAAGTGGTCAG-1	Paxip1	Paxip1_As_28665	Unstimulated	PROVISIONAL_KEEP_MANUAL_PHENOCOPY_REVIEW_PENDING	false
GSE261783	GSM8151757	GTGAGTTAGTAGCTCT-1	Paxip1	Paxip1_As_28665	Unstimulated	PROVISIONAL_KEEP_MANUAL_PHENOCOPY_REVIEW_PENDING	false
GSE261783	GSM8151757	TACACCCTCGCAGATT-1	Paxip1	Paxip1_As_28665	Unstimulated	PROVISIONAL_KEEP_MANUAL_PHENOCOPY_REVIEW_PENDING	false
GSE261783	GSM8151757	TACCGGGAGATTGCGG-1	Paxip1	Paxip1_As_28665	Unstimulated	PROVISIONAL_KEEP_MANUAL_PHENOCOPY_REVIEW_PENDING	false
GSE261783	GSM8151757	TATCAGGGTTAATCGC-1	Paxip1	Paxip1_As_28665	Unstimulated	PROVISIONAL_KEEP_MANUAL_PHENOCOPY_REVIEW_PENDING	false
GSE261783	GSM8151757	TATTCCAAGGAAGTCC-1	Paxip1	Paxip1_As_28665	Unstimulated	PROVISIONAL_KEEP_MANUAL_PHENOCOPY_REVIEW_PENDING	false
GSE261783	GSM8151757	TCCCAGTCAACAGATA-1	Paxip1	Paxip1_As_28665	Unstimulated	PROVISIONAL_KEEP_MANUAL_PHENOCOPY_REVIEW_PENDING	false
GSE261783	GSM8151757	TCCGAAAAGCAAATCA-1	Paxip1	Paxip1_As_28665	Unstimulated	PROVISIONAL_KEEP_MANUAL_PHENOCOPY_REVIEW_PENDING	false
GSE261783	GSM8151757	TCCGATCGTTCAAGTC-1	Paxip1	Paxip1_As_28665	Unstimulated	PROVISIONAL_KEEP_MANUAL_PHENOCOPY_REVIEW_PENDING	false
GSE261783	GSM8151757	TCTATCACACCGCTAG-1	Paxip1	Paxip1_As_28665	Unstimulated	PROVISIONAL_KEEP_MANUAL_PHENOCOPY_REVIEW_PENDING	false
GSE261783	GSM8151757	TGATCAGTCCGTCACT-1	Paxip1	Paxip1_As_28665	Unstimulated	PROVISIONAL_KEEP_MANUAL_PHENOCOPY_REVIEW_PENDING	false
GSE261783	GSM8151757	TGATCTTGTACGGGAT-1	Paxip1	Paxip1_As_28665	Unstimulated	PROVISIONAL_KEEP_MANUAL_PHENOCOPY_REVIEW_PENDING	false
GSE261783	GSM8151757	TGATGCAGTACGATGG-1	Paxip1	Paxip1_As_28665	Unstimulated	PROVISIONAL_KEEP_MANUAL_PHENOCOPY_REVIEW_PENDING	false
GSE261783	GSM8151757	TGGTTAGAGGCGATAC-1	Paxip1	Paxip1_As_28665	Unstimulated	PROVISIONAL_KEEP_MANUAL_PHENOCOPY_REVIEW_PENDING	false
GSE261783	GSM8151757	TGTCCTGTCGGACCAC-1	Paxip1	Paxip1_As_28665	Unstimulated	PROVISIONAL_KEEP_MANUAL_PHENOCOPY_REVIEW_PENDING	false
GSE261783	GSM8151757	TTGCATTAGTGATTCC-1	Paxip1	Paxip1_As_28665	Unstimulated	PROVISIONAL_KEEP_MANUAL_PHENOCOPY_REVIEW_PENDING	false
GSE261783	GSM8151757	TTTACGTGTCAGACTT-1	Paxip1	Paxip1_As_28665	Unstimulated	PROVISIONAL_KEEP_MANUAL_PHENOCOPY_REVIEW_PENDING	false
GSE261783	GSM8151757	TTTACGTTCTCTGGTC-1	Paxip1	Paxip1_As_28665	Unstimulated	PROVISIONAL_KEEP_MANUAL_PHENOCOPY_REVIEW_PENDING	false
GSE261783	GSM8151757	TTTCACAAGCGACAGT-1	Paxip1	Paxip1_As_28665	Unstimulated	PROVISIONAL_KEEP_MANUAL_PHENOCOPY_REVIEW_PENDING	false
GSE261783	GSM8151757	AACCAACCATGAGATA-1	Paxip1	Paxip1_As_28666	Unstimulated	PROVISIONAL_KEEP_MANUAL_PHENOCOPY_REVIEW_PENDING	false
GSE261783	GSM8151757	AATAGAGGTGGACTAG-1	Paxip1	Paxip1_As_28666	Unstimulated	PROVISIONAL_KEEP_MANUAL_PHENOCOPY_REVIEW_PENDING	false
GSE261783	GSM8151757	ACCTGTCCAATTGGTC-1	Paxip1	Paxip1_As_28666	Unstimulated	PROVISIONAL_KEEP_MANUAL_PHENOCOPY_REVIEW_PENDING	false
GSE261783	GSM8151757	AGACAAAGTTTAGTCG-1	Paxip1	Paxip1_As_28666	Unstimulated	PROVISIONAL_KEEP_MANUAL_PHENOCOPY_REVIEW_PENDING	false
GSE261783	GSM8151757	AGCTTCCCAAGCGCTC-1	Paxip1	Paxip1_As_28666	Unstimulated	PROVISIONAL_KEEP_MANUAL_PHENOCOPY_REVIEW_PENDING	false
GSE261783	GSM8151757	ATCGTAGCAGACCATT-1	Paxip1	Paxip1_As_28666	Unstimulated	PROVISIONAL_KEEP_MANUAL_PHENOCOPY_REVIEW_PENDING	false
GSE261783	GSM8151757	ATGATCGCAGCACAGA-1	Paxip1	Paxip1_As_28666	Unstimulated	PROVISIONAL_KEEP_MANUAL_PHENOCOPY_REVIEW_PENDING	false
GSE261783	GSM8151757	ATTATCCGTCGCTTAA-1	Paxip1	Paxip1_As_28666	Unstimulated	PROVISIONAL_KEEP_MANUAL_PHENOCOPY_REVIEW_PENDING	false
GSE261783	GSM8151757	CAACCAATCACTGTCC-1	Paxip1	Paxip1_As_28666	Unstimulated	PROVISIONAL_KEEP_MANUAL_PHENOCOPY_REVIEW_PENDING	false
GSE261783	GSM8151757	CAACCTCGTGTTATCG-1	Paxip1	Paxip1_As_28666	Unstimulated	PROVISIONAL_KEEP_MANUAL_PHENOCOPY_REVIEW_PENDING	false
GSE261783	GSM8151757	CACTAAGCAGTCGCAC-1	Paxip1	Paxip1_As_28666	Unstimulated	PROVISIONAL_KEEP_MANUAL_PHENOCOPY_REVIEW_PENDING	false
GSE261783	GSM8151757	CAGATACGTTAGGGTG-1	Paxip1	Paxip1_As_28666	Unstimulated	PROVISIONAL_KEEP_MANUAL_PHENOCOPY_REVIEW_PENDING	false
GSE261783	GSM8151757	CATTCATAGTACCCTA-1	Paxip1	Paxip1_As_28666	Unstimulated	PROVISIONAL_KEEP_MANUAL_PHENOCOPY_REVIEW_PENDING	false
GSE261783	GSM8151757	CCACCATCACGGTGTC-1	Paxip1	Paxip1_As_28666	Unstimulated	PROVISIONAL_KEEP_MANUAL_PHENOCOPY_REVIEW_PENDING	false
GSE261783	GSM8151757	CCGGTAGTCAGATGCT-1	Paxip1	Paxip1_As_28666	Unstimulated	PROVISIONAL_KEEP_MANUAL_PHENOCOPY_REVIEW_PENDING	false
GSE261783	GSM8151757	CCGTGAGCAGACGATG-1	Paxip1	Paxip1_As_28666	Unstimulated	PROVISIONAL_KEEP_MANUAL_PHENOCOPY_REVIEW_PENDING	false
GSE261783	GSM8151757	CCTACGTTCGCCGAAC-1	Paxip1	Paxip1_As_28666	Unstimulated	PROVISIONAL_KEEP_MANUAL_PHENOCOPY_REVIEW_PENDING	false
GSE261783	GSM8151757	CGAATTGTCGTCACCT-1	Paxip1	Paxip1_As_28666	Unstimulated	PROVISIONAL_KEEP_MANUAL_PHENOCOPY_REVIEW_PENDING	false
GSE261783	GSM8151757	CTACAGATCAGCGTCG-1	Paxip1	Paxip1_As_28666	Unstimulated	PROVISIONAL_KEEP_MANUAL_PHENOCOPY_REVIEW_PENDING	false
GSE261783	GSM8151757	CTACCCAGTCGCAACC-1	Paxip1	Paxip1_As_28666	Unstimulated	PROVISIONAL_KEEP_MANUAL_PHENOCOPY_REVIEW_PENDING	false
GSE261783	GSM8151757	CTCAGGGAGACCGTTT-1	Paxip1	Paxip1_As_28666	Unstimulated	PROVISIONAL_KEEP_MANUAL_PHENOCOPY_REVIEW_PENDING	false
GSE261783	GSM8151757	CTCCAACGTCGCACGT-1	Paxip1	Paxip1_As_28666	Unstimulated	PROVISIONAL_KEEP_MANUAL_PHENOCOPY_REVIEW_PENDING	false
GSE261783	GSM8151757	CTCTCGATCGGTATGT-1	Paxip1	Paxip1_As_28666	Unstimulated	PROVISIONAL_KEEP_MANUAL_PHENOCOPY_REVIEW_PENDING	false
GSE261783	GSM8151757	CTGTGAATCGGACTGC-1	Paxip1	Paxip1_As_28666	Unstimulated	PROVISIONAL_KEEP_MANUAL_PHENOCOPY_REVIEW_PENDING	false
GSE261783	GSM8151757	CTTTCAAGTCTTACTT-1	Paxip1	Paxip1_As_28666	Unstimulated	PROVISIONAL_KEEP_MANUAL_PHENOCOPY_REVIEW_PENDING	false
GSE261783	GSM8151757	GAAGGACAGCATTTGC-1	Paxip1	Paxip1_As_28666	Unstimulated	PROVISIONAL_KEEP_MANUAL_PHENOCOPY_REVIEW_PENDING	false
GSE261783	GSM8151757	GACATCATCTTACGGA-1	Paxip1	Paxip1_As_28666	Unstimulated	PROVISIONAL_KEEP_MANUAL_PHENOCOPY_REVIEW_PENDING	false
GSE261783	GSM8151757	GACCGTGTCCCGAACG-1	Paxip1	Paxip1_As_28666	Unstimulated	PROVISIONAL_KEEP_MANUAL_PHENOCOPY_REVIEW_PENDING	false
GSE261783	GSM8151757	GACTCTCAGATGGCAC-1	Paxip1	Paxip1_As_28666	Unstimulated	PROVISIONAL_KEEP_MANUAL_PHENOCOPY_REVIEW_PENDING	false
GSE261783	GSM8151757	GAGGGTATCTCAAAGC-1	Paxip1	Paxip1_As_28666	Unstimulated	PROVISIONAL_KEEP_MANUAL_PHENOCOPY_REVIEW_PENDING	false
GSE261783	GSM8151757	GAGTTACTCCCTTTGG-1	Paxip1	Paxip1_As_28666	Unstimulated	PROVISIONAL_KEEP_MANUAL_PHENOCOPY_REVIEW_PENDING	false
GSE261783	GSM8151757	GATAGCTCATTGACCA-1	Paxip1	Paxip1_As_28666	Unstimulated	PROVISIONAL_KEEP_MANUAL_PHENOCOPY_REVIEW_PENDING	false
GSE261783	GSM8151757	GATGATCGTTCGGCCA-1	Paxip1	Paxip1_As_28666	Unstimulated	PROVISIONAL_KEEP_MANUAL_PHENOCOPY_REVIEW_PENDING	false
GSE261783	GSM8151757	GGAGGTAGTGAGTAAT-1	Paxip1	Paxip1_As_28666	Unstimulated	PROVISIONAL_KEEP_MANUAL_PHENOCOPY_REVIEW_PENDING	false
GSE261783	GSM8151757	GGATCTAAGTTGCCCG-1	Paxip1	Paxip1_As_28666	Unstimulated	PROVISIONAL_KEEP_MANUAL_PHENOCOPY_REVIEW_PENDING	false
GSE261783	GSM8151757	GGATGTTGTAGGGAGG-1	Paxip1	Paxip1_As_28666	Unstimulated	PROVISIONAL_KEEP_MANUAL_PHENOCOPY_REVIEW_PENDING	false
GSE261783	GSM8151757	GGGAGTATCTCTAGGA-1	Paxip1	Paxip1_As_28666	Unstimulated	PROVISIONAL_KEEP_MANUAL_PHENOCOPY_REVIEW_PENDING	false
GSE261783	GSM8151757	GTCATGACAATGTTGC-1	Paxip1	Paxip1_As_28666	Unstimulated	PROVISIONAL_KEEP_MANUAL_PHENOCOPY_REVIEW_PENDING	false
GSE261783	GSM8151757	GTGACGCTCCAGCAAT-1	Paxip1	Paxip1_As_28666	Unstimulated	PROVISIONAL_KEEP_MANUAL_PHENOCOPY_REVIEW_PENDING	false
GSE261783	GSM8151757	TAAGTCGTCCGAAGGA-1	Paxip1	Paxip1_As_28666	Unstimulated	PROVISIONAL_KEEP_MANUAL_PHENOCOPY_REVIEW_PENDING	false
GSE261783	GSM8151757	TACCCGTAGCGCATCC-1	Paxip1	Paxip1_As_28666	Unstimulated	PROVISIONAL_KEEP_MANUAL_PHENOCOPY_REVIEW_PENDING	false
GSE261783	GSM8151757	TACTGCCAGACTAAGT-1	Paxip1	Paxip1_As_28666	Unstimulated	PROVISIONAL_KEEP_MANUAL_PHENOCOPY_REVIEW_PENDING	false
GSE261783	GSM8151757	TAGAGTCCAGCACAGA-1	Paxip1	Paxip1_As_28666	Unstimulated	PROVISIONAL_KEEP_MANUAL_PHENOCOPY_REVIEW_PENDING	false
GSE261783	GSM8151757	TCAGGGCCAAGAGATT-1	Paxip1	Paxip1_As_28666	Unstimulated	PROVISIONAL_KEEP_MANUAL_PHENOCOPY_REVIEW_PENDING	false
GSE261783	GSM8151757	TCATTGTCACTTCATT-1	Paxip1	Paxip1_As_28666	Unstimulated	PROVISIONAL_KEEP_MANUAL_PHENOCOPY_REVIEW_PENDING	false
GSE261783	GSM8151757	TCTTAGTGTTACCTGA-1	Paxip1	Paxip1_As_28666	Unstimulated	PROVISIONAL_KEEP_MANUAL_PHENOCOPY_REVIEW_PENDING	false
GSE261783	GSM8151757	TGATCAGTCTGGACTA-1	Paxip1	Paxip1_As_28666	Unstimulated	PROVISIONAL_KEEP_MANUAL_PHENOCOPY_REVIEW_PENDING	false
GSE261783	GSM8151757	TGGTAGTCAGTAGATA-1	Paxip1	Paxip1_As_28666	Unstimulated	PROVISIONAL_KEEP_MANUAL_PHENOCOPY_REVIEW_PENDING	false
GSE261783	GSM8151757	TGTGATGGTTCTCACC-1	Paxip1	Paxip1_As_28666	Unstimulated	PROVISIONAL_KEEP_MANUAL_PHENOCOPY_REVIEW_PENDING	false
GSE261783	GSM8151757	TTCCGTGAGCTCCATA-1	Paxip1	Paxip1_As_28666	Unstimulated	PROVISIONAL_KEEP_MANUAL_PHENOCOPY_REVIEW_PENDING	false
GSE261783	GSM8151757	TTCGCTGGTCTACTGA-1	Paxip1	Paxip1_As_28666	Unstimulated	PROVISIONAL_KEEP_MANUAL_PHENOCOPY_REVIEW_PENDING	false
GSE261783	GSM8151757	TTCTCTCAGGCCTGCT-1	Paxip1	Paxip1_As_28666	Unstimulated	PROVISIONAL_KEEP_MANUAL_PHENOCOPY_REVIEW_PENDING	false
GSE261783	GSM8151757	TTTCGATAGAGCTGAC-1	Paxip1	Paxip1_As_28666	Unstimulated	PROVISIONAL_KEEP_MANUAL_PHENOCOPY_REVIEW_PENDING	false
GSE261783	GSM8151757	TTTGACTCATTCAGGT-1	Paxip1	Paxip1_As_28666	Unstimulated	PROVISIONAL_KEEP_MANUAL_PHENOCOPY_REVIEW_PENDING	false
GSE261783	GSM8151757	AACAAAGGTACTTGTG-1	Pbrm1	Pbrm1_As_28642	Unstimulated	PROVISIONAL_KEEP_MANUAL_PHENOCOPY_REVIEW_PENDING	false
GSE261783	GSM8151757	ACAGAAAGTTCTTGTT-1	Pbrm1	Pbrm1_As_28642	Unstimulated	PROVISIONAL_KEEP_MANUAL_PHENOCOPY_REVIEW_PENDING	false
GSE261783	GSM8151757	ACGGTCGGTAGCGTCC-1	Pbrm1	Pbrm1_As_28642	Unstimulated	PROVISIONAL_KEEP_MANUAL_PHENOCOPY_REVIEW_PENDING	false
GSE261783	GSM8151757	ACTACGAAGTGCAAAT-1	Pbrm1	Pbrm1_As_28642	Unstimulated	PROVISIONAL_KEEP_MANUAL_PHENOCOPY_REVIEW_PENDING	false
GSE261783	GSM8151757	ACTATGGCAGGACTTT-1	Pbrm1	Pbrm1_As_28642	Unstimulated	PROVISIONAL_KEEP_MANUAL_PHENOCOPY_REVIEW_PENDING	false
GSE261783	GSM8151757	ACTATGGTCGACGACC-1	Pbrm1	Pbrm1_As_28642	Unstimulated	PROVISIONAL_KEEP_MANUAL_PHENOCOPY_REVIEW_PENDING	false
GSE261783	GSM8151757	ACTGTGAAGCGCCTTG-1	Pbrm1	Pbrm1_As_28642	Unstimulated	PROVISIONAL_KEEP_MANUAL_PHENOCOPY_REVIEW_PENDING	false
GSE261783	GSM8151757	AGACAAAAGCAAGTGC-1	Pbrm1	Pbrm1_As_28642	Unstimulated	PROVISIONAL_KEEP_MANUAL_PHENOCOPY_REVIEW_PENDING	false
GSE261783	GSM8151757	AGATCCAAGAGTGTGC-1	Pbrm1	Pbrm1_As_28642	Unstimulated	PROVISIONAL_KEEP_MANUAL_PHENOCOPY_REVIEW_PENDING	false
GSE261783	GSM8151757	AGCGATTAGTCCCGAC-1	Pbrm1	Pbrm1_As_28642	Unstimulated	PROVISIONAL_KEEP_MANUAL_PHENOCOPY_REVIEW_PENDING	false
GSE261783	GSM8151757	AGCTCAACAACGACTT-1	Pbrm1	Pbrm1_As_28642	Unstimulated	PROVISIONAL_KEEP_MANUAL_PHENOCOPY_REVIEW_PENDING	false
GSE261783	GSM8151757	AGGACGATCCGTGGGT-1	Pbrm1	Pbrm1_As_28642	Unstimulated	PROVISIONAL_KEEP_MANUAL_PHENOCOPY_REVIEW_PENDING	false
GSE261783	GSM8151757	ATCCATTAGGGACCAT-1	Pbrm1	Pbrm1_As_28642	Unstimulated	PROVISIONAL_KEEP_MANUAL_PHENOCOPY_REVIEW_PENDING	false
GSE261783	GSM8151757	ATCCGTCAGTTTCAGC-1	Pbrm1	Pbrm1_As_28642	Unstimulated	PROVISIONAL_KEEP_MANUAL_PHENOCOPY_REVIEW_PENDING	false
GSE261783	GSM8151757	ATGTCTTAGCGTCTCG-1	Pbrm1	Pbrm1_As_28642	Unstimulated	PROVISIONAL_KEEP_MANUAL_PHENOCOPY_REVIEW_PENDING	false
GSE261783	GSM8151757	CAAAGAATCTTAATCC-1	Pbrm1	Pbrm1_As_28642	Unstimulated	PROVISIONAL_KEEP_MANUAL_PHENOCOPY_REVIEW_PENDING	false
GSE261783	GSM8151757	CAAGCTACATCACCAA-1	Pbrm1	Pbrm1_As_28642	Unstimulated	PROVISIONAL_KEEP_MANUAL_PHENOCOPY_REVIEW_PENDING	false
GSE261783	GSM8151757	CAGTGCGGTACCTGTA-1	Pbrm1	Pbrm1_As_28642	Unstimulated	PROVISIONAL_KEEP_MANUAL_PHENOCOPY_REVIEW_PENDING	false
GSE261783	GSM8151757	CATCCGTAGTTTCGGT-1	Pbrm1	Pbrm1_As_28642	Unstimulated	PROVISIONAL_KEEP_MANUAL_PHENOCOPY_REVIEW_PENDING	false
GSE261783	GSM8151757	CATTCATAGCCGTAAG-1	Pbrm1	Pbrm1_As_28642	Unstimulated	PROVISIONAL_KEEP_MANUAL_PHENOCOPY_REVIEW_PENDING	false
GSE261783	GSM8151757	CCATCACGTTCTCTAT-1	Pbrm1	Pbrm1_As_28642	Unstimulated	PROVISIONAL_KEEP_MANUAL_PHENOCOPY_REVIEW_PENDING	false
GSE261783	GSM8151757	CCCTTAGCACGATAGG-1	Pbrm1	Pbrm1_As_28642	Unstimulated	PROVISIONAL_KEEP_MANUAL_PHENOCOPY_REVIEW_PENDING	false
GSE261783	GSM8151757	CCTCTAGGTAAGTTAG-1	Pbrm1	Pbrm1_As_28642	Unstimulated	PROVISIONAL_KEEP_MANUAL_PHENOCOPY_REVIEW_PENDING	false
GSE261783	GSM8151757	CCTTCAGGTGTCACAT-1	Pbrm1	Pbrm1_As_28642	Unstimulated	PROVISIONAL_KEEP_MANUAL_PHENOCOPY_REVIEW_PENDING	false
GSE261783	GSM8151757	CGCATAATCGACGTCG-1	Pbrm1	Pbrm1_As_28642	Unstimulated	PROVISIONAL_KEEP_MANUAL_PHENOCOPY_REVIEW_PENDING	false
GSE261783	GSM8151757	CGCATGGAGACTGAGC-1	Pbrm1	Pbrm1_As_28642	Unstimulated	PROVISIONAL_KEEP_MANUAL_PHENOCOPY_REVIEW_PENDING	false
GSE261783	GSM8151757	CGCGTGAGTCCAGAAG-1	Pbrm1	Pbrm1_As_28642	Unstimulated	PROVISIONAL_KEEP_MANUAL_PHENOCOPY_REVIEW_PENDING	false
GSE261783	GSM8151757	CGGAATTTCCATGAGT-1	Pbrm1	Pbrm1_As_28642	Unstimulated	PROVISIONAL_KEEP_MANUAL_PHENOCOPY_REVIEW_PENDING	false
GSE261783	GSM8151757	CTACAGACACGCTGCA-1	Pbrm1	Pbrm1_As_28642	Unstimulated	PROVISIONAL_KEEP_MANUAL_PHENOCOPY_REVIEW_PENDING	false
GSE261783	GSM8151757	CTGCTCAAGACCATGG-1	Pbrm1	Pbrm1_As_28642	Unstimulated	PROVISIONAL_KEEP_MANUAL_PHENOCOPY_REVIEW_PENDING	false
GSE261783	GSM8151757	CTGCTCAAGTGTGTTC-1	Pbrm1	Pbrm1_As_28642	Unstimulated	PROVISIONAL_KEEP_MANUAL_PHENOCOPY_REVIEW_PENDING	false
GSE261783	GSM8151757	CTGGCAGGTCAGGCAA-1	Pbrm1	Pbrm1_As_28642	Unstimulated	PROVISIONAL_KEEP_MANUAL_PHENOCOPY_REVIEW_PENDING	false
GSE261783	GSM8151757	CTGTATTGTGAGCCAA-1	Pbrm1	Pbrm1_As_28642	Unstimulated	PROVISIONAL_KEEP_MANUAL_PHENOCOPY_REVIEW_PENDING	false
GSE261783	GSM8151757	GAAACCTAGGATTTGA-1	Pbrm1	Pbrm1_As_28642	Unstimulated	PROVISIONAL_KEEP_MANUAL_PHENOCOPY_REVIEW_PENDING	false
GSE261783	GSM8151757	GAAGCCCTCTCGAACA-1	Pbrm1	Pbrm1_As_28642	Unstimulated	PROVISIONAL_KEEP_MANUAL_PHENOCOPY_REVIEW_PENDING	false
GSE261783	GSM8151757	GACCTTCCAAGAGTGC-1	Pbrm1	Pbrm1_As_28642	Unstimulated	PROVISIONAL_KEEP_MANUAL_PHENOCOPY_REVIEW_PENDING	false
GSE261783	GSM8151757	GACGTTAAGTTGCCCG-1	Pbrm1	Pbrm1_As_28642	Unstimulated	PROVISIONAL_KEEP_MANUAL_PHENOCOPY_REVIEW_PENDING	false
GSE261783	GSM8151757	GACTATGAGACTGAGC-1	Pbrm1	Pbrm1_As_28642	Unstimulated	PROVISIONAL_KEEP_MANUAL_PHENOCOPY_REVIEW_PENDING	false
GSE261783	GSM8151757	GAGGCCTTCATTTGGG-1	Pbrm1	Pbrm1_As_28642	Unstimulated	PROVISIONAL_KEEP_MANUAL_PHENOCOPY_REVIEW_PENDING	false
GSE261783	GSM8151757	GATCAGTTCCATAGAC-1	Pbrm1	Pbrm1_As_28642	Unstimulated	PROVISIONAL_KEEP_MANUAL_PHENOCOPY_REVIEW_PENDING	false
GSE261783	GSM8151757	GATCATGTCGCGGTAC-1	Pbrm1	Pbrm1_As_28642	Unstimulated	PROVISIONAL_KEEP_MANUAL_PHENOCOPY_REVIEW_PENDING	false
GSE261783	GSM8151757	GCATCGGGTTGATGTC-1	Pbrm1	Pbrm1_As_28642	Unstimulated	PROVISIONAL_KEEP_MANUAL_PHENOCOPY_REVIEW_PENDING	false
GSE261783	GSM8151757	GGAGATGAGAGATCGC-1	Pbrm1	Pbrm1_As_28642	Unstimulated	PROVISIONAL_KEEP_MANUAL_PHENOCOPY_REVIEW_PENDING	false
GSE261783	GSM8151757	GGAGATGAGTGTAGAT-1	Pbrm1	Pbrm1_As_28642	Unstimulated	PROVISIONAL_KEEP_MANUAL_PHENOCOPY_REVIEW_PENDING	false
GSE261783	GSM8151757	GGGACAAAGTCGCCCA-1	Pbrm1	Pbrm1_As_28642	Unstimulated	PROVISIONAL_KEEP_MANUAL_PHENOCOPY_REVIEW_PENDING	false
GSE261783	GSM8151757	GGGTGAATCAGAGTTC-1	Pbrm1	Pbrm1_As_28642	Unstimulated	PROVISIONAL_KEEP_MANUAL_PHENOCOPY_REVIEW_PENDING	false
GSE261783	GSM8151757	GGTGAAGTCGCATTAG-1	Pbrm1	Pbrm1_As_28642	Unstimulated	PROVISIONAL_KEEP_MANUAL_PHENOCOPY_REVIEW_PENDING	false
GSE261783	GSM8151757	GTAGCTAGTTGGGAAC-1	Pbrm1	Pbrm1_As_28642	Unstimulated	PROVISIONAL_KEEP_MANUAL_PHENOCOPY_REVIEW_PENDING	false
GSE261783	GSM8151757	GTGAGGACAAGTCATC-1	Pbrm1	Pbrm1_As_28642	Unstimulated	PROVISIONAL_KEEP_MANUAL_PHENOCOPY_REVIEW_PENDING	false
GSE261783	GSM8151757	GTGGCGTCAAATGAAC-1	Pbrm1	Pbrm1_As_28642	Unstimulated	PROVISIONAL_KEEP_MANUAL_PHENOCOPY_REVIEW_PENDING	false
GSE261783	GSM8151757	GTGGCGTTCGGCTTCT-1	Pbrm1	Pbrm1_As_28642	Unstimulated	PROVISIONAL_KEEP_MANUAL_PHENOCOPY_REVIEW_PENDING	false
GSE261783	GSM8151757	GTTGCGGTCGACCCAG-1	Pbrm1	Pbrm1_As_28642	Unstimulated	PROVISIONAL_KEEP_MANUAL_PHENOCOPY_REVIEW_PENDING	false
GSE261783	GSM8151757	TAACACGTCACGAGGA-1	Pbrm1	Pbrm1_As_28642	Unstimulated	PROVISIONAL_KEEP_MANUAL_PHENOCOPY_REVIEW_PENDING	false
GSE261783	GSM8151757	TAAGTCGCAGCATGCC-1	Pbrm1	Pbrm1_As_28642	Unstimulated	PROVISIONAL_KEEP_MANUAL_PHENOCOPY_REVIEW_PENDING	false
GSE261783	GSM8151757	TACCCGTGTTCAGGTT-1	Pbrm1	Pbrm1_As_28642	Unstimulated	PROVISIONAL_KEEP_MANUAL_PHENOCOPY_REVIEW_PENDING	false
GSE261783	GSM8151757	TAGGGTTAGGCTAAAT-1	Pbrm1	Pbrm1_As_28642	Unstimulated	PROVISIONAL_KEEP_MANUAL_PHENOCOPY_REVIEW_PENDING	false
GSE261783	GSM8151757	TATCGCCGTCGGTAAG-1	Pbrm1	Pbrm1_As_28642	Unstimulated	PROVISIONAL_KEEP_MANUAL_PHENOCOPY_REVIEW_PENDING	false
GSE261783	GSM8151757	TCAGGTAGTGCACAAG-1	Pbrm1	Pbrm1_As_28642	Unstimulated	PROVISIONAL_KEEP_MANUAL_PHENOCOPY_REVIEW_PENDING	false
GSE261783	GSM8151757	TCAGGTAGTGGCGCTT-1	Pbrm1	Pbrm1_As_28642	Unstimulated	PROVISIONAL_KEEP_MANUAL_PHENOCOPY_REVIEW_PENDING	false
GSE261783	GSM8151757	TCATATCTCACCTTGC-1	Pbrm1	Pbrm1_As_28642	Unstimulated	PROVISIONAL_KEEP_MANUAL_PHENOCOPY_REVIEW_PENDING	false
GSE261783	GSM8151757	TCCTAATTCATTCATC-1	Pbrm1	Pbrm1_As_28642	Unstimulated	PROVISIONAL_KEEP_MANUAL_PHENOCOPY_REVIEW_PENDING	false
GSE261783	GSM8151757	TCGCAGGCACAAGCCC-1	Pbrm1	Pbrm1_As_28642	Unstimulated	PROVISIONAL_KEEP_MANUAL_PHENOCOPY_REVIEW_PENDING	false
GSE261783	GSM8151757	TCTATCATCTATTTCG-1	Pbrm1	Pbrm1_As_28642	Unstimulated	PROVISIONAL_KEEP_MANUAL_PHENOCOPY_REVIEW_PENDING	false
GSE261783	GSM8151757	TCTGCCAAGAGGGTGG-1	Pbrm1	Pbrm1_As_28642	Unstimulated	PROVISIONAL_KEEP_MANUAL_PHENOCOPY_REVIEW_PENDING	false
GSE261783	GSM8151757	TGAATGCAGATGCTAA-1	Pbrm1	Pbrm1_As_28642	Unstimulated	PROVISIONAL_KEEP_MANUAL_PHENOCOPY_REVIEW_PENDING	false
GSE261783	GSM8151757	TGAATGCAGGTTAAAC-1	Pbrm1	Pbrm1_As_28642	Unstimulated	PROVISIONAL_KEEP_MANUAL_PHENOCOPY_REVIEW_PENDING	false
GSE261783	GSM8151757	TGCGGGTAGTGTCATC-1	Pbrm1	Pbrm1_As_28642	Unstimulated	PROVISIONAL_KEEP_MANUAL_PHENOCOPY_REVIEW_PENDING	false
GSE261783	GSM8151757	TGGGATTCATGGGTCC-1	Pbrm1	Pbrm1_As_28642	Unstimulated	PROVISIONAL_KEEP_MANUAL_PHENOCOPY_REVIEW_PENDING	false
GSE261783	GSM8151757	TGTCAGAAGCCAACCC-1	Pbrm1	Pbrm1_As_28642	Unstimulated	PROVISIONAL_KEEP_MANUAL_PHENOCOPY_REVIEW_PENDING	false
GSE261783	GSM8151757	TGTTGAGTCGCAGTTA-1	Pbrm1	Pbrm1_As_28642	Unstimulated	PROVISIONAL_KEEP_MANUAL_PHENOCOPY_REVIEW_PENDING	false
GSE261783	GSM8151757	TTGCATTGTCCCTCAT-1	Pbrm1	Pbrm1_As_28642	Unstimulated	PROVISIONAL_KEEP_MANUAL_PHENOCOPY_REVIEW_PENDING	false
GSE261783	GSM8151757	AATTCCTGTAGACAGC-1	Pbrm1	Pbrm1_As_28643	Unstimulated	PROVISIONAL_KEEP_MANUAL_PHENOCOPY_REVIEW_PENDING	false
GSE261783	GSM8151757	ACCTGTCGTGCATGTT-1	Pbrm1	Pbrm1_As_28643	Unstimulated	PROVISIONAL_KEEP_MANUAL_PHENOCOPY_REVIEW_PENDING	false
GSE261783	GSM8151757	ACGATCACAATAGGAT-1	Pbrm1	Pbrm1_As_28643	Unstimulated	PROVISIONAL_KEEP_MANUAL_PHENOCOPY_REVIEW_PENDING	false
GSE261783	GSM8151757	AGAAGTAGTCGCACAC-1	Pbrm1	Pbrm1_As_28643	Unstimulated	PROVISIONAL_KEEP_MANUAL_PHENOCOPY_REVIEW_PENDING	false
GSE261783	GSM8151757	AGCCAGCGTAAGACCG-1	Pbrm1	Pbrm1_As_28643	Unstimulated	PROVISIONAL_KEEP_MANUAL_PHENOCOPY_REVIEW_PENDING	false
GSE261783	GSM8151757	AGGAATATCTGAACGT-1	Pbrm1	Pbrm1_As_28643	Unstimulated	PROVISIONAL_KEEP_MANUAL_PHENOCOPY_REVIEW_PENDING	false
GSE261783	GSM8151757	AGGAGGTTCACTCACC-1	Pbrm1	Pbrm1_As_28643	Unstimulated	PROVISIONAL_KEEP_MANUAL_PHENOCOPY_REVIEW_PENDING	false
GSE261783	GSM8151757	AGGCCACTCGTAACCA-1	Pbrm1	Pbrm1_As_28643	Unstimulated	PROVISIONAL_KEEP_MANUAL_PHENOCOPY_REVIEW_PENDING	false
GSE261783	GSM8151757	AGTACTGTCACCCTGT-1	Pbrm1	Pbrm1_As_28643	Unstimulated	PROVISIONAL_KEEP_MANUAL_PHENOCOPY_REVIEW_PENDING	false
GSE261783	GSM8151757	ATGTCCCCACCATATG-1	Pbrm1	Pbrm1_As_28643	Unstimulated	PROVISIONAL_KEEP_MANUAL_PHENOCOPY_REVIEW_PENDING	false
GSE261783	GSM8151757	ATTCACTTCATCACTT-1	Pbrm1	Pbrm1_As_28643	Unstimulated	PROVISIONAL_KEEP_MANUAL_PHENOCOPY_REVIEW_PENDING	false
GSE261783	GSM8151757	CAGAGCCCACACGCCA-1	Pbrm1	Pbrm1_As_28643	Unstimulated	PROVISIONAL_KEEP_MANUAL_PHENOCOPY_REVIEW_PENDING	false
GSE261783	GSM8151757	CATACCCAGGACGCAT-1	Pbrm1	Pbrm1_As_28643	Unstimulated	PROVISIONAL_KEEP_MANUAL_PHENOCOPY_REVIEW_PENDING	false
GSE261783	GSM8151757	CCAAGCGTCGAACACT-1	Pbrm1	Pbrm1_As_28643	Unstimulated	PROVISIONAL_KEEP_MANUAL_PHENOCOPY_REVIEW_PENDING	false
GSE261783	GSM8151757	CCACGTTGTGCTCTTC-1	Pbrm1	Pbrm1_As_28643	Unstimulated	PROVISIONAL_KEEP_MANUAL_PHENOCOPY_REVIEW_PENDING	false
GSE261783	GSM8151757	CCTATCGAGACCACGA-1	Pbrm1	Pbrm1_As_28643	Unstimulated	PROVISIONAL_KEEP_MANUAL_PHENOCOPY_REVIEW_PENDING	false
GSE261783	GSM8151757	CCTCATGAGGTGCGAT-1	Pbrm1	Pbrm1_As_28643	Unstimulated	PROVISIONAL_KEEP_MANUAL_PHENOCOPY_REVIEW_PENDING	false
GSE261783	GSM8151757	CCTCTAGGTGGTCTCG-1	Pbrm1	Pbrm1_As_28643	Unstimulated	PROVISIONAL_KEEP_MANUAL_PHENOCOPY_REVIEW_PENDING	false
GSE261783	GSM8151757	CGACAGCCAGCATGCC-1	Pbrm1	Pbrm1_As_28643	Unstimulated	PROVISIONAL_KEEP_MANUAL_PHENOCOPY_REVIEW_PENDING	false
GSE261783	GSM8151757	CGAGAAGCATCGGATT-1	Pbrm1	Pbrm1_As_28643	Unstimulated	PROVISIONAL_KEEP_MANUAL_PHENOCOPY_REVIEW_PENDING	false
GSE261783	GSM8151757	CTATAGGAGCTGTACT-1	Pbrm1	Pbrm1_As_28643	Unstimulated	PROVISIONAL_KEEP_MANUAL_PHENOCOPY_REVIEW_PENDING	false
GSE261783	GSM8151757	CTGTATTGTGATGAAT-1	Pbrm1	Pbrm1_As_28643	Unstimulated	PROVISIONAL_KEEP_MANUAL_PHENOCOPY_REVIEW_PENDING	false
GSE261783	GSM8151757	CTTCAATAGATACGAT-1	Pbrm1	Pbrm1_As_28643	Unstimulated	PROVISIONAL_KEEP_MANUAL_PHENOCOPY_REVIEW_PENDING	false
GSE261783	GSM8151757	CTTTCAAGTTGCCAAT-1	Pbrm1	Pbrm1_As_28643	Unstimulated	PROVISIONAL_KEEP_MANUAL_PHENOCOPY_REVIEW_PENDING	false
GSE261783	GSM8151757	GAACGTTAGTGAATAC-1	Pbrm1	Pbrm1_As_28643	Unstimulated	PROVISIONAL_KEEP_MANUAL_PHENOCOPY_REVIEW_PENDING	false
GSE261783	GSM8151757	GACTTCCCATGTGTCA-1	Pbrm1	Pbrm1_As_28643	Unstimulated	PROVISIONAL_KEEP_MANUAL_PHENOCOPY_REVIEW_PENDING	false
GSE261783	GSM8151757	GAGTCATCACATCATG-1	Pbrm1	Pbrm1_As_28643	Unstimulated	PROVISIONAL_KEEP_MANUAL_PHENOCOPY_REVIEW_PENDING	false
GSE261783	GSM8151757	GAGTTACGTGATACCT-1	Pbrm1	Pbrm1_As_28643	Unstimulated	PROVISIONAL_KEEP_MANUAL_PHENOCOPY_REVIEW_PENDING	false
GSE261783	GSM8151757	GATAGCTTCGATGCTA-1	Pbrm1	Pbrm1_As_28643	Unstimulated	PROVISIONAL_KEEP_MANUAL_PHENOCOPY_REVIEW_PENDING	false
GSE261783	GSM8151757	GATTCGAGTGCGTTTA-1	Pbrm1	Pbrm1_As_28643	Unstimulated	PROVISIONAL_KEEP_MANUAL_PHENOCOPY_REVIEW_PENDING	false
GSE261783	GSM8151757	GCCCAGATCGTGCTCT-1	Pbrm1	Pbrm1_As_28643	Unstimulated	PROVISIONAL_KEEP_MANUAL_PHENOCOPY_REVIEW_PENDING	false
GSE261783	GSM8151757	GCTCAAATCGTAGCCG-1	Pbrm1	Pbrm1_As_28643	Unstimulated	PROVISIONAL_KEEP_MANUAL_PHENOCOPY_REVIEW_PENDING	false
GSE261783	GSM8151757	GGAGCAACACGCACCA-1	Pbrm1	Pbrm1_As_28643	Unstimulated	PROVISIONAL_KEEP_MANUAL_PHENOCOPY_REVIEW_PENDING	false
GSE261783	GSM8151757	GGGACCTAGCGCCGTT-1	Pbrm1	Pbrm1_As_28643	Unstimulated	PROVISIONAL_KEEP_MANUAL_PHENOCOPY_REVIEW_PENDING	false
GSE261783	GSM8151757	GGGAGATAGACTTAAG-1	Pbrm1	Pbrm1_As_28643	Unstimulated	PROVISIONAL_KEEP_MANUAL_PHENOCOPY_REVIEW_PENDING	false
GSE261783	GSM8151757	GGGTTTACAAGTGCAG-1	Pbrm1	Pbrm1_As_28643	Unstimulated	PROVISIONAL_KEEP_MANUAL_PHENOCOPY_REVIEW_PENDING	false
GSE261783	GSM8151757	GGTAGAGAGACCTGGA-1	Pbrm1	Pbrm1_As_28643	Unstimulated	PROVISIONAL_KEEP_MANUAL_PHENOCOPY_REVIEW_PENDING	false
GSE261783	GSM8151757	GGTTCTCTCTTGAACG-1	Pbrm1	Pbrm1_As_28643	Unstimulated	PROVISIONAL_KEEP_MANUAL_PHENOCOPY_REVIEW_PENDING	false
GSE261783	GSM8151757	GTAACACCATAAGCAA-1	Pbrm1	Pbrm1_As_28643	Unstimulated	PROVISIONAL_KEEP_MANUAL_PHENOCOPY_REVIEW_PENDING	false
GSE261783	GSM8151757	GTATTGGTCCGATAAC-1	Pbrm1	Pbrm1_As_28643	Unstimulated	PROVISIONAL_KEEP_MANUAL_PHENOCOPY_REVIEW_PENDING	false
GSE261783	GSM8151757	GTCGCGAGTTGACTAC-1	Pbrm1	Pbrm1_As_28643	Unstimulated	PROVISIONAL_KEEP_MANUAL_PHENOCOPY_REVIEW_PENDING	false
GSE261783	GSM8151757	GTGAGTTAGTCCCAAT-1	Pbrm1	Pbrm1_As_28643	Unstimulated	PROVISIONAL_KEEP_MANUAL_PHENOCOPY_REVIEW_PENDING	false
GSE261783	GSM8151757	GTGATGTGTAGCGATG-1	Pbrm1	Pbrm1_As_28643	Unstimulated	PROVISIONAL_KEEP_MANUAL_PHENOCOPY_REVIEW_PENDING	false
GSE261783	GSM8151757	GTGGAGACAATCTCTT-1	Pbrm1	Pbrm1_As_28643	Unstimulated	PROVISIONAL_KEEP_MANUAL_PHENOCOPY_REVIEW_PENDING	false
GSE261783	GSM8151757	TAACCAGAGGCATGGT-1	Pbrm1	Pbrm1_As_28643	Unstimulated	PROVISIONAL_KEEP_MANUAL_PHENOCOPY_REVIEW_PENDING	false
GSE261783	GSM8151757	TAATTCCAGACTTGTC-1	Pbrm1	Pbrm1_As_28643	Unstimulated	PROVISIONAL_KEEP_MANUAL_PHENOCOPY_REVIEW_PENDING	false
GSE261783	GSM8151757	TAGACCAGTCAACATC-1	Pbrm1	Pbrm1_As_28643	Unstimulated	PROVISIONAL_KEEP_MANUAL_PHENOCOPY_REVIEW_PENDING	false
GSE261783	GSM8151757	TAGGTTGGTCAATGGG-1	Pbrm1	Pbrm1_As_28643	Unstimulated	PROVISIONAL_KEEP_MANUAL_PHENOCOPY_REVIEW_PENDING	false
GSE261783	GSM8151757	TATGTTCAGATAACAC-1	Pbrm1	Pbrm1_As_28643	Unstimulated	PROVISIONAL_KEEP_MANUAL_PHENOCOPY_REVIEW_PENDING	false
GSE261783	GSM8151757	TCACAAGTCATTTGTC-1	Pbrm1	Pbrm1_As_28643	Unstimulated	PROVISIONAL_KEEP_MANUAL_PHENOCOPY_REVIEW_PENDING	false
GSE261783	GSM8151757	TCGAACACATGGCTGC-1	Pbrm1	Pbrm1_As_28643	Unstimulated	PROVISIONAL_KEEP_MANUAL_PHENOCOPY_REVIEW_PENDING	false
GSE261783	GSM8151757	TCGAAGTCATCCTTCG-1	Pbrm1	Pbrm1_As_28643	Unstimulated	PROVISIONAL_KEEP_MANUAL_PHENOCOPY_REVIEW_PENDING	false
GSE261783	GSM8151757	TCGGGCATCAGTCACA-1	Pbrm1	Pbrm1_As_28643	Unstimulated	PROVISIONAL_KEEP_MANUAL_PHENOCOPY_REVIEW_PENDING	false
GSE261783	GSM8151757	TCGTCCAAGCACTGGA-1	Pbrm1	Pbrm1_As_28643	Unstimulated	PROVISIONAL_KEEP_MANUAL_PHENOCOPY_REVIEW_PENDING	false
GSE261783	GSM8151757	TGCGGGTAGGTTAGTA-1	Pbrm1	Pbrm1_As_28643	Unstimulated	PROVISIONAL_KEEP_MANUAL_PHENOCOPY_REVIEW_PENDING	false
GSE261783	GSM8151757	TGCTTCGTCGCCTTGT-1	Pbrm1	Pbrm1_As_28643	Unstimulated	PROVISIONAL_KEEP_MANUAL_PHENOCOPY_REVIEW_PENDING	false
GSE261783	GSM8151757	TGTGTGACAGCTTCGG-1	Pbrm1	Pbrm1_As_28643	Unstimulated	PROVISIONAL_KEEP_MANUAL_PHENOCOPY_REVIEW_PENDING	false
GSE261783	GSM8151757	TTACCATAGATTGAGT-1	Pbrm1	Pbrm1_As_28643	Unstimulated	PROVISIONAL_KEEP_MANUAL_PHENOCOPY_REVIEW_PENDING	false
GSE261783	GSM8151757	TTACTGTTCTCTGCTG-1	Pbrm1	Pbrm1_As_28643	Unstimulated	PROVISIONAL_KEEP_MANUAL_PHENOCOPY_REVIEW_PENDING	false
GSE261783	GSM8151757	TTCCTCTGTGGTCTCG-1	Pbrm1	Pbrm1_As_28643	Unstimulated	PROVISIONAL_KEEP_MANUAL_PHENOCOPY_REVIEW_PENDING	false
GSE261783	GSM8151757	TTCTAGTCATTAGGAA-1	Pbrm1	Pbrm1_As_28643	Unstimulated	PROVISIONAL_KEEP_MANUAL_PHENOCOPY_REVIEW_PENDING	false
GSE261783	GSM8151757	TTGTGGACACAGTACT-1	Pbrm1	Pbrm1_As_28643	Unstimulated	PROVISIONAL_KEEP_MANUAL_PHENOCOPY_REVIEW_PENDING	false
GSE261783	GSM8151757	TTTCACAAGAGTCAAT-1	Pbrm1	Pbrm1_As_28643	Unstimulated	PROVISIONAL_KEEP_MANUAL_PHENOCOPY_REVIEW_PENDING	false
GSE261783	GSM8151757	TTTGGAGCAGTTTCGA-1	Pbrm1	Pbrm1_As_28643	Unstimulated	PROVISIONAL_KEEP_MANUAL_PHENOCOPY_REVIEW_PENDING	false
GSE261783	GSM8151757	AAAGGTACATGAATAG-1	Rest	Rest_As_21510	Unstimulated	PROVISIONAL_KEEP_MANUAL_PHENOCOPY_REVIEW_PENDING	false
GSE261783	GSM8151757	AACAAGATCTCTGCCA-1	Rest	Rest_As_21510	Unstimulated	PROVISIONAL_KEEP_MANUAL_PHENOCOPY_REVIEW_PENDING	false
GSE261783	GSM8151757	AATGAAGGTTTGGGTT-1	Rest	Rest_As_21510	Unstimulated	PROVISIONAL_KEEP_MANUAL_PHENOCOPY_REVIEW_PENDING	false
GSE261783	GSM8151757	AATGCCATCAGAGCGA-1	Rest	Rest_As_21510	Unstimulated	PROVISIONAL_KEEP_MANUAL_PHENOCOPY_REVIEW_PENDING	false
GSE261783	GSM8151757	AATTCCTAGTGGCGAT-1	Rest	Rest_As_21510	Unstimulated	PROVISIONAL_KEEP_MANUAL_PHENOCOPY_REVIEW_PENDING	false
GSE261783	GSM8151757	ACAAAGACAGGTGGAT-1	Rest	Rest_As_21510	Unstimulated	PROVISIONAL_KEEP_MANUAL_PHENOCOPY_REVIEW_PENDING	false
GSE261783	GSM8151757	ACGTAGTAGGGCAAGG-1	Rest	Rest_As_21510	Unstimulated	PROVISIONAL_KEEP_MANUAL_PHENOCOPY_REVIEW_PENDING	false
GSE261783	GSM8151757	ACTGTGACAAATGATG-1	Rest	Rest_As_21510	Unstimulated	PROVISIONAL_KEEP_MANUAL_PHENOCOPY_REVIEW_PENDING	false
GSE261783	GSM8151757	ACTTAGGGTAACGTTC-1	Rest	Rest_As_21510	Unstimulated	PROVISIONAL_KEEP_MANUAL_PHENOCOPY_REVIEW_PENDING	false
GSE261783	GSM8151757	AGCCACGCACACCAGC-1	Rest	Rest_As_21510	Unstimulated	PROVISIONAL_KEEP_MANUAL_PHENOCOPY_REVIEW_PENDING	false
GSE261783	GSM8151757	AGGACGAGTCCTTGTC-1	Rest	Rest_As_21510	Unstimulated	PROVISIONAL_KEEP_MANUAL_PHENOCOPY_REVIEW_PENDING	false
GSE261783	GSM8151757	AGGTAGGTCCTCTAAT-1	Rest	Rest_As_21510	Unstimulated	PROVISIONAL_KEEP_MANUAL_PHENOCOPY_REVIEW_PENDING	false
GSE261783	GSM8151757	AGTAGTCAGAGTCCGA-1	Rest	Rest_As_21510	Unstimulated	PROVISIONAL_KEEP_MANUAL_PHENOCOPY_REVIEW_PENDING	false
GSE261783	GSM8151757	AGTGACTTCCGAGGCT-1	Rest	Rest_As_21510	Unstimulated	PROVISIONAL_KEEP_MANUAL_PHENOCOPY_REVIEW_PENDING	false
GSE261783	GSM8151757	AGTGCCGAGGAAGTAG-1	Rest	Rest_As_21510	Unstimulated	PROVISIONAL_KEEP_MANUAL_PHENOCOPY_REVIEW_PENDING	false
GSE261783	GSM8151757	ATCGTAGGTAGGGAGG-1	Rest	Rest_As_21510	Unstimulated	PROVISIONAL_KEEP_MANUAL_PHENOCOPY_REVIEW_PENDING	false
GSE261783	GSM8151757	ATCGTCCAGGAGGGTG-1	Rest	Rest_As_21510	Unstimulated	PROVISIONAL_KEEP_MANUAL_PHENOCOPY_REVIEW_PENDING	false
GSE261783	GSM8151757	ATTCACTGTACGTACT-1	Rest	Rest_As_21510	Unstimulated	PROVISIONAL_KEEP_MANUAL_PHENOCOPY_REVIEW_PENDING	false
GSE261783	GSM8151757	ATTTCTGCAAGGTTGG-1	Rest	Rest_As_21510	Unstimulated	PROVISIONAL_KEEP_MANUAL_PHENOCOPY_REVIEW_PENDING	false
GSE261783	GSM8151757	CAACCAAGTACTGCCG-1	Rest	Rest_As_21510	Unstimulated	PROVISIONAL_KEEP_MANUAL_PHENOCOPY_REVIEW_PENDING	false
GSE261783	GSM8151757	CACACAACAGTCAGCC-1	Rest	Rest_As_21510	Unstimulated	PROVISIONAL_KEEP_MANUAL_PHENOCOPY_REVIEW_PENDING	false
GSE261783	GSM8151757	CAGATTGCACGACGCT-1	Rest	Rest_As_21510	Unstimulated	PROVISIONAL_KEEP_MANUAL_PHENOCOPY_REVIEW_PENDING	false
GSE261783	GSM8151757	CAGCCAGTCGTAGTGT-1	Rest	Rest_As_21510	Unstimulated	PROVISIONAL_KEEP_MANUAL_PHENOCOPY_REVIEW_PENDING	false
GSE261783	GSM8151757	CAGGCCAAGACTCTTG-1	Rest	Rest_As_21510	Unstimulated	PROVISIONAL_KEEP_MANUAL_PHENOCOPY_REVIEW_PENDING	false
GSE261783	GSM8151757	CAGTTCCCAACTCCCT-1	Rest	Rest_As_21510	Unstimulated	PROVISIONAL_KEEP_MANUAL_PHENOCOPY_REVIEW_PENDING	false
GSE261783	GSM8151757	CATTGCCTCCCAGTGG-1	Rest	Rest_As_21510	Unstimulated	PROVISIONAL_KEEP_MANUAL_PHENOCOPY_REVIEW_PENDING	false
GSE261783	GSM8151757	CCGTGAGGTCATGCAT-1	Rest	Rest_As_21510	Unstimulated	PROVISIONAL_KEEP_MANUAL_PHENOCOPY_REVIEW_PENDING	false
GSE261783	GSM8151757	CCTAACCTCAATCCGA-1	Rest	Rest_As_21510	Unstimulated	PROVISIONAL_KEEP_MANUAL_PHENOCOPY_REVIEW_PENDING	false
GSE261783	GSM8151757	CCTCTAGTCCATTGTT-1	Rest	Rest_As_21510	Unstimulated	PROVISIONAL_KEEP_MANUAL_PHENOCOPY_REVIEW_PENDING	false
GSE261783	GSM8151757	CCTGTTGTCCGTTTCG-1	Rest	Rest_As_21510	Unstimulated	PROVISIONAL_KEEP_MANUAL_PHENOCOPY_REVIEW_PENDING	false
GSE261783	GSM8151757	CTGGACGTCCACAGGC-1	Rest	Rest_As_21510	Unstimulated	PROVISIONAL_KEEP_MANUAL_PHENOCOPY_REVIEW_PENDING	false
GSE261783	GSM8151757	CTTCTCTCAGACTGCC-1	Rest	Rest_As_21510	Unstimulated	PROVISIONAL_KEEP_MANUAL_PHENOCOPY_REVIEW_PENDING	false
GSE261783	GSM8151757	GACTCAACACGTTCGG-1	Rest	Rest_As_21510	Unstimulated	PROVISIONAL_KEEP_MANUAL_PHENOCOPY_REVIEW_PENDING	false
GSE261783	GSM8151757	GATAGCTCATCGAAGG-1	Rest	Rest_As_21510	Unstimulated	PROVISIONAL_KEEP_MANUAL_PHENOCOPY_REVIEW_PENDING	false
GSE261783	GSM8151757	GCAGCTGCATCTGTTT-1	Rest	Rest_As_21510	Unstimulated	PROVISIONAL_KEEP_MANUAL_PHENOCOPY_REVIEW_PENDING	false
GSE261783	GSM8151757	GGCACGTAGCATTGTC-1	Rest	Rest_As_21510	Unstimulated	PROVISIONAL_KEEP_MANUAL_PHENOCOPY_REVIEW_PENDING	false
GSE261783	GSM8151757	GGCAGTCGTCCGAAGA-1	Rest	Rest_As_21510	Unstimulated	PROVISIONAL_KEEP_MANUAL_PHENOCOPY_REVIEW_PENDING	false
GSE261783	GSM8151757	GGGAAGTGTTCCCACT-1	Rest	Rest_As_21510	Unstimulated	PROVISIONAL_KEEP_MANUAL_PHENOCOPY_REVIEW_PENDING	false
GSE261783	GSM8151757	GGGAGTACACCCAATA-1	Rest	Rest_As_21510	Unstimulated	PROVISIONAL_KEEP_MANUAL_PHENOCOPY_REVIEW_PENDING	false
GSE261783	GSM8151757	GTAATCGAGGACGCTA-1	Rest	Rest_As_21510	Unstimulated	PROVISIONAL_KEEP_MANUAL_PHENOCOPY_REVIEW_PENDING	false
GSE261783	GSM8151757	GTCATTTAGACATAGT-1	Rest	Rest_As_21510	Unstimulated	PROVISIONAL_KEEP_MANUAL_PHENOCOPY_REVIEW_PENDING	false
GSE261783	GSM8151757	GTCGAATCATACCGTA-1	Rest	Rest_As_21510	Unstimulated	PROVISIONAL_KEEP_MANUAL_PHENOCOPY_REVIEW_PENDING	false
GSE261783	GSM8151757	GTGATGTCAGTGGGTA-1	Rest	Rest_As_21510	Unstimulated	PROVISIONAL_KEEP_MANUAL_PHENOCOPY_REVIEW_PENDING	false
GSE261783	GSM8151757	GTTGCGGAGCAACCAG-1	Rest	Rest_As_21510	Unstimulated	PROVISIONAL_KEEP_MANUAL_PHENOCOPY_REVIEW_PENDING	false
GSE261783	GSM8151757	TAACACGTCCTGTACC-1	Rest	Rest_As_21510	Unstimulated	PROVISIONAL_KEEP_MANUAL_PHENOCOPY_REVIEW_PENDING	false
GSE261783	GSM8151757	TATTGCTAGTTGGAAT-1	Rest	Rest_As_21510	Unstimulated	PROVISIONAL_KEEP_MANUAL_PHENOCOPY_REVIEW_PENDING	false
GSE261783	GSM8151757	TCACGGGCAACAGATA-1	Rest	Rest_As_21510	Unstimulated	PROVISIONAL_KEEP_MANUAL_PHENOCOPY_REVIEW_PENDING	false
GSE261783	GSM8151757	TCATTACGTAACGATA-1	Rest	Rest_As_21510	Unstimulated	PROVISIONAL_KEEP_MANUAL_PHENOCOPY_REVIEW_PENDING	false
GSE261783	GSM8151757	TCATTGTGTATACCTG-1	Rest	Rest_As_21510	Unstimulated	PROVISIONAL_KEEP_MANUAL_PHENOCOPY_REVIEW_PENDING	false
GSE261783	GSM8151757	TCCCATGCAGCACAGA-1	Rest	Rest_As_21510	Unstimulated	PROVISIONAL_KEEP_MANUAL_PHENOCOPY_REVIEW_PENDING	false
GSE261783	GSM8151757	TCGAAGTGTGAGTAGC-1	Rest	Rest_As_21510	Unstimulated	PROVISIONAL_KEEP_MANUAL_PHENOCOPY_REVIEW_PENDING	false
GSE261783	GSM8151757	TGAGTCAGTGTTACTG-1	Rest	Rest_As_21510	Unstimulated	PROVISIONAL_KEEP_MANUAL_PHENOCOPY_REVIEW_PENDING	false
GSE261783	GSM8151757	TGCGGGTAGGTAATCA-1	Rest	Rest_As_21510	Unstimulated	PROVISIONAL_KEEP_MANUAL_PHENOCOPY_REVIEW_PENDING	false
GSE261783	GSM8151757	TGGAACTGTAAGATCA-1	Rest	Rest_As_21510	Unstimulated	PROVISIONAL_KEEP_MANUAL_PHENOCOPY_REVIEW_PENDING	false
GSE261783	GSM8151757	TGTGAGTAGCGGACAT-1	Rest	Rest_As_21510	Unstimulated	PROVISIONAL_KEEP_MANUAL_PHENOCOPY_REVIEW_PENDING	false
GSE261783	GSM8151757	TTACCATGTTCTGAGT-1	Rest	Rest_As_21510	Unstimulated	PROVISIONAL_KEEP_MANUAL_PHENOCOPY_REVIEW_PENDING	false
GSE261783	GSM8151757	TTGAACGCAAAGTATG-1	Rest	Rest_As_21510	Unstimulated	PROVISIONAL_KEEP_MANUAL_PHENOCOPY_REVIEW_PENDING	false
GSE261783	GSM8151757	TTTGGAGCATGACGGA-1	Rest	Rest_As_21510	Unstimulated	PROVISIONAL_KEEP_MANUAL_PHENOCOPY_REVIEW_PENDING	false
GSE261783	GSM8151757	AAACGCTCAAGAAATC-1	Rest	Rest_As_21511	Unstimulated	PROVISIONAL_KEEP_MANUAL_PHENOCOPY_REVIEW_PENDING	false
GSE261783	GSM8151757	AAAGGGCTCGTGGAAG-1	Rest	Rest_As_21511	Unstimulated	PROVISIONAL_KEEP_MANUAL_PHENOCOPY_REVIEW_PENDING	false
GSE261783	GSM8151757	AAATGGATCGAGAGAC-1	Rest	Rest_As_21511	Unstimulated	PROVISIONAL_KEEP_MANUAL_PHENOCOPY_REVIEW_PENDING	false
GSE261783	GSM8151757	AAATGGATCGCCACTT-1	Rest	Rest_As_21511	Unstimulated	PROVISIONAL_KEEP_MANUAL_PHENOCOPY_REVIEW_PENDING	false
GSE261783	GSM8151757	AACAGGGCATCCTCAC-1	Rest	Rest_As_21511	Unstimulated	PROVISIONAL_KEEP_MANUAL_PHENOCOPY_REVIEW_PENDING	false
GSE261783	GSM8151757	AAGCCATGTTCAATCG-1	Rest	Rest_As_21511	Unstimulated	PROVISIONAL_KEEP_MANUAL_PHENOCOPY_REVIEW_PENDING	false
GSE261783	GSM8151757	AAGCCATTCTGTCCGT-1	Rest	Rest_As_21511	Unstimulated	PROVISIONAL_KEEP_MANUAL_PHENOCOPY_REVIEW_PENDING	false
GSE261783	GSM8151757	AAGGTAATCCTACCAC-1	Rest	Rest_As_21511	Unstimulated	PROVISIONAL_KEEP_MANUAL_PHENOCOPY_REVIEW_PENDING	false
GSE261783	GSM8151757	AATCGTGGTGTGTCGC-1	Rest	Rest_As_21511	Unstimulated	PROVISIONAL_KEEP_MANUAL_PHENOCOPY_REVIEW_PENDING	false
GSE261783	GSM8151757	ACATGCACATGTGGCC-1	Rest	Rest_As_21511	Unstimulated	PROVISIONAL_KEEP_MANUAL_PHENOCOPY_REVIEW_PENDING	false
GSE261783	GSM8151757	ACTCCCACAGAAGCTG-1	Rest	Rest_As_21511	Unstimulated	PROVISIONAL_KEEP_MANUAL_PHENOCOPY_REVIEW_PENDING	false
GSE261783	GSM8151757	ACTGATGAGAGTCGAC-1	Rest	Rest_As_21511	Unstimulated	PROVISIONAL_KEEP_MANUAL_PHENOCOPY_REVIEW_PENDING	false
GSE261783	GSM8151757	ACTTATCCATACTTTC-1	Rest	Rest_As_21511	Unstimulated	PROVISIONAL_KEEP_MANUAL_PHENOCOPY_REVIEW_PENDING	false
GSE261783	GSM8151757	ACTTCGCTCGGAACTT-1	Rest	Rest_As_21511	Unstimulated	PROVISIONAL_KEEP_MANUAL_PHENOCOPY_REVIEW_PENDING	false
GSE261783	GSM8151757	AGACACTGTAATGATG-1	Rest	Rest_As_21511	Unstimulated	PROVISIONAL_KEEP_MANUAL_PHENOCOPY_REVIEW_PENDING	false
GSE261783	GSM8151757	AGACACTTCATTATCC-1	Rest	Rest_As_21511	Unstimulated	PROVISIONAL_KEEP_MANUAL_PHENOCOPY_REVIEW_PENDING	false
GSE261783	GSM8151757	AGACTCAGTAATGCGG-1	Rest	Rest_As_21511	Unstimulated	PROVISIONAL_KEEP_MANUAL_PHENOCOPY_REVIEW_PENDING	false
GSE261783	GSM8151757	AGATCGTCAGCCGGTT-1	Rest	Rest_As_21511	Unstimulated	PROVISIONAL_KEEP_MANUAL_PHENOCOPY_REVIEW_PENDING	false
GSE261783	GSM8151757	AGGATAATCTGGCTGG-1	Rest	Rest_As_21511	Unstimulated	PROVISIONAL_KEEP_MANUAL_PHENOCOPY_REVIEW_PENDING	false
GSE261783	GSM8151757	AGTGTTGCAAGGTCAG-1	Rest	Rest_As_21511	Unstimulated	PROVISIONAL_KEEP_MANUAL_PHENOCOPY_REVIEW_PENDING	false
GSE261783	GSM8151757	ATACTTCTCCACTTTA-1	Rest	Rest_As_21511	Unstimulated	PROVISIONAL_KEEP_MANUAL_PHENOCOPY_REVIEW_PENDING	false
GSE261783	GSM8151757	ATCGATGAGTACAACA-1	Rest	Rest_As_21511	Unstimulated	PROVISIONAL_KEEP_MANUAL_PHENOCOPY_REVIEW_PENDING	false
GSE261783	GSM8151757	ATGATCGTCCTGGTCT-1	Rest	Rest_As_21511	Unstimulated	PROVISIONAL_KEEP_MANUAL_PHENOCOPY_REVIEW_PENDING	false
GSE261783	GSM8151757	ATTACTCTCTAGCCAA-1	Rest	Rest_As_21511	Unstimulated	PROVISIONAL_KEEP_MANUAL_PHENOCOPY_REVIEW_PENDING	false
GSE261783	GSM8151757	ATTGTTCGTTAGAGTA-1	Rest	Rest_As_21511	Unstimulated	PROVISIONAL_KEEP_MANUAL_PHENOCOPY_REVIEW_PENDING	false
GSE261783	GSM8151757	CAACCTCGTCCGAAGA-1	Rest	Rest_As_21511	Unstimulated	PROVISIONAL_KEEP_MANUAL_PHENOCOPY_REVIEW_PENDING	false
GSE261783	GSM8151757	CAAGCTAGTCTGATAC-1	Rest	Rest_As_21511	Unstimulated	PROVISIONAL_KEEP_MANUAL_PHENOCOPY_REVIEW_PENDING	false
GSE261783	GSM8151757	CAGAGCCCAAACACGG-1	Rest	Rest_As_21511	Unstimulated	PROVISIONAL_KEEP_MANUAL_PHENOCOPY_REVIEW_PENDING	false
GSE261783	GSM8151757	CAGTTAGTCGGAGCAA-1	Rest	Rest_As_21511	Unstimulated	PROVISIONAL_KEEP_MANUAL_PHENOCOPY_REVIEW_PENDING	false
GSE261783	GSM8151757	CATACAGCAACTTGCA-1	Rest	Rest_As_21511	Unstimulated	PROVISIONAL_KEEP_MANUAL_PHENOCOPY_REVIEW_PENDING	false
GSE261783	GSM8151757	CATCCGTGTACTAAGA-1	Rest	Rest_As_21511	Unstimulated	PROVISIONAL_KEEP_MANUAL_PHENOCOPY_REVIEW_PENDING	false
GSE261783	GSM8151757	CATGAGTTCGTGTGAT-1	Rest	Rest_As_21511	Unstimulated	PROVISIONAL_KEEP_MANUAL_PHENOCOPY_REVIEW_PENDING	false
GSE261783	GSM8151757	CCATAAGTCTGAGAGG-1	Rest	Rest_As_21511	Unstimulated	PROVISIONAL_KEEP_MANUAL_PHENOCOPY_REVIEW_PENDING	false
GSE261783	GSM8151757	CCATCACTCTAGTTCT-1	Rest	Rest_As_21511	Unstimulated	PROVISIONAL_KEEP_MANUAL_PHENOCOPY_REVIEW_PENDING	false
GSE261783	GSM8151757	CCCTAACTCCATTGCC-1	Rest	Rest_As_21511	Unstimulated	PROVISIONAL_KEEP_MANUAL_PHENOCOPY_REVIEW_PENDING	false
GSE261783	GSM8151757	CCGTGAGAGTCATACC-1	Rest	Rest_As_21511	Unstimulated	PROVISIONAL_KEEP_MANUAL_PHENOCOPY_REVIEW_PENDING	false
GSE261783	GSM8151757	CCTCTCCAGCTGACAG-1	Rest	Rest_As_21511	Unstimulated	PROVISIONAL_KEEP_MANUAL_PHENOCOPY_REVIEW_PENDING	false
GSE261783	GSM8151757	CGAAGTTGTCGTATGT-1	Rest	Rest_As_21511	Unstimulated	PROVISIONAL_KEEP_MANUAL_PHENOCOPY_REVIEW_PENDING	false
GSE261783	GSM8151757	CGACAGCGTGCCGGTT-1	Rest	Rest_As_21511	Unstimulated	PROVISIONAL_KEEP_MANUAL_PHENOCOPY_REVIEW_PENDING	false
GSE261783	GSM8151757	CGAGGAACAGAGTCTT-1	Rest	Rest_As_21511	Unstimulated	PROVISIONAL_KEEP_MANUAL_PHENOCOPY_REVIEW_PENDING	false
GSE261783	GSM8151757	CGAGTTATCGCAGAGA-1	Rest	Rest_As_21511	Unstimulated	PROVISIONAL_KEEP_MANUAL_PHENOCOPY_REVIEW_PENDING	false
GSE261783	GSM8151757	CGATGGCCATCGGCCA-1	Rest	Rest_As_21511	Unstimulated	PROVISIONAL_KEEP_MANUAL_PHENOCOPY_REVIEW_PENDING	false
GSE261783	GSM8151757	CGCGTGATCTAACGCA-1	Rest	Rest_As_21511	Unstimulated	PROVISIONAL_KEEP_MANUAL_PHENOCOPY_REVIEW_PENDING	false
GSE261783	GSM8151757	CGGAACCCATCACAGT-1	Rest	Rest_As_21511	Unstimulated	PROVISIONAL_KEEP_MANUAL_PHENOCOPY_REVIEW_PENDING	false
GSE261783	GSM8151757	CTATCCGGTATTGACC-1	Rest	Rest_As_21511	Unstimulated	PROVISIONAL_KEEP_MANUAL_PHENOCOPY_REVIEW_PENDING	false
GSE261783	GSM8151757	CTCAGGGCATGACTGT-1	Rest	Rest_As_21511	Unstimulated	PROVISIONAL_KEEP_MANUAL_PHENOCOPY_REVIEW_PENDING	false
GSE261783	GSM8151757	CTCCTTTTCGTAGAGG-1	Rest	Rest_As_21511	Unstimulated	PROVISIONAL_KEEP_MANUAL_PHENOCOPY_REVIEW_PENDING	false
GSE261783	GSM8151757	CTGAATGCACCGTGGT-1	Rest	Rest_As_21511	Unstimulated	PROVISIONAL_KEEP_MANUAL_PHENOCOPY_REVIEW_PENDING	false
GSE261783	GSM8151757	CTGAGCGTCATTCACT-1	Rest	Rest_As_21511	Unstimulated	PROVISIONAL_KEEP_MANUAL_PHENOCOPY_REVIEW_PENDING	false
GSE261783	GSM8151757	CTGAGGCAGGAGGGTG-1	Rest	Rest_As_21511	Unstimulated	PROVISIONAL_KEEP_MANUAL_PHENOCOPY_REVIEW_PENDING	false
GSE261783	GSM8151757	CTTCCTTGTATTGACC-1	Rest	Rest_As_21511	Unstimulated	PROVISIONAL_KEEP_MANUAL_PHENOCOPY_REVIEW_PENDING	false
GSE261783	GSM8151757	CTTGAGAAGAGAGTGA-1	Rest	Rest_As_21511	Unstimulated	PROVISIONAL_KEEP_MANUAL_PHENOCOPY_REVIEW_PENDING	false
GSE261783	GSM8151757	CTTTCAATCCGATGCG-1	Rest	Rest_As_21511	Unstimulated	PROVISIONAL_KEEP_MANUAL_PHENOCOPY_REVIEW_PENDING	false
GSE261783	GSM8151757	GAATCACCAGGTGACA-1	Rest	Rest_As_21511	Unstimulated	PROVISIONAL_KEEP_MANUAL_PHENOCOPY_REVIEW_PENDING	false
GSE261783	GSM8151757	GAATCGTGTATTTCGG-1	Rest	Rest_As_21511	Unstimulated	PROVISIONAL_KEEP_MANUAL_PHENOCOPY_REVIEW_PENDING	false
GSE261783	GSM8151757	GACAGCCAGATTGTGA-1	Rest	Rest_As_21511	Unstimulated	PROVISIONAL_KEEP_MANUAL_PHENOCOPY_REVIEW_PENDING	false
GSE261783	GSM8151757	GACCAATTCTTCCTAA-1	Rest	Rest_As_21511	Unstimulated	PROVISIONAL_KEEP_MANUAL_PHENOCOPY_REVIEW_PENDING	false
GSE261783	GSM8151757	GACCCTTTCTACTGCC-1	Rest	Rest_As_21511	Unstimulated	PROVISIONAL_KEEP_MANUAL_PHENOCOPY_REVIEW_PENDING	false
GSE261783	GSM8151757	GACTCTCGTTTCGTTT-1	Rest	Rest_As_21511	Unstimulated	PROVISIONAL_KEEP_MANUAL_PHENOCOPY_REVIEW_PENDING	false
GSE261783	GSM8151757	GAGTTACCAGGTGTTT-1	Rest	Rest_As_21511	Unstimulated	PROVISIONAL_KEEP_MANUAL_PHENOCOPY_REVIEW_PENDING	false
GSE261783	GSM8151757	GATGATCCAGAGGAAA-1	Rest	Rest_As_21511	Unstimulated	PROVISIONAL_KEEP_MANUAL_PHENOCOPY_REVIEW_PENDING	false
GSE261783	GSM8151757	GCACTAATCGTGGACC-1	Rest	Rest_As_21511	Unstimulated	PROVISIONAL_KEEP_MANUAL_PHENOCOPY_REVIEW_PENDING	false
GSE261783	GSM8151757	GCCAGCAGTGCATACT-1	Rest	Rest_As_21511	Unstimulated	PROVISIONAL_KEEP_MANUAL_PHENOCOPY_REVIEW_PENDING	false
GSE261783	GSM8151757	GCGATCGAGGATGAGA-1	Rest	Rest_As_21511	Unstimulated	PROVISIONAL_KEEP_MANUAL_PHENOCOPY_REVIEW_PENDING	false
GSE261783	GSM8151757	GCGGAAATCGAGAAGC-1	Rest	Rest_As_21511	Unstimulated	PROVISIONAL_KEEP_MANUAL_PHENOCOPY_REVIEW_PENDING	false
GSE261783	GSM8151757	GCTCAAAGTTTAGTCG-1	Rest	Rest_As_21511	Unstimulated	PROVISIONAL_KEEP_MANUAL_PHENOCOPY_REVIEW_PENDING	false
GSE261783	GSM8151757	GGAACCCGTTGACTAC-1	Rest	Rest_As_21511	Unstimulated	PROVISIONAL_KEEP_MANUAL_PHENOCOPY_REVIEW_PENDING	false
GSE261783	GSM8151757	GGAATGGCAGTCAGCC-1	Rest	Rest_As_21511	Unstimulated	PROVISIONAL_KEEP_MANUAL_PHENOCOPY_REVIEW_PENDING	false
GSE261783	GSM8151757	GGCACGTGTACCCACG-1	Rest	Rest_As_21511	Unstimulated	PROVISIONAL_KEEP_MANUAL_PHENOCOPY_REVIEW_PENDING	false
GSE261783	GSM8151757	GGGAAGTAGCTTCTAG-1	Rest	Rest_As_21511	Unstimulated	PROVISIONAL_KEEP_MANUAL_PHENOCOPY_REVIEW_PENDING	false
GSE261783	GSM8151757	GGGACAATCGACATTG-1	Rest	Rest_As_21511	Unstimulated	PROVISIONAL_KEEP_MANUAL_PHENOCOPY_REVIEW_PENDING	false
GSE261783	GSM8151757	GTAGGAGAGTCCGCCA-1	Rest	Rest_As_21511	Unstimulated	PROVISIONAL_KEEP_MANUAL_PHENOCOPY_REVIEW_PENDING	false
GSE261783	GSM8151757	GTCGCGAAGGCACTCC-1	Rest	Rest_As_21511	Unstimulated	PROVISIONAL_KEEP_MANUAL_PHENOCOPY_REVIEW_PENDING	false
GSE261783	GSM8151757	GTCTCACGTGAGCAGT-1	Rest	Rest_As_21511	Unstimulated	PROVISIONAL_KEEP_MANUAL_PHENOCOPY_REVIEW_PENDING	false
GSE261783	GSM8151757	GTCTTTAGTCTTGTCC-1	Rest	Rest_As_21511	Unstimulated	PROVISIONAL_KEEP_MANUAL_PHENOCOPY_REVIEW_PENDING	false
GSE261783	GSM8151757	GTGGAGAAGTTAGAAC-1	Rest	Rest_As_21511	Unstimulated	PROVISIONAL_KEEP_MANUAL_PHENOCOPY_REVIEW_PENDING	false
GSE261783	GSM8151757	GTGGAGACACGAGGAT-1	Rest	Rest_As_21511	Unstimulated	PROVISIONAL_KEEP_MANUAL_PHENOCOPY_REVIEW_PENDING	false
GSE261783	GSM8151757	GTGGCGTGTACGCGTC-1	Rest	Rest_As_21511	Unstimulated	PROVISIONAL_KEEP_MANUAL_PHENOCOPY_REVIEW_PENDING	false
GSE261783	GSM8151757	GTGGTTAGTCCGACGT-1	Rest	Rest_As_21511	Unstimulated	PROVISIONAL_KEEP_MANUAL_PHENOCOPY_REVIEW_PENDING	false
GSE261783	GSM8151757	GTGTCCTTCTAAGGAA-1	Rest	Rest_As_21511	Unstimulated	PROVISIONAL_KEEP_MANUAL_PHENOCOPY_REVIEW_PENDING	false
GSE261783	GSM8151757	GTTAGTGTCGGCTCTT-1	Rest	Rest_As_21511	Unstimulated	PROVISIONAL_KEEP_MANUAL_PHENOCOPY_REVIEW_PENDING	false
GSE261783	GSM8151757	GTTCCGTTCTGATGGT-1	Rest	Rest_As_21511	Unstimulated	PROVISIONAL_KEEP_MANUAL_PHENOCOPY_REVIEW_PENDING	false
GSE261783	GSM8151757	GTTCGCTGTTGTTGTG-1	Rest	Rest_As_21511	Unstimulated	PROVISIONAL_KEEP_MANUAL_PHENOCOPY_REVIEW_PENDING	false
GSE261783	GSM8151757	TAACACGGTTCGAACT-1	Rest	Rest_As_21511	Unstimulated	PROVISIONAL_KEEP_MANUAL_PHENOCOPY_REVIEW_PENDING	false
GSE261783	GSM8151757	TACAACGGTAGGATAT-1	Rest	Rest_As_21511	Unstimulated	PROVISIONAL_KEEP_MANUAL_PHENOCOPY_REVIEW_PENDING	false
GSE261783	GSM8151757	TACGGGCCAATCTCTT-1	Rest	Rest_As_21511	Unstimulated	PROVISIONAL_KEEP_MANUAL_PHENOCOPY_REVIEW_PENDING	false
GSE261783	GSM8151757	TAGTGCACAGGGTCTC-1	Rest	Rest_As_21511	Unstimulated	PROVISIONAL_KEEP_MANUAL_PHENOCOPY_REVIEW_PENDING	false
GSE261783	GSM8151757	TATACCTCACACCTAA-1	Rest	Rest_As_21511	Unstimulated	PROVISIONAL_KEEP_MANUAL_PHENOCOPY_REVIEW_PENDING	false
GSE261783	GSM8151757	TCAAGACGTTCTGACA-1	Rest	Rest_As_21511	Unstimulated	PROVISIONAL_KEEP_MANUAL_PHENOCOPY_REVIEW_PENDING	false
GSE261783	GSM8151757	TCAGCAAAGATCCCAT-1	Rest	Rest_As_21511	Unstimulated	PROVISIONAL_KEEP_MANUAL_PHENOCOPY_REVIEW_PENDING	false
GSE261783	GSM8151757	TCCCACACACGCCACA-1	Rest	Rest_As_21511	Unstimulated	PROVISIONAL_KEEP_MANUAL_PHENOCOPY_REVIEW_PENDING	false
GSE261783	GSM8151757	TCCTCCCTCAACTGAC-1	Rest	Rest_As_21511	Unstimulated	PROVISIONAL_KEEP_MANUAL_PHENOCOPY_REVIEW_PENDING	false
GSE261783	GSM8151757	TCGACGGAGACATCCT-1	Rest	Rest_As_21511	Unstimulated	PROVISIONAL_KEEP_MANUAL_PHENOCOPY_REVIEW_PENDING	false
GSE261783	GSM8151757	TGACAGTGTACGTTCA-1	Rest	Rest_As_21511	Unstimulated	PROVISIONAL_KEEP_MANUAL_PHENOCOPY_REVIEW_PENDING	false
GSE261783	GSM8151757	TGACGCGTCTACGCAA-1	Rest	Rest_As_21511	Unstimulated	PROVISIONAL_KEEP_MANUAL_PHENOCOPY_REVIEW_PENDING	false
GSE261783	GSM8151757	TGAGGAGAGTGTTGAA-1	Rest	Rest_As_21511	Unstimulated	PROVISIONAL_KEEP_MANUAL_PHENOCOPY_REVIEW_PENDING	false
GSE261783	GSM8151757	TGAGGGATCAGGACAG-1	Rest	Rest_As_21511	Unstimulated	PROVISIONAL_KEEP_MANUAL_PHENOCOPY_REVIEW_PENDING	false
GSE261783	GSM8151757	TGAGGGATCGCGCCAA-1	Rest	Rest_As_21511	Unstimulated	PROVISIONAL_KEEP_MANUAL_PHENOCOPY_REVIEW_PENDING	false
GSE261783	GSM8151757	TGATTTCGTACGAAAT-1	Rest	Rest_As_21511	Unstimulated	PROVISIONAL_KEEP_MANUAL_PHENOCOPY_REVIEW_PENDING	false
GSE261783	GSM8151757	TGCATCCCATACAGAA-1	Rest	Rest_As_21511	Unstimulated	PROVISIONAL_KEEP_MANUAL_PHENOCOPY_REVIEW_PENDING	false
GSE261783	GSM8151757	TGGATGTAGATGCAGC-1	Rest	Rest_As_21511	Unstimulated	PROVISIONAL_KEEP_MANUAL_PHENOCOPY_REVIEW_PENDING	false
GSE261783	GSM8151757	TGGGAAGGTAGTGATA-1	Rest	Rest_As_21511	Unstimulated	PROVISIONAL_KEEP_MANUAL_PHENOCOPY_REVIEW_PENDING	false
GSE261783	GSM8151757	TGTTGGACAGAGGACT-1	Rest	Rest_As_21511	Unstimulated	PROVISIONAL_KEEP_MANUAL_PHENOCOPY_REVIEW_PENDING	false
GSE261783	GSM8151757	TTCACGCGTCTAACTG-1	Rest	Rest_As_21511	Unstimulated	PROVISIONAL_KEEP_MANUAL_PHENOCOPY_REVIEW_PENDING	false
GSE261783	GSM8151757	TTGATGGAGCATGGGT-1	Rest	Rest_As_21511	Unstimulated	PROVISIONAL_KEEP_MANUAL_PHENOCOPY_REVIEW_PENDING	false
GSE261783	GSM8151757	TTGATGGAGGCATGCA-1	Rest	Rest_As_21511	Unstimulated	PROVISIONAL_KEEP_MANUAL_PHENOCOPY_REVIEW_PENDING	false
GSE261783	GSM8151757	TTGGGATCAACGCCCA-1	Rest	Rest_As_21511	Unstimulated	PROVISIONAL_KEEP_MANUAL_PHENOCOPY_REVIEW_PENDING	false
GSE261783	GSM8151757	TTGGGTAAGAAGCGGG-1	Rest	Rest_As_21511	Unstimulated	PROVISIONAL_KEEP_MANUAL_PHENOCOPY_REVIEW_PENDING	false
GSE261783	GSM8151757	TTGGTTTCATGGTGGA-1	Rest	Rest_As_21511	Unstimulated	PROVISIONAL_KEEP_MANUAL_PHENOCOPY_REVIEW_PENDING	false
GSE261783	GSM8151757	AAGTGAACACCCTGAG-1	Rnf40	Rnf40_As_20441	Unstimulated	PROVISIONAL_KEEP_MANUAL_PHENOCOPY_REVIEW_PENDING	false
GSE261783	GSM8151757	AATGACCAGGACATCG-1	Rnf40	Rnf40_As_20441	Unstimulated	PROVISIONAL_KEEP_MANUAL_PHENOCOPY_REVIEW_PENDING	false
GSE261783	GSM8151757	ACACGCGCAATTCTCT-1	Rnf40	Rnf40_As_20441	Unstimulated	PROVISIONAL_KEEP_MANUAL_PHENOCOPY_REVIEW_PENDING	false
GSE261783	GSM8151757	ACCCAAAAGGGTGAGG-1	Rnf40	Rnf40_As_20441	Unstimulated	PROVISIONAL_KEEP_MANUAL_PHENOCOPY_REVIEW_PENDING	false
GSE261783	GSM8151757	ACTTTGTTCAAGAGGC-1	Rnf40	Rnf40_As_20441	Unstimulated	PROVISIONAL_KEEP_MANUAL_PHENOCOPY_REVIEW_PENDING	false
GSE261783	GSM8151757	AGCGCTGTCCAACACA-1	Rnf40	Rnf40_As_20441	Unstimulated	PROVISIONAL_KEEP_MANUAL_PHENOCOPY_REVIEW_PENDING	false
GSE261783	GSM8151757	AGCTACAGTAGCGCTC-1	Rnf40	Rnf40_As_20441	Unstimulated	PROVISIONAL_KEEP_MANUAL_PHENOCOPY_REVIEW_PENDING	false
GSE261783	GSM8151757	AGGGAGTTCCTCACCA-1	Rnf40	Rnf40_As_20441	Unstimulated	PROVISIONAL_KEEP_MANUAL_PHENOCOPY_REVIEW_PENDING	false
GSE261783	GSM8151757	AGGTCATCAGACGCTC-1	Rnf40	Rnf40_As_20441	Unstimulated	PROVISIONAL_KEEP_MANUAL_PHENOCOPY_REVIEW_PENDING	false
GSE261783	GSM8151757	AGTGCCGGTTGATGTC-1	Rnf40	Rnf40_As_20441	Unstimulated	PROVISIONAL_KEEP_MANUAL_PHENOCOPY_REVIEW_PENDING	false
GSE261783	GSM8151757	AGTTCCCGTGTAGCAG-1	Rnf40	Rnf40_As_20441	Unstimulated	PROVISIONAL_KEEP_MANUAL_PHENOCOPY_REVIEW_PENDING	false
GSE261783	GSM8151757	ATCACAGGTCCCACGA-1	Rnf40	Rnf40_As_20441	Unstimulated	PROVISIONAL_KEEP_MANUAL_PHENOCOPY_REVIEW_PENDING	false
GSE261783	GSM8151757	ATCTTCACAGAAGTTA-1	Rnf40	Rnf40_As_20441	Unstimulated	PROVISIONAL_KEEP_MANUAL_PHENOCOPY_REVIEW_PENDING	false
GSE261783	GSM8151757	ATTACCTAGCGATCGA-1	Rnf40	Rnf40_As_20441	Unstimulated	PROVISIONAL_KEEP_MANUAL_PHENOCOPY_REVIEW_PENDING	false
GSE261783	GSM8151757	CAGATACTCTCGACGG-1	Rnf40	Rnf40_As_20441	Unstimulated	PROVISIONAL_KEEP_MANUAL_PHENOCOPY_REVIEW_PENDING	false
GSE261783	GSM8151757	CAGGCCATCAGGCGAA-1	Rnf40	Rnf40_As_20441	Unstimulated	PROVISIONAL_KEEP_MANUAL_PHENOCOPY_REVIEW_PENDING	false
GSE261783	GSM8151757	CCCATTGAGATCGACG-1	Rnf40	Rnf40_As_20441	Unstimulated	PROVISIONAL_KEEP_MANUAL_PHENOCOPY_REVIEW_PENDING	false
GSE261783	GSM8151757	CCCGGAATCGATCCAA-1	Rnf40	Rnf40_As_20441	Unstimulated	PROVISIONAL_KEEP_MANUAL_PHENOCOPY_REVIEW_PENDING	false
GSE261783	GSM8151757	CCGATGGCAATCTCGA-1	Rnf40	Rnf40_As_20441	Unstimulated	PROVISIONAL_KEEP_MANUAL_PHENOCOPY_REVIEW_PENDING	false
GSE261783	GSM8151757	CCGGACAGTAGAATGT-1	Rnf40	Rnf40_As_20441	Unstimulated	PROVISIONAL_KEEP_MANUAL_PHENOCOPY_REVIEW_PENDING	false
GSE261783	GSM8151757	CCTATCGGTAGAGGAA-1	Rnf40	Rnf40_As_20441	Unstimulated	PROVISIONAL_KEEP_MANUAL_PHENOCOPY_REVIEW_PENDING	false
GSE261783	GSM8151757	CGAAGGACATGCGTGC-1	Rnf40	Rnf40_As_20441	Unstimulated	PROVISIONAL_KEEP_MANUAL_PHENOCOPY_REVIEW_PENDING	false
GSE261783	GSM8151757	CGATGCGAGTGAGCCA-1	Rnf40	Rnf40_As_20441	Unstimulated	PROVISIONAL_KEEP_MANUAL_PHENOCOPY_REVIEW_PENDING	false
GSE261783	GSM8151757	CGATGCGTCTATTTCG-1	Rnf40	Rnf40_As_20441	Unstimulated	PROVISIONAL_KEEP_MANUAL_PHENOCOPY_REVIEW_PENDING	false
GSE261783	GSM8151757	CGGACACTCAAGGTGG-1	Rnf40	Rnf40_As_20441	Unstimulated	PROVISIONAL_KEEP_MANUAL_PHENOCOPY_REVIEW_PENDING	false
GSE261783	GSM8151757	CGTGATAAGCTGGCCT-1	Rnf40	Rnf40_As_20441	Unstimulated	PROVISIONAL_KEEP_MANUAL_PHENOCOPY_REVIEW_PENDING	false
GSE261783	GSM8151757	CGTTCTGGTTCGGACC-1	Rnf40	Rnf40_As_20441	Unstimulated	PROVISIONAL_KEEP_MANUAL_PHENOCOPY_REVIEW_PENDING	false
GSE261783	GSM8151757	CTGCTCAGTCAGGCAA-1	Rnf40	Rnf40_As_20441	Unstimulated	PROVISIONAL_KEEP_MANUAL_PHENOCOPY_REVIEW_PENDING	false
GSE261783	GSM8151757	GAAGGACAGCGATCGA-1	Rnf40	Rnf40_As_20441	Unstimulated	PROVISIONAL_KEEP_MANUAL_PHENOCOPY_REVIEW_PENDING	false
GSE261783	GSM8151757	GAGGCAAAGGATACGC-1	Rnf40	Rnf40_As_20441	Unstimulated	PROVISIONAL_KEEP_MANUAL_PHENOCOPY_REVIEW_PENDING	false
GSE261783	GSM8151757	GATTCGATCGAAGCAG-1	Rnf40	Rnf40_As_20441	Unstimulated	PROVISIONAL_KEEP_MANUAL_PHENOCOPY_REVIEW_PENDING	false
GSE261783	GSM8151757	GCACGTGGTTTCGACA-1	Rnf40	Rnf40_As_20441	Unstimulated	PROVISIONAL_KEEP_MANUAL_PHENOCOPY_REVIEW_PENDING	false
GSE261783	GSM8151757	GCCAGGTTCACTTATC-1	Rnf40	Rnf40_As_20441	Unstimulated	PROVISIONAL_KEEP_MANUAL_PHENOCOPY_REVIEW_PENDING	false
GSE261783	GSM8151757	GGGCGTTGTAGAATGT-1	Rnf40	Rnf40_As_20441	Unstimulated	PROVISIONAL_KEEP_MANUAL_PHENOCOPY_REVIEW_PENDING	false
GSE261783	GSM8151757	GGTGGCTAGGCTCTCG-1	Rnf40	Rnf40_As_20441	Unstimulated	PROVISIONAL_KEEP_MANUAL_PHENOCOPY_REVIEW_PENDING	false
GSE261783	GSM8151757	GTAGGTTGTACTAGCT-1	Rnf40	Rnf40_As_20441	Unstimulated	PROVISIONAL_KEEP_MANUAL_PHENOCOPY_REVIEW_PENDING	false
GSE261783	GSM8151757	GTTACAGGTCACATTG-1	Rnf40	Rnf40_As_20441	Unstimulated	PROVISIONAL_KEEP_MANUAL_PHENOCOPY_REVIEW_PENDING	false
GSE261783	GSM8151757	TACACCCGTTAAACCC-1	Rnf40	Rnf40_As_20441	Unstimulated	PROVISIONAL_KEEP_MANUAL_PHENOCOPY_REVIEW_PENDING	false
GSE261783	GSM8151757	TACCTCGAGCTGGTGA-1	Rnf40	Rnf40_As_20441	Unstimulated	PROVISIONAL_KEEP_MANUAL_PHENOCOPY_REVIEW_PENDING	false
GSE261783	GSM8151757	TACGCTCGTCCACTTC-1	Rnf40	Rnf40_As_20441	Unstimulated	PROVISIONAL_KEEP_MANUAL_PHENOCOPY_REVIEW_PENDING	false
GSE261783	GSM8151757	TCACGCTAGTATCCTG-1	Rnf40	Rnf40_As_20441	Unstimulated	PROVISIONAL_KEEP_MANUAL_PHENOCOPY_REVIEW_PENDING	false
GSE261783	GSM8151757	TCACTCGAGGAGTATT-1	Rnf40	Rnf40_As_20441	Unstimulated	PROVISIONAL_KEEP_MANUAL_PHENOCOPY_REVIEW_PENDING	false
GSE261783	GSM8151757	TCCAGAATCTCATAGG-1	Rnf40	Rnf40_As_20441	Unstimulated	PROVISIONAL_KEEP_MANUAL_PHENOCOPY_REVIEW_PENDING	false
GSE261783	GSM8151757	TGACAGTCATAGATGA-1	Rnf40	Rnf40_As_20441	Unstimulated	PROVISIONAL_KEEP_MANUAL_PHENOCOPY_REVIEW_PENDING	false
GSE261783	GSM8151757	TGAGGAGCATATGGCT-1	Rnf40	Rnf40_As_20441	Unstimulated	PROVISIONAL_KEEP_MANUAL_PHENOCOPY_REVIEW_PENDING	false
GSE261783	GSM8151757	TGATTCTGTAGTGGCA-1	Rnf40	Rnf40_As_20441	Unstimulated	PROVISIONAL_KEEP_MANUAL_PHENOCOPY_REVIEW_PENDING	false
GSE261783	GSM8151757	TGCTGAACAATCACGT-1	Rnf40	Rnf40_As_20441	Unstimulated	PROVISIONAL_KEEP_MANUAL_PHENOCOPY_REVIEW_PENDING	false
GSE261783	GSM8151757	TGGATCATCCAGTGCG-1	Rnf40	Rnf40_As_20441	Unstimulated	PROVISIONAL_KEEP_MANUAL_PHENOCOPY_REVIEW_PENDING	false
GSE261783	GSM8151757	TGTTGGACAGGCGAAT-1	Rnf40	Rnf40_As_20441	Unstimulated	PROVISIONAL_KEEP_MANUAL_PHENOCOPY_REVIEW_PENDING	false
GSE261783	GSM8151757	TGTTTGTGTTTCGTAG-1	Rnf40	Rnf40_As_20441	Unstimulated	PROVISIONAL_KEEP_MANUAL_PHENOCOPY_REVIEW_PENDING	false
GSE261783	GSM8151757	TTGGTTTAGTCAGAGC-1	Rnf40	Rnf40_As_20441	Unstimulated	PROVISIONAL_KEEP_MANUAL_PHENOCOPY_REVIEW_PENDING	false
GSE261783	GSM8151757	TTGTGTTAGTGATCGG-1	Rnf40	Rnf40_As_20441	Unstimulated	PROVISIONAL_KEEP_MANUAL_PHENOCOPY_REVIEW_PENDING	false
GSE261783	GSM8151757	TTGTTGTAGGCTAAAT-1	Rnf40	Rnf40_As_20441	Unstimulated	PROVISIONAL_KEEP_MANUAL_PHENOCOPY_REVIEW_PENDING	false
GSE261783	GSM8151757	TTTCCTCCATCTAACG-1	Rnf40	Rnf40_As_20441	Unstimulated	PROVISIONAL_KEEP_MANUAL_PHENOCOPY_REVIEW_PENDING	false
GSE261783	GSM8151757	TTTGGTTGTAGCGCCT-1	Rnf40	Rnf40_As_20441	Unstimulated	PROVISIONAL_KEEP_MANUAL_PHENOCOPY_REVIEW_PENDING	false
GSE261783	GSM8151757	TTTGTTGCACAAGCAG-1	Rnf40	Rnf40_As_20441	Unstimulated	PROVISIONAL_KEEP_MANUAL_PHENOCOPY_REVIEW_PENDING	false
GSE261783	GSM8151757	AGCGCCAAGGAATGTT-1	Rnf40	Rnf40_As_20442	Unstimulated	PROVISIONAL_KEEP_MANUAL_PHENOCOPY_REVIEW_PENDING	false
GSE261783	GSM8151757	AGGTCTACAGCGATTT-1	Rnf40	Rnf40_As_20442	Unstimulated	PROVISIONAL_KEEP_MANUAL_PHENOCOPY_REVIEW_PENDING	false
GSE261783	GSM8151757	ATAGACCGTTTCACAG-1	Rnf40	Rnf40_As_20442	Unstimulated	PROVISIONAL_KEEP_MANUAL_PHENOCOPY_REVIEW_PENDING	false
GSE261783	GSM8151757	ATAGAGACACGTGTGC-1	Rnf40	Rnf40_As_20442	Unstimulated	PROVISIONAL_KEEP_MANUAL_PHENOCOPY_REVIEW_PENDING	false
GSE261783	GSM8151757	ATCGTAGTCGAGTGGA-1	Rnf40	Rnf40_As_20442	Unstimulated	PROVISIONAL_KEEP_MANUAL_PHENOCOPY_REVIEW_PENDING	false
GSE261783	GSM8151757	ATGAGTCCAAGGCGTA-1	Rnf40	Rnf40_As_20442	Unstimulated	PROVISIONAL_KEEP_MANUAL_PHENOCOPY_REVIEW_PENDING	false
GSE261783	GSM8151757	ATGCGATGTTCTCGTC-1	Rnf40	Rnf40_As_20442	Unstimulated	PROVISIONAL_KEEP_MANUAL_PHENOCOPY_REVIEW_PENDING	false
GSE261783	GSM8151757	CAAGACTTCACGACTA-1	Rnf40	Rnf40_As_20442	Unstimulated	PROVISIONAL_KEEP_MANUAL_PHENOCOPY_REVIEW_PENDING	false
GSE261783	GSM8151757	CAATTTCCACCTCTGT-1	Rnf40	Rnf40_As_20442	Unstimulated	PROVISIONAL_KEEP_MANUAL_PHENOCOPY_REVIEW_PENDING	false
GSE261783	GSM8151757	CATCGCTGTACCCAGC-1	Rnf40	Rnf40_As_20442	Unstimulated	PROVISIONAL_KEEP_MANUAL_PHENOCOPY_REVIEW_PENDING	false
GSE261783	GSM8151757	CATGCCTCAAATGAAC-1	Rnf40	Rnf40_As_20442	Unstimulated	PROVISIONAL_KEEP_MANUAL_PHENOCOPY_REVIEW_PENDING	false
GSE261783	GSM8151757	CATGCTCCAGTTACCA-1	Rnf40	Rnf40_As_20442	Unstimulated	PROVISIONAL_KEEP_MANUAL_PHENOCOPY_REVIEW_PENDING	false
GSE261783	GSM8151757	CCCAACTCAAGAAACT-1	Rnf40	Rnf40_As_20442	Unstimulated	PROVISIONAL_KEEP_MANUAL_PHENOCOPY_REVIEW_PENDING	false
GSE261783	GSM8151757	CCCATTGTCGTAGGGA-1	Rnf40	Rnf40_As_20442	Unstimulated	PROVISIONAL_KEEP_MANUAL_PHENOCOPY_REVIEW_PENDING	false
GSE261783	GSM8151757	CCTAAGACACGGTGTC-1	Rnf40	Rnf40_As_20442	Unstimulated	PROVISIONAL_KEEP_MANUAL_PHENOCOPY_REVIEW_PENDING	false
GSE261783	GSM8151757	CGAAGGAGTACTGGGA-1	Rnf40	Rnf40_As_20442	Unstimulated	PROVISIONAL_KEEP_MANUAL_PHENOCOPY_REVIEW_PENDING	false
GSE261783	GSM8151757	CGAGGAACAAGTTCGT-1	Rnf40	Rnf40_As_20442	Unstimulated	PROVISIONAL_KEEP_MANUAL_PHENOCOPY_REVIEW_PENDING	false
GSE261783	GSM8151757	CGGAGAACATCGATGT-1	Rnf40	Rnf40_As_20442	Unstimulated	PROVISIONAL_KEEP_MANUAL_PHENOCOPY_REVIEW_PENDING	false
GSE261783	GSM8151757	CTCAGGGGTTAAACCC-1	Rnf40	Rnf40_As_20442	Unstimulated	PROVISIONAL_KEEP_MANUAL_PHENOCOPY_REVIEW_PENDING	false
GSE261783	GSM8151757	CTGCCTAAGTCATAGA-1	Rnf40	Rnf40_As_20442	Unstimulated	PROVISIONAL_KEEP_MANUAL_PHENOCOPY_REVIEW_PENDING	false
GSE261783	GSM8151757	GAAACCTAGGCGCTCT-1	Rnf40	Rnf40_As_20442	Unstimulated	PROVISIONAL_KEEP_MANUAL_PHENOCOPY_REVIEW_PENDING	false
GSE261783	GSM8151757	GACCCAGAGAGGCTGT-1	Rnf40	Rnf40_As_20442	Unstimulated	PROVISIONAL_KEEP_MANUAL_PHENOCOPY_REVIEW_PENDING	false
GSE261783	GSM8151757	GACGTTAGTTCTTAGG-1	Rnf40	Rnf40_As_20442	Unstimulated	PROVISIONAL_KEEP_MANUAL_PHENOCOPY_REVIEW_PENDING	false
GSE261783	GSM8151757	GAGTGTTTCAAGTCTG-1	Rnf40	Rnf40_As_20442	Unstimulated	PROVISIONAL_KEEP_MANUAL_PHENOCOPY_REVIEW_PENDING	false
GSE261783	GSM8151757	GATCCCTCAACACAGG-1	Rnf40	Rnf40_As_20442	Unstimulated	PROVISIONAL_KEEP_MANUAL_PHENOCOPY_REVIEW_PENDING	false
GSE261783	GSM8151757	GCATCGGAGGATGTTA-1	Rnf40	Rnf40_As_20442	Unstimulated	PROVISIONAL_KEEP_MANUAL_PHENOCOPY_REVIEW_PENDING	false
GSE261783	GSM8151757	GCCCGAACAACAACAA-1	Rnf40	Rnf40_As_20442	Unstimulated	PROVISIONAL_KEEP_MANUAL_PHENOCOPY_REVIEW_PENDING	false
GSE261783	GSM8151757	GCCTGTTAGGATGAGA-1	Rnf40	Rnf40_As_20442	Unstimulated	PROVISIONAL_KEEP_MANUAL_PHENOCOPY_REVIEW_PENDING	false
GSE261783	GSM8151757	GGAATGGCATGGCCAC-1	Rnf40	Rnf40_As_20442	Unstimulated	PROVISIONAL_KEEP_MANUAL_PHENOCOPY_REVIEW_PENDING	false
GSE261783	GSM8151757	GGCTTGGAGCTCAGAG-1	Rnf40	Rnf40_As_20442	Unstimulated	PROVISIONAL_KEEP_MANUAL_PHENOCOPY_REVIEW_PENDING	false
GSE261783	GSM8151757	GGCTTTCCAGTCTTCC-1	Rnf40	Rnf40_As_20442	Unstimulated	PROVISIONAL_KEEP_MANUAL_PHENOCOPY_REVIEW_PENDING	false
GSE261783	GSM8151757	GGTGAAGAGGTCCAGA-1	Rnf40	Rnf40_As_20442	Unstimulated	PROVISIONAL_KEEP_MANUAL_PHENOCOPY_REVIEW_PENDING	false
GSE261783	GSM8151757	GTAGGTTAGGGTCTTT-1	Rnf40	Rnf40_As_20442	Unstimulated	PROVISIONAL_KEEP_MANUAL_PHENOCOPY_REVIEW_PENDING	false
GSE261783	GSM8151757	GTAGGTTCACGTCGGT-1	Rnf40	Rnf40_As_20442	Unstimulated	PROVISIONAL_KEEP_MANUAL_PHENOCOPY_REVIEW_PENDING	false
GSE261783	GSM8151757	GTGTTAGTCCCTAGGG-1	Rnf40	Rnf40_As_20442	Unstimulated	PROVISIONAL_KEEP_MANUAL_PHENOCOPY_REVIEW_PENDING	false
GSE261783	GSM8151757	GTTCGCTGTTAACCTG-1	Rnf40	Rnf40_As_20442	Unstimulated	PROVISIONAL_KEEP_MANUAL_PHENOCOPY_REVIEW_PENDING	false
GSE261783	GSM8151757	GTTCTATAGACGGTTG-1	Rnf40	Rnf40_As_20442	Unstimulated	PROVISIONAL_KEEP_MANUAL_PHENOCOPY_REVIEW_PENDING	false
GSE261783	GSM8151757	GTTGAACAGTGGTTGG-1	Rnf40	Rnf40_As_20442	Unstimulated	PROVISIONAL_KEEP_MANUAL_PHENOCOPY_REVIEW_PENDING	false
GSE261783	GSM8151757	TAAGCACTCTCTTCAA-1	Rnf40	Rnf40_As_20442	Unstimulated	PROVISIONAL_KEEP_MANUAL_PHENOCOPY_REVIEW_PENDING	false
GSE261783	GSM8151757	TACCGAAGTATGCTTG-1	Rnf40	Rnf40_As_20442	Unstimulated	PROVISIONAL_KEEP_MANUAL_PHENOCOPY_REVIEW_PENDING	false
GSE261783	GSM8151757	TATCTTGTCCGATAGT-1	Rnf40	Rnf40_As_20442	Unstimulated	PROVISIONAL_KEEP_MANUAL_PHENOCOPY_REVIEW_PENDING	false
GSE261783	GSM8151757	TCAGCAATCACGTCCT-1	Rnf40	Rnf40_As_20442	Unstimulated	PROVISIONAL_KEEP_MANUAL_PHENOCOPY_REVIEW_PENDING	false
GSE261783	GSM8151757	TCATGAGTCATAGAGA-1	Rnf40	Rnf40_As_20442	Unstimulated	PROVISIONAL_KEEP_MANUAL_PHENOCOPY_REVIEW_PENDING	false
GSE261783	GSM8151757	TCATGTTCATGGCTAT-1	Rnf40	Rnf40_As_20442	Unstimulated	PROVISIONAL_KEEP_MANUAL_PHENOCOPY_REVIEW_PENDING	false
GSE261783	GSM8151757	TCCGTGTTCATCCCGT-1	Rnf40	Rnf40_As_20442	Unstimulated	PROVISIONAL_KEEP_MANUAL_PHENOCOPY_REVIEW_PENDING	false
GSE261783	GSM8151757	TGACAGTAGAATCCCT-1	Rnf40	Rnf40_As_20442	Unstimulated	PROVISIONAL_KEEP_MANUAL_PHENOCOPY_REVIEW_PENDING	false
GSE261783	GSM8151757	TGACCCTTCGAGAGAC-1	Rnf40	Rnf40_As_20442	Unstimulated	PROVISIONAL_KEEP_MANUAL_PHENOCOPY_REVIEW_PENDING	false
GSE261783	GSM8151757	TGGAACTAGATCACCT-1	Rnf40	Rnf40_As_20442	Unstimulated	PROVISIONAL_KEEP_MANUAL_PHENOCOPY_REVIEW_PENDING	false
GSE261783	GSM8151757	TTACGCCAGCAACAGC-1	Rnf40	Rnf40_As_20442	Unstimulated	PROVISIONAL_KEEP_MANUAL_PHENOCOPY_REVIEW_PENDING	false
GSE261783	GSM8151757	TTCGCTGCATGAAAGT-1	Rnf40	Rnf40_As_20442	Unstimulated	PROVISIONAL_KEEP_MANUAL_PHENOCOPY_REVIEW_PENDING	false
GSE261783	GSM8151757	TTGAGTGTCTCGAGTA-1	Rnf40	Rnf40_As_20442	Unstimulated	PROVISIONAL_KEEP_MANUAL_PHENOCOPY_REVIEW_PENDING	false
GSE261783	GSM8151757	TTGGGCGGTCGTATTG-1	Rnf40	Rnf40_As_20442	Unstimulated	PROVISIONAL_KEEP_MANUAL_PHENOCOPY_REVIEW_PENDING	false
GSE261783	GSM8151757	TTTAGTCGTCATGCAT-1	Rnf40	Rnf40_As_20442	Unstimulated	PROVISIONAL_KEEP_MANUAL_PHENOCOPY_REVIEW_PENDING	false
GSE261783	GSM8151757	TTTGATCCATAGTCAC-1	Rnf40	Rnf40_As_20442	Unstimulated	PROVISIONAL_KEEP_MANUAL_PHENOCOPY_REVIEW_PENDING	false
GSE261783	GSM8151757	AAACGAATCGAACACT-1	Setd1b	Setd1b_As_17785	Unstimulated	PROVISIONAL_KEEP_MANUAL_PHENOCOPY_REVIEW_PENDING	false
GSE261783	GSM8151757	AACCCAACAGCTATTG-1	Setd1b	Setd1b_As_17785	Unstimulated	PROVISIONAL_KEEP_MANUAL_PHENOCOPY_REVIEW_PENDING	false
GSE261783	GSM8151757	AATAGAGAGTGGCAGT-1	Setd1b	Setd1b_As_17785	Unstimulated	PROVISIONAL_KEEP_MANUAL_PHENOCOPY_REVIEW_PENDING	false
GSE261783	GSM8151757	ACATCCCTCCGTTTCG-1	Setd1b	Setd1b_As_17785	Unstimulated	PROVISIONAL_KEEP_MANUAL_PHENOCOPY_REVIEW_PENDING	false
GSE261783	GSM8151757	ACGGTTACACCCAAGC-1	Setd1b	Setd1b_As_17785	Unstimulated	PROVISIONAL_KEEP_MANUAL_PHENOCOPY_REVIEW_PENDING	false
GSE261783	GSM8151757	ACTGTGATCAGTGATC-1	Setd1b	Setd1b_As_17785	Unstimulated	PROVISIONAL_KEEP_MANUAL_PHENOCOPY_REVIEW_PENDING	false
GSE261783	GSM8151757	AGAGCAGAGACCAGCA-1	Setd1b	Setd1b_As_17785	Unstimulated	PROVISIONAL_KEEP_MANUAL_PHENOCOPY_REVIEW_PENDING	false
GSE261783	GSM8151757	AGCGTATCAGTATTCG-1	Setd1b	Setd1b_As_17785	Unstimulated	PROVISIONAL_KEEP_MANUAL_PHENOCOPY_REVIEW_PENDING	false
GSE261783	GSM8151757	AGCTTCCAGCTGTGCC-1	Setd1b	Setd1b_As_17785	Unstimulated	PROVISIONAL_KEEP_MANUAL_PHENOCOPY_REVIEW_PENDING	false
GSE261783	GSM8151757	ATCCTATTCTAAGCCA-1	Setd1b	Setd1b_As_17785	Unstimulated	PROVISIONAL_KEEP_MANUAL_PHENOCOPY_REVIEW_PENDING	false
GSE261783	GSM8151757	ATTGTTCTCTAACACG-1	Setd1b	Setd1b_As_17785	Unstimulated	PROVISIONAL_KEEP_MANUAL_PHENOCOPY_REVIEW_PENDING	false
GSE261783	GSM8151757	ATTTCTGCACATACGT-1	Setd1b	Setd1b_As_17785	Unstimulated	PROVISIONAL_KEEP_MANUAL_PHENOCOPY_REVIEW_PENDING	false
GSE261783	GSM8151757	ATTTCTGGTTCTCCAC-1	Setd1b	Setd1b_As_17785	Unstimulated	PROVISIONAL_KEEP_MANUAL_PHENOCOPY_REVIEW_PENDING	false
GSE261783	GSM8151757	CAACAACTCTCAGAAC-1	Setd1b	Setd1b_As_17785	Unstimulated	PROVISIONAL_KEEP_MANUAL_PHENOCOPY_REVIEW_PENDING	false
GSE261783	GSM8151757	CAGCCAGAGGTAAGAG-1	Setd1b	Setd1b_As_17785	Unstimulated	PROVISIONAL_KEEP_MANUAL_PHENOCOPY_REVIEW_PENDING	false
GSE261783	GSM8151757	CATCCCATCGCTAAAC-1	Setd1b	Setd1b_As_17785	Unstimulated	PROVISIONAL_KEEP_MANUAL_PHENOCOPY_REVIEW_PENDING	false
GSE261783	GSM8151757	CCTAAGACAACAGTGG-1	Setd1b	Setd1b_As_17785	Unstimulated	PROVISIONAL_KEEP_MANUAL_PHENOCOPY_REVIEW_PENDING	false
GSE261783	GSM8151757	CCTACGTAGTGTAGTA-1	Setd1b	Setd1b_As_17785	Unstimulated	PROVISIONAL_KEEP_MANUAL_PHENOCOPY_REVIEW_PENDING	false
GSE261783	GSM8151757	CGATGGCGTCTCCCTA-1	Setd1b	Setd1b_As_17785	Unstimulated	PROVISIONAL_KEEP_MANUAL_PHENOCOPY_REVIEW_PENDING	false
GSE261783	GSM8151757	CGGGTCACATCGATGT-1	Setd1b	Setd1b_As_17785	Unstimulated	PROVISIONAL_KEEP_MANUAL_PHENOCOPY_REVIEW_PENDING	false
GSE261783	GSM8151757	CGTGAATGTTCGCGTG-1	Setd1b	Setd1b_As_17785	Unstimulated	PROVISIONAL_KEEP_MANUAL_PHENOCOPY_REVIEW_PENDING	false
GSE261783	GSM8151757	CGTTAGAGTCCCGCAA-1	Setd1b	Setd1b_As_17785	Unstimulated	PROVISIONAL_KEEP_MANUAL_PHENOCOPY_REVIEW_PENDING	false
GSE261783	GSM8151757	CTAACTTTCGTAGGAG-1	Setd1b	Setd1b_As_17785	Unstimulated	PROVISIONAL_KEEP_MANUAL_PHENOCOPY_REVIEW_PENDING	false
GSE261783	GSM8151757	CTACATTTCGTTCCCA-1	Setd1b	Setd1b_As_17785	Unstimulated	PROVISIONAL_KEEP_MANUAL_PHENOCOPY_REVIEW_PENDING	false
GSE261783	GSM8151757	CTGCATCGTACCGGCT-1	Setd1b	Setd1b_As_17785	Unstimulated	PROVISIONAL_KEEP_MANUAL_PHENOCOPY_REVIEW_PENDING	false
GSE261783	GSM8151757	CTGTGGGCAGCACACC-1	Setd1b	Setd1b_As_17785	Unstimulated	PROVISIONAL_KEEP_MANUAL_PHENOCOPY_REVIEW_PENDING	false
GSE261783	GSM8151757	GAAGAATAGCCGTCGT-1	Setd1b	Setd1b_As_17785	Unstimulated	PROVISIONAL_KEEP_MANUAL_PHENOCOPY_REVIEW_PENDING	false
GSE261783	GSM8151757	GAGTCTAAGCACTCCG-1	Setd1b	Setd1b_As_17785	Unstimulated	PROVISIONAL_KEEP_MANUAL_PHENOCOPY_REVIEW_PENDING	false
GSE261783	GSM8151757	GATAGAACAGGGAATC-1	Setd1b	Setd1b_As_17785	Unstimulated	PROVISIONAL_KEEP_MANUAL_PHENOCOPY_REVIEW_PENDING	false
GSE261783	GSM8151757	GCTGGGTTCAGAATAG-1	Setd1b	Setd1b_As_17785	Unstimulated	PROVISIONAL_KEEP_MANUAL_PHENOCOPY_REVIEW_PENDING	false
GSE261783	GSM8151757	GGGCTACCATGTGTCA-1	Setd1b	Setd1b_As_17785	Unstimulated	PROVISIONAL_KEEP_MANUAL_PHENOCOPY_REVIEW_PENDING	false
GSE261783	GSM8151757	GTCACGGTCGAGAAAT-1	Setd1b	Setd1b_As_17785	Unstimulated	PROVISIONAL_KEEP_MANUAL_PHENOCOPY_REVIEW_PENDING	false
GSE261783	GSM8151757	GTTGTCCGTGGGACAT-1	Setd1b	Setd1b_As_17785	Unstimulated	PROVISIONAL_KEEP_MANUAL_PHENOCOPY_REVIEW_PENDING	false
GSE261783	GSM8151757	TACTGCCAGGTGCGAT-1	Setd1b	Setd1b_As_17785	Unstimulated	PROVISIONAL_KEEP_MANUAL_PHENOCOPY_REVIEW_PENDING	false
GSE261783	GSM8151757	TAGGGTTAGCGCCCAT-1	Setd1b	Setd1b_As_17785	Unstimulated	PROVISIONAL_KEEP_MANUAL_PHENOCOPY_REVIEW_PENDING	false
GSE261783	GSM8151757	TCACTCGTCGGATAAA-1	Setd1b	Setd1b_As_17785	Unstimulated	PROVISIONAL_KEEP_MANUAL_PHENOCOPY_REVIEW_PENDING	false
GSE261783	GSM8151757	TCAGGTATCGCCAATA-1	Setd1b	Setd1b_As_17785	Unstimulated	PROVISIONAL_KEEP_MANUAL_PHENOCOPY_REVIEW_PENDING	false
GSE261783	GSM8151757	TCCTCGACACAGTGAG-1	Setd1b	Setd1b_As_17785	Unstimulated	PROVISIONAL_KEEP_MANUAL_PHENOCOPY_REVIEW_PENDING	false
GSE261783	GSM8151757	TCCTCTTTCACAAGAA-1	Setd1b	Setd1b_As_17785	Unstimulated	PROVISIONAL_KEEP_MANUAL_PHENOCOPY_REVIEW_PENDING	false
GSE261783	GSM8151757	TGAGCGCTCTAACGCA-1	Setd1b	Setd1b_As_17785	Unstimulated	PROVISIONAL_KEEP_MANUAL_PHENOCOPY_REVIEW_PENDING	false
GSE261783	GSM8151757	TGCGGCAGTCTCCTGT-1	Setd1b	Setd1b_As_17785	Unstimulated	PROVISIONAL_KEEP_MANUAL_PHENOCOPY_REVIEW_PENDING	false
GSE261783	GSM8151757	TGTTCCGGTCATCCGG-1	Setd1b	Setd1b_As_17785	Unstimulated	PROVISIONAL_KEEP_MANUAL_PHENOCOPY_REVIEW_PENDING	false
GSE261783	GSM8151757	TTACGCCTCCCGAGTG-1	Setd1b	Setd1b_As_17785	Unstimulated	PROVISIONAL_KEEP_MANUAL_PHENOCOPY_REVIEW_PENDING	false
GSE261783	GSM8151757	TTGGTTTGTTGCTAGT-1	Setd1b	Setd1b_As_17785	Unstimulated	PROVISIONAL_KEEP_MANUAL_PHENOCOPY_REVIEW_PENDING	false
GSE261783	GSM8151757	TTGTTCATCAACCCGG-1	Setd1b	Setd1b_As_17785	Unstimulated	PROVISIONAL_KEEP_MANUAL_PHENOCOPY_REVIEW_PENDING	false
GSE261783	GSM8151757	TTTGATCGTATTGAGA-1	Setd1b	Setd1b_As_17785	Unstimulated	PROVISIONAL_KEEP_MANUAL_PHENOCOPY_REVIEW_PENDING	false
GSE261783	GSM8151757	AAATGGAGTATACCCA-1	Setd1b	Setd1b_Br_52333	Unstimulated	PROVISIONAL_KEEP_MANUAL_PHENOCOPY_REVIEW_PENDING	false
GSE261783	GSM8151757	AAGGAATCATCGTCCT-1	Setd1b	Setd1b_Br_52333	Unstimulated	PROVISIONAL_KEEP_MANUAL_PHENOCOPY_REVIEW_PENDING	false
GSE261783	GSM8151757	AATGAAGAGTAACGAT-1	Setd1b	Setd1b_Br_52333	Unstimulated	PROVISIONAL_KEEP_MANUAL_PHENOCOPY_REVIEW_PENDING	false
GSE261783	GSM8151757	AATGGCTCATCAGCAT-1	Setd1b	Setd1b_Br_52333	Unstimulated	PROVISIONAL_KEEP_MANUAL_PHENOCOPY_REVIEW_PENDING	false
GSE261783	GSM8151757	ACGGGTCGTATACCTG-1	Setd1b	Setd1b_Br_52333	Unstimulated	PROVISIONAL_KEEP_MANUAL_PHENOCOPY_REVIEW_PENDING	false
GSE261783	GSM8151757	ACTCTCGGTCTTAGTG-1	Setd1b	Setd1b_Br_52333	Unstimulated	PROVISIONAL_KEEP_MANUAL_PHENOCOPY_REVIEW_PENDING	false
GSE261783	GSM8151757	ACTGCAATCAGAGTTC-1	Setd1b	Setd1b_Br_52333	Unstimulated	PROVISIONAL_KEEP_MANUAL_PHENOCOPY_REVIEW_PENDING	false
GSE261783	GSM8151757	AGCGCTGGTACTGTTG-1	Setd1b	Setd1b_Br_52333	Unstimulated	PROVISIONAL_KEEP_MANUAL_PHENOCOPY_REVIEW_PENDING	false
GSE261783	GSM8151757	AGGGTCCGTGCTATTG-1	Setd1b	Setd1b_Br_52333	Unstimulated	PROVISIONAL_KEEP_MANUAL_PHENOCOPY_REVIEW_PENDING	false
GSE261783	GSM8151757	AGTAGTCAGGCGAACT-1	Setd1b	Setd1b_Br_52333	Unstimulated	PROVISIONAL_KEEP_MANUAL_PHENOCOPY_REVIEW_PENDING	false
GSE261783	GSM8151757	ATCCCTGGTAGGAGTC-1	Setd1b	Setd1b_Br_52333	Unstimulated	PROVISIONAL_KEEP_MANUAL_PHENOCOPY_REVIEW_PENDING	false
GSE261783	GSM8151757	ATCGTCCAGCGCTGCT-1	Setd1b	Setd1b_Br_52333	Unstimulated	PROVISIONAL_KEEP_MANUAL_PHENOCOPY_REVIEW_PENDING	false
GSE261783	GSM8151757	ATTATCCTCCAACTGA-1	Setd1b	Setd1b_Br_52333	Unstimulated	PROVISIONAL_KEEP_MANUAL_PHENOCOPY_REVIEW_PENDING	false
GSE261783	GSM8151757	ATTCCCGTCAGAGCAG-1	Setd1b	Setd1b_Br_52333	Unstimulated	PROVISIONAL_KEEP_MANUAL_PHENOCOPY_REVIEW_PENDING	false
GSE261783	GSM8151757	CAAGACTCAAAGGGTC-1	Setd1b	Setd1b_Br_52333	Unstimulated	PROVISIONAL_KEEP_MANUAL_PHENOCOPY_REVIEW_PENDING	false
GSE261783	GSM8151757	CACCAAACATACCACA-1	Setd1b	Setd1b_Br_52333	Unstimulated	PROVISIONAL_KEEP_MANUAL_PHENOCOPY_REVIEW_PENDING	false
GSE261783	GSM8151757	CCCTAACCACGTCATA-1	Setd1b	Setd1b_Br_52333	Unstimulated	PROVISIONAL_KEEP_MANUAL_PHENOCOPY_REVIEW_PENDING	false
GSE261783	GSM8151757	CCGAACGCACAGAGAC-1	Setd1b	Setd1b_Br_52333	Unstimulated	PROVISIONAL_KEEP_MANUAL_PHENOCOPY_REVIEW_PENDING	false
GSE261783	GSM8151757	CGAAGGATCGGACGTC-1	Setd1b	Setd1b_Br_52333	Unstimulated	PROVISIONAL_KEEP_MANUAL_PHENOCOPY_REVIEW_PENDING	false
GSE261783	GSM8151757	CGACAGCCAACACTAC-1	Setd1b	Setd1b_Br_52333	Unstimulated	PROVISIONAL_KEEP_MANUAL_PHENOCOPY_REVIEW_PENDING	false
GSE261783	GSM8151757	CGTAAGTGTTAGTTCG-1	Setd1b	Setd1b_Br_52333	Unstimulated	PROVISIONAL_KEEP_MANUAL_PHENOCOPY_REVIEW_PENDING	false
GSE261783	GSM8151757	CGTAATGGTGGCTGAA-1	Setd1b	Setd1b_Br_52333	Unstimulated	PROVISIONAL_KEEP_MANUAL_PHENOCOPY_REVIEW_PENDING	false
GSE261783	GSM8151757	CGTAGTACACTCGATA-1	Setd1b	Setd1b_Br_52333	Unstimulated	PROVISIONAL_KEEP_MANUAL_PHENOCOPY_REVIEW_PENDING	false
GSE261783	GSM8151757	CGTTCTGTCAGCAATC-1	Setd1b	Setd1b_Br_52333	Unstimulated	PROVISIONAL_KEEP_MANUAL_PHENOCOPY_REVIEW_PENDING	false
GSE261783	GSM8151757	CTCCCTCTCCTAGAGT-1	Setd1b	Setd1b_Br_52333	Unstimulated	PROVISIONAL_KEEP_MANUAL_PHENOCOPY_REVIEW_PENDING	false
GSE261783	GSM8151757	CTGCATCTCCAAGGGA-1	Setd1b	Setd1b_Br_52333	Unstimulated	PROVISIONAL_KEEP_MANUAL_PHENOCOPY_REVIEW_PENDING	false
GSE261783	GSM8151757	CTGTACCGTCTACAAC-1	Setd1b	Setd1b_Br_52333	Unstimulated	PROVISIONAL_KEEP_MANUAL_PHENOCOPY_REVIEW_PENDING	false
GSE261783	GSM8151757	GAGAGGTAGGCCACTC-1	Setd1b	Setd1b_Br_52333	Unstimulated	PROVISIONAL_KEEP_MANUAL_PHENOCOPY_REVIEW_PENDING	false
GSE261783	GSM8151757	GAGTGAGCACACTGGC-1	Setd1b	Setd1b_Br_52333	Unstimulated	PROVISIONAL_KEEP_MANUAL_PHENOCOPY_REVIEW_PENDING	false
GSE261783	GSM8151757	GATAGAATCTACGCGG-1	Setd1b	Setd1b_Br_52333	Unstimulated	PROVISIONAL_KEEP_MANUAL_PHENOCOPY_REVIEW_PENDING	false
GSE261783	GSM8151757	GATCACAGTTAACAGA-1	Setd1b	Setd1b_Br_52333	Unstimulated	PROVISIONAL_KEEP_MANUAL_PHENOCOPY_REVIEW_PENDING	false
GSE261783	GSM8151757	GCCATGGAGCAGCGAT-1	Setd1b	Setd1b_Br_52333	Unstimulated	PROVISIONAL_KEEP_MANUAL_PHENOCOPY_REVIEW_PENDING	false
GSE261783	GSM8151757	GGATGTTGTCAACGCC-1	Setd1b	Setd1b_Br_52333	Unstimulated	PROVISIONAL_KEEP_MANUAL_PHENOCOPY_REVIEW_PENDING	false
GSE261783	GSM8151757	GGCTGTGTCAGTGATC-1	Setd1b	Setd1b_Br_52333	Unstimulated	PROVISIONAL_KEEP_MANUAL_PHENOCOPY_REVIEW_PENDING	false
GSE261783	GSM8151757	GGTTGTACATATGGCT-1	Setd1b	Setd1b_Br_52333	Unstimulated	PROVISIONAL_KEEP_MANUAL_PHENOCOPY_REVIEW_PENDING	false
GSE261783	GSM8151757	GTAACACTCACTTTGT-1	Setd1b	Setd1b_Br_52333	Unstimulated	PROVISIONAL_KEEP_MANUAL_PHENOCOPY_REVIEW_PENDING	false
GSE261783	GSM8151757	GTCAGCGAGTCTGCGC-1	Setd1b	Setd1b_Br_52333	Unstimulated	PROVISIONAL_KEEP_MANUAL_PHENOCOPY_REVIEW_PENDING	false
GSE261783	GSM8151757	GTCGTAATCACCTGTC-1	Setd1b	Setd1b_Br_52333	Unstimulated	PROVISIONAL_KEEP_MANUAL_PHENOCOPY_REVIEW_PENDING	false
GSE261783	GSM8151757	TAAGCACGTTTACTGG-1	Setd1b	Setd1b_Br_52333	Unstimulated	PROVISIONAL_KEEP_MANUAL_PHENOCOPY_REVIEW_PENDING	false
GSE261783	GSM8151757	TACTTGTAGTTGGGAC-1	Setd1b	Setd1b_Br_52333	Unstimulated	PROVISIONAL_KEEP_MANUAL_PHENOCOPY_REVIEW_PENDING	false
GSE261783	GSM8151757	TCAATTCTCTTTGATC-1	Setd1b	Setd1b_Br_52333	Unstimulated	PROVISIONAL_KEEP_MANUAL_PHENOCOPY_REVIEW_PENDING	false
GSE261783	GSM8151757	TCAGGGCCAAGCTACT-1	Setd1b	Setd1b_Br_52333	Unstimulated	PROVISIONAL_KEEP_MANUAL_PHENOCOPY_REVIEW_PENDING	false
GSE261783	GSM8151757	TCCGGGATCATGCCGG-1	Setd1b	Setd1b_Br_52333	Unstimulated	PROVISIONAL_KEEP_MANUAL_PHENOCOPY_REVIEW_PENDING	false
GSE261783	GSM8151757	TCCTTTCGTATTCTCT-1	Setd1b	Setd1b_Br_52333	Unstimulated	PROVISIONAL_KEEP_MANUAL_PHENOCOPY_REVIEW_PENDING	false
GSE261783	GSM8151757	TCGCACTCAGGACTTT-1	Setd1b	Setd1b_Br_52333	Unstimulated	PROVISIONAL_KEEP_MANUAL_PHENOCOPY_REVIEW_PENDING	false
GSE261783	GSM8151757	TCGTAGAGTCACTCGG-1	Setd1b	Setd1b_Br_52333	Unstimulated	PROVISIONAL_KEEP_MANUAL_PHENOCOPY_REVIEW_PENDING	false
GSE261783	GSM8151757	TCTACATGTGACTGAG-1	Setd1b	Setd1b_Br_52333	Unstimulated	PROVISIONAL_KEEP_MANUAL_PHENOCOPY_REVIEW_PENDING	false
GSE261783	GSM8151757	TCTTCCTTCCAGTGTA-1	Setd1b	Setd1b_Br_52333	Unstimulated	PROVISIONAL_KEEP_MANUAL_PHENOCOPY_REVIEW_PENDING	false
GSE261783	GSM8151757	TGAGGAGAGCGTTCAT-1	Setd1b	Setd1b_Br_52333	Unstimulated	PROVISIONAL_KEEP_MANUAL_PHENOCOPY_REVIEW_PENDING	false
GSE261783	GSM8151757	TGCAGTACATTGACCA-1	Setd1b	Setd1b_Br_52333	Unstimulated	PROVISIONAL_KEEP_MANUAL_PHENOCOPY_REVIEW_PENDING	false
GSE261783	GSM8151757	TGCTCGTGTTCTAACG-1	Setd1b	Setd1b_Br_52333	Unstimulated	PROVISIONAL_KEEP_MANUAL_PHENOCOPY_REVIEW_PENDING	false
GSE261783	GSM8151757	TGCTTCGCACTGGCCA-1	Setd1b	Setd1b_Br_52333	Unstimulated	PROVISIONAL_KEEP_MANUAL_PHENOCOPY_REVIEW_PENDING	false
GSE261783	GSM8151757	TGGATGTTCGACATTG-1	Setd1b	Setd1b_Br_52333	Unstimulated	PROVISIONAL_KEEP_MANUAL_PHENOCOPY_REVIEW_PENDING	false
GSE261783	GSM8151757	TGTCCCACAAGTCATC-1	Setd1b	Setd1b_Br_52333	Unstimulated	PROVISIONAL_KEEP_MANUAL_PHENOCOPY_REVIEW_PENDING	false
GSE261783	GSM8151757	TTTACCAAGCGATGCA-1	Setd1b	Setd1b_Br_52333	Unstimulated	PROVISIONAL_KEEP_MANUAL_PHENOCOPY_REVIEW_PENDING	false
GSE261783	GSM8151757	TTTAGTCCAAGCCATT-1	Setd1b	Setd1b_Br_52333	Unstimulated	PROVISIONAL_KEEP_MANUAL_PHENOCOPY_REVIEW_PENDING	false
GSE261783	GSM8151757	TTTCACATCGCACGAC-1	Setd1b	Setd1b_Br_52333	Unstimulated	PROVISIONAL_KEEP_MANUAL_PHENOCOPY_REVIEW_PENDING	false
GSE261783	GSM8151757	TTTGACTTCACAAGAA-1	Setd1b	Setd1b_Br_52333	Unstimulated	PROVISIONAL_KEEP_MANUAL_PHENOCOPY_REVIEW_PENDING	false
GSE261783	GSM8151757	AAACCCACATCATTGG-1	Setdb1	Setdb1_B_17753	Unstimulated	PROVISIONAL_KEEP_MANUAL_PHENOCOPY_REVIEW_PENDING	false
GSE261783	GSM8151757	AACCACAGTGCCCTTT-1	Setdb1	Setdb1_B_17753	Unstimulated	PROVISIONAL_KEEP_MANUAL_PHENOCOPY_REVIEW_PENDING	false
GSE261783	GSM8151757	ACACAGTCAGCAATTC-1	Setdb1	Setdb1_B_17753	Unstimulated	PROVISIONAL_KEEP_MANUAL_PHENOCOPY_REVIEW_PENDING	false
GSE261783	GSM8151757	ACATTTCGTCGAGCTC-1	Setdb1	Setdb1_B_17753	Unstimulated	PROVISIONAL_KEEP_MANUAL_PHENOCOPY_REVIEW_PENDING	false
GSE261783	GSM8151757	ACCAAACAGACATACA-1	Setdb1	Setdb1_B_17753	Unstimulated	PROVISIONAL_KEEP_MANUAL_PHENOCOPY_REVIEW_PENDING	false
GSE261783	GSM8151757	ACCACAACAGAGTTGG-1	Setdb1	Setdb1_B_17753	Unstimulated	PROVISIONAL_KEEP_MANUAL_PHENOCOPY_REVIEW_PENDING	false
GSE261783	GSM8151757	ACTACGAAGTCTGGAG-1	Setdb1	Setdb1_B_17753	Unstimulated	PROVISIONAL_KEEP_MANUAL_PHENOCOPY_REVIEW_PENDING	false
GSE261783	GSM8151757	AGTCAACCACGCGGTT-1	Setdb1	Setdb1_B_17753	Unstimulated	PROVISIONAL_KEEP_MANUAL_PHENOCOPY_REVIEW_PENDING	false
GSE261783	GSM8151757	ATCATTCGTAAGCTCT-1	Setdb1	Setdb1_B_17753	Unstimulated	PROVISIONAL_KEEP_MANUAL_PHENOCOPY_REVIEW_PENDING	false
GSE261783	GSM8151757	ATCGCCTTCTCAGGCG-1	Setdb1	Setdb1_B_17753	Unstimulated	PROVISIONAL_KEEP_MANUAL_PHENOCOPY_REVIEW_PENDING	false
GSE261783	GSM8151757	ATGAGGGAGAGAATCT-1	Setdb1	Setdb1_B_17753	Unstimulated	PROVISIONAL_KEEP_MANUAL_PHENOCOPY_REVIEW_PENDING	false
GSE261783	GSM8151757	ATGGAGGTCATTACGG-1	Setdb1	Setdb1_B_17753	Unstimulated	PROVISIONAL_KEEP_MANUAL_PHENOCOPY_REVIEW_PENDING	false
GSE261783	GSM8151757	ATTCCCGTCGTTGTTT-1	Setdb1	Setdb1_B_17753	Unstimulated	PROVISIONAL_KEEP_MANUAL_PHENOCOPY_REVIEW_PENDING	false
GSE261783	GSM8151757	CAAAGAAGTCACTGAT-1	Setdb1	Setdb1_B_17753	Unstimulated	PROVISIONAL_KEEP_MANUAL_PHENOCOPY_REVIEW_PENDING	false
GSE261783	GSM8151757	CACGTGGTCCGACATA-1	Setdb1	Setdb1_B_17753	Unstimulated	PROVISIONAL_KEEP_MANUAL_PHENOCOPY_REVIEW_PENDING	false
GSE261783	GSM8151757	CAGAGCCCATCGGATT-1	Setdb1	Setdb1_B_17753	Unstimulated	PROVISIONAL_KEEP_MANUAL_PHENOCOPY_REVIEW_PENDING	false
GSE261783	GSM8151757	CAGCAGCTCCGGTAGC-1	Setdb1	Setdb1_B_17753	Unstimulated	PROVISIONAL_KEEP_MANUAL_PHENOCOPY_REVIEW_PENDING	false
GSE261783	GSM8151757	CAGTTAGCAGTTGTTG-1	Setdb1	Setdb1_B_17753	Unstimulated	PROVISIONAL_KEEP_MANUAL_PHENOCOPY_REVIEW_PENDING	false
GSE261783	GSM8151757	CATCAAGGTCCAAGAG-1	Setdb1	Setdb1_B_17753	Unstimulated	PROVISIONAL_KEEP_MANUAL_PHENOCOPY_REVIEW_PENDING	false
GSE261783	GSM8151757	CCACACTCACCAGACC-1	Setdb1	Setdb1_B_17753	Unstimulated	PROVISIONAL_KEEP_MANUAL_PHENOCOPY_REVIEW_PENDING	false
GSE261783	GSM8151757	CCACTTGCACCGTCTT-1	Setdb1	Setdb1_B_17753	Unstimulated	PROVISIONAL_KEEP_MANUAL_PHENOCOPY_REVIEW_PENDING	false
GSE261783	GSM8151757	CCCTAACAGCATCCCG-1	Setdb1	Setdb1_B_17753	Unstimulated	PROVISIONAL_KEEP_MANUAL_PHENOCOPY_REVIEW_PENDING	false
GSE261783	GSM8151757	CCGTTCAGTGCCTGAC-1	Setdb1	Setdb1_B_17753	Unstimulated	PROVISIONAL_KEEP_MANUAL_PHENOCOPY_REVIEW_PENDING	false
GSE261783	GSM8151757	CCTCAGTTCTACCACC-1	Setdb1	Setdb1_B_17753	Unstimulated	PROVISIONAL_KEEP_MANUAL_PHENOCOPY_REVIEW_PENDING	false
GSE261783	GSM8151757	CGAAGTTGTCCGAAAG-1	Setdb1	Setdb1_B_17753	Unstimulated	PROVISIONAL_KEEP_MANUAL_PHENOCOPY_REVIEW_PENDING	false
GSE261783	GSM8151757	CGGAACCGTACGCTAT-1	Setdb1	Setdb1_B_17753	Unstimulated	PROVISIONAL_KEEP_MANUAL_PHENOCOPY_REVIEW_PENDING	false
GSE261783	GSM8151757	CGGGTCACAAGTGCTT-1	Setdb1	Setdb1_B_17753	Unstimulated	PROVISIONAL_KEEP_MANUAL_PHENOCOPY_REVIEW_PENDING	false
GSE261783	GSM8151757	CTAACCCCACACCTGG-1	Setdb1	Setdb1_B_17753	Unstimulated	PROVISIONAL_KEEP_MANUAL_PHENOCOPY_REVIEW_PENDING	false
GSE261783	GSM8151757	CTCCCAAAGTGCGACA-1	Setdb1	Setdb1_B_17753	Unstimulated	PROVISIONAL_KEEP_MANUAL_PHENOCOPY_REVIEW_PENDING	false
GSE261783	GSM8151757	CTTCCGATCTGGAAGG-1	Setdb1	Setdb1_B_17753	Unstimulated	PROVISIONAL_KEEP_MANUAL_PHENOCOPY_REVIEW_PENDING	false
GSE261783	GSM8151757	GAGTTACCAGTCGGTC-1	Setdb1	Setdb1_B_17753	Unstimulated	PROVISIONAL_KEEP_MANUAL_PHENOCOPY_REVIEW_PENDING	false
GSE261783	GSM8151757	GATAGCTGTGATAGAT-1	Setdb1	Setdb1_B_17753	Unstimulated	PROVISIONAL_KEEP_MANUAL_PHENOCOPY_REVIEW_PENDING	false
GSE261783	GSM8151757	GATGATCTCCGTCAAA-1	Setdb1	Setdb1_B_17753	Unstimulated	PROVISIONAL_KEEP_MANUAL_PHENOCOPY_REVIEW_PENDING	false
GSE261783	GSM8151757	GATGCTAGTTACCTGA-1	Setdb1	Setdb1_B_17753	Unstimulated	PROVISIONAL_KEEP_MANUAL_PHENOCOPY_REVIEW_PENDING	false
GSE261783	GSM8151757	GGCACGTGTCATACCA-1	Setdb1	Setdb1_B_17753	Unstimulated	PROVISIONAL_KEEP_MANUAL_PHENOCOPY_REVIEW_PENDING	false
GSE261783	GSM8151757	GGCTGTGTCGTGGGAA-1	Setdb1	Setdb1_B_17753	Unstimulated	PROVISIONAL_KEEP_MANUAL_PHENOCOPY_REVIEW_PENDING	false
GSE261783	GSM8151757	GGGCCATAGAAACTGT-1	Setdb1	Setdb1_B_17753	Unstimulated	PROVISIONAL_KEEP_MANUAL_PHENOCOPY_REVIEW_PENDING	false
GSE261783	GSM8151757	GGGCTACGTAAGTTAG-1	Setdb1	Setdb1_B_17753	Unstimulated	PROVISIONAL_KEEP_MANUAL_PHENOCOPY_REVIEW_PENDING	false
GSE261783	GSM8151757	GGGCTCATCTCCGATC-1	Setdb1	Setdb1_B_17753	Unstimulated	PROVISIONAL_KEEP_MANUAL_PHENOCOPY_REVIEW_PENDING	false
GSE261783	GSM8151757	GGGTAGACAAGAATAC-1	Setdb1	Setdb1_B_17753	Unstimulated	PROVISIONAL_KEEP_MANUAL_PHENOCOPY_REVIEW_PENDING	false
GSE261783	GSM8151757	GGGTCTGGTCCTTAAG-1	Setdb1	Setdb1_B_17753	Unstimulated	PROVISIONAL_KEEP_MANUAL_PHENOCOPY_REVIEW_PENDING	false
GSE261783	GSM8151757	GGGTTATAGTCAGAGC-1	Setdb1	Setdb1_B_17753	Unstimulated	PROVISIONAL_KEEP_MANUAL_PHENOCOPY_REVIEW_PENDING	false
GSE261783	GSM8151757	GTAACACCACTAAACC-1	Setdb1	Setdb1_B_17753	Unstimulated	PROVISIONAL_KEEP_MANUAL_PHENOCOPY_REVIEW_PENDING	false
GSE261783	GSM8151757	GTAGATCAGGACTATA-1	Setdb1	Setdb1_B_17753	Unstimulated	PROVISIONAL_KEEP_MANUAL_PHENOCOPY_REVIEW_PENDING	false
GSE261783	GSM8151757	GTGCGTGCAGGTTCGC-1	Setdb1	Setdb1_B_17753	Unstimulated	PROVISIONAL_KEEP_MANUAL_PHENOCOPY_REVIEW_PENDING	false
GSE261783	GSM8151757	GTGTTCCCACCCTATC-1	Setdb1	Setdb1_B_17753	Unstimulated	PROVISIONAL_KEEP_MANUAL_PHENOCOPY_REVIEW_PENDING	false
GSE261783	GSM8151757	GTTACGATCTGGCTGG-1	Setdb1	Setdb1_B_17753	Unstimulated	PROVISIONAL_KEEP_MANUAL_PHENOCOPY_REVIEW_PENDING	false
GSE261783	GSM8151757	GTTAGACCACAGAGCA-1	Setdb1	Setdb1_B_17753	Unstimulated	PROVISIONAL_KEEP_MANUAL_PHENOCOPY_REVIEW_PENDING	false
GSE261783	GSM8151757	TACTTACGTGGGTCAA-1	Setdb1	Setdb1_B_17753	Unstimulated	PROVISIONAL_KEEP_MANUAL_PHENOCOPY_REVIEW_PENDING	false
GSE261783	GSM8151757	TAGAGTCCAAACAGGC-1	Setdb1	Setdb1_B_17753	Unstimulated	PROVISIONAL_KEEP_MANUAL_PHENOCOPY_REVIEW_PENDING	false
GSE261783	GSM8151757	TATCCTACATGATAGA-1	Setdb1	Setdb1_B_17753	Unstimulated	PROVISIONAL_KEEP_MANUAL_PHENOCOPY_REVIEW_PENDING	false
GSE261783	GSM8151757	TCACACCGTTTGGAGG-1	Setdb1	Setdb1_B_17753	Unstimulated	PROVISIONAL_KEEP_MANUAL_PHENOCOPY_REVIEW_PENDING	false
GSE261783	GSM8151757	TCATGAGGTGCTGATT-1	Setdb1	Setdb1_B_17753	Unstimulated	PROVISIONAL_KEEP_MANUAL_PHENOCOPY_REVIEW_PENDING	false
GSE261783	GSM8151757	TCATGTTCAGTTCTAG-1	Setdb1	Setdb1_B_17753	Unstimulated	PROVISIONAL_KEEP_MANUAL_PHENOCOPY_REVIEW_PENDING	false
GSE261783	GSM8151757	TCATTGTCAAGTGGAC-1	Setdb1	Setdb1_B_17753	Unstimulated	PROVISIONAL_KEEP_MANUAL_PHENOCOPY_REVIEW_PENDING	false
GSE261783	GSM8151757	TCGGGACTCCGATCGG-1	Setdb1	Setdb1_B_17753	Unstimulated	PROVISIONAL_KEEP_MANUAL_PHENOCOPY_REVIEW_PENDING	false
GSE261783	GSM8151757	TCTTAGTCAGACGATG-1	Setdb1	Setdb1_B_17753	Unstimulated	PROVISIONAL_KEEP_MANUAL_PHENOCOPY_REVIEW_PENDING	false
GSE261783	GSM8151757	TGAGCATGTAACCCGC-1	Setdb1	Setdb1_B_17753	Unstimulated	PROVISIONAL_KEEP_MANUAL_PHENOCOPY_REVIEW_PENDING	false
GSE261783	GSM8151757	TGAGTCACAGTATGAA-1	Setdb1	Setdb1_B_17753	Unstimulated	PROVISIONAL_KEEP_MANUAL_PHENOCOPY_REVIEW_PENDING	false
GSE261783	GSM8151757	TGCAGTAAGTAAGAGG-1	Setdb1	Setdb1_B_17753	Unstimulated	PROVISIONAL_KEEP_MANUAL_PHENOCOPY_REVIEW_PENDING	false
GSE261783	GSM8151757	TGGAACTTCTAGGAAA-1	Setdb1	Setdb1_B_17753	Unstimulated	PROVISIONAL_KEEP_MANUAL_PHENOCOPY_REVIEW_PENDING	false
GSE261783	GSM8151757	TGTTCATAGAGGGTAA-1	Setdb1	Setdb1_B_17753	Unstimulated	PROVISIONAL_KEEP_MANUAL_PHENOCOPY_REVIEW_PENDING	false
GSE261783	GSM8151757	AACCATGAGCGGATCA-1	Setdb1	Setdb1_B_17754	Unstimulated	PROVISIONAL_KEEP_MANUAL_PHENOCOPY_REVIEW_PENDING	false
GSE261783	GSM8151757	AATCACGGTGTGTACT-1	Setdb1	Setdb1_B_17754	Unstimulated	PROVISIONAL_KEEP_MANUAL_PHENOCOPY_REVIEW_PENDING	false
GSE261783	GSM8151757	AATGCCACAGGTCCCA-1	Setdb1	Setdb1_B_17754	Unstimulated	PROVISIONAL_KEEP_MANUAL_PHENOCOPY_REVIEW_PENDING	false
GSE261783	GSM8151757	ACCCTCAAGATTAGCA-1	Setdb1	Setdb1_B_17754	Unstimulated	PROVISIONAL_KEEP_MANUAL_PHENOCOPY_REVIEW_PENDING	false
GSE261783	GSM8151757	ACCTGAATCGTAGCCG-1	Setdb1	Setdb1_B_17754	Unstimulated	PROVISIONAL_KEEP_MANUAL_PHENOCOPY_REVIEW_PENDING	false
GSE261783	GSM8151757	ACGGTTAAGCAATAAC-1	Setdb1	Setdb1_B_17754	Unstimulated	PROVISIONAL_KEEP_MANUAL_PHENOCOPY_REVIEW_PENDING	false
GSE261783	GSM8151757	AGGATCTCATCCTATT-1	Setdb1	Setdb1_B_17754	Unstimulated	PROVISIONAL_KEEP_MANUAL_PHENOCOPY_REVIEW_PENDING	false
GSE261783	GSM8151757	AGGTTACCAGACCGCT-1	Setdb1	Setdb1_B_17754	Unstimulated	PROVISIONAL_KEEP_MANUAL_PHENOCOPY_REVIEW_PENDING	false
GSE261783	GSM8151757	AGTCACAAGTTGAAGT-1	Setdb1	Setdb1_B_17754	Unstimulated	PROVISIONAL_KEEP_MANUAL_PHENOCOPY_REVIEW_PENDING	false
GSE261783	GSM8151757	AGTGTTGCAGATTAAG-1	Setdb1	Setdb1_B_17754	Unstimulated	PROVISIONAL_KEEP_MANUAL_PHENOCOPY_REVIEW_PENDING	false
GSE261783	GSM8151757	ATATCCTAGCTCCACG-1	Setdb1	Setdb1_B_17754	Unstimulated	PROVISIONAL_KEEP_MANUAL_PHENOCOPY_REVIEW_PENDING	false
GSE261783	GSM8151757	ATCACAGAGCTTGTGT-1	Setdb1	Setdb1_B_17754	Unstimulated	PROVISIONAL_KEEP_MANUAL_PHENOCOPY_REVIEW_PENDING	false
GSE261783	GSM8151757	ATCGGATGTTCCCAAA-1	Setdb1	Setdb1_B_17754	Unstimulated	PROVISIONAL_KEEP_MANUAL_PHENOCOPY_REVIEW_PENDING	false
GSE261783	GSM8151757	ATCGTAGAGATACCAA-1	Setdb1	Setdb1_B_17754	Unstimulated	PROVISIONAL_KEEP_MANUAL_PHENOCOPY_REVIEW_PENDING	false
GSE261783	GSM8151757	ATGCATGTCACCATAG-1	Setdb1	Setdb1_B_17754	Unstimulated	PROVISIONAL_KEEP_MANUAL_PHENOCOPY_REVIEW_PENDING	false
GSE261783	GSM8151757	ATGGGTTGTGAGTCAG-1	Setdb1	Setdb1_B_17754	Unstimulated	PROVISIONAL_KEEP_MANUAL_PHENOCOPY_REVIEW_PENDING	false
GSE261783	GSM8151757	ATGTCCCCACTACCGG-1	Setdb1	Setdb1_B_17754	Unstimulated	PROVISIONAL_KEEP_MANUAL_PHENOCOPY_REVIEW_PENDING	false
GSE261783	GSM8151757	ATTCAGGGTGCTGTCG-1	Setdb1	Setdb1_B_17754	Unstimulated	PROVISIONAL_KEEP_MANUAL_PHENOCOPY_REVIEW_PENDING	false
GSE261783	GSM8151757	ATTGTTCGTCACAGTT-1	Setdb1	Setdb1_B_17754	Unstimulated	PROVISIONAL_KEEP_MANUAL_PHENOCOPY_REVIEW_PENDING	false
GSE261783	GSM8151757	CAATGACAGACTCTAC-1	Setdb1	Setdb1_B_17754	Unstimulated	PROVISIONAL_KEEP_MANUAL_PHENOCOPY_REVIEW_PENDING	false
GSE261783	GSM8151757	CACCAAATCATTATCC-1	Setdb1	Setdb1_B_17754	Unstimulated	PROVISIONAL_KEEP_MANUAL_PHENOCOPY_REVIEW_PENDING	false
GSE261783	GSM8151757	CACTGGGAGAGGACTC-1	Setdb1	Setdb1_B_17754	Unstimulated	PROVISIONAL_KEEP_MANUAL_PHENOCOPY_REVIEW_PENDING	false
GSE261783	GSM8151757	CAGAGCCAGGAAAGGT-1	Setdb1	Setdb1_B_17754	Unstimulated	PROVISIONAL_KEEP_MANUAL_PHENOCOPY_REVIEW_PENDING	false
GSE261783	GSM8151757	CATCCCACAACACTAC-1	Setdb1	Setdb1_B_17754	Unstimulated	PROVISIONAL_KEEP_MANUAL_PHENOCOPY_REVIEW_PENDING	false
GSE261783	GSM8151757	CATCGTCTCAGAACCT-1	Setdb1	Setdb1_B_17754	Unstimulated	PROVISIONAL_KEEP_MANUAL_PHENOCOPY_REVIEW_PENDING	false
GSE261783	GSM8151757	CCAATGATCCATATGG-1	Setdb1	Setdb1_B_17754	Unstimulated	PROVISIONAL_KEEP_MANUAL_PHENOCOPY_REVIEW_PENDING	false
GSE261783	GSM8151757	CCCTCAATCGTAGGAG-1	Setdb1	Setdb1_B_17754	Unstimulated	PROVISIONAL_KEEP_MANUAL_PHENOCOPY_REVIEW_PENDING	false
GSE261783	GSM8151757	CGGAACCGTGTTGAGG-1	Setdb1	Setdb1_B_17754	Unstimulated	PROVISIONAL_KEEP_MANUAL_PHENOCOPY_REVIEW_PENDING	false
GSE261783	GSM8151757	CGTAATGCACACCAGC-1	Setdb1	Setdb1_B_17754	Unstimulated	PROVISIONAL_KEEP_MANUAL_PHENOCOPY_REVIEW_PENDING	false
GSE261783	GSM8151757	CTACCTGTCTTTCCGG-1	Setdb1	Setdb1_B_17754	Unstimulated	PROVISIONAL_KEEP_MANUAL_PHENOCOPY_REVIEW_PENDING	false
GSE261783	GSM8151757	CTATCCGCAACCCTAA-1	Setdb1	Setdb1_B_17754	Unstimulated	PROVISIONAL_KEEP_MANUAL_PHENOCOPY_REVIEW_PENDING	false
GSE261783	GSM8151757	CTCAACCTCGAGATGG-1	Setdb1	Setdb1_B_17754	Unstimulated	PROVISIONAL_KEEP_MANUAL_PHENOCOPY_REVIEW_PENDING	false
GSE261783	GSM8151757	CTCAGTCCAATGAAAC-1	Setdb1	Setdb1_B_17754	Unstimulated	PROVISIONAL_KEEP_MANUAL_PHENOCOPY_REVIEW_PENDING	false
GSE261783	GSM8151757	CTCAGTCTCAGAGCAG-1	Setdb1	Setdb1_B_17754	Unstimulated	PROVISIONAL_KEEP_MANUAL_PHENOCOPY_REVIEW_PENDING	false
GSE261783	GSM8151757	CTCTCAGAGGGCTAAC-1	Setdb1	Setdb1_B_17754	Unstimulated	PROVISIONAL_KEEP_MANUAL_PHENOCOPY_REVIEW_PENDING	false
GSE261783	GSM8151757	CTGAGGCGTAATCAAG-1	Setdb1	Setdb1_B_17754	Unstimulated	PROVISIONAL_KEEP_MANUAL_PHENOCOPY_REVIEW_PENDING	false
GSE261783	GSM8151757	CTGATCCGTGGCTAGA-1	Setdb1	Setdb1_B_17754	Unstimulated	PROVISIONAL_KEEP_MANUAL_PHENOCOPY_REVIEW_PENDING	false
GSE261783	GSM8151757	CTGCGAGAGTGTTCCA-1	Setdb1	Setdb1_B_17754	Unstimulated	PROVISIONAL_KEEP_MANUAL_PHENOCOPY_REVIEW_PENDING	false
GSE261783	GSM8151757	GAACACTGTCATCGGC-1	Setdb1	Setdb1_B_17754	Unstimulated	PROVISIONAL_KEEP_MANUAL_PHENOCOPY_REVIEW_PENDING	false
GSE261783	GSM8151757	GACATCAAGGGTTGCA-1	Setdb1	Setdb1_B_17754	Unstimulated	PROVISIONAL_KEEP_MANUAL_PHENOCOPY_REVIEW_PENDING	false
GSE261783	GSM8151757	GATCAGTTCAGCAGAG-1	Setdb1	Setdb1_B_17754	Unstimulated	PROVISIONAL_KEEP_MANUAL_PHENOCOPY_REVIEW_PENDING	false
GSE261783	GSM8151757	GCAGTTATCACCATAG-1	Setdb1	Setdb1_B_17754	Unstimulated	PROVISIONAL_KEEP_MANUAL_PHENOCOPY_REVIEW_PENDING	false
GSE261783	GSM8151757	GCCCAGAGTCAATGGG-1	Setdb1	Setdb1_B_17754	Unstimulated	PROVISIONAL_KEEP_MANUAL_PHENOCOPY_REVIEW_PENDING	false
GSE261783	GSM8151757	GCTACAAGTCCCGCAA-1	Setdb1	Setdb1_B_17754	Unstimulated	PROVISIONAL_KEEP_MANUAL_PHENOCOPY_REVIEW_PENDING	false
GSE261783	GSM8151757	GGAGATGCATCCCACT-1	Setdb1	Setdb1_B_17754	Unstimulated	PROVISIONAL_KEEP_MANUAL_PHENOCOPY_REVIEW_PENDING	false
GSE261783	GSM8151757	GGGAGTAAGGGTCAAC-1	Setdb1	Setdb1_B_17754	Unstimulated	PROVISIONAL_KEEP_MANUAL_PHENOCOPY_REVIEW_PENDING	false
GSE261783	GSM8151757	GGGCGTTCAGCATTGT-1	Setdb1	Setdb1_B_17754	Unstimulated	PROVISIONAL_KEEP_MANUAL_PHENOCOPY_REVIEW_PENDING	false
GSE261783	GSM8151757	GGGTAGACAAAGAACT-1	Setdb1	Setdb1_B_17754	Unstimulated	PROVISIONAL_KEEP_MANUAL_PHENOCOPY_REVIEW_PENDING	false
GSE261783	GSM8151757	GGTGAAGCAACTGCCG-1	Setdb1	Setdb1_B_17754	Unstimulated	PROVISIONAL_KEEP_MANUAL_PHENOCOPY_REVIEW_PENDING	false
GSE261783	GSM8151757	GTAGTACCACCTCTGT-1	Setdb1	Setdb1_B_17754	Unstimulated	PROVISIONAL_KEEP_MANUAL_PHENOCOPY_REVIEW_PENDING	false
GSE261783	GSM8151757	GTTACAGAGCAGTAAT-1	Setdb1	Setdb1_B_17754	Unstimulated	PROVISIONAL_KEEP_MANUAL_PHENOCOPY_REVIEW_PENDING	false
GSE261783	GSM8151757	GTTTACTAGCTCCGAC-1	Setdb1	Setdb1_B_17754	Unstimulated	PROVISIONAL_KEEP_MANUAL_PHENOCOPY_REVIEW_PENDING	false
GSE261783	GSM8151757	TAGGTACGTGGTGATG-1	Setdb1	Setdb1_B_17754	Unstimulated	PROVISIONAL_KEEP_MANUAL_PHENOCOPY_REVIEW_PENDING	false
GSE261783	GSM8151757	TCACGGGGTTACAGCT-1	Setdb1	Setdb1_B_17754	Unstimulated	PROVISIONAL_KEEP_MANUAL_PHENOCOPY_REVIEW_PENDING	false
GSE261783	GSM8151757	TCCTGCAAGACCTTTG-1	Setdb1	Setdb1_B_17754	Unstimulated	PROVISIONAL_KEEP_MANUAL_PHENOCOPY_REVIEW_PENDING	false
GSE261783	GSM8151757	TGACTCCAGCACACAG-1	Setdb1	Setdb1_B_17754	Unstimulated	PROVISIONAL_KEEP_MANUAL_PHENOCOPY_REVIEW_PENDING	false
GSE261783	GSM8151757	TGATGGTAGCGAGAAA-1	Setdb1	Setdb1_B_17754	Unstimulated	PROVISIONAL_KEEP_MANUAL_PHENOCOPY_REVIEW_PENDING	false
GSE261783	GSM8151757	TGCGGCAGTATCCCAA-1	Setdb1	Setdb1_B_17754	Unstimulated	PROVISIONAL_KEEP_MANUAL_PHENOCOPY_REVIEW_PENDING	false
GSE261783	GSM8151757	TGCGGCATCTCGAACA-1	Setdb1	Setdb1_B_17754	Unstimulated	PROVISIONAL_KEEP_MANUAL_PHENOCOPY_REVIEW_PENDING	false
GSE261783	GSM8151757	TGTCCACGTGGCCCAT-1	Setdb1	Setdb1_B_17754	Unstimulated	PROVISIONAL_KEEP_MANUAL_PHENOCOPY_REVIEW_PENDING	false
GSE261783	GSM8151757	TTACCGCAGGATACGC-1	Setdb1	Setdb1_B_17754	Unstimulated	PROVISIONAL_KEEP_MANUAL_PHENOCOPY_REVIEW_PENDING	false
GSE261783	GSM8151757	TTACGTTGTTGCATAC-1	Setdb1	Setdb1_B_17754	Unstimulated	PROVISIONAL_KEEP_MANUAL_PHENOCOPY_REVIEW_PENDING	false
GSE261783	GSM8151757	TTCAATCGTGCGAACA-1	Setdb1	Setdb1_B_17754	Unstimulated	PROVISIONAL_KEEP_MANUAL_PHENOCOPY_REVIEW_PENDING	false
GSE261783	GSM8151757	TTCAGGACAAACACGG-1	Setdb1	Setdb1_B_17754	Unstimulated	PROVISIONAL_KEEP_MANUAL_PHENOCOPY_REVIEW_PENDING	false
GSE261783	GSM8151757	TTCCGTGCAAGCGAAC-1	Setdb1	Setdb1_B_17754	Unstimulated	PROVISIONAL_KEEP_MANUAL_PHENOCOPY_REVIEW_PENDING	false
GSE261783	GSM8151757	TTCGGTCGTATCTTCT-1	Setdb1	Setdb1_B_17754	Unstimulated	PROVISIONAL_KEEP_MANUAL_PHENOCOPY_REVIEW_PENDING	false
GSE261783	GSM8151757	TTCTAACCAGCTATAC-1	Setdb1	Setdb1_B_17754	Unstimulated	PROVISIONAL_KEEP_MANUAL_PHENOCOPY_REVIEW_PENDING	false
GSE261783	GSM8151757	TTGAACGAGGGTTGCA-1	Setdb1	Setdb1_B_17754	Unstimulated	PROVISIONAL_KEEP_MANUAL_PHENOCOPY_REVIEW_PENDING	false
GSE261783	GSM8151757	TTGAGTGGTGCCTGAC-1	Setdb1	Setdb1_B_17754	Unstimulated	PROVISIONAL_KEEP_MANUAL_PHENOCOPY_REVIEW_PENDING	false
GSE261783	GSM8151757	TTGCTGCCACAGTCCG-1	Setdb1	Setdb1_B_17754	Unstimulated	PROVISIONAL_KEEP_MANUAL_PHENOCOPY_REVIEW_PENDING	false
GSE261783	GSM8151757	TTTCACAGTGAGATCG-1	Setdb1	Setdb1_B_17754	Unstimulated	PROVISIONAL_KEEP_MANUAL_PHENOCOPY_REVIEW_PENDING	false
GSE261783	GSM8151757	AAGCGTTCAGATCCTA-1	Smarca4	Smarca4_As_15193	Unstimulated	PROVISIONAL_KEEP_MANUAL_PHENOCOPY_REVIEW_PENDING	false
GSE261783	GSM8151757	ACCGTTCCACCCAATA-1	Smarca4	Smarca4_As_15193	Unstimulated	PROVISIONAL_KEEP_MANUAL_PHENOCOPY_REVIEW_PENDING	false
GSE261783	GSM8151757	ACGGTCGAGATGGTCG-1	Smarca4	Smarca4_As_15193	Unstimulated	PROVISIONAL_KEEP_MANUAL_PHENOCOPY_REVIEW_PENDING	false
GSE261783	GSM8151757	ACTATTCAGAGCAGAA-1	Smarca4	Smarca4_As_15193	Unstimulated	PROVISIONAL_KEEP_MANUAL_PHENOCOPY_REVIEW_PENDING	false
GSE261783	GSM8151757	ACTTTCAAGGAACTCG-1	Smarca4	Smarca4_As_15193	Unstimulated	PROVISIONAL_KEEP_MANUAL_PHENOCOPY_REVIEW_PENDING	false
GSE261783	GSM8151757	AGAGCAGTCCCAAGCG-1	Smarca4	Smarca4_As_15193	Unstimulated	PROVISIONAL_KEEP_MANUAL_PHENOCOPY_REVIEW_PENDING	false
GSE261783	GSM8151757	AGCGTATTCCAGTTCC-1	Smarca4	Smarca4_As_15193	Unstimulated	PROVISIONAL_KEEP_MANUAL_PHENOCOPY_REVIEW_PENDING	false
GSE261783	GSM8151757	AGTCACAAGGATCATA-1	Smarca4	Smarca4_As_15193	Unstimulated	PROVISIONAL_KEEP_MANUAL_PHENOCOPY_REVIEW_PENDING	false
GSE261783	GSM8151757	ATACCGAAGCACCTGC-1	Smarca4	Smarca4_As_15193	Unstimulated	PROVISIONAL_KEEP_MANUAL_PHENOCOPY_REVIEW_PENDING	false
GSE261783	GSM8151757	ATACTTCAGAGGTTAT-1	Smarca4	Smarca4_As_15193	Unstimulated	PROVISIONAL_KEEP_MANUAL_PHENOCOPY_REVIEW_PENDING	false
GSE261783	GSM8151757	ATAGACCAGTCTCGTA-1	Smarca4	Smarca4_As_15193	Unstimulated	PROVISIONAL_KEEP_MANUAL_PHENOCOPY_REVIEW_PENDING	false
GSE261783	GSM8151757	CAACAGTGTGTGATGG-1	Smarca4	Smarca4_As_15193	Unstimulated	PROVISIONAL_KEEP_MANUAL_PHENOCOPY_REVIEW_PENDING	false
GSE261783	GSM8151757	CCAATTTAGGATTTGA-1	Smarca4	Smarca4_As_15193	Unstimulated	PROVISIONAL_KEEP_MANUAL_PHENOCOPY_REVIEW_PENDING	false
GSE261783	GSM8151757	CCACACTCAAGATTGA-1	Smarca4	Smarca4_As_15193	Unstimulated	PROVISIONAL_KEEP_MANUAL_PHENOCOPY_REVIEW_PENDING	false
GSE261783	GSM8151757	CCCTAACGTAGGCAGT-1	Smarca4	Smarca4_As_15193	Unstimulated	PROVISIONAL_KEEP_MANUAL_PHENOCOPY_REVIEW_PENDING	false
GSE261783	GSM8151757	CCTCATGAGGAAGAAC-1	Smarca4	Smarca4_As_15193	Unstimulated	PROVISIONAL_KEEP_MANUAL_PHENOCOPY_REVIEW_PENDING	false
GSE261783	GSM8151757	CGCATAAAGTATGGAT-1	Smarca4	Smarca4_As_15193	Unstimulated	PROVISIONAL_KEEP_MANUAL_PHENOCOPY_REVIEW_PENDING	false
GSE261783	GSM8151757	CTCTCGAAGCACACCC-1	Smarca4	Smarca4_As_15193	Unstimulated	PROVISIONAL_KEEP_MANUAL_PHENOCOPY_REVIEW_PENDING	false
GSE261783	GSM8151757	CTTCCTTTCGTAGGGA-1	Smarca4	Smarca4_As_15193	Unstimulated	PROVISIONAL_KEEP_MANUAL_PHENOCOPY_REVIEW_PENDING	false
GSE261783	GSM8151757	GAAGAATAGCCGATAG-1	Smarca4	Smarca4_As_15193	Unstimulated	PROVISIONAL_KEEP_MANUAL_PHENOCOPY_REVIEW_PENDING	false
GSE261783	GSM8151757	GACCTTCAGGATATAC-1	Smarca4	Smarca4_As_15193	Unstimulated	PROVISIONAL_KEEP_MANUAL_PHENOCOPY_REVIEW_PENDING	false
GSE261783	GSM8151757	GATGGAGCAGATACTC-1	Smarca4	Smarca4_As_15193	Unstimulated	PROVISIONAL_KEEP_MANUAL_PHENOCOPY_REVIEW_PENDING	false
GSE261783	GSM8151757	GATGGAGGTGGTCTGC-1	Smarca4	Smarca4_As_15193	Unstimulated	PROVISIONAL_KEEP_MANUAL_PHENOCOPY_REVIEW_PENDING	false
GSE261783	GSM8151757	GATTGGTTCCGACGGT-1	Smarca4	Smarca4_As_15193	Unstimulated	PROVISIONAL_KEEP_MANUAL_PHENOCOPY_REVIEW_PENDING	false
GSE261783	GSM8151757	GCATGATAGGAATCGC-1	Smarca4	Smarca4_As_15193	Unstimulated	PROVISIONAL_KEEP_MANUAL_PHENOCOPY_REVIEW_PENDING	false
GSE261783	GSM8151757	GCCTGTTAGCATGGGT-1	Smarca4	Smarca4_As_15193	Unstimulated	PROVISIONAL_KEEP_MANUAL_PHENOCOPY_REVIEW_PENDING	false
GSE261783	GSM8151757	GGGTAGATCATACGAC-1	Smarca4	Smarca4_As_15193	Unstimulated	PROVISIONAL_KEEP_MANUAL_PHENOCOPY_REVIEW_PENDING	false
GSE261783	GSM8151757	GTCATTTAGAGTCGAC-1	Smarca4	Smarca4_As_15193	Unstimulated	PROVISIONAL_KEEP_MANUAL_PHENOCOPY_REVIEW_PENDING	false
GSE261783	GSM8151757	GTCGTTCAGAGGCGGA-1	Smarca4	Smarca4_As_15193	Unstimulated	PROVISIONAL_KEEP_MANUAL_PHENOCOPY_REVIEW_PENDING	false
GSE261783	GSM8151757	GTCTAGATCTTCGGAA-1	Smarca4	Smarca4_As_15193	Unstimulated	PROVISIONAL_KEEP_MANUAL_PHENOCOPY_REVIEW_PENDING	false
GSE261783	GSM8151757	GTGCTTCAGATGAATC-1	Smarca4	Smarca4_As_15193	Unstimulated	PROVISIONAL_KEEP_MANUAL_PHENOCOPY_REVIEW_PENDING	false
GSE261783	GSM8151757	GTGTGGCCAAGCTGCC-1	Smarca4	Smarca4_As_15193	Unstimulated	PROVISIONAL_KEEP_MANUAL_PHENOCOPY_REVIEW_PENDING	false
GSE261783	GSM8151757	GTTGCTCAGGTCGTGA-1	Smarca4	Smarca4_As_15193	Unstimulated	PROVISIONAL_KEEP_MANUAL_PHENOCOPY_REVIEW_PENDING	false
GSE261783	GSM8151757	GTTGTCCCAGGAGGTT-1	Smarca4	Smarca4_As_15193	Unstimulated	PROVISIONAL_KEEP_MANUAL_PHENOCOPY_REVIEW_PENDING	false
GSE261783	GSM8151757	TAATCTCCACAAGGTG-1	Smarca4	Smarca4_As_15193	Unstimulated	PROVISIONAL_KEEP_MANUAL_PHENOCOPY_REVIEW_PENDING	false
GSE261783	GSM8151757	TACCCGTTCAACGAGG-1	Smarca4	Smarca4_As_15193	Unstimulated	PROVISIONAL_KEEP_MANUAL_PHENOCOPY_REVIEW_PENDING	false
GSE261783	GSM8151757	TACCGGGCAAATCAGA-1	Smarca4	Smarca4_As_15193	Unstimulated	PROVISIONAL_KEEP_MANUAL_PHENOCOPY_REVIEW_PENDING	false
GSE261783	GSM8151757	TATCAGGTCAGTGTTG-1	Smarca4	Smarca4_As_15193	Unstimulated	PROVISIONAL_KEEP_MANUAL_PHENOCOPY_REVIEW_PENDING	false
GSE261783	GSM8151757	TATGTTCCAGCACACC-1	Smarca4	Smarca4_As_15193	Unstimulated	PROVISIONAL_KEEP_MANUAL_PHENOCOPY_REVIEW_PENDING	false
GSE261783	GSM8151757	TCACATTGTTAAGACA-1	Smarca4	Smarca4_As_15193	Unstimulated	PROVISIONAL_KEEP_MANUAL_PHENOCOPY_REVIEW_PENDING	false
GSE261783	GSM8151757	TCATCATAGGTATAGT-1	Smarca4	Smarca4_As_15193	Unstimulated	PROVISIONAL_KEEP_MANUAL_PHENOCOPY_REVIEW_PENDING	false
GSE261783	GSM8151757	TCCAGAAGTCGCATTA-1	Smarca4	Smarca4_As_15193	Unstimulated	PROVISIONAL_KEEP_MANUAL_PHENOCOPY_REVIEW_PENDING	false
GSE261783	GSM8151757	TCCGTGTGTGTGTCCG-1	Smarca4	Smarca4_As_15193	Unstimulated	PROVISIONAL_KEEP_MANUAL_PHENOCOPY_REVIEW_PENDING	false
GSE261783	GSM8151757	TCGACGGAGTTGGAAT-1	Smarca4	Smarca4_As_15193	Unstimulated	PROVISIONAL_KEEP_MANUAL_PHENOCOPY_REVIEW_PENDING	false
GSE261783	GSM8151757	TGAACGTAGGGCAACT-1	Smarca4	Smarca4_As_15193	Unstimulated	PROVISIONAL_KEEP_MANUAL_PHENOCOPY_REVIEW_PENDING	false
GSE261783	GSM8151757	TGATCAGGTTCTCAGA-1	Smarca4	Smarca4_As_15193	Unstimulated	PROVISIONAL_KEEP_MANUAL_PHENOCOPY_REVIEW_PENDING	false
GSE261783	GSM8151757	TGCTTGCAGCACTCGC-1	Smarca4	Smarca4_As_15193	Unstimulated	PROVISIONAL_KEEP_MANUAL_PHENOCOPY_REVIEW_PENDING	false
GSE261783	GSM8151757	TGGGATTGTTGTCATG-1	Smarca4	Smarca4_As_15193	Unstimulated	PROVISIONAL_KEEP_MANUAL_PHENOCOPY_REVIEW_PENDING	false
GSE261783	GSM8151757	TGGGCGTAGCGCCTAC-1	Smarca4	Smarca4_As_15193	Unstimulated	PROVISIONAL_KEEP_MANUAL_PHENOCOPY_REVIEW_PENDING	false
GSE261783	GSM8151757	TTAGTCTGTCTATGAC-1	Smarca4	Smarca4_As_15193	Unstimulated	PROVISIONAL_KEEP_MANUAL_PHENOCOPY_REVIEW_PENDING	false
GSE261783	GSM8151757	AAATGGATCGTCCTTG-1	Smarca4	Smarca4_As_15194	Unstimulated	PROVISIONAL_KEEP_MANUAL_PHENOCOPY_REVIEW_PENDING	false
GSE261783	GSM8151757	AATCGACCACTGCATA-1	Smarca4	Smarca4_As_15194	Unstimulated	PROVISIONAL_KEEP_MANUAL_PHENOCOPY_REVIEW_PENDING	false
GSE261783	GSM8151757	AATCGTGGTCAATGGG-1	Smarca4	Smarca4_As_15194	Unstimulated	PROVISIONAL_KEEP_MANUAL_PHENOCOPY_REVIEW_PENDING	false
GSE261783	GSM8151757	AATGACCGTGATGTAA-1	Smarca4	Smarca4_As_15194	Unstimulated	PROVISIONAL_KEEP_MANUAL_PHENOCOPY_REVIEW_PENDING	false
GSE261783	GSM8151757	ACCTGAAAGAGGTCAC-1	Smarca4	Smarca4_As_15194	Unstimulated	PROVISIONAL_KEEP_MANUAL_PHENOCOPY_REVIEW_PENDING	false
GSE261783	GSM8151757	ACGATCAAGCACCAGA-1	Smarca4	Smarca4_As_15194	Unstimulated	PROVISIONAL_KEEP_MANUAL_PHENOCOPY_REVIEW_PENDING	false
GSE261783	GSM8151757	AGAGCAGAGAAATTGC-1	Smarca4	Smarca4_As_15194	Unstimulated	PROVISIONAL_KEEP_MANUAL_PHENOCOPY_REVIEW_PENDING	false
GSE261783	GSM8151757	AGCATCAGTACAGCGA-1	Smarca4	Smarca4_As_15194	Unstimulated	PROVISIONAL_KEEP_MANUAL_PHENOCOPY_REVIEW_PENDING	false
GSE261783	GSM8151757	AGCTACATCCGAAGGA-1	Smarca4	Smarca4_As_15194	Unstimulated	PROVISIONAL_KEEP_MANUAL_PHENOCOPY_REVIEW_PENDING	false
GSE261783	GSM8151757	AGGTTGTTCGTCCTCA-1	Smarca4	Smarca4_As_15194	Unstimulated	PROVISIONAL_KEEP_MANUAL_PHENOCOPY_REVIEW_PENDING	false
GSE261783	GSM8151757	AGTCTCCCACGTCGTG-1	Smarca4	Smarca4_As_15194	Unstimulated	PROVISIONAL_KEEP_MANUAL_PHENOCOPY_REVIEW_PENDING	false
GSE261783	GSM8151757	CAACCTCGTATAATGG-1	Smarca4	Smarca4_As_15194	Unstimulated	PROVISIONAL_KEEP_MANUAL_PHENOCOPY_REVIEW_PENDING	false
GSE261783	GSM8151757	CACAGGCGTTGTAAAG-1	Smarca4	Smarca4_As_15194	Unstimulated	PROVISIONAL_KEEP_MANUAL_PHENOCOPY_REVIEW_PENDING	false
GSE261783	GSM8151757	CATGAGTCACAATCTG-1	Smarca4	Smarca4_As_15194	Unstimulated	PROVISIONAL_KEEP_MANUAL_PHENOCOPY_REVIEW_PENDING	false
GSE261783	GSM8151757	CATGGATAGGAAAGAC-1	Smarca4	Smarca4_As_15194	Unstimulated	PROVISIONAL_KEEP_MANUAL_PHENOCOPY_REVIEW_PENDING	false
GSE261783	GSM8151757	CCACAAATCAACTCTT-1	Smarca4	Smarca4_As_15194	Unstimulated	PROVISIONAL_KEEP_MANUAL_PHENOCOPY_REVIEW_PENDING	false
GSE261783	GSM8151757	CGACAGCTCCTTCACG-1	Smarca4	Smarca4_As_15194	Unstimulated	PROVISIONAL_KEEP_MANUAL_PHENOCOPY_REVIEW_PENDING	false
GSE261783	GSM8151757	CGTCCATTCCCTGTTG-1	Smarca4	Smarca4_As_15194	Unstimulated	PROVISIONAL_KEEP_MANUAL_PHENOCOPY_REVIEW_PENDING	false
GSE261783	GSM8151757	CTACGGGGTGTCATGT-1	Smarca4	Smarca4_As_15194	Unstimulated	PROVISIONAL_KEEP_MANUAL_PHENOCOPY_REVIEW_PENDING	false
GSE261783	GSM8151757	CTGTCGTTCTTCACGC-1	Smarca4	Smarca4_As_15194	Unstimulated	PROVISIONAL_KEEP_MANUAL_PHENOCOPY_REVIEW_PENDING	false
GSE261783	GSM8151757	GAAGAATCATCAGCGC-1	Smarca4	Smarca4_As_15194	Unstimulated	PROVISIONAL_KEEP_MANUAL_PHENOCOPY_REVIEW_PENDING	false
GSE261783	GSM8151757	GACCGTGGTTAGGGTG-1	Smarca4	Smarca4_As_15194	Unstimulated	PROVISIONAL_KEEP_MANUAL_PHENOCOPY_REVIEW_PENDING	false
GSE261783	GSM8151757	GAGACCCCAAATTAGG-1	Smarca4	Smarca4_As_15194	Unstimulated	PROVISIONAL_KEEP_MANUAL_PHENOCOPY_REVIEW_PENDING	false
GSE261783	GSM8151757	GAGCTGCAGCAAATCA-1	Smarca4	Smarca4_As_15194	Unstimulated	PROVISIONAL_KEEP_MANUAL_PHENOCOPY_REVIEW_PENDING	false
GSE261783	GSM8151757	GATCATGAGATGAATC-1	Smarca4	Smarca4_As_15194	Unstimulated	PROVISIONAL_KEEP_MANUAL_PHENOCOPY_REVIEW_PENDING	false
GSE261783	GSM8151757	GATCCCTAGTCATAGA-1	Smarca4	Smarca4_As_15194	Unstimulated	PROVISIONAL_KEEP_MANUAL_PHENOCOPY_REVIEW_PENDING	false
GSE261783	GSM8151757	GGAACCCTCAGTGTCA-1	Smarca4	Smarca4_As_15194	Unstimulated	PROVISIONAL_KEEP_MANUAL_PHENOCOPY_REVIEW_PENDING	false
GSE261783	GSM8151757	GGGAGATTCTCTCCGA-1	Smarca4	Smarca4_As_15194	Unstimulated	PROVISIONAL_KEEP_MANUAL_PHENOCOPY_REVIEW_PENDING	false
GSE261783	GSM8151757	GGGCTACCAAGCGATG-1	Smarca4	Smarca4_As_15194	Unstimulated	PROVISIONAL_KEEP_MANUAL_PHENOCOPY_REVIEW_PENDING	false
GSE261783	GSM8151757	GGGTTTATCAAGAGGC-1	Smarca4	Smarca4_As_15194	Unstimulated	PROVISIONAL_KEEP_MANUAL_PHENOCOPY_REVIEW_PENDING	false
GSE261783	GSM8151757	GTAATGCTCGTGCAGC-1	Smarca4	Smarca4_As_15194	Unstimulated	PROVISIONAL_KEEP_MANUAL_PHENOCOPY_REVIEW_PENDING	false
GSE261783	GSM8151757	TACAGGTCAGCGACCT-1	Smarca4	Smarca4_As_15194	Unstimulated	PROVISIONAL_KEEP_MANUAL_PHENOCOPY_REVIEW_PENDING	false
GSE261783	GSM8151757	TCAGGTAGTTGGTACT-1	Smarca4	Smarca4_As_15194	Unstimulated	PROVISIONAL_KEEP_MANUAL_PHENOCOPY_REVIEW_PENDING	false
GSE261783	GSM8151757	TCATCATAGGGTCACA-1	Smarca4	Smarca4_As_15194	Unstimulated	PROVISIONAL_KEEP_MANUAL_PHENOCOPY_REVIEW_PENDING	false
GSE261783	GSM8151757	TGCCGAGTCAAACGTC-1	Smarca4	Smarca4_As_15194	Unstimulated	PROVISIONAL_KEEP_MANUAL_PHENOCOPY_REVIEW_PENDING	false
GSE261783	GSM8151757	TGGGTTAGTTTCGTGA-1	Smarca4	Smarca4_As_15194	Unstimulated	PROVISIONAL_KEEP_MANUAL_PHENOCOPY_REVIEW_PENDING	false
GSE261783	GSM8151757	TTCATGTGTAGCTGCC-1	Smarca4	Smarca4_As_15194	Unstimulated	PROVISIONAL_KEEP_MANUAL_PHENOCOPY_REVIEW_PENDING	false
GSE261783	GSM8151757	TTCCTCTTCATAGACC-1	Smarca4	Smarca4_As_15194	Unstimulated	PROVISIONAL_KEEP_MANUAL_PHENOCOPY_REVIEW_PENDING	false
GSE261783	GSM8151757	TTCGCTGCACTACTTT-1	Smarca4	Smarca4_As_15194	Unstimulated	PROVISIONAL_KEEP_MANUAL_PHENOCOPY_REVIEW_PENDING	false
GSE261783	GSM8151757	TTCTAGTTCCTTGACC-1	Smarca4	Smarca4_As_15194	Unstimulated	PROVISIONAL_KEEP_MANUAL_PHENOCOPY_REVIEW_PENDING	false
GSE261783	GSM8151757	AAAGAACCATAGACTC-1	Smarcd1	Smarcd1_As_15167	Unstimulated	PROVISIONAL_KEEP_MANUAL_PHENOCOPY_REVIEW_PENDING	false
GSE261783	GSM8151757	AACAGGGCATTGCAAC-1	Smarcd1	Smarcd1_As_15167	Unstimulated	PROVISIONAL_KEEP_MANUAL_PHENOCOPY_REVIEW_PENDING	false
GSE261783	GSM8151757	AACCACATCGAGAACG-1	Smarcd1	Smarcd1_As_15167	Unstimulated	PROVISIONAL_KEEP_MANUAL_PHENOCOPY_REVIEW_PENDING	false
GSE261783	GSM8151757	AAGACTCTCTGGACTA-1	Smarcd1	Smarcd1_As_15167	Unstimulated	PROVISIONAL_KEEP_MANUAL_PHENOCOPY_REVIEW_PENDING	false
GSE261783	GSM8151757	AAGGTAACAACTGTGT-1	Smarcd1	Smarcd1_As_15167	Unstimulated	PROVISIONAL_KEEP_MANUAL_PHENOCOPY_REVIEW_PENDING	false
GSE261783	GSM8151757	AAGTTCGTCCATACAG-1	Smarcd1	Smarcd1_As_15167	Unstimulated	PROVISIONAL_KEEP_MANUAL_PHENOCOPY_REVIEW_PENDING	false
GSE261783	GSM8151757	ACCAACAAGAGCCGAT-1	Smarcd1	Smarcd1_As_15167	Unstimulated	PROVISIONAL_KEEP_MANUAL_PHENOCOPY_REVIEW_PENDING	false
GSE261783	GSM8151757	AGAACCTTCAAAGGTA-1	Smarcd1	Smarcd1_As_15167	Unstimulated	PROVISIONAL_KEEP_MANUAL_PHENOCOPY_REVIEW_PENDING	false
GSE261783	GSM8151757	AGACTCAAGAGATTCA-1	Smarcd1	Smarcd1_As_15167	Unstimulated	PROVISIONAL_KEEP_MANUAL_PHENOCOPY_REVIEW_PENDING	false
GSE261783	GSM8151757	AGAGAATGTAAGCGGT-1	Smarcd1	Smarcd1_As_15167	Unstimulated	PROVISIONAL_KEEP_MANUAL_PHENOCOPY_REVIEW_PENDING	false
GSE261783	GSM8151757	AGCCAATCAGCTTTCC-1	Smarcd1	Smarcd1_As_15167	Unstimulated	PROVISIONAL_KEEP_MANUAL_PHENOCOPY_REVIEW_PENDING	false
GSE261783	GSM8151757	AGCTACACACGCACCA-1	Smarcd1	Smarcd1_As_15167	Unstimulated	PROVISIONAL_KEEP_MANUAL_PHENOCOPY_REVIEW_PENDING	false
GSE261783	GSM8151757	AGGGCCTAGCAGGCTA-1	Smarcd1	Smarcd1_As_15167	Unstimulated	PROVISIONAL_KEEP_MANUAL_PHENOCOPY_REVIEW_PENDING	false
GSE261783	GSM8151757	AGGGCTCAGATGTTGA-1	Smarcd1	Smarcd1_As_15167	Unstimulated	PROVISIONAL_KEEP_MANUAL_PHENOCOPY_REVIEW_PENDING	false
GSE261783	GSM8151757	AGGTCATTCCTCGCAT-1	Smarcd1	Smarcd1_As_15167	Unstimulated	PROVISIONAL_KEEP_MANUAL_PHENOCOPY_REVIEW_PENDING	false
GSE261783	GSM8151757	AGGTCTACAACCGCCA-1	Smarcd1	Smarcd1_As_15167	Unstimulated	PROVISIONAL_KEEP_MANUAL_PHENOCOPY_REVIEW_PENDING	false
GSE261783	GSM8151757	ATACCTTCACAGACGA-1	Smarcd1	Smarcd1_As_15167	Unstimulated	PROVISIONAL_KEEP_MANUAL_PHENOCOPY_REVIEW_PENDING	false
GSE261783	GSM8151757	ATCGCCTCAAATACGA-1	Smarcd1	Smarcd1_As_15167	Unstimulated	PROVISIONAL_KEEP_MANUAL_PHENOCOPY_REVIEW_PENDING	false
GSE261783	GSM8151757	ATCGTCCCACAGCATT-1	Smarcd1	Smarcd1_As_15167	Unstimulated	PROVISIONAL_KEEP_MANUAL_PHENOCOPY_REVIEW_PENDING	false
GSE261783	GSM8151757	CAATCGAAGGAGTATT-1	Smarcd1	Smarcd1_As_15167	Unstimulated	PROVISIONAL_KEEP_MANUAL_PHENOCOPY_REVIEW_PENDING	false
GSE261783	GSM8151757	CACCAAACATAGAGGC-1	Smarcd1	Smarcd1_As_15167	Unstimulated	PROVISIONAL_KEEP_MANUAL_PHENOCOPY_REVIEW_PENDING	false
GSE261783	GSM8151757	CAGCACGCATCGAACT-1	Smarcd1	Smarcd1_As_15167	Unstimulated	PROVISIONAL_KEEP_MANUAL_PHENOCOPY_REVIEW_PENDING	false
GSE261783	GSM8151757	CATAAGCAGCTTTGTG-1	Smarcd1	Smarcd1_As_15167	Unstimulated	PROVISIONAL_KEEP_MANUAL_PHENOCOPY_REVIEW_PENDING	false
GSE261783	GSM8151757	CATAGACCAGTTAGAA-1	Smarcd1	Smarcd1_As_15167	Unstimulated	PROVISIONAL_KEEP_MANUAL_PHENOCOPY_REVIEW_PENDING	false
GSE261783	GSM8151757	CATCGCTGTTAAGCAA-1	Smarcd1	Smarcd1_As_15167	Unstimulated	PROVISIONAL_KEEP_MANUAL_PHENOCOPY_REVIEW_PENDING	false
GSE261783	GSM8151757	CATCGCTTCAGGCGAA-1	Smarcd1	Smarcd1_As_15167	Unstimulated	PROVISIONAL_KEEP_MANUAL_PHENOCOPY_REVIEW_PENDING	false
GSE261783	GSM8151757	CCACGTTGTCCACGCA-1	Smarcd1	Smarcd1_As_15167	Unstimulated	PROVISIONAL_KEEP_MANUAL_PHENOCOPY_REVIEW_PENDING	false
GSE261783	GSM8151757	CCCGGAATCCTGCTAC-1	Smarcd1	Smarcd1_As_15167	Unstimulated	PROVISIONAL_KEEP_MANUAL_PHENOCOPY_REVIEW_PENDING	false
GSE261783	GSM8151757	CCGAACGAGACCTCAT-1	Smarcd1	Smarcd1_As_15167	Unstimulated	PROVISIONAL_KEEP_MANUAL_PHENOCOPY_REVIEW_PENDING	false
GSE261783	GSM8151757	CCTAACCGTAGGTAGC-1	Smarcd1	Smarcd1_As_15167	Unstimulated	PROVISIONAL_KEEP_MANUAL_PHENOCOPY_REVIEW_PENDING	false
GSE261783	GSM8151757	CCTATCGGTACTTCCC-1	Smarcd1	Smarcd1_As_15167	Unstimulated	PROVISIONAL_KEEP_MANUAL_PHENOCOPY_REVIEW_PENDING	false
GSE261783	GSM8151757	CGAATTGGTATCCCAA-1	Smarcd1	Smarcd1_As_15167	Unstimulated	PROVISIONAL_KEEP_MANUAL_PHENOCOPY_REVIEW_PENDING	false
GSE261783	GSM8151757	CGAGTTATCCTAGCGG-1	Smarcd1	Smarcd1_As_15167	Unstimulated	PROVISIONAL_KEEP_MANUAL_PHENOCOPY_REVIEW_PENDING	false
GSE261783	GSM8151757	CGCGTGAAGGTTCATC-1	Smarcd1	Smarcd1_As_15167	Unstimulated	PROVISIONAL_KEEP_MANUAL_PHENOCOPY_REVIEW_PENDING	false
GSE261783	GSM8151757	CGGGCATAGCCGCACT-1	Smarcd1	Smarcd1_As_15167	Unstimulated	PROVISIONAL_KEEP_MANUAL_PHENOCOPY_REVIEW_PENDING	false
GSE261783	GSM8151757	CGTCAAATCACCGGGT-1	Smarcd1	Smarcd1_As_15167	Unstimulated	PROVISIONAL_KEEP_MANUAL_PHENOCOPY_REVIEW_PENDING	false
GSE261783	GSM8151757	CGTGATACACCAGCCA-1	Smarcd1	Smarcd1_As_15167	Unstimulated	PROVISIONAL_KEEP_MANUAL_PHENOCOPY_REVIEW_PENDING	false
GSE261783	GSM8151757	CTCATCGAGAGCCATG-1	Smarcd1	Smarcd1_As_15167	Unstimulated	PROVISIONAL_KEEP_MANUAL_PHENOCOPY_REVIEW_PENDING	false
GSE261783	GSM8151757	CTCCGATCACAGTCCG-1	Smarcd1	Smarcd1_As_15167	Unstimulated	PROVISIONAL_KEEP_MANUAL_PHENOCOPY_REVIEW_PENDING	false
GSE261783	GSM8151757	CTCGAGGAGTGAGTGC-1	Smarcd1	Smarcd1_As_15167	Unstimulated	PROVISIONAL_KEEP_MANUAL_PHENOCOPY_REVIEW_PENDING	false
GSE261783	GSM8151757	CTGGCAGGTTTGGGAG-1	Smarcd1	Smarcd1_As_15167	Unstimulated	PROVISIONAL_KEEP_MANUAL_PHENOCOPY_REVIEW_PENDING	false
GSE261783	GSM8151757	CTTTCGGTCCGAGAAG-1	Smarcd1	Smarcd1_As_15167	Unstimulated	PROVISIONAL_KEEP_MANUAL_PHENOCOPY_REVIEW_PENDING	false
GSE261783	GSM8151757	GAACACTTCGCAGATT-1	Smarcd1	Smarcd1_As_15167	Unstimulated	PROVISIONAL_KEEP_MANUAL_PHENOCOPY_REVIEW_PENDING	false
GSE261783	GSM8151757	GACATCACAAGTGTCT-1	Smarcd1	Smarcd1_As_15167	Unstimulated	PROVISIONAL_KEEP_MANUAL_PHENOCOPY_REVIEW_PENDING	false
GSE261783	GSM8151757	GACGTTAAGAAGTATC-1	Smarcd1	Smarcd1_As_15167	Unstimulated	PROVISIONAL_KEEP_MANUAL_PHENOCOPY_REVIEW_PENDING	false
GSE261783	GSM8151757	GACTTCCTCCTCATAT-1	Smarcd1	Smarcd1_As_15167	Unstimulated	PROVISIONAL_KEEP_MANUAL_PHENOCOPY_REVIEW_PENDING	false
GSE261783	GSM8151757	GAGGCAATCCCGAGGT-1	Smarcd1	Smarcd1_As_15167	Unstimulated	PROVISIONAL_KEEP_MANUAL_PHENOCOPY_REVIEW_PENDING	false
GSE261783	GSM8151757	GATGATCTCAACGAGG-1	Smarcd1	Smarcd1_As_15167	Unstimulated	PROVISIONAL_KEEP_MANUAL_PHENOCOPY_REVIEW_PENDING	false
GSE261783	GSM8151757	GATGCTAAGTCGAGGT-1	Smarcd1	Smarcd1_As_15167	Unstimulated	PROVISIONAL_KEEP_MANUAL_PHENOCOPY_REVIEW_PENDING	false
GSE261783	GSM8151757	GATTTCTTCACCCTTG-1	Smarcd1	Smarcd1_As_15167	Unstimulated	PROVISIONAL_KEEP_MANUAL_PHENOCOPY_REVIEW_PENDING	false
GSE261783	GSM8151757	GCCCGAAGTTGTGTAC-1	Smarcd1	Smarcd1_As_15167	Unstimulated	PROVISIONAL_KEEP_MANUAL_PHENOCOPY_REVIEW_PENDING	false
GSE261783	GSM8151757	GGGATGACAGCTAACT-1	Smarcd1	Smarcd1_As_15167	Unstimulated	PROVISIONAL_KEEP_MANUAL_PHENOCOPY_REVIEW_PENDING	false
GSE261783	GSM8151757	GGTAATCCATTCCTAT-1	Smarcd1	Smarcd1_As_15167	Unstimulated	PROVISIONAL_KEEP_MANUAL_PHENOCOPY_REVIEW_PENDING	false
GSE261783	GSM8151757	GTACAGTAGCATCGAG-1	Smarcd1	Smarcd1_As_15167	Unstimulated	PROVISIONAL_KEEP_MANUAL_PHENOCOPY_REVIEW_PENDING	false
GSE261783	GSM8151757	GTCATTTTCCCACAGG-1	Smarcd1	Smarcd1_As_15167	Unstimulated	PROVISIONAL_KEEP_MANUAL_PHENOCOPY_REVIEW_PENDING	false
GSE261783	GSM8151757	GTGAGTTCAAGAATGT-1	Smarcd1	Smarcd1_As_15167	Unstimulated	PROVISIONAL_KEEP_MANUAL_PHENOCOPY_REVIEW_PENDING	false
GSE261783	GSM8151757	GTGTAACAGAAGCTCG-1	Smarcd1	Smarcd1_As_15167	Unstimulated	PROVISIONAL_KEEP_MANUAL_PHENOCOPY_REVIEW_PENDING	false
GSE261783	GSM8151757	GTTACAGCACACCTTC-1	Smarcd1	Smarcd1_As_15167	Unstimulated	PROVISIONAL_KEEP_MANUAL_PHENOCOPY_REVIEW_PENDING	false
GSE261783	GSM8151757	TAACTTCAGTCGTCTA-1	Smarcd1	Smarcd1_As_15167	Unstimulated	PROVISIONAL_KEEP_MANUAL_PHENOCOPY_REVIEW_PENDING	false
GSE261783	GSM8151757	TACAACGAGACCAAAT-1	Smarcd1	Smarcd1_As_15167	Unstimulated	PROVISIONAL_KEEP_MANUAL_PHENOCOPY_REVIEW_PENDING	false
GSE261783	GSM8151757	TCACAAGTCGCTACGG-1	Smarcd1	Smarcd1_As_15167	Unstimulated	PROVISIONAL_KEEP_MANUAL_PHENOCOPY_REVIEW_PENDING	false
GSE261783	GSM8151757	TCACTCGAGGCTAGCA-1	Smarcd1	Smarcd1_As_15167	Unstimulated	PROVISIONAL_KEEP_MANUAL_PHENOCOPY_REVIEW_PENDING	false
GSE261783	GSM8151757	TCATCATGTACGGATG-1	Smarcd1	Smarcd1_As_15167	Unstimulated	PROVISIONAL_KEEP_MANUAL_PHENOCOPY_REVIEW_PENDING	false
GSE261783	GSM8151757	TCATTCAGTCTGTAGT-1	Smarcd1	Smarcd1_As_15167	Unstimulated	PROVISIONAL_KEEP_MANUAL_PHENOCOPY_REVIEW_PENDING	false
GSE261783	GSM8151757	TCCTTCTAGAGTCGAC-1	Smarcd1	Smarcd1_As_15167	Unstimulated	PROVISIONAL_KEEP_MANUAL_PHENOCOPY_REVIEW_PENDING	false
GSE261783	GSM8151757	TCGGGACGTGATACCT-1	Smarcd1	Smarcd1_As_15167	Unstimulated	PROVISIONAL_KEEP_MANUAL_PHENOCOPY_REVIEW_PENDING	false
GSE261783	GSM8151757	TCGTGGGGTACTGTTG-1	Smarcd1	Smarcd1_As_15167	Unstimulated	PROVISIONAL_KEEP_MANUAL_PHENOCOPY_REVIEW_PENDING	false
GSE261783	GSM8151757	TCTGCCAAGTGATGGC-1	Smarcd1	Smarcd1_As_15167	Unstimulated	PROVISIONAL_KEEP_MANUAL_PHENOCOPY_REVIEW_PENDING	false
GSE261783	GSM8151757	TCTTAGTTCCACTAGA-1	Smarcd1	Smarcd1_As_15167	Unstimulated	PROVISIONAL_KEEP_MANUAL_PHENOCOPY_REVIEW_PENDING	false
GSE261783	GSM8151757	TGATTTCCAATGGCCC-1	Smarcd1	Smarcd1_As_15167	Unstimulated	PROVISIONAL_KEEP_MANUAL_PHENOCOPY_REVIEW_PENDING	false
GSE261783	GSM8151757	TGCATCCCAACCGCTG-1	Smarcd1	Smarcd1_As_15167	Unstimulated	PROVISIONAL_KEEP_MANUAL_PHENOCOPY_REVIEW_PENDING	false
GSE261783	GSM8151757	TGCGACGTCACGATCA-1	Smarcd1	Smarcd1_As_15167	Unstimulated	PROVISIONAL_KEEP_MANUAL_PHENOCOPY_REVIEW_PENDING	false
GSE261783	GSM8151757	TGCTCGTGTTGCATGT-1	Smarcd1	Smarcd1_As_15167	Unstimulated	PROVISIONAL_KEEP_MANUAL_PHENOCOPY_REVIEW_PENDING	false
GSE261783	GSM8151757	TGGGAGATCATCGACA-1	Smarcd1	Smarcd1_As_15167	Unstimulated	PROVISIONAL_KEEP_MANUAL_PHENOCOPY_REVIEW_PENDING	false
GSE261783	GSM8151757	TGTACAGAGTATGGCG-1	Smarcd1	Smarcd1_As_15167	Unstimulated	PROVISIONAL_KEEP_MANUAL_PHENOCOPY_REVIEW_PENDING	false
GSE261783	GSM8151757	TGTGATGAGGCTTAAA-1	Smarcd1	Smarcd1_As_15167	Unstimulated	PROVISIONAL_KEEP_MANUAL_PHENOCOPY_REVIEW_PENDING	false
GSE261783	GSM8151757	TTACGCCCAAGTACCT-1	Smarcd1	Smarcd1_As_15167	Unstimulated	PROVISIONAL_KEEP_MANUAL_PHENOCOPY_REVIEW_PENDING	false
GSE261783	GSM8151757	TTACGCCCACCTAAAC-1	Smarcd1	Smarcd1_As_15167	Unstimulated	PROVISIONAL_KEEP_MANUAL_PHENOCOPY_REVIEW_PENDING	false
GSE261783	GSM8151757	TTCACGCTCCATAGAC-1	Smarcd1	Smarcd1_As_15167	Unstimulated	PROVISIONAL_KEEP_MANUAL_PHENOCOPY_REVIEW_PENDING	false
GSE261783	GSM8151757	TTCTAGTGTGAGGAAA-1	Smarcd1	Smarcd1_As_15167	Unstimulated	PROVISIONAL_KEEP_MANUAL_PHENOCOPY_REVIEW_PENDING	false
GSE261783	GSM8151757	TTCTCTCCACCAGTTA-1	Smarcd1	Smarcd1_As_15167	Unstimulated	PROVISIONAL_KEEP_MANUAL_PHENOCOPY_REVIEW_PENDING	false
GSE261783	GSM8151757	TTTCCTCTCGAGAATA-1	Smarcd1	Smarcd1_As_15167	Unstimulated	PROVISIONAL_KEEP_MANUAL_PHENOCOPY_REVIEW_PENDING	false
GSE261783	GSM8151757	TTTCGATGTGCCAAGA-1	Smarcd1	Smarcd1_As_15167	Unstimulated	PROVISIONAL_KEEP_MANUAL_PHENOCOPY_REVIEW_PENDING	false
GSE261783	GSM8151757	AAAGTCCGTTCCACAA-1	Smarcd1	Smarcd1_Br_45407	Unstimulated	PROVISIONAL_KEEP_MANUAL_PHENOCOPY_REVIEW_PENDING	false
GSE261783	GSM8151757	AAATGGAAGAAGGCTC-1	Smarcd1	Smarcd1_Br_45407	Unstimulated	PROVISIONAL_KEEP_MANUAL_PHENOCOPY_REVIEW_PENDING	false
GSE261783	GSM8151757	ACCTACCGTGACACGA-1	Smarcd1	Smarcd1_Br_45407	Unstimulated	PROVISIONAL_KEEP_MANUAL_PHENOCOPY_REVIEW_PENDING	false
GSE261783	GSM8151757	ACTATGGAGATAACGT-1	Smarcd1	Smarcd1_Br_45407	Unstimulated	PROVISIONAL_KEEP_MANUAL_PHENOCOPY_REVIEW_PENDING	false
GSE261783	GSM8151757	ACTTTGTTCTGAGCAT-1	Smarcd1	Smarcd1_Br_45407	Unstimulated	PROVISIONAL_KEEP_MANUAL_PHENOCOPY_REVIEW_PENDING	false
GSE261783	GSM8151757	AGAGAGCTCGACACTA-1	Smarcd1	Smarcd1_Br_45407	Unstimulated	PROVISIONAL_KEEP_MANUAL_PHENOCOPY_REVIEW_PENDING	false
GSE261783	GSM8151757	AGATCGTTCGCCTTGT-1	Smarcd1	Smarcd1_Br_45407	Unstimulated	PROVISIONAL_KEEP_MANUAL_PHENOCOPY_REVIEW_PENDING	false
GSE261783	GSM8151757	AGCCACGTCTAGATCG-1	Smarcd1	Smarcd1_Br_45407	Unstimulated	PROVISIONAL_KEEP_MANUAL_PHENOCOPY_REVIEW_PENDING	false
GSE261783	GSM8151757	AGCCAGCTCCACAGGC-1	Smarcd1	Smarcd1_Br_45407	Unstimulated	PROVISIONAL_KEEP_MANUAL_PHENOCOPY_REVIEW_PENDING	false
GSE261783	GSM8151757	AGCGATTGTTGCTTGA-1	Smarcd1	Smarcd1_Br_45407	Unstimulated	PROVISIONAL_KEEP_MANUAL_PHENOCOPY_REVIEW_PENDING	false
GSE261783	GSM8151757	ATCATTCCACCCAATA-1	Smarcd1	Smarcd1_Br_45407	Unstimulated	PROVISIONAL_KEEP_MANUAL_PHENOCOPY_REVIEW_PENDING	false
GSE261783	GSM8151757	ATGACCAGTAGAGACC-1	Smarcd1	Smarcd1_Br_45407	Unstimulated	PROVISIONAL_KEEP_MANUAL_PHENOCOPY_REVIEW_PENDING	false
GSE261783	GSM8151757	ATGGATCTCAGGAACG-1	Smarcd1	Smarcd1_Br_45407	Unstimulated	PROVISIONAL_KEEP_MANUAL_PHENOCOPY_REVIEW_PENDING	false
GSE261783	GSM8151757	ATGGATCTCTTACTGT-1	Smarcd1	Smarcd1_Br_45407	Unstimulated	PROVISIONAL_KEEP_MANUAL_PHENOCOPY_REVIEW_PENDING	false
GSE261783	GSM8151757	ATTACTCCAAGGCTTT-1	Smarcd1	Smarcd1_Br_45407	Unstimulated	PROVISIONAL_KEEP_MANUAL_PHENOCOPY_REVIEW_PENDING	false
GSE261783	GSM8151757	ATTCATCAGCACCGTC-1	Smarcd1	Smarcd1_Br_45407	Unstimulated	PROVISIONAL_KEEP_MANUAL_PHENOCOPY_REVIEW_PENDING	false
GSE261783	GSM8151757	ATTTCACTCCTAGCGG-1	Smarcd1	Smarcd1_Br_45407	Unstimulated	PROVISIONAL_KEEP_MANUAL_PHENOCOPY_REVIEW_PENDING	false
GSE261783	GSM8151757	CACACAAAGAGCCCAA-1	Smarcd1	Smarcd1_Br_45407	Unstimulated	PROVISIONAL_KEEP_MANUAL_PHENOCOPY_REVIEW_PENDING	false
GSE261783	GSM8151757	CACATGACAAGGTCGA-1	Smarcd1	Smarcd1_Br_45407	Unstimulated	PROVISIONAL_KEEP_MANUAL_PHENOCOPY_REVIEW_PENDING	false
GSE261783	GSM8151757	CACCGTTGTCTGATAC-1	Smarcd1	Smarcd1_Br_45407	Unstimulated	PROVISIONAL_KEEP_MANUAL_PHENOCOPY_REVIEW_PENDING	false
GSE261783	GSM8151757	CACTGTCAGCCTCTGG-1	Smarcd1	Smarcd1_Br_45407	Unstimulated	PROVISIONAL_KEEP_MANUAL_PHENOCOPY_REVIEW_PENDING	false
GSE261783	GSM8151757	CATCGGGGTAGGTACG-1	Smarcd1	Smarcd1_Br_45407	Unstimulated	PROVISIONAL_KEEP_MANUAL_PHENOCOPY_REVIEW_PENDING	false
GSE261783	GSM8151757	CATGCGGTCGTGCAGC-1	Smarcd1	Smarcd1_Br_45407	Unstimulated	PROVISIONAL_KEEP_MANUAL_PHENOCOPY_REVIEW_PENDING	false
GSE261783	GSM8151757	CATTTCATCCTACCAC-1	Smarcd1	Smarcd1_Br_45407	Unstimulated	PROVISIONAL_KEEP_MANUAL_PHENOCOPY_REVIEW_PENDING	false
GSE261783	GSM8151757	CCGAACGTCGTCGATA-1	Smarcd1	Smarcd1_Br_45407	Unstimulated	PROVISIONAL_KEEP_MANUAL_PHENOCOPY_REVIEW_PENDING	false
GSE261783	GSM8151757	CCGATCTCAGTTTCAG-1	Smarcd1	Smarcd1_Br_45407	Unstimulated	PROVISIONAL_KEEP_MANUAL_PHENOCOPY_REVIEW_PENDING	false
GSE261783	GSM8151757	CCGGACACAGTCTACA-1	Smarcd1	Smarcd1_Br_45407	Unstimulated	PROVISIONAL_KEEP_MANUAL_PHENOCOPY_REVIEW_PENDING	false
GSE261783	GSM8151757	CCTACGTCACGACAGA-1	Smarcd1	Smarcd1_Br_45407	Unstimulated	PROVISIONAL_KEEP_MANUAL_PHENOCOPY_REVIEW_PENDING	false
GSE261783	GSM8151757	CCTCATGTCACGAACT-1	Smarcd1	Smarcd1_Br_45407	Unstimulated	PROVISIONAL_KEEP_MANUAL_PHENOCOPY_REVIEW_PENDING	false
GSE261783	GSM8151757	CCTCCAACAGTCCGTG-1	Smarcd1	Smarcd1_Br_45407	Unstimulated	PROVISIONAL_KEEP_MANUAL_PHENOCOPY_REVIEW_PENDING	false
GSE261783	GSM8151757	CGAGGAAAGACTTCAC-1	Smarcd1	Smarcd1_Br_45407	Unstimulated	PROVISIONAL_KEEP_MANUAL_PHENOCOPY_REVIEW_PENDING	false
GSE261783	GSM8151757	CGCCAGAGTAGCGTAG-1	Smarcd1	Smarcd1_Br_45407	Unstimulated	PROVISIONAL_KEEP_MANUAL_PHENOCOPY_REVIEW_PENDING	false
GSE261783	GSM8151757	CGCCATTGTCGCGTCA-1	Smarcd1	Smarcd1_Br_45407	Unstimulated	PROVISIONAL_KEEP_MANUAL_PHENOCOPY_REVIEW_PENDING	false
GSE261783	GSM8151757	CTACCCACACGGCCAT-1	Smarcd1	Smarcd1_Br_45407	Unstimulated	PROVISIONAL_KEEP_MANUAL_PHENOCOPY_REVIEW_PENDING	false
GSE261783	GSM8151757	CTATAGGGTTGTGGCC-1	Smarcd1	Smarcd1_Br_45407	Unstimulated	PROVISIONAL_KEEP_MANUAL_PHENOCOPY_REVIEW_PENDING	false
GSE261783	GSM8151757	CTCAGAAGTACAGTTC-1	Smarcd1	Smarcd1_Br_45407	Unstimulated	PROVISIONAL_KEEP_MANUAL_PHENOCOPY_REVIEW_PENDING	false
GSE261783	GSM8151757	CTCAGGGAGGAGGCAG-1	Smarcd1	Smarcd1_Br_45407	Unstimulated	PROVISIONAL_KEEP_MANUAL_PHENOCOPY_REVIEW_PENDING	false
GSE261783	GSM8151757	CTCAGGGCAGAGAGGG-1	Smarcd1	Smarcd1_Br_45407	Unstimulated	PROVISIONAL_KEEP_MANUAL_PHENOCOPY_REVIEW_PENDING	false
GSE261783	GSM8151757	CTTAGGATCCGATAAC-1	Smarcd1	Smarcd1_Br_45407	Unstimulated	PROVISIONAL_KEEP_MANUAL_PHENOCOPY_REVIEW_PENDING	false
GSE261783	GSM8151757	GAACACTTCGTCGCTT-1	Smarcd1	Smarcd1_Br_45407	Unstimulated	PROVISIONAL_KEEP_MANUAL_PHENOCOPY_REVIEW_PENDING	false
GSE261783	GSM8151757	GATCGTATCTGCGGAC-1	Smarcd1	Smarcd1_Br_45407	Unstimulated	PROVISIONAL_KEEP_MANUAL_PHENOCOPY_REVIEW_PENDING	false
GSE261783	GSM8151757	GATCGTATCTTAAGGC-1	Smarcd1	Smarcd1_Br_45407	Unstimulated	PROVISIONAL_KEEP_MANUAL_PHENOCOPY_REVIEW_PENDING	false
GSE261783	GSM8151757	GATTGGTAGTAGAATC-1	Smarcd1	Smarcd1_Br_45407	Unstimulated	PROVISIONAL_KEEP_MANUAL_PHENOCOPY_REVIEW_PENDING	false
GSE261783	GSM8151757	GCAACCGTCATAAGGA-1	Smarcd1	Smarcd1_Br_45407	Unstimulated	PROVISIONAL_KEEP_MANUAL_PHENOCOPY_REVIEW_PENDING	false
GSE261783	GSM8151757	GCCAGCACAGGAATAT-1	Smarcd1	Smarcd1_Br_45407	Unstimulated	PROVISIONAL_KEEP_MANUAL_PHENOCOPY_REVIEW_PENDING	false
GSE261783	GSM8151757	GCGTGCACACGCCAGT-1	Smarcd1	Smarcd1_Br_45407	Unstimulated	PROVISIONAL_KEEP_MANUAL_PHENOCOPY_REVIEW_PENDING	false
GSE261783	GSM8151757	GGCAGTCGTAGTAAGT-1	Smarcd1	Smarcd1_Br_45407	Unstimulated	PROVISIONAL_KEEP_MANUAL_PHENOCOPY_REVIEW_PENDING	false
GSE261783	GSM8151757	GGGAAGTGTCCTGAAT-1	Smarcd1	Smarcd1_Br_45407	Unstimulated	PROVISIONAL_KEEP_MANUAL_PHENOCOPY_REVIEW_PENDING	false
GSE261783	GSM8151757	GGGACAAAGTGCACAG-1	Smarcd1	Smarcd1_Br_45407	Unstimulated	PROVISIONAL_KEEP_MANUAL_PHENOCOPY_REVIEW_PENDING	false
GSE261783	GSM8151757	GGTTAACGTAGCCCTG-1	Smarcd1	Smarcd1_Br_45407	Unstimulated	PROVISIONAL_KEEP_MANUAL_PHENOCOPY_REVIEW_PENDING	false
GSE261783	GSM8151757	GGTTCTCGTTATCTGG-1	Smarcd1	Smarcd1_Br_45407	Unstimulated	PROVISIONAL_KEEP_MANUAL_PHENOCOPY_REVIEW_PENDING	false
GSE261783	GSM8151757	GTACAGTCAGAGTAAT-1	Smarcd1	Smarcd1_Br_45407	Unstimulated	PROVISIONAL_KEEP_MANUAL_PHENOCOPY_REVIEW_PENDING	false
GSE261783	GSM8151757	GTAGAAATCTGCCTCA-1	Smarcd1	Smarcd1_Br_45407	Unstimulated	PROVISIONAL_KEEP_MANUAL_PHENOCOPY_REVIEW_PENDING	false
GSE261783	GSM8151757	GTGCTTCCATGTTCGA-1	Smarcd1	Smarcd1_Br_45407	Unstimulated	PROVISIONAL_KEEP_MANUAL_PHENOCOPY_REVIEW_PENDING	false
GSE261783	GSM8151757	GTGGAAGTCCACGAAT-1	Smarcd1	Smarcd1_Br_45407	Unstimulated	PROVISIONAL_KEEP_MANUAL_PHENOCOPY_REVIEW_PENDING	false
GSE261783	GSM8151757	GTGTGGCCAACTACGT-1	Smarcd1	Smarcd1_Br_45407	Unstimulated	PROVISIONAL_KEEP_MANUAL_PHENOCOPY_REVIEW_PENDING	false
GSE261783	GSM8151757	TACCTGCAGCGCCGTT-1	Smarcd1	Smarcd1_Br_45407	Unstimulated	PROVISIONAL_KEEP_MANUAL_PHENOCOPY_REVIEW_PENDING	false
GSE261783	GSM8151757	TACGCTCTCCGTGGCA-1	Smarcd1	Smarcd1_Br_45407	Unstimulated	PROVISIONAL_KEEP_MANUAL_PHENOCOPY_REVIEW_PENDING	false
GSE261783	GSM8151757	TATACCTTCCTAAGTG-1	Smarcd1	Smarcd1_Br_45407	Unstimulated	PROVISIONAL_KEEP_MANUAL_PHENOCOPY_REVIEW_PENDING	false
GSE261783	GSM8151757	TCAATTCAGGGTACAC-1	Smarcd1	Smarcd1_Br_45407	Unstimulated	PROVISIONAL_KEEP_MANUAL_PHENOCOPY_REVIEW_PENDING	false
GSE261783	GSM8151757	TCACAAGGTACTGAGG-1	Smarcd1	Smarcd1_Br_45407	Unstimulated	PROVISIONAL_KEEP_MANUAL_PHENOCOPY_REVIEW_PENDING	false
GSE261783	GSM8151757	TCATTACTCTGGGAGA-1	Smarcd1	Smarcd1_Br_45407	Unstimulated	PROVISIONAL_KEEP_MANUAL_PHENOCOPY_REVIEW_PENDING	false
GSE261783	GSM8151757	TCCCACATCAGTCATG-1	Smarcd1	Smarcd1_Br_45407	Unstimulated	PROVISIONAL_KEEP_MANUAL_PHENOCOPY_REVIEW_PENDING	false
GSE261783	GSM8151757	TCCGGGAGTGGCTGAA-1	Smarcd1	Smarcd1_Br_45407	Unstimulated	PROVISIONAL_KEEP_MANUAL_PHENOCOPY_REVIEW_PENDING	false
GSE261783	GSM8151757	TCCGGGATCTGCTTTA-1	Smarcd1	Smarcd1_Br_45407	Unstimulated	PROVISIONAL_KEEP_MANUAL_PHENOCOPY_REVIEW_PENDING	false
GSE261783	GSM8151757	TCGCACTCATGTGGCC-1	Smarcd1	Smarcd1_Br_45407	Unstimulated	PROVISIONAL_KEEP_MANUAL_PHENOCOPY_REVIEW_PENDING	false
GSE261783	GSM8151757	TCGGGACTCAGTGTTG-1	Smarcd1	Smarcd1_Br_45407	Unstimulated	PROVISIONAL_KEEP_MANUAL_PHENOCOPY_REVIEW_PENDING	false
GSE261783	GSM8151757	TCGGGCATCACTGGGC-1	Smarcd1	Smarcd1_Br_45407	Unstimulated	PROVISIONAL_KEEP_MANUAL_PHENOCOPY_REVIEW_PENDING	false
GSE261783	GSM8151757	TCTGCCAGTAGGACTG-1	Smarcd1	Smarcd1_Br_45407	Unstimulated	PROVISIONAL_KEEP_MANUAL_PHENOCOPY_REVIEW_PENDING	false
GSE261783	GSM8151757	TGACGCGTCAGTCATG-1	Smarcd1	Smarcd1_Br_45407	Unstimulated	PROVISIONAL_KEEP_MANUAL_PHENOCOPY_REVIEW_PENDING	false
GSE261783	GSM8151757	TGCGACGCAAGTGGAC-1	Smarcd1	Smarcd1_Br_45407	Unstimulated	PROVISIONAL_KEEP_MANUAL_PHENOCOPY_REVIEW_PENDING	false
GSE261783	GSM8151757	TGCTCGTAGCGTGAAC-1	Smarcd1	Smarcd1_Br_45407	Unstimulated	PROVISIONAL_KEEP_MANUAL_PHENOCOPY_REVIEW_PENDING	false
GSE261783	GSM8151757	TGGATGTTCTATCACT-1	Smarcd1	Smarcd1_Br_45407	Unstimulated	PROVISIONAL_KEEP_MANUAL_PHENOCOPY_REVIEW_PENDING	false
GSE261783	GSM8151757	TTCCTAATCCTCACGT-1	Smarcd1	Smarcd1_Br_45407	Unstimulated	PROVISIONAL_KEEP_MANUAL_PHENOCOPY_REVIEW_PENDING	false
GSE261783	GSM8151757	TTTAGTCAGACAACTA-1	Smarcd1	Smarcd1_Br_45407	Unstimulated	PROVISIONAL_KEEP_MANUAL_PHENOCOPY_REVIEW_PENDING	false
GSE261783	GSM8151757	TTTCAGTAGGTAGTCG-1	Smarcd1	Smarcd1_Br_45407	Unstimulated	PROVISIONAL_KEEP_MANUAL_PHENOCOPY_REVIEW_PENDING	false
GSE261783	GSM8151757	TTTCATGAGAAACTGT-1	Smarcd1	Smarcd1_Br_45407	Unstimulated	PROVISIONAL_KEEP_MANUAL_PHENOCOPY_REVIEW_PENDING	false
GSE261783	GSM8151757	AACGAAATCCACCTCA-1	Srcap	Srcap_As_77988	Unstimulated	PROVISIONAL_KEEP_MANUAL_PHENOCOPY_REVIEW_PENDING	false
GSE261783	GSM8151757	ACCAACAGTAGTCTGT-1	Srcap	Srcap_As_77988	Unstimulated	PROVISIONAL_KEEP_MANUAL_PHENOCOPY_REVIEW_PENDING	false
GSE261783	GSM8151757	ACCCTCAAGCACCTGC-1	Srcap	Srcap_As_77988	Unstimulated	PROVISIONAL_KEEP_MANUAL_PHENOCOPY_REVIEW_PENDING	false
GSE261783	GSM8151757	AGCATCAAGACATATG-1	Srcap	Srcap_As_77988	Unstimulated	PROVISIONAL_KEEP_MANUAL_PHENOCOPY_REVIEW_PENDING	false
GSE261783	GSM8151757	AGGACGAGTCCGGATC-1	Srcap	Srcap_As_77988	Unstimulated	PROVISIONAL_KEEP_MANUAL_PHENOCOPY_REVIEW_PENDING	false
GSE261783	GSM8151757	ATCACGATCTTGCAGA-1	Srcap	Srcap_As_77988	Unstimulated	PROVISIONAL_KEEP_MANUAL_PHENOCOPY_REVIEW_PENDING	false
GSE261783	GSM8151757	ATGCATGCACGCACCA-1	Srcap	Srcap_As_77988	Unstimulated	PROVISIONAL_KEEP_MANUAL_PHENOCOPY_REVIEW_PENDING	false
GSE261783	GSM8151757	ATTTCTGTCGACGAGA-1	Srcap	Srcap_As_77988	Unstimulated	PROVISIONAL_KEEP_MANUAL_PHENOCOPY_REVIEW_PENDING	false
GSE261783	GSM8151757	CAATTTCGTACTGTTG-1	Srcap	Srcap_As_77988	Unstimulated	PROVISIONAL_KEEP_MANUAL_PHENOCOPY_REVIEW_PENDING	false
GSE261783	GSM8151757	CAGGGCTTCGACATCA-1	Srcap	Srcap_As_77988	Unstimulated	PROVISIONAL_KEEP_MANUAL_PHENOCOPY_REVIEW_PENDING	false
GSE261783	GSM8151757	CATACCCCAATGAGCG-1	Srcap	Srcap_As_77988	Unstimulated	PROVISIONAL_KEEP_MANUAL_PHENOCOPY_REVIEW_PENDING	false
GSE261783	GSM8151757	CATCCCATCCGTGCGA-1	Srcap	Srcap_As_77988	Unstimulated	PROVISIONAL_KEEP_MANUAL_PHENOCOPY_REVIEW_PENDING	false
GSE261783	GSM8151757	CATGCAATCTCATTGT-1	Srcap	Srcap_As_77988	Unstimulated	PROVISIONAL_KEEP_MANUAL_PHENOCOPY_REVIEW_PENDING	false
GSE261783	GSM8151757	CATTGCCCACCCTCTA-1	Srcap	Srcap_As_77988	Unstimulated	PROVISIONAL_KEEP_MANUAL_PHENOCOPY_REVIEW_PENDING	false
GSE261783	GSM8151757	CCATAAGGTGCATTTG-1	Srcap	Srcap_As_77988	Unstimulated	PROVISIONAL_KEEP_MANUAL_PHENOCOPY_REVIEW_PENDING	false
GSE261783	GSM8151757	CCCTCAAGTTTGGGTT-1	Srcap	Srcap_As_77988	Unstimulated	PROVISIONAL_KEEP_MANUAL_PHENOCOPY_REVIEW_PENDING	false
GSE261783	GSM8151757	CCGGTGACAACGACTT-1	Srcap	Srcap_As_77988	Unstimulated	PROVISIONAL_KEEP_MANUAL_PHENOCOPY_REVIEW_PENDING	false
GSE261783	GSM8151757	CGAAGGATCGTCAGAT-1	Srcap	Srcap_As_77988	Unstimulated	PROVISIONAL_KEEP_MANUAL_PHENOCOPY_REVIEW_PENDING	false
GSE261783	GSM8151757	CGCGTGACATAAGCGG-1	Srcap	Srcap_As_77988	Unstimulated	PROVISIONAL_KEEP_MANUAL_PHENOCOPY_REVIEW_PENDING	false
GSE261783	GSM8151757	CGGACACCAATACCCA-1	Srcap	Srcap_As_77988	Unstimulated	PROVISIONAL_KEEP_MANUAL_PHENOCOPY_REVIEW_PENDING	false
GSE261783	GSM8151757	CTCCGATCAGACCCGT-1	Srcap	Srcap_As_77988	Unstimulated	PROVISIONAL_KEEP_MANUAL_PHENOCOPY_REVIEW_PENDING	false
GSE261783	GSM8151757	CTCCGATGTCGTCAGC-1	Srcap	Srcap_As_77988	Unstimulated	PROVISIONAL_KEEP_MANUAL_PHENOCOPY_REVIEW_PENDING	false
GSE261783	GSM8151757	CTCTGGTGTGGGTCAA-1	Srcap	Srcap_As_77988	Unstimulated	PROVISIONAL_KEEP_MANUAL_PHENOCOPY_REVIEW_PENDING	false
GSE261783	GSM8151757	CTTTCAATCCACTGAA-1	Srcap	Srcap_As_77988	Unstimulated	PROVISIONAL_KEEP_MANUAL_PHENOCOPY_REVIEW_PENDING	false
GSE261783	GSM8151757	GAACTGTTCAGGAAAT-1	Srcap	Srcap_As_77988	Unstimulated	PROVISIONAL_KEEP_MANUAL_PHENOCOPY_REVIEW_PENDING	false
GSE261783	GSM8151757	GACCCTTGTAGCACAG-1	Srcap	Srcap_As_77988	Unstimulated	PROVISIONAL_KEEP_MANUAL_PHENOCOPY_REVIEW_PENDING	false
GSE261783	GSM8151757	GAGAGGTAGGCTCAAG-1	Srcap	Srcap_As_77988	Unstimulated	PROVISIONAL_KEEP_MANUAL_PHENOCOPY_REVIEW_PENDING	false
GSE261783	GSM8151757	GATCATGGTACCCGCA-1	Srcap	Srcap_As_77988	Unstimulated	PROVISIONAL_KEEP_MANUAL_PHENOCOPY_REVIEW_PENDING	false
GSE261783	GSM8151757	GCAACATCAAGAGATT-1	Srcap	Srcap_As_77988	Unstimulated	PROVISIONAL_KEEP_MANUAL_PHENOCOPY_REVIEW_PENDING	false
GSE261783	GSM8151757	GCCGATGAGAACTCCT-1	Srcap	Srcap_As_77988	Unstimulated	PROVISIONAL_KEEP_MANUAL_PHENOCOPY_REVIEW_PENDING	false
GSE261783	GSM8151757	GCTACCTCACTACAGT-1	Srcap	Srcap_As_77988	Unstimulated	PROVISIONAL_KEEP_MANUAL_PHENOCOPY_REVIEW_PENDING	false
GSE261783	GSM8151757	GGAACCCGTCGCACGT-1	Srcap	Srcap_As_77988	Unstimulated	PROVISIONAL_KEEP_MANUAL_PHENOCOPY_REVIEW_PENDING	false
GSE261783	GSM8151757	GGGAAGTTCCGTTTCG-1	Srcap	Srcap_As_77988	Unstimulated	PROVISIONAL_KEEP_MANUAL_PHENOCOPY_REVIEW_PENDING	false
GSE261783	GSM8151757	GGGTTTACAGCTACTA-1	Srcap	Srcap_As_77988	Unstimulated	PROVISIONAL_KEEP_MANUAL_PHENOCOPY_REVIEW_PENDING	false
GSE261783	GSM8151757	GTAAGTCAGATTACCC-1	Srcap	Srcap_As_77988	Unstimulated	PROVISIONAL_KEEP_MANUAL_PHENOCOPY_REVIEW_PENDING	false
GSE261783	GSM8151757	GTAGGTTCAGGAATCG-1	Srcap	Srcap_As_77988	Unstimulated	PROVISIONAL_KEEP_MANUAL_PHENOCOPY_REVIEW_PENDING	false
GSE261783	GSM8151757	TAGACTGTCAGCTTCC-1	Srcap	Srcap_As_77988	Unstimulated	PROVISIONAL_KEEP_MANUAL_PHENOCOPY_REVIEW_PENDING	false
GSE261783	GSM8151757	TAGATCGTCAGTGTGT-1	Srcap	Srcap_As_77988	Unstimulated	PROVISIONAL_KEEP_MANUAL_PHENOCOPY_REVIEW_PENDING	false
GSE261783	GSM8151757	TATATCCTCAGACAAA-1	Srcap	Srcap_As_77988	Unstimulated	PROVISIONAL_KEEP_MANUAL_PHENOCOPY_REVIEW_PENDING	false
GSE261783	GSM8151757	TCAGCAAGTAACATAG-1	Srcap	Srcap_As_77988	Unstimulated	PROVISIONAL_KEEP_MANUAL_PHENOCOPY_REVIEW_PENDING	false
GSE261783	GSM8151757	TCATCATGTTCCTACC-1	Srcap	Srcap_As_77988	Unstimulated	PROVISIONAL_KEEP_MANUAL_PHENOCOPY_REVIEW_PENDING	false
GSE261783	GSM8151757	TCCTGCATCACTGATG-1	Srcap	Srcap_As_77988	Unstimulated	PROVISIONAL_KEEP_MANUAL_PHENOCOPY_REVIEW_PENDING	false
GSE261783	GSM8151757	TCGCACTAGTAGTGCG-1	Srcap	Srcap_As_77988	Unstimulated	PROVISIONAL_KEEP_MANUAL_PHENOCOPY_REVIEW_PENDING	false
GSE261783	GSM8151757	TCGTGCTTCTGGAGAG-1	Srcap	Srcap_As_77988	Unstimulated	PROVISIONAL_KEEP_MANUAL_PHENOCOPY_REVIEW_PENDING	false
GSE261783	GSM8151757	TGATGGTTCGCTATTT-1	Srcap	Srcap_As_77988	Unstimulated	PROVISIONAL_KEEP_MANUAL_PHENOCOPY_REVIEW_PENDING	false
GSE261783	GSM8151757	TGCATGACAAGACTGG-1	Srcap	Srcap_As_77988	Unstimulated	PROVISIONAL_KEEP_MANUAL_PHENOCOPY_REVIEW_PENDING	false
GSE261783	GSM8151757	TGGGCTGAGGTCCGAA-1	Srcap	Srcap_As_77988	Unstimulated	PROVISIONAL_KEEP_MANUAL_PHENOCOPY_REVIEW_PENDING	false
GSE261783	GSM8151757	TTATTGCCAGGCAATG-1	Srcap	Srcap_As_77988	Unstimulated	PROVISIONAL_KEEP_MANUAL_PHENOCOPY_REVIEW_PENDING	false
GSE261783	GSM8151757	TTCCAATTCCATAGAC-1	Srcap	Srcap_As_77988	Unstimulated	PROVISIONAL_KEEP_MANUAL_PHENOCOPY_REVIEW_PENDING	false
GSE261783	GSM8151757	TTCCGTGTCTCGCTCA-1	Srcap	Srcap_As_77988	Unstimulated	PROVISIONAL_KEEP_MANUAL_PHENOCOPY_REVIEW_PENDING	false
GSE261783	GSM8151757	TTGCGTCGTTAAGGAT-1	Srcap	Srcap_As_77988	Unstimulated	PROVISIONAL_KEEP_MANUAL_PHENOCOPY_REVIEW_PENDING	false
GSE261783	GSM8151757	TTGGGCGTCATCGCTC-1	Srcap	Srcap_As_77988	Unstimulated	PROVISIONAL_KEEP_MANUAL_PHENOCOPY_REVIEW_PENDING	false
GSE261783	GSM8151757	ACATGCAGTGCCCAGT-1	Srcap	Srcap_As_77989	Unstimulated	PROVISIONAL_KEEP_MANUAL_PHENOCOPY_REVIEW_PENDING	false
GSE261783	GSM8151757	AGACCCGAGGCCTGCT-1	Srcap	Srcap_As_77989	Unstimulated	PROVISIONAL_KEEP_MANUAL_PHENOCOPY_REVIEW_PENDING	false
GSE261783	GSM8151757	AGCTTCCTCAGCCCAG-1	Srcap	Srcap_As_77989	Unstimulated	PROVISIONAL_KEEP_MANUAL_PHENOCOPY_REVIEW_PENDING	false
GSE261783	GSM8151757	ATATCCTCACTGCGTG-1	Srcap	Srcap_As_77989	Unstimulated	PROVISIONAL_KEEP_MANUAL_PHENOCOPY_REVIEW_PENDING	false
GSE261783	GSM8151757	ATTCTTGCAATGAAAC-1	Srcap	Srcap_As_77989	Unstimulated	PROVISIONAL_KEEP_MANUAL_PHENOCOPY_REVIEW_PENDING	false
GSE261783	GSM8151757	ATTTCACTCGGCTGAC-1	Srcap	Srcap_As_77989	Unstimulated	PROVISIONAL_KEEP_MANUAL_PHENOCOPY_REVIEW_PENDING	false
GSE261783	GSM8151757	CAACCAAGTAATGCGG-1	Srcap	Srcap_As_77989	Unstimulated	PROVISIONAL_KEEP_MANUAL_PHENOCOPY_REVIEW_PENDING	false
GSE261783	GSM8151757	CACGTGGTCTAGATCG-1	Srcap	Srcap_As_77989	Unstimulated	PROVISIONAL_KEEP_MANUAL_PHENOCOPY_REVIEW_PENDING	false
GSE261783	GSM8151757	CCAATGAAGGTTTGAA-1	Srcap	Srcap_As_77989	Unstimulated	PROVISIONAL_KEEP_MANUAL_PHENOCOPY_REVIEW_PENDING	false
GSE261783	GSM8151757	CCGGTGAAGTGATAAC-1	Srcap	Srcap_As_77989	Unstimulated	PROVISIONAL_KEEP_MANUAL_PHENOCOPY_REVIEW_PENDING	false
GSE261783	GSM8151757	CCTCATGCACCTGATA-1	Srcap	Srcap_As_77989	Unstimulated	PROVISIONAL_KEEP_MANUAL_PHENOCOPY_REVIEW_PENDING	false
GSE261783	GSM8151757	CTAAGTGCAGAGCGTA-1	Srcap	Srcap_As_77989	Unstimulated	PROVISIONAL_KEEP_MANUAL_PHENOCOPY_REVIEW_PENDING	false
GSE261783	GSM8151757	CTTCTAACACAGTACT-1	Srcap	Srcap_As_77989	Unstimulated	PROVISIONAL_KEEP_MANUAL_PHENOCOPY_REVIEW_PENDING	false
GSE261783	GSM8151757	GACCCTTAGACTTCGT-1	Srcap	Srcap_As_77989	Unstimulated	PROVISIONAL_KEEP_MANUAL_PHENOCOPY_REVIEW_PENDING	false
GSE261783	GSM8151757	GACGTTAAGCAGGCTA-1	Srcap	Srcap_As_77989	Unstimulated	PROVISIONAL_KEEP_MANUAL_PHENOCOPY_REVIEW_PENDING	false
GSE261783	GSM8151757	GACTGATCAGCAGGAT-1	Srcap	Srcap_As_77989	Unstimulated	PROVISIONAL_KEEP_MANUAL_PHENOCOPY_REVIEW_PENDING	false
GSE261783	GSM8151757	GCAGGCTAGACTTCAC-1	Srcap	Srcap_As_77989	Unstimulated	PROVISIONAL_KEEP_MANUAL_PHENOCOPY_REVIEW_PENDING	false
GSE261783	GSM8151757	GCCATGGTCGTTATCT-1	Srcap	Srcap_As_77989	Unstimulated	PROVISIONAL_KEEP_MANUAL_PHENOCOPY_REVIEW_PENDING	false
GSE261783	GSM8151757	GGGATCCCATTGAGCT-1	Srcap	Srcap_As_77989	Unstimulated	PROVISIONAL_KEEP_MANUAL_PHENOCOPY_REVIEW_PENDING	false
GSE261783	GSM8151757	GTACAGTCAAGAATGT-1	Srcap	Srcap_As_77989	Unstimulated	PROVISIONAL_KEEP_MANUAL_PHENOCOPY_REVIEW_PENDING	false
GSE261783	GSM8151757	GTAGATCGTTGGAGAC-1	Srcap	Srcap_As_77989	Unstimulated	PROVISIONAL_KEEP_MANUAL_PHENOCOPY_REVIEW_PENDING	false
GSE261783	GSM8151757	GTCTAGAGTGTAACGG-1	Srcap	Srcap_As_77989	Unstimulated	PROVISIONAL_KEEP_MANUAL_PHENOCOPY_REVIEW_PENDING	false
GSE261783	GSM8151757	GTGATGTGTATCAGGG-1	Srcap	Srcap_As_77989	Unstimulated	PROVISIONAL_KEEP_MANUAL_PHENOCOPY_REVIEW_PENDING	false
GSE261783	GSM8151757	GTTCGCTGTATGGAAT-1	Srcap	Srcap_As_77989	Unstimulated	PROVISIONAL_KEEP_MANUAL_PHENOCOPY_REVIEW_PENDING	false
GSE261783	GSM8151757	TACGTCCTCTCTCAAT-1	Srcap	Srcap_As_77989	Unstimulated	PROVISIONAL_KEEP_MANUAL_PHENOCOPY_REVIEW_PENDING	false
GSE261783	GSM8151757	TCATGAGCATCCGGCA-1	Srcap	Srcap_As_77989	Unstimulated	PROVISIONAL_KEEP_MANUAL_PHENOCOPY_REVIEW_PENDING	false
GSE261783	GSM8151757	TCGGGACCAGTGGTGA-1	Srcap	Srcap_As_77989	Unstimulated	PROVISIONAL_KEEP_MANUAL_PHENOCOPY_REVIEW_PENDING	false
GSE261783	GSM8151757	TGGTGATAGTCCGTCG-1	Srcap	Srcap_As_77989	Unstimulated	PROVISIONAL_KEEP_MANUAL_PHENOCOPY_REVIEW_PENDING	false
GSE261783	GSM8151757	AAAGTCCAGAGTCAGC-1	Tfpt	Tfpt_As_10465	Unstimulated	PROVISIONAL_KEEP_MANUAL_PHENOCOPY_REVIEW_PENDING	false
GSE261783	GSM8151757	AACAGGGCACACCTAA-1	Tfpt	Tfpt_As_10465	Unstimulated	PROVISIONAL_KEEP_MANUAL_PHENOCOPY_REVIEW_PENDING	false
GSE261783	GSM8151757	ACGTCCTCAATCCAGT-1	Tfpt	Tfpt_As_10465	Unstimulated	PROVISIONAL_KEEP_MANUAL_PHENOCOPY_REVIEW_PENDING	false
GSE261783	GSM8151757	AGAAGTACAGCGTTTA-1	Tfpt	Tfpt_As_10465	Unstimulated	PROVISIONAL_KEEP_MANUAL_PHENOCOPY_REVIEW_PENDING	false
GSE261783	GSM8151757	AGAGAATGTCTAGATC-1	Tfpt	Tfpt_As_10465	Unstimulated	PROVISIONAL_KEEP_MANUAL_PHENOCOPY_REVIEW_PENDING	false
GSE261783	GSM8151757	AGCCAGCAGTTGCCCG-1	Tfpt	Tfpt_As_10465	Unstimulated	PROVISIONAL_KEEP_MANUAL_PHENOCOPY_REVIEW_PENDING	false
GSE261783	GSM8151757	AGGAGGTTCACTTTGT-1	Tfpt	Tfpt_As_10465	Unstimulated	PROVISIONAL_KEEP_MANUAL_PHENOCOPY_REVIEW_PENDING	false
GSE261783	GSM8151757	AGGGTCCCAATGACCT-1	Tfpt	Tfpt_As_10465	Unstimulated	PROVISIONAL_KEEP_MANUAL_PHENOCOPY_REVIEW_PENDING	false
GSE261783	GSM8151757	AGTTCCCGTGCGTCGT-1	Tfpt	Tfpt_As_10465	Unstimulated	PROVISIONAL_KEEP_MANUAL_PHENOCOPY_REVIEW_PENDING	false
GSE261783	GSM8151757	ATCTCTATCTGTGTGA-1	Tfpt	Tfpt_As_10465	Unstimulated	PROVISIONAL_KEEP_MANUAL_PHENOCOPY_REVIEW_PENDING	false
GSE261783	GSM8151757	ATTACTCCATGCGGTC-1	Tfpt	Tfpt_As_10465	Unstimulated	PROVISIONAL_KEEP_MANUAL_PHENOCOPY_REVIEW_PENDING	false
GSE261783	GSM8151757	CAAAGAATCTAGGCAT-1	Tfpt	Tfpt_As_10465	Unstimulated	PROVISIONAL_KEEP_MANUAL_PHENOCOPY_REVIEW_PENDING	false
GSE261783	GSM8151757	CAATGACTCTCTGACC-1	Tfpt	Tfpt_As_10465	Unstimulated	PROVISIONAL_KEEP_MANUAL_PHENOCOPY_REVIEW_PENDING	false
GSE261783	GSM8151757	CACACAAAGTGGAAAG-1	Tfpt	Tfpt_As_10465	Unstimulated	PROVISIONAL_KEEP_MANUAL_PHENOCOPY_REVIEW_PENDING	false
GSE261783	GSM8151757	CACCGTTGTGATATAG-1	Tfpt	Tfpt_As_10465	Unstimulated	PROVISIONAL_KEEP_MANUAL_PHENOCOPY_REVIEW_PENDING	false
GSE261783	GSM8151757	CATAGACAGTACCCTA-1	Tfpt	Tfpt_As_10465	Unstimulated	PROVISIONAL_KEEP_MANUAL_PHENOCOPY_REVIEW_PENDING	false
GSE261783	GSM8151757	CATAGACGTGTCATTG-1	Tfpt	Tfpt_As_10465	Unstimulated	PROVISIONAL_KEEP_MANUAL_PHENOCOPY_REVIEW_PENDING	false
GSE261783	GSM8151757	CGAAGTTAGAGGTCAC-1	Tfpt	Tfpt_As_10465	Unstimulated	PROVISIONAL_KEEP_MANUAL_PHENOCOPY_REVIEW_PENDING	false
GSE261783	GSM8151757	CGCCAGACAAGTGACG-1	Tfpt	Tfpt_As_10465	Unstimulated	PROVISIONAL_KEEP_MANUAL_PHENOCOPY_REVIEW_PENDING	false
GSE261783	GSM8151757	CGTAATGTCGAGAATA-1	Tfpt	Tfpt_As_10465	Unstimulated	PROVISIONAL_KEEP_MANUAL_PHENOCOPY_REVIEW_PENDING	false
GSE261783	GSM8151757	CGTCCATAGCGAAACC-1	Tfpt	Tfpt_As_10465	Unstimulated	PROVISIONAL_KEEP_MANUAL_PHENOCOPY_REVIEW_PENDING	false
GSE261783	GSM8151757	CTATCCGCACCCTGTT-1	Tfpt	Tfpt_As_10465	Unstimulated	PROVISIONAL_KEEP_MANUAL_PHENOCOPY_REVIEW_PENDING	false
GSE261783	GSM8151757	CTGAGGCCATTCAGGT-1	Tfpt	Tfpt_As_10465	Unstimulated	PROVISIONAL_KEEP_MANUAL_PHENOCOPY_REVIEW_PENDING	false
GSE261783	GSM8151757	CTGCTCAGTGCAACAG-1	Tfpt	Tfpt_As_10465	Unstimulated	PROVISIONAL_KEEP_MANUAL_PHENOCOPY_REVIEW_PENDING	false
GSE261783	GSM8151757	CTGCTCATCTTTCCAA-1	Tfpt	Tfpt_As_10465	Unstimulated	PROVISIONAL_KEEP_MANUAL_PHENOCOPY_REVIEW_PENDING	false
GSE261783	GSM8151757	GAGCCTGGTGAACTAA-1	Tfpt	Tfpt_As_10465	Unstimulated	PROVISIONAL_KEEP_MANUAL_PHENOCOPY_REVIEW_PENDING	false
GSE261783	GSM8151757	GATTGGTCATCGGAAG-1	Tfpt	Tfpt_As_10465	Unstimulated	PROVISIONAL_KEEP_MANUAL_PHENOCOPY_REVIEW_PENDING	false
GSE261783	GSM8151757	GATTGGTGTGCTATTG-1	Tfpt	Tfpt_As_10465	Unstimulated	PROVISIONAL_KEEP_MANUAL_PHENOCOPY_REVIEW_PENDING	false
GSE261783	GSM8151757	GCAGTTAGTCACCGAC-1	Tfpt	Tfpt_As_10465	Unstimulated	PROVISIONAL_KEEP_MANUAL_PHENOCOPY_REVIEW_PENDING	false
GSE261783	GSM8151757	GCCAGGTTCTAGTTCT-1	Tfpt	Tfpt_As_10465	Unstimulated	PROVISIONAL_KEEP_MANUAL_PHENOCOPY_REVIEW_PENDING	false
GSE261783	GSM8151757	GCCTGTTTCTCGCTTG-1	Tfpt	Tfpt_As_10465	Unstimulated	PROVISIONAL_KEEP_MANUAL_PHENOCOPY_REVIEW_PENDING	false
GSE261783	GSM8151757	GCTTGGGAGACCATGG-1	Tfpt	Tfpt_As_10465	Unstimulated	PROVISIONAL_KEEP_MANUAL_PHENOCOPY_REVIEW_PENDING	false
GSE261783	GSM8151757	GGAGGTAGTCTGGTTA-1	Tfpt	Tfpt_As_10465	Unstimulated	PROVISIONAL_KEEP_MANUAL_PHENOCOPY_REVIEW_PENDING	false
GSE261783	GSM8151757	GGGTGAATCGCTCTAC-1	Tfpt	Tfpt_As_10465	Unstimulated	PROVISIONAL_KEEP_MANUAL_PHENOCOPY_REVIEW_PENDING	false
GSE261783	GSM8151757	GGTCTGGCAATAGGGC-1	Tfpt	Tfpt_As_10465	Unstimulated	PROVISIONAL_KEEP_MANUAL_PHENOCOPY_REVIEW_PENDING	false
GSE261783	GSM8151757	GTAACACAGCGAAACC-1	Tfpt	Tfpt_As_10465	Unstimulated	PROVISIONAL_KEEP_MANUAL_PHENOCOPY_REVIEW_PENDING	false
GSE261783	GSM8151757	GTAACCATCAAGCCAT-1	Tfpt	Tfpt_As_10465	Unstimulated	PROVISIONAL_KEEP_MANUAL_PHENOCOPY_REVIEW_PENDING	false
GSE261783	GSM8151757	GTCACTCCAATACCTG-1	Tfpt	Tfpt_As_10465	Unstimulated	PROVISIONAL_KEEP_MANUAL_PHENOCOPY_REVIEW_PENDING	false
GSE261783	GSM8151757	GTCTACCAGCAAGTCG-1	Tfpt	Tfpt_As_10465	Unstimulated	PROVISIONAL_KEEP_MANUAL_PHENOCOPY_REVIEW_PENDING	false
GSE261783	GSM8151757	GTCTCACGTGGAACAC-1	Tfpt	Tfpt_As_10465	Unstimulated	PROVISIONAL_KEEP_MANUAL_PHENOCOPY_REVIEW_PENDING	false
GSE261783	GSM8151757	TAACACGTCTCTCTAA-1	Tfpt	Tfpt_As_10465	Unstimulated	PROVISIONAL_KEEP_MANUAL_PHENOCOPY_REVIEW_PENDING	false
GSE261783	GSM8151757	TCATGGAAGACTTAAG-1	Tfpt	Tfpt_As_10465	Unstimulated	PROVISIONAL_KEEP_MANUAL_PHENOCOPY_REVIEW_PENDING	false
GSE261783	GSM8151757	TCCCAGTAGCATATGA-1	Tfpt	Tfpt_As_10465	Unstimulated	PROVISIONAL_KEEP_MANUAL_PHENOCOPY_REVIEW_PENDING	false
GSE261783	GSM8151757	TCCCAGTCACCGTGGT-1	Tfpt	Tfpt_As_10465	Unstimulated	PROVISIONAL_KEEP_MANUAL_PHENOCOPY_REVIEW_PENDING	false
GSE261783	GSM8151757	TGCTGAAAGTAATACG-1	Tfpt	Tfpt_As_10465	Unstimulated	PROVISIONAL_KEEP_MANUAL_PHENOCOPY_REVIEW_PENDING	false
GSE261783	GSM8151757	TGGGCGTGTGAACGGT-1	Tfpt	Tfpt_As_10465	Unstimulated	PROVISIONAL_KEEP_MANUAL_PHENOCOPY_REVIEW_PENDING	false
GSE261783	GSM8151757	TGGGCTGGTACAGTAA-1	Tfpt	Tfpt_As_10465	Unstimulated	PROVISIONAL_KEEP_MANUAL_PHENOCOPY_REVIEW_PENDING	false
GSE261783	GSM8151757	TGGGCTGTCATCCTGC-1	Tfpt	Tfpt_As_10465	Unstimulated	PROVISIONAL_KEEP_MANUAL_PHENOCOPY_REVIEW_PENDING	false
GSE261783	GSM8151757	TTACGTTTCAGCGGAA-1	Tfpt	Tfpt_As_10465	Unstimulated	PROVISIONAL_KEEP_MANUAL_PHENOCOPY_REVIEW_PENDING	false
GSE261783	GSM8151757	TTAGGGTCATAGACTC-1	Tfpt	Tfpt_As_10465	Unstimulated	PROVISIONAL_KEEP_MANUAL_PHENOCOPY_REVIEW_PENDING	false
GSE261783	GSM8151757	TTCATTGCAAGTGATA-1	Tfpt	Tfpt_As_10465	Unstimulated	PROVISIONAL_KEEP_MANUAL_PHENOCOPY_REVIEW_PENDING	false
GSE261783	GSM8151757	TTCCAATGTATCACCA-1	Tfpt	Tfpt_As_10465	Unstimulated	PROVISIONAL_KEEP_MANUAL_PHENOCOPY_REVIEW_PENDING	false
GSE261783	GSM8151757	TTGATGGGTGACTCGC-1	Tfpt	Tfpt_As_10465	Unstimulated	PROVISIONAL_KEEP_MANUAL_PHENOCOPY_REVIEW_PENDING	false
GSE261783	GSM8151757	TTGGGCGTCCCATACC-1	Tfpt	Tfpt_As_10465	Unstimulated	PROVISIONAL_KEEP_MANUAL_PHENOCOPY_REVIEW_PENDING	false
GSE261783	GSM8151757	TTTACGTGTAGTGATA-1	Tfpt	Tfpt_As_10465	Unstimulated	PROVISIONAL_KEEP_MANUAL_PHENOCOPY_REVIEW_PENDING	false
GSE261783	GSM8151757	AACCACAAGTAACGAT-1	Tfpt	Tfpt_As_10466	Unstimulated	PROVISIONAL_KEEP_MANUAL_PHENOCOPY_REVIEW_PENDING	false
GSE261783	GSM8151757	AACGTCAAGTGGATAT-1	Tfpt	Tfpt_As_10466	Unstimulated	PROVISIONAL_KEEP_MANUAL_PHENOCOPY_REVIEW_PENDING	false
GSE261783	GSM8151757	AACTTCTAGCAATTCC-1	Tfpt	Tfpt_As_10466	Unstimulated	PROVISIONAL_KEEP_MANUAL_PHENOCOPY_REVIEW_PENDING	false
GSE261783	GSM8151757	ACAGAAATCAGCCCAG-1	Tfpt	Tfpt_As_10466	Unstimulated	PROVISIONAL_KEEP_MANUAL_PHENOCOPY_REVIEW_PENDING	false
GSE261783	GSM8151757	AGGGAGTCAGCTGTGC-1	Tfpt	Tfpt_As_10466	Unstimulated	PROVISIONAL_KEEP_MANUAL_PHENOCOPY_REVIEW_PENDING	false
GSE261783	GSM8151757	AGTACCATCCGTCAAA-1	Tfpt	Tfpt_As_10466	Unstimulated	PROVISIONAL_KEEP_MANUAL_PHENOCOPY_REVIEW_PENDING	false
GSE261783	GSM8151757	AGTAGTCGTCAGGTGA-1	Tfpt	Tfpt_As_10466	Unstimulated	PROVISIONAL_KEEP_MANUAL_PHENOCOPY_REVIEW_PENDING	false
GSE261783	GSM8151757	AGTGATCCATACCATG-1	Tfpt	Tfpt_As_10466	Unstimulated	PROVISIONAL_KEEP_MANUAL_PHENOCOPY_REVIEW_PENDING	false
GSE261783	GSM8151757	ATAGAGATCTTGAGCA-1	Tfpt	Tfpt_As_10466	Unstimulated	PROVISIONAL_KEEP_MANUAL_PHENOCOPY_REVIEW_PENDING	false
GSE261783	GSM8151757	ATAGGCTGTACTGCGC-1	Tfpt	Tfpt_As_10466	Unstimulated	PROVISIONAL_KEEP_MANUAL_PHENOCOPY_REVIEW_PENDING	false
GSE261783	GSM8151757	ATGGGTTGTCATCGCG-1	Tfpt	Tfpt_As_10466	Unstimulated	PROVISIONAL_KEEP_MANUAL_PHENOCOPY_REVIEW_PENDING	false
GSE261783	GSM8151757	ATTCATCTCGAGTCTA-1	Tfpt	Tfpt_As_10466	Unstimulated	PROVISIONAL_KEEP_MANUAL_PHENOCOPY_REVIEW_PENDING	false
GSE261783	GSM8151757	ATTGGGTAGCGCTTCG-1	Tfpt	Tfpt_As_10466	Unstimulated	PROVISIONAL_KEEP_MANUAL_PHENOCOPY_REVIEW_PENDING	false
GSE261783	GSM8151757	CAAAGAAAGCCGTTAT-1	Tfpt	Tfpt_As_10466	Unstimulated	PROVISIONAL_KEEP_MANUAL_PHENOCOPY_REVIEW_PENDING	false
GSE261783	GSM8151757	CAACCAAGTACTGAGG-1	Tfpt	Tfpt_As_10466	Unstimulated	PROVISIONAL_KEEP_MANUAL_PHENOCOPY_REVIEW_PENDING	false
GSE261783	GSM8151757	CACAGGCAGCACACCC-1	Tfpt	Tfpt_As_10466	Unstimulated	PROVISIONAL_KEEP_MANUAL_PHENOCOPY_REVIEW_PENDING	false
GSE261783	GSM8151757	CACGAATCAAAGAGTT-1	Tfpt	Tfpt_As_10466	Unstimulated	PROVISIONAL_KEEP_MANUAL_PHENOCOPY_REVIEW_PENDING	false
GSE261783	GSM8151757	CATACCCCATCTAGAC-1	Tfpt	Tfpt_As_10466	Unstimulated	PROVISIONAL_KEEP_MANUAL_PHENOCOPY_REVIEW_PENDING	false
GSE261783	GSM8151757	CCAATGAAGCGTTACT-1	Tfpt	Tfpt_As_10466	Unstimulated	PROVISIONAL_KEEP_MANUAL_PHENOCOPY_REVIEW_PENDING	false
GSE261783	GSM8151757	CCGGGTAAGAATCCCT-1	Tfpt	Tfpt_As_10466	Unstimulated	PROVISIONAL_KEEP_MANUAL_PHENOCOPY_REVIEW_PENDING	false
GSE261783	GSM8151757	CCGGTAGGTTGCCGCA-1	Tfpt	Tfpt_As_10466	Unstimulated	PROVISIONAL_KEEP_MANUAL_PHENOCOPY_REVIEW_PENDING	false
GSE261783	GSM8151757	CCGTGAGAGTTCCTGA-1	Tfpt	Tfpt_As_10466	Unstimulated	PROVISIONAL_KEEP_MANUAL_PHENOCOPY_REVIEW_PENDING	false
GSE261783	GSM8151757	CCTATCGCAATACCCA-1	Tfpt	Tfpt_As_10466	Unstimulated	PROVISIONAL_KEEP_MANUAL_PHENOCOPY_REVIEW_PENDING	false
GSE261783	GSM8151757	CTATCCGGTGATAGTA-1	Tfpt	Tfpt_As_10466	Unstimulated	PROVISIONAL_KEEP_MANUAL_PHENOCOPY_REVIEW_PENDING	false
GSE261783	GSM8151757	CTATCTATCAAGATAG-1	Tfpt	Tfpt_As_10466	Unstimulated	PROVISIONAL_KEEP_MANUAL_PHENOCOPY_REVIEW_PENDING	false
GSE261783	GSM8151757	CTCAGTCCATTGGGAG-1	Tfpt	Tfpt_As_10466	Unstimulated	PROVISIONAL_KEEP_MANUAL_PHENOCOPY_REVIEW_PENDING	false
GSE261783	GSM8151757	CTCGAGGGTCAGACGA-1	Tfpt	Tfpt_As_10466	Unstimulated	PROVISIONAL_KEEP_MANUAL_PHENOCOPY_REVIEW_PENDING	false
GSE261783	GSM8151757	CTGTCGTAGCGTATGG-1	Tfpt	Tfpt_As_10466	Unstimulated	PROVISIONAL_KEEP_MANUAL_PHENOCOPY_REVIEW_PENDING	false
GSE261783	GSM8151757	CTGTGGGGTATGACAA-1	Tfpt	Tfpt_As_10466	Unstimulated	PROVISIONAL_KEEP_MANUAL_PHENOCOPY_REVIEW_PENDING	false
GSE261783	GSM8151757	CTTCTCTAGGTCGTAG-1	Tfpt	Tfpt_As_10466	Unstimulated	PROVISIONAL_KEEP_MANUAL_PHENOCOPY_REVIEW_PENDING	false
GSE261783	GSM8151757	GAATCACAGTCGAGGT-1	Tfpt	Tfpt_As_10466	Unstimulated	PROVISIONAL_KEEP_MANUAL_PHENOCOPY_REVIEW_PENDING	false
GSE261783	GSM8151757	GACCTTCGTAAGGCTG-1	Tfpt	Tfpt_As_10466	Unstimulated	PROVISIONAL_KEEP_MANUAL_PHENOCOPY_REVIEW_PENDING	false
GSE261783	GSM8151757	GACGCTGAGACGATAT-1	Tfpt	Tfpt_As_10466	Unstimulated	PROVISIONAL_KEEP_MANUAL_PHENOCOPY_REVIEW_PENDING	false
GSE261783	GSM8151757	GAGTTTGAGGGCAACT-1	Tfpt	Tfpt_As_10466	Unstimulated	PROVISIONAL_KEEP_MANUAL_PHENOCOPY_REVIEW_PENDING	false
GSE261783	GSM8151757	GCACATAGTCTTGAGT-1	Tfpt	Tfpt_As_10466	Unstimulated	PROVISIONAL_KEEP_MANUAL_PHENOCOPY_REVIEW_PENDING	false
GSE261783	GSM8151757	GCACTAACAGTTGTTG-1	Tfpt	Tfpt_As_10466	Unstimulated	PROVISIONAL_KEEP_MANUAL_PHENOCOPY_REVIEW_PENDING	false
GSE261783	GSM8151757	GCAGCTGGTGAAGCGT-1	Tfpt	Tfpt_As_10466	Unstimulated	PROVISIONAL_KEEP_MANUAL_PHENOCOPY_REVIEW_PENDING	false
GSE261783	GSM8151757	GCAGGCTTCCTCACGT-1	Tfpt	Tfpt_As_10466	Unstimulated	PROVISIONAL_KEEP_MANUAL_PHENOCOPY_REVIEW_PENDING	false
GSE261783	GSM8151757	GCTGGGTTCACCCTTG-1	Tfpt	Tfpt_As_10466	Unstimulated	PROVISIONAL_KEEP_MANUAL_PHENOCOPY_REVIEW_PENDING	false
GSE261783	GSM8151757	GGAGCAACACTAACCA-1	Tfpt	Tfpt_As_10466	Unstimulated	PROVISIONAL_KEEP_MANUAL_PHENOCOPY_REVIEW_PENDING	false
GSE261783	GSM8151757	GGATCTAAGAGCCGTA-1	Tfpt	Tfpt_As_10466	Unstimulated	PROVISIONAL_KEEP_MANUAL_PHENOCOPY_REVIEW_PENDING	false
GSE261783	GSM8151757	GGATGTTGTCGTGTTA-1	Tfpt	Tfpt_As_10466	Unstimulated	PROVISIONAL_KEEP_MANUAL_PHENOCOPY_REVIEW_PENDING	false
GSE261783	GSM8151757	GGCTGTGGTCCATCTC-1	Tfpt	Tfpt_As_10466	Unstimulated	PROVISIONAL_KEEP_MANUAL_PHENOCOPY_REVIEW_PENDING	false
GSE261783	GSM8151757	GGGATCCGTGTCATTG-1	Tfpt	Tfpt_As_10466	Unstimulated	PROVISIONAL_KEEP_MANUAL_PHENOCOPY_REVIEW_PENDING	false
GSE261783	GSM8151757	GGTCACGGTCTGTGAT-1	Tfpt	Tfpt_As_10466	Unstimulated	PROVISIONAL_KEEP_MANUAL_PHENOCOPY_REVIEW_PENDING	false
GSE261783	GSM8151757	GTGAGGACAGTTGCGC-1	Tfpt	Tfpt_As_10466	Unstimulated	PROVISIONAL_KEEP_MANUAL_PHENOCOPY_REVIEW_PENDING	false
GSE261783	GSM8151757	GTGCTGGCACAGCTTA-1	Tfpt	Tfpt_As_10466	Unstimulated	PROVISIONAL_KEEP_MANUAL_PHENOCOPY_REVIEW_PENDING	false
GSE261783	GSM8151757	GTGTAACAGTTAGTGA-1	Tfpt	Tfpt_As_10466	Unstimulated	PROVISIONAL_KEEP_MANUAL_PHENOCOPY_REVIEW_PENDING	false
GSE261783	GSM8151757	TAACGACAGTGTCATC-1	Tfpt	Tfpt_As_10466	Unstimulated	PROVISIONAL_KEEP_MANUAL_PHENOCOPY_REVIEW_PENDING	false
GSE261783	GSM8151757	TACACCCAGTCTGGAG-1	Tfpt	Tfpt_As_10466	Unstimulated	PROVISIONAL_KEEP_MANUAL_PHENOCOPY_REVIEW_PENDING	false
GSE261783	GSM8151757	TAGAGTCTCTACCTTA-1	Tfpt	Tfpt_As_10466	Unstimulated	PROVISIONAL_KEEP_MANUAL_PHENOCOPY_REVIEW_PENDING	false
GSE261783	GSM8151757	TATTGGGGTAGTCTTG-1	Tfpt	Tfpt_As_10466	Unstimulated	PROVISIONAL_KEEP_MANUAL_PHENOCOPY_REVIEW_PENDING	false
GSE261783	GSM8151757	TCAGGTATCGGACTTA-1	Tfpt	Tfpt_As_10466	Unstimulated	PROVISIONAL_KEEP_MANUAL_PHENOCOPY_REVIEW_PENDING	false
GSE261783	GSM8151757	TCAGTTTCAGACTGCC-1	Tfpt	Tfpt_As_10466	Unstimulated	PROVISIONAL_KEEP_MANUAL_PHENOCOPY_REVIEW_PENDING	false
GSE261783	GSM8151757	TCCCAGTGTTGGTAGG-1	Tfpt	Tfpt_As_10466	Unstimulated	PROVISIONAL_KEEP_MANUAL_PHENOCOPY_REVIEW_PENDING	false
GSE261783	GSM8151757	TCGACCTCAAGACTGG-1	Tfpt	Tfpt_As_10466	Unstimulated	PROVISIONAL_KEEP_MANUAL_PHENOCOPY_REVIEW_PENDING	false
GSE261783	GSM8151757	TCGCTTGCAAGCTGTT-1	Tfpt	Tfpt_As_10466	Unstimulated	PROVISIONAL_KEEP_MANUAL_PHENOCOPY_REVIEW_PENDING	false
GSE261783	GSM8151757	TCGGATATCACCCTTG-1	Tfpt	Tfpt_As_10466	Unstimulated	PROVISIONAL_KEEP_MANUAL_PHENOCOPY_REVIEW_PENDING	false
GSE261783	GSM8151757	TCTATACCACCGCTAG-1	Tfpt	Tfpt_As_10466	Unstimulated	PROVISIONAL_KEEP_MANUAL_PHENOCOPY_REVIEW_PENDING	false
GSE261783	GSM8151757	TCTATCATCCCGTTGT-1	Tfpt	Tfpt_As_10466	Unstimulated	PROVISIONAL_KEEP_MANUAL_PHENOCOPY_REVIEW_PENDING	false
GSE261783	GSM8151757	TGAACGTGTTACGATC-1	Tfpt	Tfpt_As_10466	Unstimulated	PROVISIONAL_KEEP_MANUAL_PHENOCOPY_REVIEW_PENDING	false
GSE261783	GSM8151757	TGGGATTCATGACTGT-1	Tfpt	Tfpt_As_10466	Unstimulated	PROVISIONAL_KEEP_MANUAL_PHENOCOPY_REVIEW_PENDING	false
GSE261783	GSM8151757	TGTTCATGTCGAGCAA-1	Tfpt	Tfpt_As_10466	Unstimulated	PROVISIONAL_KEEP_MANUAL_PHENOCOPY_REVIEW_PENDING	false
GSE261783	GSM8151757	TTAGGGTTCGGTATGT-1	Tfpt	Tfpt_As_10466	Unstimulated	PROVISIONAL_KEEP_MANUAL_PHENOCOPY_REVIEW_PENDING	false
GSE261783	GSM8151757	TTCAGGAAGCCTATTG-1	Tfpt	Tfpt_As_10466	Unstimulated	PROVISIONAL_KEEP_MANUAL_PHENOCOPY_REVIEW_PENDING	false
GSE261783	GSM8151757	TTCGCTGAGATAGTGT-1	Tfpt	Tfpt_As_10466	Unstimulated	PROVISIONAL_KEEP_MANUAL_PHENOCOPY_REVIEW_PENDING	false
GSE261783	GSM8151757	TTGACCCGTTTAAGGA-1	Tfpt	Tfpt_As_10466	Unstimulated	PROVISIONAL_KEEP_MANUAL_PHENOCOPY_REVIEW_PENDING	false
GSE261783	GSM8151757	TTGCCTGAGCCGATAG-1	Tfpt	Tfpt_As_10466	Unstimulated	PROVISIONAL_KEEP_MANUAL_PHENOCOPY_REVIEW_PENDING	false
GSE261783	GSM8151757	TTGGTTTTCAAGTCTG-1	Tfpt	Tfpt_As_10466	Unstimulated	PROVISIONAL_KEEP_MANUAL_PHENOCOPY_REVIEW_PENDING	false
GSE261783	GSM8151757	TTTACGTCACGATTCA-1	Tfpt	Tfpt_As_10466	Unstimulated	PROVISIONAL_KEEP_MANUAL_PHENOCOPY_REVIEW_PENDING	false
GSE261783	GSM8151757	TTTACTGGTGCCTTTC-1	Tfpt	Tfpt_As_10466	Unstimulated	PROVISIONAL_KEEP_MANUAL_PHENOCOPY_REVIEW_PENDING	false
GSE261783	GSM8151757	TTTCAGTGTACAAAGT-1	Tfpt	Tfpt_As_10466	Unstimulated	PROVISIONAL_KEEP_MANUAL_PHENOCOPY_REVIEW_PENDING	false
GSE261783	GSM8151757	AAGGAATGTGAATGTA-1	Wdr82	Wdr82_As_3096	Unstimulated	PROVISIONAL_KEEP_MANUAL_PHENOCOPY_REVIEW_PENDING	false
GSE261783	GSM8151757	AATCGTGCAGTCCCGA-1	Wdr82	Wdr82_As_3096	Unstimulated	PROVISIONAL_KEEP_MANUAL_PHENOCOPY_REVIEW_PENDING	false
GSE261783	GSM8151757	ACATCCCTCGACCTAA-1	Wdr82	Wdr82_As_3096	Unstimulated	PROVISIONAL_KEEP_MANUAL_PHENOCOPY_REVIEW_PENDING	false
GSE261783	GSM8151757	ACCATTTTCGCGTGCA-1	Wdr82	Wdr82_As_3096	Unstimulated	PROVISIONAL_KEEP_MANUAL_PHENOCOPY_REVIEW_PENDING	false
GSE261783	GSM8151757	ACGTAACTCCACTAGA-1	Wdr82	Wdr82_As_3096	Unstimulated	PROVISIONAL_KEEP_MANUAL_PHENOCOPY_REVIEW_PENDING	false
GSE261783	GSM8151757	ACTTCCGTCACGGACC-1	Wdr82	Wdr82_As_3096	Unstimulated	PROVISIONAL_KEEP_MANUAL_PHENOCOPY_REVIEW_PENDING	false
GSE261783	GSM8151757	AGACCCGAGAAGTCTA-1	Wdr82	Wdr82_As_3096	Unstimulated	PROVISIONAL_KEEP_MANUAL_PHENOCOPY_REVIEW_PENDING	false
GSE261783	GSM8151757	AGACCCGGTTACCTTT-1	Wdr82	Wdr82_As_3096	Unstimulated	PROVISIONAL_KEEP_MANUAL_PHENOCOPY_REVIEW_PENDING	false
GSE261783	GSM8151757	AGTCAACAGTGACACG-1	Wdr82	Wdr82_As_3096	Unstimulated	PROVISIONAL_KEEP_MANUAL_PHENOCOPY_REVIEW_PENDING	false
GSE261783	GSM8151757	ATCCATTGTCCCGGTA-1	Wdr82	Wdr82_As_3096	Unstimulated	PROVISIONAL_KEEP_MANUAL_PHENOCOPY_REVIEW_PENDING	false
GSE261783	GSM8151757	ATGAGTCAGTAACAGT-1	Wdr82	Wdr82_As_3096	Unstimulated	PROVISIONAL_KEEP_MANUAL_PHENOCOPY_REVIEW_PENDING	false
GSE261783	GSM8151757	CAATACGCAAGAGAGA-1	Wdr82	Wdr82_As_3096	Unstimulated	PROVISIONAL_KEEP_MANUAL_PHENOCOPY_REVIEW_PENDING	false
GSE261783	GSM8151757	CATCGTCTCCGTGGGT-1	Wdr82	Wdr82_As_3096	Unstimulated	PROVISIONAL_KEEP_MANUAL_PHENOCOPY_REVIEW_PENDING	false
GSE261783	GSM8151757	CATGGTATCATCGTAG-1	Wdr82	Wdr82_As_3096	Unstimulated	PROVISIONAL_KEEP_MANUAL_PHENOCOPY_REVIEW_PENDING	false
GSE261783	GSM8151757	CCCTCAAGTGGCCCAT-1	Wdr82	Wdr82_As_3096	Unstimulated	PROVISIONAL_KEEP_MANUAL_PHENOCOPY_REVIEW_PENDING	false
GSE261783	GSM8151757	CCGTTCATCTAACACG-1	Wdr82	Wdr82_As_3096	Unstimulated	PROVISIONAL_KEEP_MANUAL_PHENOCOPY_REVIEW_PENDING	false
GSE261783	GSM8151757	CCTCTAGGTCAAACGG-1	Wdr82	Wdr82_As_3096	Unstimulated	PROVISIONAL_KEEP_MANUAL_PHENOCOPY_REVIEW_PENDING	false
GSE261783	GSM8151757	CTAACTTGTATCAGCT-1	Wdr82	Wdr82_As_3096	Unstimulated	PROVISIONAL_KEEP_MANUAL_PHENOCOPY_REVIEW_PENDING	false
GSE261783	GSM8151757	CTACATTAGACATACA-1	Wdr82	Wdr82_As_3096	Unstimulated	PROVISIONAL_KEEP_MANUAL_PHENOCOPY_REVIEW_PENDING	false
GSE261783	GSM8151757	CTCATTACAGAGTCAG-1	Wdr82	Wdr82_As_3096	Unstimulated	PROVISIONAL_KEEP_MANUAL_PHENOCOPY_REVIEW_PENDING	false
GSE261783	GSM8151757	CTGCCATTCTGCTCTG-1	Wdr82	Wdr82_As_3096	Unstimulated	PROVISIONAL_KEEP_MANUAL_PHENOCOPY_REVIEW_PENDING	false
GSE261783	GSM8151757	CTGTAGATCCGGCAGT-1	Wdr82	Wdr82_As_3096	Unstimulated	PROVISIONAL_KEEP_MANUAL_PHENOCOPY_REVIEW_PENDING	false
GSE261783	GSM8151757	CTGTATTTCTAGTTCT-1	Wdr82	Wdr82_As_3096	Unstimulated	PROVISIONAL_KEEP_MANUAL_PHENOCOPY_REVIEW_PENDING	false
GSE261783	GSM8151757	GTGGAGACAGCATCTA-1	Wdr82	Wdr82_As_3096	Unstimulated	PROVISIONAL_KEEP_MANUAL_PHENOCOPY_REVIEW_PENDING	false
GSE261783	GSM8151757	TAATCTCAGGAGCTGT-1	Wdr82	Wdr82_As_3096	Unstimulated	PROVISIONAL_KEEP_MANUAL_PHENOCOPY_REVIEW_PENDING	false
GSE261783	GSM8151757	TAGAGTCTCTGCGGAC-1	Wdr82	Wdr82_As_3096	Unstimulated	PROVISIONAL_KEEP_MANUAL_PHENOCOPY_REVIEW_PENDING	false
GSE261783	GSM8151757	TCAAGACCACTATCGA-1	Wdr82	Wdr82_As_3096	Unstimulated	PROVISIONAL_KEEP_MANUAL_PHENOCOPY_REVIEW_PENDING	false
GSE261783	GSM8151757	TCCGAAAGTGTCTAAC-1	Wdr82	Wdr82_As_3096	Unstimulated	PROVISIONAL_KEEP_MANUAL_PHENOCOPY_REVIEW_PENDING	false
GSE261783	GSM8151757	TCGCTCATCAGCGGAA-1	Wdr82	Wdr82_As_3096	Unstimulated	PROVISIONAL_KEEP_MANUAL_PHENOCOPY_REVIEW_PENDING	false
GSE261783	GSM8151757	TCGGGTGGTCCTTTGC-1	Wdr82	Wdr82_As_3096	Unstimulated	PROVISIONAL_KEEP_MANUAL_PHENOCOPY_REVIEW_PENDING	false
GSE261783	GSM8151757	TGGGAGAAGACATATG-1	Wdr82	Wdr82_As_3096	Unstimulated	PROVISIONAL_KEEP_MANUAL_PHENOCOPY_REVIEW_PENDING	false
GSE261783	GSM8151757	AATGACCCATCATCTT-1	Wdr82	Wdr82_As_3097	Unstimulated	PROVISIONAL_KEEP_MANUAL_PHENOCOPY_REVIEW_PENDING	false
GSE261783	GSM8151757	ACCCTCAGTTGCCATA-1	Wdr82	Wdr82_As_3097	Unstimulated	PROVISIONAL_KEEP_MANUAL_PHENOCOPY_REVIEW_PENDING	false
GSE261783	GSM8151757	ACCTGTCTCATTTCCA-1	Wdr82	Wdr82_As_3097	Unstimulated	PROVISIONAL_KEEP_MANUAL_PHENOCOPY_REVIEW_PENDING	false
GSE261783	GSM8151757	ACTCTCGCACATTCGA-1	Wdr82	Wdr82_As_3097	Unstimulated	PROVISIONAL_KEEP_MANUAL_PHENOCOPY_REVIEW_PENDING	false
GSE261783	GSM8151757	AGACACTGTCCATCTC-1	Wdr82	Wdr82_As_3097	Unstimulated	PROVISIONAL_KEEP_MANUAL_PHENOCOPY_REVIEW_PENDING	false
GSE261783	GSM8151757	AGCCACGAGCTCACTA-1	Wdr82	Wdr82_As_3097	Unstimulated	PROVISIONAL_KEEP_MANUAL_PHENOCOPY_REVIEW_PENDING	false
GSE261783	GSM8151757	AGGGTCCAGAAGTGTT-1	Wdr82	Wdr82_As_3097	Unstimulated	PROVISIONAL_KEEP_MANUAL_PHENOCOPY_REVIEW_PENDING	false
GSE261783	GSM8151757	ATACTTCGTTGTGTAC-1	Wdr82	Wdr82_As_3097	Unstimulated	PROVISIONAL_KEEP_MANUAL_PHENOCOPY_REVIEW_PENDING	false
GSE261783	GSM8151757	CGTAATGGTTTCACTT-1	Wdr82	Wdr82_As_3097	Unstimulated	PROVISIONAL_KEEP_MANUAL_PHENOCOPY_REVIEW_PENDING	false
GSE261783	GSM8151757	CGTAGTATCGGCCAAC-1	Wdr82	Wdr82_As_3097	Unstimulated	PROVISIONAL_KEEP_MANUAL_PHENOCOPY_REVIEW_PENDING	false
GSE261783	GSM8151757	CTATAGGGTAACTAAG-1	Wdr82	Wdr82_As_3097	Unstimulated	PROVISIONAL_KEEP_MANUAL_PHENOCOPY_REVIEW_PENDING	false
GSE261783	GSM8151757	CTCGAGGTCAATCCAG-1	Wdr82	Wdr82_As_3097	Unstimulated	PROVISIONAL_KEEP_MANUAL_PHENOCOPY_REVIEW_PENDING	false
GSE261783	GSM8151757	GAGAAATCAAAGGAGA-1	Wdr82	Wdr82_As_3097	Unstimulated	PROVISIONAL_KEEP_MANUAL_PHENOCOPY_REVIEW_PENDING	false
GSE261783	GSM8151757	GATGAGGGTTCATCTT-1	Wdr82	Wdr82_As_3097	Unstimulated	PROVISIONAL_KEEP_MANUAL_PHENOCOPY_REVIEW_PENDING	false
GSE261783	GSM8151757	GCTACCTTCATTTGGG-1	Wdr82	Wdr82_As_3097	Unstimulated	PROVISIONAL_KEEP_MANUAL_PHENOCOPY_REVIEW_PENDING	false
GSE261783	GSM8151757	GGTAACTGTATCCCTC-1	Wdr82	Wdr82_As_3097	Unstimulated	PROVISIONAL_KEEP_MANUAL_PHENOCOPY_REVIEW_PENDING	false
GSE261783	GSM8151757	GGTTAACTCAGTGTGT-1	Wdr82	Wdr82_As_3097	Unstimulated	PROVISIONAL_KEEP_MANUAL_PHENOCOPY_REVIEW_PENDING	false
GSE261783	GSM8151757	GTCACTCGTGGCCACT-1	Wdr82	Wdr82_As_3097	Unstimulated	PROVISIONAL_KEEP_MANUAL_PHENOCOPY_REVIEW_PENDING	false
GSE261783	GSM8151757	GTGTTAGTCAGGTAAA-1	Wdr82	Wdr82_As_3097	Unstimulated	PROVISIONAL_KEEP_MANUAL_PHENOCOPY_REVIEW_PENDING	false
GSE261783	GSM8151757	GTTTGGATCCGGTAAT-1	Wdr82	Wdr82_As_3097	Unstimulated	PROVISIONAL_KEEP_MANUAL_PHENOCOPY_REVIEW_PENDING	false
GSE261783	GSM8151757	TAGATCGGTCCTCCTA-1	Wdr82	Wdr82_As_3097	Unstimulated	PROVISIONAL_KEEP_MANUAL_PHENOCOPY_REVIEW_PENDING	false
GSE261783	GSM8151757	TATATCCCAGAGGAAA-1	Wdr82	Wdr82_As_3097	Unstimulated	PROVISIONAL_KEEP_MANUAL_PHENOCOPY_REVIEW_PENDING	false
GSE261783	GSM8151757	TCATGCCAGTCGAGGT-1	Wdr82	Wdr82_As_3097	Unstimulated	PROVISIONAL_KEEP_MANUAL_PHENOCOPY_REVIEW_PENDING	false
GSE261783	GSM8151757	TCCTTCTGTAAGCTCT-1	Wdr82	Wdr82_As_3097	Unstimulated	PROVISIONAL_KEEP_MANUAL_PHENOCOPY_REVIEW_PENDING	false
GSE261783	GSM8151757	TGAACGTTCTAGTCAG-1	Wdr82	Wdr82_As_3097	Unstimulated	PROVISIONAL_KEEP_MANUAL_PHENOCOPY_REVIEW_PENDING	false
GSE261783	GSM8151757	TGGTAGTTCACTTCTA-1	Wdr82	Wdr82_As_3097	Unstimulated	PROVISIONAL_KEEP_MANUAL_PHENOCOPY_REVIEW_PENDING	false
GSE261783	GSM8151757	TTCCTCTGTTGTACGT-1	Wdr82	Wdr82_As_3097	Unstimulated	PROVISIONAL_KEEP_MANUAL_PHENOCOPY_REVIEW_PENDING	false
GSE261783	GSM8151757	AATTCCTCACGCGCAT-1	Yeats4	Yeats4_As_2486	Unstimulated	PROVISIONAL_KEEP_MANUAL_PHENOCOPY_REVIEW_PENDING	false
GSE261783	GSM8151757	ACAGAAAGTCGTATTG-1	Yeats4	Yeats4_As_2486	Unstimulated	PROVISIONAL_KEEP_MANUAL_PHENOCOPY_REVIEW_PENDING	false
GSE261783	GSM8151757	ACGGGTCGTTGTGCAT-1	Yeats4	Yeats4_As_2486	Unstimulated	PROVISIONAL_KEEP_MANUAL_PHENOCOPY_REVIEW_PENDING	false
GSE261783	GSM8151757	ACGTCCTGTCACCTTC-1	Yeats4	Yeats4_As_2486	Unstimulated	PROVISIONAL_KEEP_MANUAL_PHENOCOPY_REVIEW_PENDING	false
GSE261783	GSM8151757	ACTATCTCAGTAGTGG-1	Yeats4	Yeats4_As_2486	Unstimulated	PROVISIONAL_KEEP_MANUAL_PHENOCOPY_REVIEW_PENDING	false
GSE261783	GSM8151757	ACTGATGCAGACTCTA-1	Yeats4	Yeats4_As_2486	Unstimulated	PROVISIONAL_KEEP_MANUAL_PHENOCOPY_REVIEW_PENDING	false
GSE261783	GSM8151757	AGAAATGCAGGGTTGA-1	Yeats4	Yeats4_As_2486	Unstimulated	PROVISIONAL_KEEP_MANUAL_PHENOCOPY_REVIEW_PENDING	false
GSE261783	GSM8151757	AGAGCCCAGAATTTGG-1	Yeats4	Yeats4_As_2486	Unstimulated	PROVISIONAL_KEEP_MANUAL_PHENOCOPY_REVIEW_PENDING	false
GSE261783	GSM8151757	AGCGTCGAGGTCGTAG-1	Yeats4	Yeats4_As_2486	Unstimulated	PROVISIONAL_KEEP_MANUAL_PHENOCOPY_REVIEW_PENDING	false
GSE261783	GSM8151757	AGGCCACGTATCTCTT-1	Yeats4	Yeats4_As_2486	Unstimulated	PROVISIONAL_KEEP_MANUAL_PHENOCOPY_REVIEW_PENDING	false
GSE261783	GSM8151757	AGGGCCTTCTGAGCAT-1	Yeats4	Yeats4_As_2486	Unstimulated	PROVISIONAL_KEEP_MANUAL_PHENOCOPY_REVIEW_PENDING	false
GSE261783	GSM8151757	AGTCATGCAGCTACCG-1	Yeats4	Yeats4_As_2486	Unstimulated	PROVISIONAL_KEEP_MANUAL_PHENOCOPY_REVIEW_PENDING	false
GSE261783	GSM8151757	AGTTAGCTCGGAGTAG-1	Yeats4	Yeats4_As_2486	Unstimulated	PROVISIONAL_KEEP_MANUAL_PHENOCOPY_REVIEW_PENDING	false
GSE261783	GSM8151757	CACGTTCCAAGTGCTT-1	Yeats4	Yeats4_As_2486	Unstimulated	PROVISIONAL_KEEP_MANUAL_PHENOCOPY_REVIEW_PENDING	false
GSE261783	GSM8151757	CAGCACGAGCCAAGTG-1	Yeats4	Yeats4_As_2486	Unstimulated	PROVISIONAL_KEEP_MANUAL_PHENOCOPY_REVIEW_PENDING	false
GSE261783	GSM8151757	CCACCATAGTGACACG-1	Yeats4	Yeats4_As_2486	Unstimulated	PROVISIONAL_KEEP_MANUAL_PHENOCOPY_REVIEW_PENDING	false
GSE261783	GSM8151757	CCATAAGGTAACAGTA-1	Yeats4	Yeats4_As_2486	Unstimulated	PROVISIONAL_KEEP_MANUAL_PHENOCOPY_REVIEW_PENDING	false
GSE261783	GSM8151757	CCTCTCCTCAAATGCC-1	Yeats4	Yeats4_As_2486	Unstimulated	PROVISIONAL_KEEP_MANUAL_PHENOCOPY_REVIEW_PENDING	false
GSE261783	GSM8151757	CGGACACCAATGACCT-1	Yeats4	Yeats4_As_2486	Unstimulated	PROVISIONAL_KEEP_MANUAL_PHENOCOPY_REVIEW_PENDING	false
GSE261783	GSM8151757	CGGAGAATCACAGAGG-1	Yeats4	Yeats4_As_2486	Unstimulated	PROVISIONAL_KEEP_MANUAL_PHENOCOPY_REVIEW_PENDING	false
GSE261783	GSM8151757	CGGGTGTTCAGCTTCC-1	Yeats4	Yeats4_As_2486	Unstimulated	PROVISIONAL_KEEP_MANUAL_PHENOCOPY_REVIEW_PENDING	false
GSE261783	GSM8151757	CTCATGCTCGTAGAGG-1	Yeats4	Yeats4_As_2486	Unstimulated	PROVISIONAL_KEEP_MANUAL_PHENOCOPY_REVIEW_PENDING	false
GSE261783	GSM8151757	CTCCCTCTCCGGGACT-1	Yeats4	Yeats4_As_2486	Unstimulated	PROVISIONAL_KEEP_MANUAL_PHENOCOPY_REVIEW_PENDING	false
GSE261783	GSM8151757	CTTACCGAGTCGGCCT-1	Yeats4	Yeats4_As_2486	Unstimulated	PROVISIONAL_KEEP_MANUAL_PHENOCOPY_REVIEW_PENDING	false
GSE261783	GSM8151757	CTTCTCTGTACAGGTG-1	Yeats4	Yeats4_As_2486	Unstimulated	PROVISIONAL_KEEP_MANUAL_PHENOCOPY_REVIEW_PENDING	false
GSE261783	GSM8151757	GAAGGACTCACTGATG-1	Yeats4	Yeats4_As_2486	Unstimulated	PROVISIONAL_KEEP_MANUAL_PHENOCOPY_REVIEW_PENDING	false
GSE261783	GSM8151757	GAGTTGTCATAGAAAC-1	Yeats4	Yeats4_As_2486	Unstimulated	PROVISIONAL_KEEP_MANUAL_PHENOCOPY_REVIEW_PENDING	false
GSE261783	GSM8151757	GATCACAAGGATTCAA-1	Yeats4	Yeats4_As_2486	Unstimulated	PROVISIONAL_KEEP_MANUAL_PHENOCOPY_REVIEW_PENDING	false
GSE261783	GSM8151757	GATGCTACACATCATG-1	Yeats4	Yeats4_As_2486	Unstimulated	PROVISIONAL_KEEP_MANUAL_PHENOCOPY_REVIEW_PENDING	false
GSE261783	GSM8151757	GCACGTGCAAATGGTA-1	Yeats4	Yeats4_As_2486	Unstimulated	PROVISIONAL_KEEP_MANUAL_PHENOCOPY_REVIEW_PENDING	false
GSE261783	GSM8151757	GCGTTTCCAGCATTGT-1	Yeats4	Yeats4_As_2486	Unstimulated	PROVISIONAL_KEEP_MANUAL_PHENOCOPY_REVIEW_PENDING	false
GSE261783	GSM8151757	GCTCAAATCTAGTACG-1	Yeats4	Yeats4_As_2486	Unstimulated	PROVISIONAL_KEEP_MANUAL_PHENOCOPY_REVIEW_PENDING	false
GSE261783	GSM8151757	GGAGGATTCCGTGTGG-1	Yeats4	Yeats4_As_2486	Unstimulated	PROVISIONAL_KEEP_MANUAL_PHENOCOPY_REVIEW_PENDING	false
GSE261783	GSM8151757	GGGACTCGTCGTTCAA-1	Yeats4	Yeats4_As_2486	Unstimulated	PROVISIONAL_KEEP_MANUAL_PHENOCOPY_REVIEW_PENDING	false
GSE261783	GSM8151757	GGGTGAAGTGAGTGAC-1	Yeats4	Yeats4_As_2486	Unstimulated	PROVISIONAL_KEEP_MANUAL_PHENOCOPY_REVIEW_PENDING	false
GSE261783	GSM8151757	GGTCTGGAGATTGATG-1	Yeats4	Yeats4_As_2486	Unstimulated	PROVISIONAL_KEEP_MANUAL_PHENOCOPY_REVIEW_PENDING	false
GSE261783	GSM8151757	GGTGGCTCATTGTACG-1	Yeats4	Yeats4_As_2486	Unstimulated	PROVISIONAL_KEEP_MANUAL_PHENOCOPY_REVIEW_PENDING	false
GSE261783	GSM8151757	GGTGTCGAGTGCAAAT-1	Yeats4	Yeats4_As_2486	Unstimulated	PROVISIONAL_KEEP_MANUAL_PHENOCOPY_REVIEW_PENDING	false
GSE261783	GSM8151757	GTAGGTTCATGCACTA-1	Yeats4	Yeats4_As_2486	Unstimulated	PROVISIONAL_KEEP_MANUAL_PHENOCOPY_REVIEW_PENDING	false
GSE261783	GSM8151757	GTCACTCTCTATTGTC-1	Yeats4	Yeats4_As_2486	Unstimulated	PROVISIONAL_KEEP_MANUAL_PHENOCOPY_REVIEW_PENDING	false
GSE261783	GSM8151757	GTGGAAGAGCAGTCTT-1	Yeats4	Yeats4_As_2486	Unstimulated	PROVISIONAL_KEEP_MANUAL_PHENOCOPY_REVIEW_PENDING	false
GSE261783	GSM8151757	GTGGAGAAGTGGTGAC-1	Yeats4	Yeats4_As_2486	Unstimulated	PROVISIONAL_KEEP_MANUAL_PHENOCOPY_REVIEW_PENDING	false
GSE261783	GSM8151757	GTGGGAACATCTTTCA-1	Yeats4	Yeats4_As_2486	Unstimulated	PROVISIONAL_KEEP_MANUAL_PHENOCOPY_REVIEW_PENDING	false
GSE261783	GSM8151757	GTTACAGTCATAGACC-1	Yeats4	Yeats4_As_2486	Unstimulated	PROVISIONAL_KEEP_MANUAL_PHENOCOPY_REVIEW_PENDING	false
GSE261783	GSM8151757	GTTTACTCATCCTTGC-1	Yeats4	Yeats4_As_2486	Unstimulated	PROVISIONAL_KEEP_MANUAL_PHENOCOPY_REVIEW_PENDING	false
GSE261783	GSM8151757	TACCCGTCACTCACTC-1	Yeats4	Yeats4_As_2486	Unstimulated	PROVISIONAL_KEEP_MANUAL_PHENOCOPY_REVIEW_PENDING	false
GSE261783	GSM8151757	TACTGCCGTAGTCCTA-1	Yeats4	Yeats4_As_2486	Unstimulated	PROVISIONAL_KEEP_MANUAL_PHENOCOPY_REVIEW_PENDING	false
GSE261783	GSM8151757	TCAGGGCGTCTAACGT-1	Yeats4	Yeats4_As_2486	Unstimulated	PROVISIONAL_KEEP_MANUAL_PHENOCOPY_REVIEW_PENDING	false
GSE261783	GSM8151757	TCATTCATCGTTGTTT-1	Yeats4	Yeats4_As_2486	Unstimulated	PROVISIONAL_KEEP_MANUAL_PHENOCOPY_REVIEW_PENDING	false
GSE261783	GSM8151757	TCCAGAAAGGTCACTT-1	Yeats4	Yeats4_As_2486	Unstimulated	PROVISIONAL_KEEP_MANUAL_PHENOCOPY_REVIEW_PENDING	false
GSE261783	GSM8151757	TCTCAGCAGGATGCGT-1	Yeats4	Yeats4_As_2486	Unstimulated	PROVISIONAL_KEEP_MANUAL_PHENOCOPY_REVIEW_PENDING	false
GSE261783	GSM8151757	TGGGATTAGATGTTAG-1	Yeats4	Yeats4_As_2486	Unstimulated	PROVISIONAL_KEEP_MANUAL_PHENOCOPY_REVIEW_PENDING	false
GSE261783	GSM8151757	TGTTCCGTCACGATCA-1	Yeats4	Yeats4_As_2486	Unstimulated	PROVISIONAL_KEEP_MANUAL_PHENOCOPY_REVIEW_PENDING	false
GSE261783	GSM8151757	TGTTGGACAATCGAAA-1	Yeats4	Yeats4_As_2486	Unstimulated	PROVISIONAL_KEEP_MANUAL_PHENOCOPY_REVIEW_PENDING	false
GSE261783	GSM8151757	TTTATGCCATGGCCCA-1	Yeats4	Yeats4_As_2486	Unstimulated	PROVISIONAL_KEEP_MANUAL_PHENOCOPY_REVIEW_PENDING	false
GSE261783	GSM8151757	AACAACCCACTACCCT-1	Yeats4	Yeats4_As_2487	Unstimulated	PROVISIONAL_KEEP_MANUAL_PHENOCOPY_REVIEW_PENDING	false
GSE261783	GSM8151757	ACATCCCTCATGCCCT-1	Yeats4	Yeats4_As_2487	Unstimulated	PROVISIONAL_KEEP_MANUAL_PHENOCOPY_REVIEW_PENDING	false
GSE261783	GSM8151757	ACGATCACACGTCATA-1	Yeats4	Yeats4_As_2487	Unstimulated	PROVISIONAL_KEEP_MANUAL_PHENOCOPY_REVIEW_PENDING	false
GSE261783	GSM8151757	ACTGCAATCAGCTCTC-1	Yeats4	Yeats4_As_2487	Unstimulated	PROVISIONAL_KEEP_MANUAL_PHENOCOPY_REVIEW_PENDING	false
GSE261783	GSM8151757	ATGGTTGGTTGTACGT-1	Yeats4	Yeats4_As_2487	Unstimulated	PROVISIONAL_KEEP_MANUAL_PHENOCOPY_REVIEW_PENDING	false
GSE261783	GSM8151757	CACAACATCAAGTCGT-1	Yeats4	Yeats4_As_2487	Unstimulated	PROVISIONAL_KEEP_MANUAL_PHENOCOPY_REVIEW_PENDING	false
GSE261783	GSM8151757	CACGTTCTCAGACCTA-1	Yeats4	Yeats4_As_2487	Unstimulated	PROVISIONAL_KEEP_MANUAL_PHENOCOPY_REVIEW_PENDING	false
GSE261783	GSM8151757	CAGCACGAGATGATTG-1	Yeats4	Yeats4_As_2487	Unstimulated	PROVISIONAL_KEEP_MANUAL_PHENOCOPY_REVIEW_PENDING	false
GSE261783	GSM8151757	CAGGCCAAGAGGACTC-1	Yeats4	Yeats4_As_2487	Unstimulated	PROVISIONAL_KEEP_MANUAL_PHENOCOPY_REVIEW_PENDING	false
GSE261783	GSM8151757	CATCGCTCATGGGTCC-1	Yeats4	Yeats4_As_2487	Unstimulated	PROVISIONAL_KEEP_MANUAL_PHENOCOPY_REVIEW_PENDING	false
GSE261783	GSM8151757	CCCATTGAGTTGTCGT-1	Yeats4	Yeats4_As_2487	Unstimulated	PROVISIONAL_KEEP_MANUAL_PHENOCOPY_REVIEW_PENDING	false
GSE261783	GSM8151757	CCCTCAATCGTAGTGT-1	Yeats4	Yeats4_As_2487	Unstimulated	PROVISIONAL_KEEP_MANUAL_PHENOCOPY_REVIEW_PENDING	false
GSE261783	GSM8151757	CCTGCATCAGGTCTCG-1	Yeats4	Yeats4_As_2487	Unstimulated	PROVISIONAL_KEEP_MANUAL_PHENOCOPY_REVIEW_PENDING	false
GSE261783	GSM8151757	CGAAGTTGTTCGTACA-1	Yeats4	Yeats4_As_2487	Unstimulated	PROVISIONAL_KEEP_MANUAL_PHENOCOPY_REVIEW_PENDING	false
GSE261783	GSM8151757	GACTTCCGTGTGGTCC-1	Yeats4	Yeats4_As_2487	Unstimulated	PROVISIONAL_KEEP_MANUAL_PHENOCOPY_REVIEW_PENDING	false
GSE261783	GSM8151757	GAGTCTAAGCGCTTCG-1	Yeats4	Yeats4_As_2487	Unstimulated	PROVISIONAL_KEEP_MANUAL_PHENOCOPY_REVIEW_PENDING	false
GSE261783	GSM8151757	GATCACAAGTGTTGAA-1	Yeats4	Yeats4_As_2487	Unstimulated	PROVISIONAL_KEEP_MANUAL_PHENOCOPY_REVIEW_PENDING	false
GSE261783	GSM8151757	GCACTAACAAGGCCTC-1	Yeats4	Yeats4_As_2487	Unstimulated	PROVISIONAL_KEEP_MANUAL_PHENOCOPY_REVIEW_PENDING	false
GSE261783	GSM8151757	GGGACTCAGGACAGCT-1	Yeats4	Yeats4_As_2487	Unstimulated	PROVISIONAL_KEEP_MANUAL_PHENOCOPY_REVIEW_PENDING	false
GSE261783	GSM8151757	GTCACGGGTACGTACT-1	Yeats4	Yeats4_As_2487	Unstimulated	PROVISIONAL_KEEP_MANUAL_PHENOCOPY_REVIEW_PENDING	false
GSE261783	GSM8151757	GTGCACGTCAAGTGGG-1	Yeats4	Yeats4_As_2487	Unstimulated	PROVISIONAL_KEEP_MANUAL_PHENOCOPY_REVIEW_PENDING	false
GSE261783	GSM8151757	TAACGACCACCATATG-1	Yeats4	Yeats4_As_2487	Unstimulated	PROVISIONAL_KEEP_MANUAL_PHENOCOPY_REVIEW_PENDING	false
GSE261783	GSM8151757	TAGGAGGGTACACGTT-1	Yeats4	Yeats4_As_2487	Unstimulated	PROVISIONAL_KEEP_MANUAL_PHENOCOPY_REVIEW_PENDING	false
GSE261783	GSM8151757	TATCGCCCACTTTAGG-1	Yeats4	Yeats4_As_2487	Unstimulated	PROVISIONAL_KEEP_MANUAL_PHENOCOPY_REVIEW_PENDING	false
GSE261783	GSM8151757	TCCGGGACAGGCCCTA-1	Yeats4	Yeats4_As_2487	Unstimulated	PROVISIONAL_KEEP_MANUAL_PHENOCOPY_REVIEW_PENDING	false
GSE261783	GSM8151757	TCTTCCTCAGCTTCGG-1	Yeats4	Yeats4_As_2487	Unstimulated	PROVISIONAL_KEEP_MANUAL_PHENOCOPY_REVIEW_PENDING	false
GSE261783	GSM8151757	TGATGGTTCTACCAGA-1	Yeats4	Yeats4_As_2487	Unstimulated	PROVISIONAL_KEEP_MANUAL_PHENOCOPY_REVIEW_PENDING	false
GSE261783	GSM8151757	TGGATGTAGCAGATAT-1	Yeats4	Yeats4_As_2487	Unstimulated	PROVISIONAL_KEEP_MANUAL_PHENOCOPY_REVIEW_PENDING	false
GSE261783	GSM8151757	TGTGATGAGAGAAGGT-1	Yeats4	Yeats4_As_2487	Unstimulated	PROVISIONAL_KEEP_MANUAL_PHENOCOPY_REVIEW_PENDING	false
GSE261783	GSM8151757	TGTTGGAAGTAAACGT-1	Yeats4	Yeats4_As_2487	Unstimulated	PROVISIONAL_KEEP_MANUAL_PHENOCOPY_REVIEW_PENDING	false
GSE261783	GSM8151757	TGTTGGAGTACAACGG-1	Yeats4	Yeats4_As_2487	Unstimulated	PROVISIONAL_KEEP_MANUAL_PHENOCOPY_REVIEW_PENDING	false
GSE261783	GSM8151757	TTACCATAGAAGAACG-1	Yeats4	Yeats4_As_2487	Unstimulated	PROVISIONAL_KEEP_MANUAL_PHENOCOPY_REVIEW_PENDING	false
GSE261783	GSM8151757	TTGACCCGTCCGTTTC-1	Yeats4	Yeats4_As_2487	Unstimulated	PROVISIONAL_KEEP_MANUAL_PHENOCOPY_REVIEW_PENDING	false
GSE261783	GSM8151757	TTTGGTTAGTACCATC-1	Yeats4	Yeats4_As_2487	Unstimulated	PROVISIONAL_KEEP_MANUAL_PHENOCOPY_REVIEW_PENDING	false
GSE261783	GSM8151757	TTTGTTGGTTGAATCC-1	Yeats4	Yeats4_As_2487	Unstimulated	PROVISIONAL_KEEP_MANUAL_PHENOCOPY_REVIEW_PENDING	false
GSE261783	GSM8151757	AGGACGACAGGTTCCG-1	Yy1	Yy1_As_2358	Unstimulated	PROVISIONAL_KEEP_MANUAL_PHENOCOPY_REVIEW_PENDING	false
GSE261783	GSM8151757	CACAGGCGTGAATGAT-1	Yy1	Yy1_As_2358	Unstimulated	PROVISIONAL_KEEP_MANUAL_PHENOCOPY_REVIEW_PENDING	false
GSE261783	GSM8151757	CATGGATCAATCAAGA-1	Yy1	Yy1_As_2358	Unstimulated	PROVISIONAL_KEEP_MANUAL_PHENOCOPY_REVIEW_PENDING	false
GSE261783	GSM8151757	CCGGTAGGTCGGCCTA-1	Yy1	Yy1_As_2358	Unstimulated	PROVISIONAL_KEEP_MANUAL_PHENOCOPY_REVIEW_PENDING	false
GSE261783	GSM8151757	CGGAGAATCTTCTAAC-1	Yy1	Yy1_As_2358	Unstimulated	PROVISIONAL_KEEP_MANUAL_PHENOCOPY_REVIEW_PENDING	false
GSE261783	GSM8151757	CTCATCGTCAAATGAG-1	Yy1	Yy1_As_2358	Unstimulated	PROVISIONAL_KEEP_MANUAL_PHENOCOPY_REVIEW_PENDING	false
GSE261783	GSM8151757	CTGCCTAAGGCACCAA-1	Yy1	Yy1_As_2358	Unstimulated	PROVISIONAL_KEEP_MANUAL_PHENOCOPY_REVIEW_PENDING	false
GSE261783	GSM8151757	GAATAGACACTTCAGA-1	Yy1	Yy1_As_2358	Unstimulated	PROVISIONAL_KEEP_MANUAL_PHENOCOPY_REVIEW_PENDING	false
GSE261783	GSM8151757	GATCCCTCAGGAATCG-1	Yy1	Yy1_As_2358	Unstimulated	PROVISIONAL_KEEP_MANUAL_PHENOCOPY_REVIEW_PENDING	false
GSE261783	GSM8151757	GCCAACGTCCATAAGC-1	Yy1	Yy1_As_2358	Unstimulated	PROVISIONAL_KEEP_MANUAL_PHENOCOPY_REVIEW_PENDING	false
GSE261783	GSM8151757	GCTGGGTAGTCGAAAT-1	Yy1	Yy1_As_2358	Unstimulated	PROVISIONAL_KEEP_MANUAL_PHENOCOPY_REVIEW_PENDING	false
GSE261783	GSM8151757	GGGTTATAGCTGCCAC-1	Yy1	Yy1_As_2358	Unstimulated	PROVISIONAL_KEEP_MANUAL_PHENOCOPY_REVIEW_PENDING	false
GSE261783	GSM8151757	GGTTAACGTTACCGTA-1	Yy1	Yy1_As_2358	Unstimulated	PROVISIONAL_KEEP_MANUAL_PHENOCOPY_REVIEW_PENDING	false
GSE261783	GSM8151757	GTCATGAAGCTAGAAT-1	Yy1	Yy1_As_2358	Unstimulated	PROVISIONAL_KEEP_MANUAL_PHENOCOPY_REVIEW_PENDING	false
GSE261783	GSM8151757	GTGATGTCACCTTCCA-1	Yy1	Yy1_As_2358	Unstimulated	PROVISIONAL_KEEP_MANUAL_PHENOCOPY_REVIEW_PENDING	false
GSE261783	GSM8151757	GTGTTAGCAACGGGTA-1	Yy1	Yy1_As_2358	Unstimulated	PROVISIONAL_KEEP_MANUAL_PHENOCOPY_REVIEW_PENDING	false
GSE261783	GSM8151757	GTTTACTGTCCTCAGG-1	Yy1	Yy1_As_2358	Unstimulated	PROVISIONAL_KEEP_MANUAL_PHENOCOPY_REVIEW_PENDING	false
GSE261783	GSM8151757	TCGCAGGTCCGAGAAG-1	Yy1	Yy1_As_2358	Unstimulated	PROVISIONAL_KEEP_MANUAL_PHENOCOPY_REVIEW_PENDING	false
GSE261783	GSM8151757	TGAGGGATCCGTTTCG-1	Yy1	Yy1_As_2358	Unstimulated	PROVISIONAL_KEEP_MANUAL_PHENOCOPY_REVIEW_PENDING	false
GSE261783	GSM8151757	TGCGACGGTCTGCAAT-1	Yy1	Yy1_As_2358	Unstimulated	PROVISIONAL_KEEP_MANUAL_PHENOCOPY_REVIEW_PENDING	false
GSE261783	GSM8151757	TGCGGCACAACTCGAT-1	Yy1	Yy1_As_2358	Unstimulated	PROVISIONAL_KEEP_MANUAL_PHENOCOPY_REVIEW_PENDING	false
GSE261783	GSM8151757	TTATTGCCACACACTA-1	Yy1	Yy1_As_2358	Unstimulated	PROVISIONAL_KEEP_MANUAL_PHENOCOPY_REVIEW_PENDING	false
GSE261783	GSM8151757	TTTACCATCGACCAAT-1	Yy1	Yy1_As_2358	Unstimulated	PROVISIONAL_KEEP_MANUAL_PHENOCOPY_REVIEW_PENDING	false
GSE261783	GSM8151757	AACCAACAGCTCGTGC-1	Yy1	Yy1_As_2359	Unstimulated	PROVISIONAL_KEEP_MANUAL_PHENOCOPY_REVIEW_PENDING	false
GSE261783	GSM8151757	AACGGGATCGCTATTT-1	Yy1	Yy1_As_2359	Unstimulated	PROVISIONAL_KEEP_MANUAL_PHENOCOPY_REVIEW_PENDING	false
GSE261783	GSM8151757	ACAGAAAGTATGAGGC-1	Yy1	Yy1_As_2359	Unstimulated	PROVISIONAL_KEEP_MANUAL_PHENOCOPY_REVIEW_PENDING	false
GSE261783	GSM8151757	ACAGGGAGTAGCCAGA-1	Yy1	Yy1_As_2359	Unstimulated	PROVISIONAL_KEEP_MANUAL_PHENOCOPY_REVIEW_PENDING	false
GSE261783	GSM8151757	ACATCGAAGCTCGAAG-1	Yy1	Yy1_As_2359	Unstimulated	PROVISIONAL_KEEP_MANUAL_PHENOCOPY_REVIEW_PENDING	false
GSE261783	GSM8151757	ACCCTTGGTTAGGGTG-1	Yy1	Yy1_As_2359	Unstimulated	PROVISIONAL_KEEP_MANUAL_PHENOCOPY_REVIEW_PENDING	false
GSE261783	GSM8151757	AGAACCTGTCTGTAAC-1	Yy1	Yy1_As_2359	Unstimulated	PROVISIONAL_KEEP_MANUAL_PHENOCOPY_REVIEW_PENDING	false
GSE261783	GSM8151757	AGGTCATGTGTCTTAG-1	Yy1	Yy1_As_2359	Unstimulated	PROVISIONAL_KEEP_MANUAL_PHENOCOPY_REVIEW_PENDING	false
GSE261783	GSM8151757	AGTGACTAGTATGATG-1	Yy1	Yy1_As_2359	Unstimulated	PROVISIONAL_KEEP_MANUAL_PHENOCOPY_REVIEW_PENDING	false
GSE261783	GSM8151757	ATGGAGGAGTGGTGGT-1	Yy1	Yy1_As_2359	Unstimulated	PROVISIONAL_KEEP_MANUAL_PHENOCOPY_REVIEW_PENDING	false
GSE261783	GSM8151757	CAAGACTAGCCAAGTG-1	Yy1	Yy1_As_2359	Unstimulated	PROVISIONAL_KEEP_MANUAL_PHENOCOPY_REVIEW_PENDING	false
GSE261783	GSM8151757	CAGGGCTCAACAACAA-1	Yy1	Yy1_As_2359	Unstimulated	PROVISIONAL_KEEP_MANUAL_PHENOCOPY_REVIEW_PENDING	false
GSE261783	GSM8151757	CATAAGCTCGCGTTTC-1	Yy1	Yy1_As_2359	Unstimulated	PROVISIONAL_KEEP_MANUAL_PHENOCOPY_REVIEW_PENDING	false
GSE261783	GSM8151757	CATCCCAAGGCTTAGG-1	Yy1	Yy1_As_2359	Unstimulated	PROVISIONAL_KEEP_MANUAL_PHENOCOPY_REVIEW_PENDING	false
GSE261783	GSM8151757	CATCCCAGTTGTTGAC-1	Yy1	Yy1_As_2359	Unstimulated	PROVISIONAL_KEEP_MANUAL_PHENOCOPY_REVIEW_PENDING	false
GSE261783	GSM8151757	CATGAGTAGAAACTCA-1	Yy1	Yy1_As_2359	Unstimulated	PROVISIONAL_KEEP_MANUAL_PHENOCOPY_REVIEW_PENDING	false
GSE261783	GSM8151757	CCCTGATGTAGGTCAG-1	Yy1	Yy1_As_2359	Unstimulated	PROVISIONAL_KEEP_MANUAL_PHENOCOPY_REVIEW_PENDING	false
GSE261783	GSM8151757	CCTATCGAGTAGGCCA-1	Yy1	Yy1_As_2359	Unstimulated	PROVISIONAL_KEEP_MANUAL_PHENOCOPY_REVIEW_PENDING	false
GSE261783	GSM8151757	CGAGGAATCACCTGGG-1	Yy1	Yy1_As_2359	Unstimulated	PROVISIONAL_KEEP_MANUAL_PHENOCOPY_REVIEW_PENDING	false
GSE261783	GSM8151757	CGCGTGACAAGGATGC-1	Yy1	Yy1_As_2359	Unstimulated	PROVISIONAL_KEEP_MANUAL_PHENOCOPY_REVIEW_PENDING	false
GSE261783	GSM8151757	CTAACCCGTTCCCAAA-1	Yy1	Yy1_As_2359	Unstimulated	PROVISIONAL_KEEP_MANUAL_PHENOCOPY_REVIEW_PENDING	false
GSE261783	GSM8151757	CTCCAACGTCAACATC-1	Yy1	Yy1_As_2359	Unstimulated	PROVISIONAL_KEEP_MANUAL_PHENOCOPY_REVIEW_PENDING	false
GSE261783	GSM8151757	GAACTGTGTTCGGTTA-1	Yy1	Yy1_As_2359	Unstimulated	PROVISIONAL_KEEP_MANUAL_PHENOCOPY_REVIEW_PENDING	false
GSE261783	GSM8151757	GAGACTTCAGAGTTCT-1	Yy1	Yy1_As_2359	Unstimulated	PROVISIONAL_KEEP_MANUAL_PHENOCOPY_REVIEW_PENDING	false
GSE261783	GSM8151757	GCACGTGGTATGTCAC-1	Yy1	Yy1_As_2359	Unstimulated	PROVISIONAL_KEEP_MANUAL_PHENOCOPY_REVIEW_PENDING	false
GSE261783	GSM8151757	GCCAGGTGTATGGAAT-1	Yy1	Yy1_As_2359	Unstimulated	PROVISIONAL_KEEP_MANUAL_PHENOCOPY_REVIEW_PENDING	false
GSE261783	GSM8151757	GGGACTCCACACTTAG-1	Yy1	Yy1_As_2359	Unstimulated	PROVISIONAL_KEEP_MANUAL_PHENOCOPY_REVIEW_PENDING	false
GSE261783	GSM8151757	GTAATGCCAGAGATTA-1	Yy1	Yy1_As_2359	Unstimulated	PROVISIONAL_KEEP_MANUAL_PHENOCOPY_REVIEW_PENDING	false
GSE261783	GSM8151757	GTCCACTCAACTCCAA-1	Yy1	Yy1_As_2359	Unstimulated	PROVISIONAL_KEEP_MANUAL_PHENOCOPY_REVIEW_PENDING	false
GSE261783	GSM8151757	GTGTGATAGCCGTTAT-1	Yy1	Yy1_As_2359	Unstimulated	PROVISIONAL_KEEP_MANUAL_PHENOCOPY_REVIEW_PENDING	false
GSE261783	GSM8151757	TACTTCAGTGCGTGCT-1	Yy1	Yy1_As_2359	Unstimulated	PROVISIONAL_KEEP_MANUAL_PHENOCOPY_REVIEW_PENDING	false
GSE261783	GSM8151757	TCAGTCCAGCCACTCG-1	Yy1	Yy1_As_2359	Unstimulated	PROVISIONAL_KEEP_MANUAL_PHENOCOPY_REVIEW_PENDING	false
GSE261783	GSM8151757	TCCCACATCGTAGCCG-1	Yy1	Yy1_As_2359	Unstimulated	PROVISIONAL_KEEP_MANUAL_PHENOCOPY_REVIEW_PENDING	false
GSE261783	GSM8151757	TCCCAGTAGCTAGCCC-1	Yy1	Yy1_As_2359	Unstimulated	PROVISIONAL_KEEP_MANUAL_PHENOCOPY_REVIEW_PENDING	false
GSE261783	GSM8151757	TCGAACACAGCGAACA-1	Yy1	Yy1_As_2359	Unstimulated	PROVISIONAL_KEEP_MANUAL_PHENOCOPY_REVIEW_PENDING	false
GSE261783	GSM8151757	TGCCGAGGTTAAACCC-1	Yy1	Yy1_As_2359	Unstimulated	PROVISIONAL_KEEP_MANUAL_PHENOCOPY_REVIEW_PENDING	false
GSE261783	GSM8151757	TGCGACGAGCTAAACA-1	Yy1	Yy1_As_2359	Unstimulated	PROVISIONAL_KEEP_MANUAL_PHENOCOPY_REVIEW_PENDING	false
GSE261783	GSM8151757	TTCCACGTCTCTGAGA-1	Yy1	Yy1_As_2359	Unstimulated	PROVISIONAL_KEEP_MANUAL_PHENOCOPY_REVIEW_PENDING	false
GSE261783	GSM8151757	TTGGTTTAGAGTCCGA-1	Yy1	Yy1_As_2359	Unstimulated	PROVISIONAL_KEEP_MANUAL_PHENOCOPY_REVIEW_PENDING	false
GSE261783	GSM8151757	TTTATGCTCCTCTAAT-1	Yy1	Yy1_As_2359	Unstimulated	PROVISIONAL_KEEP_MANUAL_PHENOCOPY_REVIEW_PENDING	false
GSE261783	GSM8151757	TTTCAGTCACATCATG-1	Yy1	Yy1_As_2359	Unstimulated	PROVISIONAL_KEEP_MANUAL_PHENOCOPY_REVIEW_PENDING	false
GSE261783	GSM8151757	AAGTTCGAGTCATACC-1	Znhit1	Znhit1_As_220	Unstimulated	PROVISIONAL_KEEP_MANUAL_PHENOCOPY_REVIEW_PENDING	false
GSE261783	GSM8151757	AAGTTCGAGTTAACAG-1	Znhit1	Znhit1_As_220	Unstimulated	PROVISIONAL_KEEP_MANUAL_PHENOCOPY_REVIEW_PENDING	false
GSE261783	GSM8151757	AATCGTGCACTTCATT-1	Znhit1	Znhit1_As_220	Unstimulated	PROVISIONAL_KEEP_MANUAL_PHENOCOPY_REVIEW_PENDING	false
GSE261783	GSM8151757	ACAACCAGTTAGGGTG-1	Znhit1	Znhit1_As_220	Unstimulated	PROVISIONAL_KEEP_MANUAL_PHENOCOPY_REVIEW_PENDING	false
GSE261783	GSM8151757	ACATGCAGTGCTCTCT-1	Znhit1	Znhit1_As_220	Unstimulated	PROVISIONAL_KEEP_MANUAL_PHENOCOPY_REVIEW_PENDING	false
GSE261783	GSM8151757	ACATTTCTCTCATAGG-1	Znhit1	Znhit1_As_220	Unstimulated	PROVISIONAL_KEEP_MANUAL_PHENOCOPY_REVIEW_PENDING	false
GSE261783	GSM8151757	ACCAAACTCCGATCTC-1	Znhit1	Znhit1_As_220	Unstimulated	PROVISIONAL_KEEP_MANUAL_PHENOCOPY_REVIEW_PENDING	false
GSE261783	GSM8151757	ACGCACGGTTACCTGA-1	Znhit1	Znhit1_As_220	Unstimulated	PROVISIONAL_KEEP_MANUAL_PHENOCOPY_REVIEW_PENDING	false
GSE261783	GSM8151757	ACTATGGCAGGGTTGA-1	Znhit1	Znhit1_As_220	Unstimulated	PROVISIONAL_KEEP_MANUAL_PHENOCOPY_REVIEW_PENDING	false
GSE261783	GSM8151757	ACTCCCAAGCTATCCA-1	Znhit1	Znhit1_As_220	Unstimulated	PROVISIONAL_KEEP_MANUAL_PHENOCOPY_REVIEW_PENDING	false
GSE261783	GSM8151757	ACTGCAAAGGGACCAT-1	Znhit1	Znhit1_As_220	Unstimulated	PROVISIONAL_KEEP_MANUAL_PHENOCOPY_REVIEW_PENDING	false
GSE261783	GSM8151757	ACTTCCGCAAATGGAT-1	Znhit1	Znhit1_As_220	Unstimulated	PROVISIONAL_KEEP_MANUAL_PHENOCOPY_REVIEW_PENDING	false
GSE261783	GSM8151757	AGATGAACAGAACTAA-1	Znhit1	Znhit1_As_220	Unstimulated	PROVISIONAL_KEEP_MANUAL_PHENOCOPY_REVIEW_PENDING	false
GSE261783	GSM8151757	AGCTACATCCATATGG-1	Znhit1	Znhit1_As_220	Unstimulated	PROVISIONAL_KEEP_MANUAL_PHENOCOPY_REVIEW_PENDING	false
GSE261783	GSM8151757	AGTTAGCTCGATTCCC-1	Znhit1	Znhit1_As_220	Unstimulated	PROVISIONAL_KEEP_MANUAL_PHENOCOPY_REVIEW_PENDING	false
GSE261783	GSM8151757	ATCAGGTAGTCGAAAT-1	Znhit1	Znhit1_As_220	Unstimulated	PROVISIONAL_KEEP_MANUAL_PHENOCOPY_REVIEW_PENDING	false
GSE261783	GSM8151757	ATGCGATTCCTTACCG-1	Znhit1	Znhit1_As_220	Unstimulated	PROVISIONAL_KEEP_MANUAL_PHENOCOPY_REVIEW_PENDING	false
GSE261783	GSM8151757	ATTCACTTCGTTCTCG-1	Znhit1	Znhit1_As_220	Unstimulated	PROVISIONAL_KEEP_MANUAL_PHENOCOPY_REVIEW_PENDING	false
GSE261783	GSM8151757	ATTTACCGTACGTACT-1	Znhit1	Znhit1_As_220	Unstimulated	PROVISIONAL_KEEP_MANUAL_PHENOCOPY_REVIEW_PENDING	false
GSE261783	GSM8151757	CATCGCTAGGGTACGT-1	Znhit1	Znhit1_As_220	Unstimulated	PROVISIONAL_KEEP_MANUAL_PHENOCOPY_REVIEW_PENDING	false
GSE261783	GSM8151757	CATTCTAAGGAACGTC-1	Znhit1	Znhit1_As_220	Unstimulated	PROVISIONAL_KEEP_MANUAL_PHENOCOPY_REVIEW_PENDING	false
GSE261783	GSM8151757	CCAAGCGTCCGTAGGC-1	Znhit1	Znhit1_As_220	Unstimulated	PROVISIONAL_KEEP_MANUAL_PHENOCOPY_REVIEW_PENDING	false
GSE261783	GSM8151757	CCCGAAGCATCCGGCA-1	Znhit1	Znhit1_As_220	Unstimulated	PROVISIONAL_KEEP_MANUAL_PHENOCOPY_REVIEW_PENDING	false
GSE261783	GSM8151757	CCCTTAGGTCGTCAGC-1	Znhit1	Znhit1_As_220	Unstimulated	PROVISIONAL_KEEP_MANUAL_PHENOCOPY_REVIEW_PENDING	false
GSE261783	GSM8151757	CCGTGAGTCGACCCAG-1	Znhit1	Znhit1_As_220	Unstimulated	PROVISIONAL_KEEP_MANUAL_PHENOCOPY_REVIEW_PENDING	false
GSE261783	GSM8151757	CGAGTGCGTTGGATCT-1	Znhit1	Znhit1_As_220	Unstimulated	PROVISIONAL_KEEP_MANUAL_PHENOCOPY_REVIEW_PENDING	false
GSE261783	GSM8151757	CGCATGGAGGACCCAA-1	Znhit1	Znhit1_As_220	Unstimulated	PROVISIONAL_KEEP_MANUAL_PHENOCOPY_REVIEW_PENDING	false
GSE261783	GSM8151757	CGCGTGATCGTTCATT-1	Znhit1	Znhit1_As_220	Unstimulated	PROVISIONAL_KEEP_MANUAL_PHENOCOPY_REVIEW_PENDING	false
GSE261783	GSM8151757	CTCACTGCAGAACATA-1	Znhit1	Znhit1_As_220	Unstimulated	PROVISIONAL_KEEP_MANUAL_PHENOCOPY_REVIEW_PENDING	false
GSE261783	GSM8151757	CTCCATGAGCGAACTG-1	Znhit1	Znhit1_As_220	Unstimulated	PROVISIONAL_KEEP_MANUAL_PHENOCOPY_REVIEW_PENDING	false
GSE261783	GSM8151757	GAACTGTAGATTAGAC-1	Znhit1	Znhit1_As_220	Unstimulated	PROVISIONAL_KEEP_MANUAL_PHENOCOPY_REVIEW_PENDING	false
GSE261783	GSM8151757	GATCGTAGTGTGTTTG-1	Znhit1	Znhit1_As_220	Unstimulated	PROVISIONAL_KEEP_MANUAL_PHENOCOPY_REVIEW_PENDING	false
GSE261783	GSM8151757	GATGATCCATGGGAAC-1	Znhit1	Znhit1_As_220	Unstimulated	PROVISIONAL_KEEP_MANUAL_PHENOCOPY_REVIEW_PENDING	false
GSE261783	GSM8151757	GATTGGTGTCAGGAGT-1	Znhit1	Znhit1_As_220	Unstimulated	PROVISIONAL_KEEP_MANUAL_PHENOCOPY_REVIEW_PENDING	false
GSE261783	GSM8151757	GCAGTTACAAGAAATC-1	Znhit1	Znhit1_As_220	Unstimulated	PROVISIONAL_KEEP_MANUAL_PHENOCOPY_REVIEW_PENDING	false
GSE261783	GSM8151757	GCCTGTTGTCGGCACT-1	Znhit1	Znhit1_As_220	Unstimulated	PROVISIONAL_KEEP_MANUAL_PHENOCOPY_REVIEW_PENDING	false
GSE261783	GSM8151757	GGGCCATAGAGAGGTA-1	Znhit1	Znhit1_As_220	Unstimulated	PROVISIONAL_KEEP_MANUAL_PHENOCOPY_REVIEW_PENDING	false
GSE261783	GSM8151757	GTGCGTGTCGAGTACT-1	Znhit1	Znhit1_As_220	Unstimulated	PROVISIONAL_KEEP_MANUAL_PHENOCOPY_REVIEW_PENDING	false
GSE261783	GSM8151757	GTGGAAGCAAGCTCTA-1	Znhit1	Znhit1_As_220	Unstimulated	PROVISIONAL_KEEP_MANUAL_PHENOCOPY_REVIEW_PENDING	false
GSE261783	GSM8151757	TAGAGTCCAGAACCGA-1	Znhit1	Znhit1_As_220	Unstimulated	PROVISIONAL_KEEP_MANUAL_PHENOCOPY_REVIEW_PENDING	false
GSE261783	GSM8151757	TATGTTCAGAGTCTTC-1	Znhit1	Znhit1_As_220	Unstimulated	PROVISIONAL_KEEP_MANUAL_PHENOCOPY_REVIEW_PENDING	false
GSE261783	GSM8151757	TCTACATGTACTCGCG-1	Znhit1	Znhit1_As_220	Unstimulated	PROVISIONAL_KEEP_MANUAL_PHENOCOPY_REVIEW_PENDING	false
GSE261783	GSM8151757	TCTGCCATCAGACCTA-1	Znhit1	Znhit1_As_220	Unstimulated	PROVISIONAL_KEEP_MANUAL_PHENOCOPY_REVIEW_PENDING	false
GSE261783	GSM8151757	TGTTGGAGTCTGCATA-1	Znhit1	Znhit1_As_220	Unstimulated	PROVISIONAL_KEEP_MANUAL_PHENOCOPY_REVIEW_PENDING	false
GSE261783	GSM8151757	TTACAGGCAACTGCCG-1	Znhit1	Znhit1_As_220	Unstimulated	PROVISIONAL_KEEP_MANUAL_PHENOCOPY_REVIEW_PENDING	false
GSE261783	GSM8151757	AAAGGTATCCGAACGC-1	Znhit1	Znhit1_As_222	Unstimulated	PROVISIONAL_KEEP_MANUAL_PHENOCOPY_REVIEW_PENDING	false
GSE261783	GSM8151757	AACCCAATCCTACCGT-1	Znhit1	Znhit1_As_222	Unstimulated	PROVISIONAL_KEEP_MANUAL_PHENOCOPY_REVIEW_PENDING	false
GSE261783	GSM8151757	AATGACCCACTGTTCC-1	Znhit1	Znhit1_As_222	Unstimulated	PROVISIONAL_KEEP_MANUAL_PHENOCOPY_REVIEW_PENDING	false
GSE261783	GSM8151757	ACACCAAGTTGAATCC-1	Znhit1	Znhit1_As_222	Unstimulated	PROVISIONAL_KEEP_MANUAL_PHENOCOPY_REVIEW_PENDING	false
GSE261783	GSM8151757	ACCTGTCTCTCCAATT-1	Znhit1	Znhit1_As_222	Unstimulated	PROVISIONAL_KEEP_MANUAL_PHENOCOPY_REVIEW_PENDING	false
GSE261783	GSM8151757	ACGGTTATCATTTGGG-1	Znhit1	Znhit1_As_222	Unstimulated	PROVISIONAL_KEEP_MANUAL_PHENOCOPY_REVIEW_PENDING	false
GSE261783	GSM8151757	ACGTAGTCAGAGCTAG-1	Znhit1	Znhit1_As_222	Unstimulated	PROVISIONAL_KEEP_MANUAL_PHENOCOPY_REVIEW_PENDING	false
GSE261783	GSM8151757	ACTATCTCAGAGCCCT-1	Znhit1	Znhit1_As_222	Unstimulated	PROVISIONAL_KEEP_MANUAL_PHENOCOPY_REVIEW_PENDING	false
GSE261783	GSM8151757	AGCCAATTCGGTAGGA-1	Znhit1	Znhit1_As_222	Unstimulated	PROVISIONAL_KEEP_MANUAL_PHENOCOPY_REVIEW_PENDING	false
GSE261783	GSM8151757	AGCGATTAGGTTCTAC-1	Znhit1	Znhit1_As_222	Unstimulated	PROVISIONAL_KEEP_MANUAL_PHENOCOPY_REVIEW_PENDING	false
GSE261783	GSM8151757	AGCTTCCTCGACGAGA-1	Znhit1	Znhit1_As_222	Unstimulated	PROVISIONAL_KEEP_MANUAL_PHENOCOPY_REVIEW_PENDING	false
GSE261783	GSM8151757	ATCCTATGTTAGGGAC-1	Znhit1	Znhit1_As_222	Unstimulated	PROVISIONAL_KEEP_MANUAL_PHENOCOPY_REVIEW_PENDING	false
GSE261783	GSM8151757	ATCGATGAGAAACTAC-1	Znhit1	Znhit1_As_222	Unstimulated	PROVISIONAL_KEEP_MANUAL_PHENOCOPY_REVIEW_PENDING	false
GSE261783	GSM8151757	ATGGATCAGATGCGAC-1	Znhit1	Znhit1_As_222	Unstimulated	PROVISIONAL_KEEP_MANUAL_PHENOCOPY_REVIEW_PENDING	false
GSE261783	GSM8151757	ATTCCTATCGTCAAAC-1	Znhit1	Znhit1_As_222	Unstimulated	PROVISIONAL_KEEP_MANUAL_PHENOCOPY_REVIEW_PENDING	false
GSE261783	GSM8151757	CACAACAGTACCGGAA-1	Znhit1	Znhit1_As_222	Unstimulated	PROVISIONAL_KEEP_MANUAL_PHENOCOPY_REVIEW_PENDING	false
GSE261783	GSM8151757	CAGATACAGATTAGAC-1	Znhit1	Znhit1_As_222	Unstimulated	PROVISIONAL_KEEP_MANUAL_PHENOCOPY_REVIEW_PENDING	false
GSE261783	GSM8151757	CAGGTATTCCGTGGGT-1	Znhit1	Znhit1_As_222	Unstimulated	PROVISIONAL_KEEP_MANUAL_PHENOCOPY_REVIEW_PENDING	false
GSE261783	GSM8151757	CCACCATAGGCATTTC-1	Znhit1	Znhit1_As_222	Unstimulated	PROVISIONAL_KEEP_MANUAL_PHENOCOPY_REVIEW_PENDING	false
GSE261783	GSM8151757	CCCATTGCAAACCACT-1	Znhit1	Znhit1_As_222	Unstimulated	PROVISIONAL_KEEP_MANUAL_PHENOCOPY_REVIEW_PENDING	false
GSE261783	GSM8151757	CCTAAGATCATGCAGT-1	Znhit1	Znhit1_As_222	Unstimulated	PROVISIONAL_KEEP_MANUAL_PHENOCOPY_REVIEW_PENDING	false
GSE261783	GSM8151757	CCTCCTCGTATATGGA-1	Znhit1	Znhit1_As_222	Unstimulated	PROVISIONAL_KEEP_MANUAL_PHENOCOPY_REVIEW_PENDING	false
GSE261783	GSM8151757	CGGGTCATCCAAGAGG-1	Znhit1	Znhit1_As_222	Unstimulated	PROVISIONAL_KEEP_MANUAL_PHENOCOPY_REVIEW_PENDING	false
GSE261783	GSM8151757	CTAACCCAGTCAGGGT-1	Znhit1	Znhit1_As_222	Unstimulated	PROVISIONAL_KEEP_MANUAL_PHENOCOPY_REVIEW_PENDING	false
GSE261783	GSM8151757	CTGGACGCACAATGCT-1	Znhit1	Znhit1_As_222	Unstimulated	PROVISIONAL_KEEP_MANUAL_PHENOCOPY_REVIEW_PENDING	false
GSE261783	GSM8151757	CTGGTCTTCCCAAGTA-1	Znhit1	Znhit1_As_222	Unstimulated	PROVISIONAL_KEEP_MANUAL_PHENOCOPY_REVIEW_PENDING	false
GSE261783	GSM8151757	CTGTAGACAGTGAGCA-1	Znhit1	Znhit1_As_222	Unstimulated	PROVISIONAL_KEEP_MANUAL_PHENOCOPY_REVIEW_PENDING	false
GSE261783	GSM8151757	CTGTATTGTGTCTAAC-1	Znhit1	Znhit1_As_222	Unstimulated	PROVISIONAL_KEEP_MANUAL_PHENOCOPY_REVIEW_PENDING	false
GSE261783	GSM8151757	CTTCCGAGTCGCCTAG-1	Znhit1	Znhit1_As_222	Unstimulated	PROVISIONAL_KEEP_MANUAL_PHENOCOPY_REVIEW_PENDING	false
GSE261783	GSM8151757	GACCCTTCACCACATA-1	Znhit1	Znhit1_As_222	Unstimulated	PROVISIONAL_KEEP_MANUAL_PHENOCOPY_REVIEW_PENDING	false
GSE261783	GSM8151757	GAGACTTAGGTCCGAA-1	Znhit1	Znhit1_As_222	Unstimulated	PROVISIONAL_KEEP_MANUAL_PHENOCOPY_REVIEW_PENDING	false
GSE261783	GSM8151757	GAGGGATCATAGGAGC-1	Znhit1	Znhit1_As_222	Unstimulated	PROVISIONAL_KEEP_MANUAL_PHENOCOPY_REVIEW_PENDING	false
GSE261783	GSM8151757	GATAGCTGTCGAGTGA-1	Znhit1	Znhit1_As_222	Unstimulated	PROVISIONAL_KEEP_MANUAL_PHENOCOPY_REVIEW_PENDING	false
GSE261783	GSM8151757	GATCATGTCACGATCA-1	Znhit1	Znhit1_As_222	Unstimulated	PROVISIONAL_KEEP_MANUAL_PHENOCOPY_REVIEW_PENDING	false
GSE261783	GSM8151757	GATCCCTAGTGGACTG-1	Znhit1	Znhit1_As_222	Unstimulated	PROVISIONAL_KEEP_MANUAL_PHENOCOPY_REVIEW_PENDING	false
GSE261783	GSM8151757	GATTCGAGTAGGAGTC-1	Znhit1	Znhit1_As_222	Unstimulated	PROVISIONAL_KEEP_MANUAL_PHENOCOPY_REVIEW_PENDING	false
GSE261783	GSM8151757	GCGGATCCAAGAGTAT-1	Znhit1	Znhit1_As_222	Unstimulated	PROVISIONAL_KEEP_MANUAL_PHENOCOPY_REVIEW_PENDING	false
GSE261783	GSM8151757	GCTCAAAGTCTTACTT-1	Znhit1	Znhit1_As_222	Unstimulated	PROVISIONAL_KEEP_MANUAL_PHENOCOPY_REVIEW_PENDING	false
GSE261783	GSM8151757	GCTTGGGCAGAGCCCT-1	Znhit1	Znhit1_As_222	Unstimulated	PROVISIONAL_KEEP_MANUAL_PHENOCOPY_REVIEW_PENDING	false
GSE261783	GSM8151757	GGTGAAGAGTGTGTTC-1	Znhit1	Znhit1_As_222	Unstimulated	PROVISIONAL_KEEP_MANUAL_PHENOCOPY_REVIEW_PENDING	false
GSE261783	GSM8151757	GTATTTCGTGTAACGG-1	Znhit1	Znhit1_As_222	Unstimulated	PROVISIONAL_KEEP_MANUAL_PHENOCOPY_REVIEW_PENDING	false
GSE261783	GSM8151757	GTTGCTCCACGTATAC-1	Znhit1	Znhit1_As_222	Unstimulated	PROVISIONAL_KEEP_MANUAL_PHENOCOPY_REVIEW_PENDING	false
GSE261783	GSM8151757	TAAGTCGTCGCCTCTA-1	Znhit1	Znhit1_As_222	Unstimulated	PROVISIONAL_KEEP_MANUAL_PHENOCOPY_REVIEW_PENDING	false
GSE261783	GSM8151757	TACTTACGTGGGATTG-1	Znhit1	Znhit1_As_222	Unstimulated	PROVISIONAL_KEEP_MANUAL_PHENOCOPY_REVIEW_PENDING	false
GSE261783	GSM8151757	TCCTCCCGTGATTCTG-1	Znhit1	Znhit1_As_222	Unstimulated	PROVISIONAL_KEEP_MANUAL_PHENOCOPY_REVIEW_PENDING	false
GSE261783	GSM8151757	TCGAAGTAGGTACAAT-1	Znhit1	Znhit1_As_222	Unstimulated	PROVISIONAL_KEEP_MANUAL_PHENOCOPY_REVIEW_PENDING	false
GSE261783	GSM8151757	TCGGGTGTCTCACTCG-1	Znhit1	Znhit1_As_222	Unstimulated	PROVISIONAL_KEEP_MANUAL_PHENOCOPY_REVIEW_PENDING	false
GSE261783	GSM8151757	TGAATGCTCTCTTAAC-1	Znhit1	Znhit1_As_222	Unstimulated	PROVISIONAL_KEEP_MANUAL_PHENOCOPY_REVIEW_PENDING	false
GSE261783	GSM8151757	TGACGCGCATGAAGCG-1	Znhit1	Znhit1_As_222	Unstimulated	PROVISIONAL_KEEP_MANUAL_PHENOCOPY_REVIEW_PENDING	false
GSE261783	GSM8151757	TGCTCGTAGCGCCTAC-1	Znhit1	Znhit1_As_222	Unstimulated	PROVISIONAL_KEEP_MANUAL_PHENOCOPY_REVIEW_PENDING	false
GSE261783	GSM8151757	TGTGATGTCTGATTCT-1	Znhit1	Znhit1_As_222	Unstimulated	PROVISIONAL_KEEP_MANUAL_PHENOCOPY_REVIEW_PENDING	false
GSE261783	GSM8151757	TGTGCGGAGAGAGAAC-1	Znhit1	Znhit1_As_222	Unstimulated	PROVISIONAL_KEEP_MANUAL_PHENOCOPY_REVIEW_PENDING	false
GSE261783	GSM8151757	TGTTACTCACCTCTAC-1	Znhit1	Znhit1_As_222	Unstimulated	PROVISIONAL_KEEP_MANUAL_PHENOCOPY_REVIEW_PENDING	false
GSE261783	GSM8151757	TTACCGCGTACCGCGT-1	Znhit1	Znhit1_As_222	Unstimulated	PROVISIONAL_KEEP_MANUAL_PHENOCOPY_REVIEW_PENDING	false
GSE261783	GSM8151757	TTACTGTAGAATCTAG-1	Znhit1	Znhit1_As_222	Unstimulated	PROVISIONAL_KEEP_MANUAL_PHENOCOPY_REVIEW_PENDING	false
GSE261783	GSM8151757	TTCGATTCACGTGAGA-1	Znhit1	Znhit1_As_222	Unstimulated	PROVISIONAL_KEEP_MANUAL_PHENOCOPY_REVIEW_PENDING	false
GSE261783	GSM8151757	TTGAACGTCATTCACT-1	Znhit1	Znhit1_As_222	Unstimulated	PROVISIONAL_KEEP_MANUAL_PHENOCOPY_REVIEW_PENDING	false
GSE261783	GSM8151757	TTGGTTTCAAATACGA-1	Znhit1	Znhit1_As_222	Unstimulated	PROVISIONAL_KEEP_MANUAL_PHENOCOPY_REVIEW_PENDING	false
GSE261783	GSM8151757	TTTCATGCAAGAGATT-1	Znhit1	Znhit1_As_222	Unstimulated	PROVISIONAL_KEEP_MANUAL_PHENOCOPY_REVIEW_PENDING	false
