sample	cell	reason	model_input
GSM8151756	AAACCCAAGCTTGTGT-1	NOT_IN_PREDECLARED_KEEP_PLAN	false
GSM8151756	AAACCCAAGTCAGGGT-1	NOT_IN_PREDECLARED_KEEP_PLAN	false
GSM8151756	AAACCCACACATGAAA-1	NOT_IN_PREDECLARED_KEEP_PLAN	false
GSM8151756	AAACCCAGTGCCGTTG-1	NOT_IN_PREDECLARED_KEEP_PLAN	false
GSM8151756	AAACGAACAGCACACC-1	NOT_IN_PREDECLARED_KEEP_PLAN	false
GSM8151756	AAACGAAGTCTCTCAC-1	NOT_IN_PREDECLARED_KEEP_PLAN	false
GSM8151756	AAACGCTAGGGCAAGG-1	NOT_IN_PREDECLARED_KEEP_PLAN	false
GSM8151756	AAACGCTTCCGTACGG-1	NOT_IN_PREDECLARED_KEEP_PLAN	false
GSM8151756	AAACGCTTCGTGGGAA-1	NOT_IN_PREDECLARED_KEEP_PLAN	false
GSM8151756	AAAGAACAGGTTAGTA-1	NOT_IN_PREDECLARED_KEEP_PLAN	false
GSM8151756	AAAGAACGTGTTTACG-1	NOT_IN_PREDECLARED_KEEP_PLAN	false
GSM8151756	AAAGGATAGAGGCCAT-1	NOT_IN_PREDECLARED_KEEP_PLAN	false
GSM8151756	AAAGGATAGCTGGCTC-1	NOT_IN_PREDECLARED_KEEP_PLAN	false
GSM8151756	AAAGGATGTACGGATG-1	NOT_IN_PREDECLARED_KEEP_PLAN	false
GSM8151756	AAAGGATGTTCCGGTG-1	NOT_IN_PREDECLARED_KEEP_PLAN	false
GSM8151756	AAAGGGCCAGACGCTC-1	NOT_IN_PREDECLARED_KEEP_PLAN	false
GSM8151756	AAAGGTACAACAAAGT-1	NOT_IN_PREDECLARED_KEEP_PLAN	false
GSM8151756	AAAGGTACACTGGATT-1	NOT_IN_PREDECLARED_KEEP_PLAN	false
GSM8151756	AAAGGTAGTTCCACGG-1	NOT_IN_PREDECLARED_KEEP_PLAN	false
GSM8151756	AAAGTCCTCCTACTGC-1	NOT_IN_PREDECLARED_KEEP_PLAN	false
GSM8151756	AAAGTGAAGTATGGAT-1	NOT_IN_PREDECLARED_KEEP_PLAN	false
GSM8151756	AAAGTGACATCGATGT-1	NOT_IN_PREDECLARED_KEEP_PLAN	false
GSM8151756	AAAGTGAGTTTCTATC-1	NOT_IN_PREDECLARED_KEEP_PLAN	false
GSM8151756	AAATGGAAGGCCACCT-1	NOT_IN_PREDECLARED_KEEP_PLAN	false
GSM8151756	AAATGGAGTGAGTTGG-1	NOT_IN_PREDECLARED_KEEP_PLAN	false
GSM8151756	AAATGGATCCCGAGAC-1	NOT_IN_PREDECLARED_KEEP_PLAN	false
GSM8151756	AACAAAGCACCGGTCA-1	NOT_IN_PREDECLARED_KEEP_PLAN	false
GSM8151756	AACAAAGCATCTCGTC-1	NOT_IN_PREDECLARED_KEEP_PLAN	false
GSM8151756	AACAACCCAATTGCGT-1	NOT_IN_PREDECLARED_KEEP_PLAN	false
GSM8151756	AACAACCTCACAAGAA-1	NOT_IN_PREDECLARED_KEEP_PLAN	false
GSM8151756	AACAACCTCGCATGAT-1	NOT_IN_PREDECLARED_KEEP_PLAN	false
GSM8151756	AACAAGAGTAATGTGA-1	NOT_IN_PREDECLARED_KEEP_PLAN	false
GSM8151756	AACACACAGGGAGGAC-1	NOT_IN_PREDECLARED_KEEP_PLAN	false
GSM8151756	AACACACCAGTTGAAA-1	NOT_IN_PREDECLARED_KEEP_PLAN	false
GSM8151756	AACACACGTGGAGAAA-1	NOT_IN_PREDECLARED_KEEP_PLAN	false
GSM8151756	AACACACTCACAAGAA-1	NOT_IN_PREDECLARED_KEEP_PLAN	false
GSM8151756	AACACACTCGTAGGGA-1	NOT_IN_PREDECLARED_KEEP_PLAN	false
GSM8151756	AACAGGGCAACCGTGC-1	NOT_IN_PREDECLARED_KEEP_PLAN	false
GSM8151756	AACAGGGCAAGACCGA-1	NOT_IN_PREDECLARED_KEEP_PLAN	false
GSM8151756	AACAGGGGTCCAGAAG-1	NOT_IN_PREDECLARED_KEEP_PLAN	false
GSM8151756	AACAGGGTCACATACG-1	NOT_IN_PREDECLARED_KEEP_PLAN	false
GSM8151756	AACAGGGTCCACCTCA-1	NOT_IN_PREDECLARED_KEEP_PLAN	false
GSM8151756	AACCACAAGACATAGT-1	NOT_IN_PREDECLARED_KEEP_PLAN	false
GSM8151756	AACCACAAGACCTCAT-1	NOT_IN_PREDECLARED_KEEP_PLAN	false
GSM8151756	AACCATGAGTGTTCCA-1	NOT_IN_PREDECLARED_KEEP_PLAN	false
GSM8151756	AACCATGAGTTACGGG-1	NOT_IN_PREDECLARED_KEEP_PLAN	false
GSM8151756	AACCATGGTAGCTAAA-1	NOT_IN_PREDECLARED_KEEP_PLAN	false
GSM8151756	AACCCAAAGAGTAACT-1	NOT_IN_PREDECLARED_KEEP_PLAN	false
GSM8151756	AACCCAAGTTGCACGC-1	NOT_IN_PREDECLARED_KEEP_PLAN	false
GSM8151756	AACCTGAAGCGGATCA-1	NOT_IN_PREDECLARED_KEEP_PLAN	false
GSM8151756	AACCTGACACAGAGCA-1	NOT_IN_PREDECLARED_KEEP_PLAN	false
GSM8151756	AACCTTTCAACGCATT-1	NOT_IN_PREDECLARED_KEEP_PLAN	false
GSM8151756	AACCTTTGTAACGCGA-1	NOT_IN_PREDECLARED_KEEP_PLAN	false
GSM8151756	AACGAAATCCCAAGCG-1	NOT_IN_PREDECLARED_KEEP_PLAN	false
GSM8151756	AACGGGAAGGCTTCCG-1	NOT_IN_PREDECLARED_KEEP_PLAN	false
GSM8151756	AACGGGACACTAACGT-1	NOT_IN_PREDECLARED_KEEP_PLAN	false
GSM8151756	AACGGGAGTAACCAGG-1	NOT_IN_PREDECLARED_KEEP_PLAN	false
GSM8151756	AACGGGAGTCCACGCA-1	NOT_IN_PREDECLARED_KEEP_PLAN	false
GSM8151756	AACGGGAGTCCCTAAA-1	NOT_IN_PREDECLARED_KEEP_PLAN	false
GSM8151756	AACGGGAGTGGAACCA-1	NOT_IN_PREDECLARED_KEEP_PLAN	false
GSM8151756	AACGTCACAAGGCCTC-1	NOT_IN_PREDECLARED_KEEP_PLAN	false
GSM8151756	AACTTCTCAGTGTACT-1	NOT_IN_PREDECLARED_KEEP_PLAN	false
GSM8151756	AACTTCTGTACAAGTA-1	NOT_IN_PREDECLARED_KEEP_PLAN	false
GSM8151756	AACTTCTGTGTTACTG-1	NOT_IN_PREDECLARED_KEEP_PLAN	false
GSM8151756	AAGAACAAGGAACGAA-1	NOT_IN_PREDECLARED_KEEP_PLAN	false
GSM8151756	AAGAACAAGGTCCCGT-1	NOT_IN_PREDECLARED_KEEP_PLAN	false
GSM8151756	AAGAACAGTGTAGGAC-1	NOT_IN_PREDECLARED_KEEP_PLAN	false
GSM8151756	AAGACAACAAGTTTGC-1	NOT_IN_PREDECLARED_KEEP_PLAN	false
GSM8151756	AAGACAACAGGCTTGC-1	NOT_IN_PREDECLARED_KEEP_PLAN	false
GSM8151756	AAGACAATCAGGAGAC-1	NOT_IN_PREDECLARED_KEEP_PLAN	false
GSM8151756	AAGACAATCGCAGTGC-1	NOT_IN_PREDECLARED_KEEP_PLAN	false
GSM8151756	AAGACAATCTCGCTCA-1	NOT_IN_PREDECLARED_KEEP_PLAN	false
GSM8151756	AAGACTCAGCACTCCG-1	NOT_IN_PREDECLARED_KEEP_PLAN	false
GSM8151756	AAGACTCCAGCGCGTT-1	NOT_IN_PREDECLARED_KEEP_PLAN	false
GSM8151756	AAGACTCGTCTGTAAC-1	NOT_IN_PREDECLARED_KEEP_PLAN	false
GSM8151756	AAGACTCGTTTCGTTT-1	NOT_IN_PREDECLARED_KEEP_PLAN	false
GSM8151756	AAGATAGGTCATTGCA-1	NOT_IN_PREDECLARED_KEEP_PLAN	false
GSM8151756	AAGCATCAGAGCATAT-1	NOT_IN_PREDECLARED_KEEP_PLAN	false
GSM8151756	AAGCCATAGAGTTCGG-1	NOT_IN_PREDECLARED_KEEP_PLAN	false
GSM8151756	AAGCCATAGGGACACT-1	NOT_IN_PREDECLARED_KEEP_PLAN	false
GSM8151756	AAGCGAGGTCTAGGCC-1	NOT_IN_PREDECLARED_KEEP_PLAN	false
GSM8151756	AAGCGAGTCGACCAAT-1	NOT_IN_PREDECLARED_KEEP_PLAN	false
GSM8151756	AAGCGTTAGCAGCACA-1	NOT_IN_PREDECLARED_KEEP_PLAN	false
GSM8151756	AAGGAATAGGGTCAAC-1	NOT_IN_PREDECLARED_KEEP_PLAN	false
GSM8151756	AAGGAATCAATCCAGT-1	NOT_IN_PREDECLARED_KEEP_PLAN	false
GSM8151756	AAGGAATGTGGTCTCG-1	NOT_IN_PREDECLARED_KEEP_PLAN	false
GSM8151756	AAGGAATTCCACTTCG-1	NOT_IN_PREDECLARED_KEEP_PLAN	false
GSM8151756	AAGGTAACAGTGACCC-1	NOT_IN_PREDECLARED_KEEP_PLAN	false
GSM8151756	AAGGTAATCAAGCCGC-1	NOT_IN_PREDECLARED_KEEP_PLAN	false
GSM8151756	AAGTACCAGTAGACCG-1	NOT_IN_PREDECLARED_KEEP_PLAN	false
GSM8151756	AAGTACCGTAGGTTTC-1	NOT_IN_PREDECLARED_KEEP_PLAN	false
GSM8151756	AAGTACCTCGTCTACC-1	NOT_IN_PREDECLARED_KEEP_PLAN	false
GSM8151756	AAGTGAACATGGGATG-1	NOT_IN_PREDECLARED_KEEP_PLAN	false
GSM8151756	AAGTTCGTCAGAGTGG-1	NOT_IN_PREDECLARED_KEEP_PLAN	false
GSM8151756	AATAGAGCACACTTAG-1	NOT_IN_PREDECLARED_KEEP_PLAN	false
GSM8151756	AATAGAGTCCCGTAAA-1	NOT_IN_PREDECLARED_KEEP_PLAN	false
GSM8151756	AATCACGCAATCTGCA-1	NOT_IN_PREDECLARED_KEEP_PLAN	false
GSM8151756	AATCACGCAGAAACCG-1	NOT_IN_PREDECLARED_KEEP_PLAN	false
GSM8151756	AATCACGTCCGCATAA-1	NOT_IN_PREDECLARED_KEEP_PLAN	false
GSM8151756	AATCGACAGGTACAGC-1	NOT_IN_PREDECLARED_KEEP_PLAN	false
GSM8151756	AATCGACCATCAGCGC-1	NOT_IN_PREDECLARED_KEEP_PLAN	false
GSM8151756	AATCGACGTAAGATCA-1	NOT_IN_PREDECLARED_KEEP_PLAN	false
GSM8151756	AATCGTGTCGAATCCA-1	NOT_IN_PREDECLARED_KEEP_PLAN	false
GSM8151756	AATGAAGCATCTGCGG-1	NOT_IN_PREDECLARED_KEEP_PLAN	false
GSM8151756	AATGAAGTCAACGAGG-1	NOT_IN_PREDECLARED_KEEP_PLAN	false
GSM8151756	AATGAAGTCACCCTGT-1	NOT_IN_PREDECLARED_KEEP_PLAN	false
GSM8151756	AATGAAGTCGATGCAT-1	NOT_IN_PREDECLARED_KEEP_PLAN	false
GSM8151756	AATGACCAGAAGTATC-1	NOT_IN_PREDECLARED_KEEP_PLAN	false
GSM8151756	AATGCCAGTGTTCCTC-1	NOT_IN_PREDECLARED_KEEP_PLAN	false
GSM8151756	AATGGAAAGGTACTGG-1	NOT_IN_PREDECLARED_KEEP_PLAN	false
GSM8151756	AATGGAATCAGAGTGG-1	NOT_IN_PREDECLARED_KEEP_PLAN	false
GSM8151756	AATGGCTCATTCGATG-1	NOT_IN_PREDECLARED_KEEP_PLAN	false
GSM8151756	AATGGCTGTGGCAACA-1	NOT_IN_PREDECLARED_KEEP_PLAN	false
GSM8151756	AATGGCTTCGTGTGAT-1	NOT_IN_PREDECLARED_KEEP_PLAN	false
GSM8151756	AATTCCTAGAAAGTCT-1	NOT_IN_PREDECLARED_KEEP_PLAN	false
GSM8151756	AATTCCTAGGTGCCAA-1	NOT_IN_PREDECLARED_KEEP_PLAN	false
GSM8151756	AATTCCTAGTATTAGG-1	NOT_IN_PREDECLARED_KEEP_PLAN	false
GSM8151756	AATTCCTCAAAGTATG-1	NOT_IN_PREDECLARED_KEEP_PLAN	false
GSM8151756	AATTCCTCAGGTGGAT-1	NOT_IN_PREDECLARED_KEEP_PLAN	false
GSM8151756	AATTCCTGTTGGCTAT-1	NOT_IN_PREDECLARED_KEEP_PLAN	false
GSM8151756	AATTTCCGTTGACGGA-1	NOT_IN_PREDECLARED_KEEP_PLAN	false
GSM8151756	ACAAAGAAGCGATGGT-1	NOT_IN_PREDECLARED_KEEP_PLAN	false
GSM8151756	ACAAAGACATGTTTGG-1	NOT_IN_PREDECLARED_KEEP_PLAN	false
GSM8151756	ACAAAGATCCCATTCG-1	NOT_IN_PREDECLARED_KEEP_PLAN	false
GSM8151756	ACAAGCTGTCAGGTAG-1	NOT_IN_PREDECLARED_KEEP_PLAN	false
GSM8151756	ACAAGCTGTCTGTAGT-1	NOT_IN_PREDECLARED_KEEP_PLAN	false
GSM8151756	ACACAGTTCAACACGT-1	NOT_IN_PREDECLARED_KEEP_PLAN	false
GSM8151756	ACACAGTTCATCGGGC-1	NOT_IN_PREDECLARED_KEEP_PLAN	false
GSM8151756	ACACAGTTCTGTGCGG-1	NOT_IN_PREDECLARED_KEEP_PLAN	false
GSM8151756	ACACCAATCTGAACGT-1	NOT_IN_PREDECLARED_KEEP_PLAN	false
GSM8151756	ACACGCGCACGACAGA-1	NOT_IN_PREDECLARED_KEEP_PLAN	false
GSM8151756	ACACGCGGTAGTAAGT-1	NOT_IN_PREDECLARED_KEEP_PLAN	false
GSM8151756	ACACTGAAGATTTGCC-1	NOT_IN_PREDECLARED_KEEP_PLAN	false
GSM8151756	ACACTGACAGCCTATA-1	NOT_IN_PREDECLARED_KEEP_PLAN	false
GSM8151756	ACACTGAGTACGAGTG-1	NOT_IN_PREDECLARED_KEEP_PLAN	false
GSM8151756	ACACTGAGTCAGGCAA-1	NOT_IN_PREDECLARED_KEEP_PLAN	false
GSM8151756	ACAGAAAAGTACAGAT-1	NOT_IN_PREDECLARED_KEEP_PLAN	false
GSM8151756	ACAGCCGCAGCGAACA-1	NOT_IN_PREDECLARED_KEEP_PLAN	false
GSM8151756	ACAGGGAGTACCGGCT-1	NOT_IN_PREDECLARED_KEEP_PLAN	false
GSM8151756	ACATCCCGTTTACCTT-1	NOT_IN_PREDECLARED_KEEP_PLAN	false
GSM8151756	ACATCCCTCTGAGATC-1	NOT_IN_PREDECLARED_KEEP_PLAN	false
GSM8151756	ACATCGACACCTCTGT-1	NOT_IN_PREDECLARED_KEEP_PLAN	false
GSM8151756	ACATCGAGTACCTGTA-1	NOT_IN_PREDECLARED_KEEP_PLAN	false
GSM8151756	ACATCGAGTACGGTTT-1	NOT_IN_PREDECLARED_KEEP_PLAN	false
GSM8151756	ACATGCAGTAGGATAT-1	NOT_IN_PREDECLARED_KEEP_PLAN	false
GSM8151756	ACATTTCGTCACAGTT-1	NOT_IN_PREDECLARED_KEEP_PLAN	false
GSM8151756	ACCAAACAGTGTGTTC-1	NOT_IN_PREDECLARED_KEEP_PLAN	false
GSM8151756	ACCAAACGTCTAACGT-1	NOT_IN_PREDECLARED_KEEP_PLAN	false
GSM8151756	ACCAAACTCAATGTCG-1	NOT_IN_PREDECLARED_KEEP_PLAN	false
GSM8151756	ACCAACATCACCGGGT-1	NOT_IN_PREDECLARED_KEEP_PLAN	false
GSM8151756	ACCAACATCCGGACGT-1	NOT_IN_PREDECLARED_KEEP_PLAN	false
GSM8151756	ACCAACATCTTAGCCC-1	NOT_IN_PREDECLARED_KEEP_PLAN	false
GSM8151756	ACCATTTAGCGCCTAC-1	NOT_IN_PREDECLARED_KEEP_PLAN	false
GSM8151756	ACCATTTGTGTACAGG-1	NOT_IN_PREDECLARED_KEEP_PLAN	false
GSM8151756	ACCCTCACAAGGTCGA-1	NOT_IN_PREDECLARED_KEEP_PLAN	false
GSM8151756	ACCCTCAGTGTGTCGC-1	NOT_IN_PREDECLARED_KEEP_PLAN	false
GSM8151756	ACCCTCAGTTGCAAGG-1	NOT_IN_PREDECLARED_KEEP_PLAN	false
GSM8151756	ACCCTCATCGCTTACC-1	NOT_IN_PREDECLARED_KEEP_PLAN	false
GSM8151756	ACCCTTGAGCCATCCG-1	NOT_IN_PREDECLARED_KEEP_PLAN	false
GSM8151756	ACCCTTGCATGGCACC-1	NOT_IN_PREDECLARED_KEEP_PLAN	false
GSM8151756	ACCCTTGGTGACAGGT-1	NOT_IN_PREDECLARED_KEEP_PLAN	false
GSM8151756	ACCGTTCAGATGGGCT-1	NOT_IN_PREDECLARED_KEEP_PLAN	false
GSM8151756	ACCGTTCAGGAGAGGC-1	NOT_IN_PREDECLARED_KEEP_PLAN	false
GSM8151756	ACCGTTCGTGGCGCTT-1	NOT_IN_PREDECLARED_KEEP_PLAN	false
GSM8151756	ACCTACCAGTGTTGAA-1	NOT_IN_PREDECLARED_KEEP_PLAN	false
GSM8151756	ACCTACCGTTGGTAGG-1	NOT_IN_PREDECLARED_KEEP_PLAN	false
GSM8151756	ACCTGAACACTTCTCG-1	NOT_IN_PREDECLARED_KEEP_PLAN	false
GSM8151756	ACCTGTCTCCTCAGAA-1	NOT_IN_PREDECLARED_KEEP_PLAN	false
GSM8151756	ACGATCAAGATACATG-1	NOT_IN_PREDECLARED_KEEP_PLAN	false
GSM8151756	ACGATCAAGGCAGGGA-1	NOT_IN_PREDECLARED_KEEP_PLAN	false
GSM8151756	ACGATCACAAGCGCTC-1	NOT_IN_PREDECLARED_KEEP_PLAN	false
GSM8151756	ACGATGTAGAAATTCG-1	NOT_IN_PREDECLARED_KEEP_PLAN	false
GSM8151756	ACGATGTAGTAACCTC-1	NOT_IN_PREDECLARED_KEEP_PLAN	false
GSM8151756	ACGATGTCAATGACCT-1	NOT_IN_PREDECLARED_KEEP_PLAN	false
GSM8151756	ACGATGTGTGGGTCAA-1	NOT_IN_PREDECLARED_KEEP_PLAN	false
GSM8151756	ACGCACGAGGCATCTT-1	NOT_IN_PREDECLARED_KEEP_PLAN	false
GSM8151756	ACGCACGCAACCAATC-1	NOT_IN_PREDECLARED_KEEP_PLAN	false
GSM8151756	ACGCACGCAATCTCTT-1	NOT_IN_PREDECLARED_KEEP_PLAN	false
GSM8151756	ACGCACGGTTTAAGGA-1	NOT_IN_PREDECLARED_KEEP_PLAN	false
GSM8151756	ACGCACGTCAACTGGT-1	NOT_IN_PREDECLARED_KEEP_PLAN	false
GSM8151756	ACGGAAGCAGGCATGA-1	NOT_IN_PREDECLARED_KEEP_PLAN	false
GSM8151756	ACGGAAGGTACACGCC-1	NOT_IN_PREDECLARED_KEEP_PLAN	false
GSM8151756	ACGGGTCCACCAAAGG-1	NOT_IN_PREDECLARED_KEEP_PLAN	false
GSM8151756	ACGGGTCGTCCTCATC-1	NOT_IN_PREDECLARED_KEEP_PLAN	false
GSM8151756	ACGGTCGGTGACGTCC-1	NOT_IN_PREDECLARED_KEEP_PLAN	false
GSM8151756	ACGGTCGGTTGCATTG-1	NOT_IN_PREDECLARED_KEEP_PLAN	false
GSM8151756	ACGGTCGTCGACCATA-1	NOT_IN_PREDECLARED_KEEP_PLAN	false
GSM8151756	ACGTAACGTCTGCCTT-1	NOT_IN_PREDECLARED_KEEP_PLAN	false
GSM8151756	ACGTACAAGTTCATCG-1	NOT_IN_PREDECLARED_KEEP_PLAN	false
GSM8151756	ACGTACATCCAAGGGA-1	NOT_IN_PREDECLARED_KEEP_PLAN	false
GSM8151756	ACGTAGTGTCGATTTG-1	NOT_IN_PREDECLARED_KEEP_PLAN	false
GSM8151756	ACGTCCTCACATCATG-1	NOT_IN_PREDECLARED_KEEP_PLAN	false
GSM8151756	ACGTTCCTCCAGTTCC-1	NOT_IN_PREDECLARED_KEEP_PLAN	false
GSM8151756	ACGTTCCTCTGGCCTT-1	NOT_IN_PREDECLARED_KEEP_PLAN	false
GSM8151756	ACTACGAAGTCGTTAC-1	NOT_IN_PREDECLARED_KEEP_PLAN	false
GSM8151756	ACTACGAGTTTCTTAC-1	NOT_IN_PREDECLARED_KEEP_PLAN	false
GSM8151756	ACTACGATCCGTATGA-1	NOT_IN_PREDECLARED_KEEP_PLAN	false
GSM8151756	ACTATGGGTAGGTCAG-1	NOT_IN_PREDECLARED_KEEP_PLAN	false
GSM8151756	ACTATTCCACCCATAA-1	NOT_IN_PREDECLARED_KEEP_PLAN	false
GSM8151756	ACTATTCTCGAGCACC-1	NOT_IN_PREDECLARED_KEEP_PLAN	false
GSM8151756	ACTCCCAGTTCAACGT-1	NOT_IN_PREDECLARED_KEEP_PLAN	false
GSM8151756	ACTCCCATCCTGGGAC-1	NOT_IN_PREDECLARED_KEEP_PLAN	false
GSM8151756	ACTGATGCAGATCACT-1	NOT_IN_PREDECLARED_KEEP_PLAN	false
GSM8151756	ACTGCAAAGAACCCGA-1	NOT_IN_PREDECLARED_KEEP_PLAN	false
GSM8151756	ACTGCAACATCTATCT-1	NOT_IN_PREDECLARED_KEEP_PLAN	false
GSM8151756	ACTGCAATCCCAAGTA-1	NOT_IN_PREDECLARED_KEEP_PLAN	false
GSM8151756	ACTGTGAAGGGCTGAT-1	NOT_IN_PREDECLARED_KEEP_PLAN	false
GSM8151756	ACTGTGACAGGAGGAG-1	NOT_IN_PREDECLARED_KEEP_PLAN	false
GSM8151756	ACTTATCCAAGTCATC-1	NOT_IN_PREDECLARED_KEEP_PLAN	false
GSM8151756	ACTTATCTCACAAGAA-1	NOT_IN_PREDECLARED_KEEP_PLAN	false
GSM8151756	ACTTCCGAGCATTGTC-1	NOT_IN_PREDECLARED_KEEP_PLAN	false
GSM8151756	ACTTCCGTCTTCACAT-1	NOT_IN_PREDECLARED_KEEP_PLAN	false
GSM8151756	ACTTCGCAGAGCTGAC-1	NOT_IN_PREDECLARED_KEEP_PLAN	false
GSM8151756	ACTTCGCCATCGGTTA-1	NOT_IN_PREDECLARED_KEEP_PLAN	false
GSM8151756	ACTTCGCGTTCTCCAC-1	NOT_IN_PREDECLARED_KEEP_PLAN	false
GSM8151756	ACTTTCACAATTTCGG-1	NOT_IN_PREDECLARED_KEEP_PLAN	false
GSM8151756	ACTTTGTAGCAAGCCA-1	NOT_IN_PREDECLARED_KEEP_PLAN	false
GSM8151756	ACTTTGTGTGCCTTTC-1	NOT_IN_PREDECLARED_KEEP_PLAN	false
GSM8151756	ACTTTGTTCTGCTCTG-1	NOT_IN_PREDECLARED_KEEP_PLAN	false
GSM8151756	AGAACAACAGCGTTGC-1	NOT_IN_PREDECLARED_KEEP_PLAN	false
GSM8151756	AGAACAAGTCCGTACG-1	NOT_IN_PREDECLARED_KEEP_PLAN	false
GSM8151756	AGAACAATCGTCGCTT-1	NOT_IN_PREDECLARED_KEEP_PLAN	false
GSM8151756	AGAACCTTCAACTTTC-1	NOT_IN_PREDECLARED_KEEP_PLAN	false
GSM8151756	AGAAGCGAGGATTACA-1	NOT_IN_PREDECLARED_KEEP_PLAN	false
GSM8151756	AGAAGTAAGCTAATCC-1	NOT_IN_PREDECLARED_KEEP_PLAN	false
GSM8151756	AGAAGTAAGTTGTCGT-1	NOT_IN_PREDECLARED_KEEP_PLAN	false
GSM8151756	AGAAGTACAGCTGTAT-1	NOT_IN_PREDECLARED_KEEP_PLAN	false
GSM8151756	AGACAAACAGGACAGT-1	NOT_IN_PREDECLARED_KEEP_PLAN	false
GSM8151756	AGACAAAGTCGTGTTA-1	NOT_IN_PREDECLARED_KEEP_PLAN	false
GSM8151756	AGACAAATCGGTGTTA-1	NOT_IN_PREDECLARED_KEEP_PLAN	false
GSM8151756	AGACACTAGGCTCACC-1	NOT_IN_PREDECLARED_KEEP_PLAN	false
GSM8151756	AGACACTAGTGCCCGT-1	NOT_IN_PREDECLARED_KEEP_PLAN	false
GSM8151756	AGACACTCAACCTAAC-1	NOT_IN_PREDECLARED_KEEP_PLAN	false
GSM8151756	AGACAGGAGGTTGACG-1	NOT_IN_PREDECLARED_KEEP_PLAN	false
GSM8151756	AGACTCACAATGTGGG-1	NOT_IN_PREDECLARED_KEEP_PLAN	false
GSM8151756	AGACTCAGTCCCGGTA-1	NOT_IN_PREDECLARED_KEEP_PLAN	false
GSM8151756	AGACTCAGTTATGTGC-1	NOT_IN_PREDECLARED_KEEP_PLAN	false
GSM8151756	AGACTCATCCCATTCG-1	NOT_IN_PREDECLARED_KEEP_PLAN	false
GSM8151756	AGAGAATAGTGACACG-1	NOT_IN_PREDECLARED_KEEP_PLAN	false
GSM8151756	AGAGAATCACCTTCCA-1	NOT_IN_PREDECLARED_KEEP_PLAN	false
GSM8151756	AGAGAATCAGCTTTGA-1	NOT_IN_PREDECLARED_KEEP_PLAN	false
GSM8151756	AGAGAGCCAGAAATTG-1	NOT_IN_PREDECLARED_KEEP_PLAN	false
GSM8151756	AGAGAGCTCTCGCAGG-1	NOT_IN_PREDECLARED_KEEP_PLAN	false
GSM8151756	AGAGCAGGTCTACGTA-1	NOT_IN_PREDECLARED_KEEP_PLAN	false
GSM8151756	AGAGCAGTCCCAGTGG-1	NOT_IN_PREDECLARED_KEEP_PLAN	false
GSM8151756	AGATAGAGTGTCTAAC-1	NOT_IN_PREDECLARED_KEEP_PLAN	false
GSM8151756	AGATAGAGTTTACGTG-1	NOT_IN_PREDECLARED_KEEP_PLAN	false
GSM8151756	AGATAGATCCAATCCC-1	NOT_IN_PREDECLARED_KEEP_PLAN	false
GSM8151756	AGATAGATCTGAGAGG-1	NOT_IN_PREDECLARED_KEEP_PLAN	false
GSM8151756	AGATGAAAGATGATTG-1	NOT_IN_PREDECLARED_KEEP_PLAN	false
GSM8151756	AGATGAACACGACGAA-1	NOT_IN_PREDECLARED_KEEP_PLAN	false
GSM8151756	AGATGAAGTCTTCATT-1	NOT_IN_PREDECLARED_KEEP_PLAN	false
GSM8151756	AGATGAATCCGCGAGT-1	NOT_IN_PREDECLARED_KEEP_PLAN	false
GSM8151756	AGATGCTAGATTCGCT-1	NOT_IN_PREDECLARED_KEEP_PLAN	false
GSM8151756	AGATGCTAGCCTCGTG-1	NOT_IN_PREDECLARED_KEEP_PLAN	false
GSM8151756	AGATGCTAGGGTTAAT-1	NOT_IN_PREDECLARED_KEEP_PLAN	false
GSM8151756	AGCATCACATCCGATA-1	NOT_IN_PREDECLARED_KEEP_PLAN	false
GSM8151756	AGCATCATCCAGTGCG-1	NOT_IN_PREDECLARED_KEEP_PLAN	false
GSM8151756	AGCCAGCAGCGAACTG-1	NOT_IN_PREDECLARED_KEEP_PLAN	false
GSM8151756	AGCCAGCAGCGCCTCA-1	NOT_IN_PREDECLARED_KEEP_PLAN	false
GSM8151756	AGCCAGCCAAGTCATC-1	NOT_IN_PREDECLARED_KEEP_PLAN	false
GSM8151756	AGCCAGCCACTAACCA-1	NOT_IN_PREDECLARED_KEEP_PLAN	false
GSM8151756	AGCCAGCGTGGTTTAC-1	NOT_IN_PREDECLARED_KEEP_PLAN	false
GSM8151756	AGCGATTAGACGGTTG-1	NOT_IN_PREDECLARED_KEEP_PLAN	false
GSM8151756	AGCGATTCACAAGTGG-1	NOT_IN_PREDECLARED_KEEP_PLAN	false
GSM8151756	AGCGCCACACCCTAAA-1	NOT_IN_PREDECLARED_KEEP_PLAN	false
GSM8151756	AGCGTATGTCAACACT-1	NOT_IN_PREDECLARED_KEEP_PLAN	false
GSM8151756	AGCGTATGTCTTTCAT-1	NOT_IN_PREDECLARED_KEEP_PLAN	false
GSM8151756	AGCTACATCAACCTCC-1	NOT_IN_PREDECLARED_KEEP_PLAN	false
GSM8151756	AGCTCAATCAATGTCG-1	NOT_IN_PREDECLARED_KEEP_PLAN	false
GSM8151756	AGCTTCCCAATTGGTC-1	NOT_IN_PREDECLARED_KEEP_PLAN	false
GSM8151756	AGGAAATTCACATTGG-1	NOT_IN_PREDECLARED_KEEP_PLAN	false
GSM8151756	AGGAATATCTTTGCAT-1	NOT_IN_PREDECLARED_KEEP_PLAN	false
GSM8151756	AGGACTTGTGCTTCAA-1	NOT_IN_PREDECLARED_KEEP_PLAN	false
GSM8151756	AGGACTTGTTTCCAAG-1	NOT_IN_PREDECLARED_KEEP_PLAN	false
GSM8151756	AGGAGGTAGAGCCGAT-1	NOT_IN_PREDECLARED_KEEP_PLAN	false
GSM8151756	AGGAGGTCAACACAAA-1	NOT_IN_PREDECLARED_KEEP_PLAN	false
GSM8151756	AGGATAAGTGCGTTTA-1	NOT_IN_PREDECLARED_KEEP_PLAN	false
GSM8151756	AGGATAATCGAAGTGG-1	NOT_IN_PREDECLARED_KEEP_PLAN	false
GSM8151756	AGGATCTCAAGTTCGT-1	NOT_IN_PREDECLARED_KEEP_PLAN	false
GSM8151756	AGGATCTCAGACCCGT-1	NOT_IN_PREDECLARED_KEEP_PLAN	false
GSM8151756	AGGATCTGTCCGGCAT-1	NOT_IN_PREDECLARED_KEEP_PLAN	false
GSM8151756	AGGATCTGTCGAAGCA-1	NOT_IN_PREDECLARED_KEEP_PLAN	false
GSM8151756	AGGATCTTCATGGGAG-1	NOT_IN_PREDECLARED_KEEP_PLAN	false
GSM8151756	AGGCATTGTATTGACC-1	NOT_IN_PREDECLARED_KEEP_PLAN	false
GSM8151756	AGGCATTGTCAACCTA-1	NOT_IN_PREDECLARED_KEEP_PLAN	false
GSM8151756	AGGCATTTCAAATAGG-1	NOT_IN_PREDECLARED_KEEP_PLAN	false
GSM8151756	AGGGCCTCACTGGATT-1	NOT_IN_PREDECLARED_KEEP_PLAN	false
GSM8151756	AGGGCCTCATGCCGCA-1	NOT_IN_PREDECLARED_KEEP_PLAN	false
GSM8151756	AGGGCCTTCCCTCTAG-1	NOT_IN_PREDECLARED_KEEP_PLAN	false
GSM8151756	AGGGTCCAGGACAACC-1	NOT_IN_PREDECLARED_KEEP_PLAN	false
GSM8151756	AGGGTCCCACTATCCC-1	NOT_IN_PREDECLARED_KEEP_PLAN	false
GSM8151756	AGGGTCCGTCCCTGTT-1	NOT_IN_PREDECLARED_KEEP_PLAN	false
GSM8151756	AGGGTCCTCTGTACAG-1	NOT_IN_PREDECLARED_KEEP_PLAN	false
GSM8151756	AGGGTGACACATGAAA-1	NOT_IN_PREDECLARED_KEEP_PLAN	false
GSM8151756	AGGGTGACACTGCGAC-1	NOT_IN_PREDECLARED_KEEP_PLAN	false
GSM8151756	AGGGTTTGTATAGGGC-1	NOT_IN_PREDECLARED_KEEP_PLAN	false
GSM8151756	AGGTAGGAGCGTATGG-1	NOT_IN_PREDECLARED_KEEP_PLAN	false
GSM8151756	AGGTAGGAGTCTAGCT-1	NOT_IN_PREDECLARED_KEEP_PLAN	false
GSM8151756	AGGTAGGGTACAGAAT-1	NOT_IN_PREDECLARED_KEEP_PLAN	false
GSM8151756	AGGTCATAGTCACAGG-1	NOT_IN_PREDECLARED_KEEP_PLAN	false
GSM8151756	AGGTCATGTAACAGGC-1	NOT_IN_PREDECLARED_KEEP_PLAN	false
GSM8151756	AGGTCATGTTCTTCAT-1	NOT_IN_PREDECLARED_KEEP_PLAN	false
GSM8151756	AGGTCTAGTGCCTGAC-1	NOT_IN_PREDECLARED_KEEP_PLAN	false
GSM8151756	AGGTGTTCACATTACG-1	NOT_IN_PREDECLARED_KEEP_PLAN	false
GSM8151756	AGGTGTTGTGCCCAGT-1	NOT_IN_PREDECLARED_KEEP_PLAN	false
GSM8151756	AGGTTACAGAGAAGGT-1	NOT_IN_PREDECLARED_KEEP_PLAN	false
GSM8151756	AGGTTACTCGCAGATT-1	NOT_IN_PREDECLARED_KEEP_PLAN	false
GSM8151756	AGGTTGTTCTAGTTCT-1	NOT_IN_PREDECLARED_KEEP_PLAN	false
GSM8151756	AGTAACCAGTATTAGG-1	NOT_IN_PREDECLARED_KEEP_PLAN	false
GSM8151756	AGTACCAAGTAGTCCT-1	NOT_IN_PREDECLARED_KEEP_PLAN	false
GSM8151756	AGTACTGCAGCAGACA-1	NOT_IN_PREDECLARED_KEEP_PLAN	false
GSM8151756	AGTAGCTAGAGTTGCG-1	NOT_IN_PREDECLARED_KEEP_PLAN	false
GSM8151756	AGTAGCTAGGTATTGA-1	NOT_IN_PREDECLARED_KEEP_PLAN	false
GSM8151756	AGTAGCTCAGTTCCAA-1	NOT_IN_PREDECLARED_KEEP_PLAN	false
GSM8151756	AGTAGCTCATGCAGGA-1	NOT_IN_PREDECLARED_KEEP_PLAN	false
GSM8151756	AGTAGCTTCATGCCGG-1	NOT_IN_PREDECLARED_KEEP_PLAN	false
GSM8151756	AGTAGTCAGATACGAT-1	NOT_IN_PREDECLARED_KEEP_PLAN	false
GSM8151756	AGTAGTCAGGCAGTCA-1	NOT_IN_PREDECLARED_KEEP_PLAN	false
GSM8151756	AGTAGTCAGTCTAGAA-1	NOT_IN_PREDECLARED_KEEP_PLAN	false
GSM8151756	AGTAGTCGTTAAACCC-1	NOT_IN_PREDECLARED_KEEP_PLAN	false
GSM8151756	AGTAGTCTCGTAGAGG-1	NOT_IN_PREDECLARED_KEEP_PLAN	false
GSM8151756	AGTCAACCACCAGTAT-1	NOT_IN_PREDECLARED_KEEP_PLAN	false
GSM8151756	AGTCAACCATGACACT-1	NOT_IN_PREDECLARED_KEEP_PLAN	false
GSM8151756	AGTCAACGTCAGGTAG-1	NOT_IN_PREDECLARED_KEEP_PLAN	false
GSM8151756	AGTCAACTCATGGATC-1	NOT_IN_PREDECLARED_KEEP_PLAN	false
GSM8151756	AGTCAACTCGGCCCAA-1	NOT_IN_PREDECLARED_KEEP_PLAN	false
GSM8151756	AGTCACACAGTTGCGC-1	NOT_IN_PREDECLARED_KEEP_PLAN	false
GSM8151756	AGTCACAGTAATACCC-1	NOT_IN_PREDECLARED_KEEP_PLAN	false
GSM8151756	AGTCTCCAGATTAGAC-1	NOT_IN_PREDECLARED_KEEP_PLAN	false
GSM8151756	AGTCTCCAGTACTGGG-1	NOT_IN_PREDECLARED_KEEP_PLAN	false
GSM8151756	AGTCTCCGTCCAAGAG-1	NOT_IN_PREDECLARED_KEEP_PLAN	false
GSM8151756	AGTCTCCGTGAAGCGT-1	NOT_IN_PREDECLARED_KEEP_PLAN	false
GSM8151756	AGTGACTAGTTGTACC-1	NOT_IN_PREDECLARED_KEEP_PLAN	false
GSM8151756	AGTGACTCAAGTGATA-1	NOT_IN_PREDECLARED_KEEP_PLAN	false
GSM8151756	AGTGACTTCTAGTGAC-1	NOT_IN_PREDECLARED_KEEP_PLAN	false
GSM8151756	AGTGATCAGCGAACTG-1	NOT_IN_PREDECLARED_KEEP_PLAN	false
GSM8151756	AGTGATCAGGAACTCG-1	NOT_IN_PREDECLARED_KEEP_PLAN	false
GSM8151756	AGTGCCGAGACATATG-1	NOT_IN_PREDECLARED_KEEP_PLAN	false
GSM8151756	AGTGCCGGTGGCTGAA-1	NOT_IN_PREDECLARED_KEEP_PLAN	false
GSM8151756	AGTGTTGGTTTACTTC-1	NOT_IN_PREDECLARED_KEEP_PLAN	false
GSM8151756	AGTTAGCGTGTAAATG-1	NOT_IN_PREDECLARED_KEEP_PLAN	false
GSM8151756	AGTTCGAAGTACAGCG-1	NOT_IN_PREDECLARED_KEEP_PLAN	false
GSM8151756	AGTTCGACACTCATAG-1	NOT_IN_PREDECLARED_KEEP_PLAN	false
GSM8151756	AGTTCGATCCATCTCG-1	NOT_IN_PREDECLARED_KEEP_PLAN	false
GSM8151756	ATACCGAAGGGAGGAC-1	NOT_IN_PREDECLARED_KEEP_PLAN	false
GSM8151756	ATACCGAGTTGCTGAT-1	NOT_IN_PREDECLARED_KEEP_PLAN	false
GSM8151756	ATACCTTAGCCTCAAT-1	NOT_IN_PREDECLARED_KEEP_PLAN	false
GSM8151756	ATACTTCGTCCCTGAG-1	NOT_IN_PREDECLARED_KEEP_PLAN	false
GSM8151756	ATAGACCCAATTCTTC-1	NOT_IN_PREDECLARED_KEEP_PLAN	false
GSM8151756	ATAGAGACAGTGTGGA-1	NOT_IN_PREDECLARED_KEEP_PLAN	false
GSM8151756	ATAGAGAGTGAGTTTC-1	NOT_IN_PREDECLARED_KEEP_PLAN	false
GSM8151756	ATAGAGAGTTTACGTG-1	NOT_IN_PREDECLARED_KEEP_PLAN	false
GSM8151756	ATAGAGATCCCAGCGA-1	NOT_IN_PREDECLARED_KEEP_PLAN	false
GSM8151756	ATAGGCTGTAGAATGT-1	NOT_IN_PREDECLARED_KEEP_PLAN	false
GSM8151756	ATAGGCTTCTATCCAT-1	NOT_IN_PREDECLARED_KEEP_PLAN	false
GSM8151756	ATATCCTAGGGACCAT-1	NOT_IN_PREDECLARED_KEEP_PLAN	false
GSM8151756	ATATCCTGTCGTTTCC-1	NOT_IN_PREDECLARED_KEEP_PLAN	false
GSM8151756	ATCACAGCATAGAATG-1	NOT_IN_PREDECLARED_KEEP_PLAN	false
GSM8151756	ATCACAGGTAGGAGTC-1	NOT_IN_PREDECLARED_KEEP_PLAN	false
GSM8151756	ATCACAGGTCGCACAC-1	NOT_IN_PREDECLARED_KEEP_PLAN	false
GSM8151756	ATCACAGTCACATCAG-1	NOT_IN_PREDECLARED_KEEP_PLAN	false
GSM8151756	ATCACAGTCTGTTGGA-1	NOT_IN_PREDECLARED_KEEP_PLAN	false
GSM8151756	ATCACGAAGGCCTAAG-1	NOT_IN_PREDECLARED_KEEP_PLAN	false
GSM8151756	ATCACGACACGCTTAA-1	NOT_IN_PREDECLARED_KEEP_PLAN	false
GSM8151756	ATCACTTTCTGTCCGT-1	NOT_IN_PREDECLARED_KEEP_PLAN	false
GSM8151756	ATCAGGTGTCCTCAGG-1	NOT_IN_PREDECLARED_KEEP_PLAN	false
GSM8151756	ATCCACCAGCAACAAT-1	NOT_IN_PREDECLARED_KEEP_PLAN	false
GSM8151756	ATCCATTCAAGGCGTA-1	NOT_IN_PREDECLARED_KEEP_PLAN	false
GSM8151756	ATCCGTCCAGCTGCCA-1	NOT_IN_PREDECLARED_KEEP_PLAN	false
GSM8151756	ATCCGTCTCCTGTTGC-1	NOT_IN_PREDECLARED_KEEP_PLAN	false
GSM8151756	ATCCTATCAAGAGTGC-1	NOT_IN_PREDECLARED_KEEP_PLAN	false
GSM8151756	ATCGATGTCGTGGCGT-1	NOT_IN_PREDECLARED_KEEP_PLAN	false
GSM8151756	ATCGCCTAGCACCGTC-1	NOT_IN_PREDECLARED_KEEP_PLAN	false
GSM8151756	ATCGCCTAGGGTCTTT-1	NOT_IN_PREDECLARED_KEEP_PLAN	false
GSM8151756	ATCGCCTCACCACATA-1	NOT_IN_PREDECLARED_KEEP_PLAN	false
GSM8151756	ATCGCCTGTAGTCCTA-1	NOT_IN_PREDECLARED_KEEP_PLAN	false
GSM8151756	ATCGCCTGTTCTCCAC-1	NOT_IN_PREDECLARED_KEEP_PLAN	false
GSM8151756	ATCGCCTTCACTCGAA-1	NOT_IN_PREDECLARED_KEEP_PLAN	false
GSM8151756	ATCGGATCAGGTGTGA-1	NOT_IN_PREDECLARED_KEEP_PLAN	false
GSM8151756	ATCGGATTCAAACCCA-1	NOT_IN_PREDECLARED_KEEP_PLAN	false
GSM8151756	ATCGGCGGTCACTGAT-1	NOT_IN_PREDECLARED_KEEP_PLAN	false
GSM8151756	ATCGGCGTCCAAGCCG-1	NOT_IN_PREDECLARED_KEEP_PLAN	false
GSM8151756	ATCGGCGTCCCAATAG-1	NOT_IN_PREDECLARED_KEEP_PLAN	false
GSM8151756	ATCGGCGTCGCAGTCG-1	NOT_IN_PREDECLARED_KEEP_PLAN	false
GSM8151756	ATCGTCCGTCAGGCAA-1	NOT_IN_PREDECLARED_KEEP_PLAN	false
GSM8151756	ATCGTCCTCGAGTCTA-1	NOT_IN_PREDECLARED_KEEP_PLAN	false
GSM8151756	ATCTCTAAGGCATCGA-1	NOT_IN_PREDECLARED_KEEP_PLAN	false
GSM8151756	ATCTCTATCTAAGCCA-1	NOT_IN_PREDECLARED_KEEP_PLAN	false
GSM8151756	ATCTTCACAGAGTTGG-1	NOT_IN_PREDECLARED_KEEP_PLAN	false
GSM8151756	ATGAAAGAGTAACCGG-1	NOT_IN_PREDECLARED_KEEP_PLAN	false
GSM8151756	ATGAAAGCAGCGTGCT-1	NOT_IN_PREDECLARED_KEEP_PLAN	false
GSM8151756	ATGACCAGTGATGAAT-1	NOT_IN_PREDECLARED_KEEP_PLAN	false
GSM8151756	ATGAGGGAGTCGAATA-1	NOT_IN_PREDECLARED_KEEP_PLAN	false
GSM8151756	ATGAGGGAGTTAGTGA-1	NOT_IN_PREDECLARED_KEEP_PLAN	false
GSM8151756	ATGAGGGCAAATGAAC-1	NOT_IN_PREDECLARED_KEEP_PLAN	false
GSM8151756	ATGAGGGTCACTACTT-1	NOT_IN_PREDECLARED_KEEP_PLAN	false
GSM8151756	ATGAGGGTCCCAAGTA-1	NOT_IN_PREDECLARED_KEEP_PLAN	false
GSM8151756	ATGCATGAGTGCGTCC-1	NOT_IN_PREDECLARED_KEEP_PLAN	false
GSM8151756	ATGCATGTCAAAGGTA-1	NOT_IN_PREDECLARED_KEEP_PLAN	false
GSM8151756	ATGCCTCAGACCTCAT-1	NOT_IN_PREDECLARED_KEEP_PLAN	false
GSM8151756	ATGCCTCAGGTAATCA-1	NOT_IN_PREDECLARED_KEEP_PLAN	false
GSM8151756	ATGCCTCGTGGCGCTT-1	NOT_IN_PREDECLARED_KEEP_PLAN	false
GSM8151756	ATGCCTCTCCTCACCA-1	NOT_IN_PREDECLARED_KEEP_PLAN	false
GSM8151756	ATGCCTCTCTATGCCC-1	NOT_IN_PREDECLARED_KEEP_PLAN	false
GSM8151756	ATGCGATTCCGGTTCT-1	NOT_IN_PREDECLARED_KEEP_PLAN	false
GSM8151756	ATGGAGGAGGCAATGC-1	NOT_IN_PREDECLARED_KEEP_PLAN	false
GSM8151756	ATGGATCAGATCACCT-1	NOT_IN_PREDECLARED_KEEP_PLAN	false
GSM8151756	ATGGATCTCGTCCTTG-1	NOT_IN_PREDECLARED_KEEP_PLAN	false
GSM8151756	ATGGATCTCTTACCGC-1	NOT_IN_PREDECLARED_KEEP_PLAN	false
GSM8151756	ATGGGAGCAAGGGTCA-1	NOT_IN_PREDECLARED_KEEP_PLAN	false
GSM8151756	ATGGGAGTCGCGGTAC-1	NOT_IN_PREDECLARED_KEEP_PLAN	false
GSM8151756	ATGGGAGTCTTCGGAA-1	NOT_IN_PREDECLARED_KEEP_PLAN	false
GSM8151756	ATGGGTTAGTCCGCGT-1	NOT_IN_PREDECLARED_KEEP_PLAN	false
GSM8151756	ATGGGTTGTACCAGAG-1	NOT_IN_PREDECLARED_KEEP_PLAN	false
GSM8151756	ATGGGTTTCTCTCGCA-1	NOT_IN_PREDECLARED_KEEP_PLAN	false
GSM8151756	ATGGTTGCAGTCGCAC-1	NOT_IN_PREDECLARED_KEEP_PLAN	false
GSM8151756	ATGGTTGGTAGGACCA-1	NOT_IN_PREDECLARED_KEEP_PLAN	false
GSM8151756	ATGGTTGGTGACTATC-1	NOT_IN_PREDECLARED_KEEP_PLAN	false
GSM8151756	ATGGTTGTCCATTGTT-1	NOT_IN_PREDECLARED_KEEP_PLAN	false
GSM8151756	ATTACCTCAGCGGATA-1	NOT_IN_PREDECLARED_KEEP_PLAN	false
GSM8151756	ATTACTCAGAACAAGG-1	NOT_IN_PREDECLARED_KEEP_PLAN	false
GSM8151756	ATTACTCTCTCCTGAC-1	NOT_IN_PREDECLARED_KEEP_PLAN	false
GSM8151756	ATTATCCAGAATCTAG-1	NOT_IN_PREDECLARED_KEEP_PLAN	false
GSM8151756	ATTATCCAGTATCTGC-1	NOT_IN_PREDECLARED_KEEP_PLAN	false
GSM8151756	ATTATCCCATGACGTT-1	NOT_IN_PREDECLARED_KEEP_PLAN	false
GSM8151756	ATTATCCGTTGTGCCG-1	NOT_IN_PREDECLARED_KEEP_PLAN	false
GSM8151756	ATTCAGGAGCACGGAT-1	NOT_IN_PREDECLARED_KEEP_PLAN	false
GSM8151756	ATTCAGGGTATGGGAC-1	NOT_IN_PREDECLARED_KEEP_PLAN	false
GSM8151756	ATTCATCAGGCCTGCT-1	NOT_IN_PREDECLARED_KEEP_PLAN	false
GSM8151756	ATTCATCCAGGTTTAC-1	NOT_IN_PREDECLARED_KEEP_PLAN	false
GSM8151756	ATTCATCTCCACAGCG-1	NOT_IN_PREDECLARED_KEEP_PLAN	false
GSM8151756	ATTCCATCAATCACGT-1	NOT_IN_PREDECLARED_KEEP_PLAN	false
GSM8151756	ATTCCCGAGAGTGTGC-1	NOT_IN_PREDECLARED_KEEP_PLAN	false
GSM8151756	ATTCCCGTCAGCCTCT-1	NOT_IN_PREDECLARED_KEEP_PLAN	false
GSM8151756	ATTCGTTGTAAGGTCG-1	NOT_IN_PREDECLARED_KEEP_PLAN	false
GSM8151756	ATTCGTTGTGCAAGAC-1	NOT_IN_PREDECLARED_KEEP_PLAN	false
GSM8151756	ATTCGTTGTTGCGTAT-1	NOT_IN_PREDECLARED_KEEP_PLAN	false
GSM8151756	ATTCGTTTCGTTTACT-1	NOT_IN_PREDECLARED_KEEP_PLAN	false
GSM8151756	ATTCGTTTCTCTTGCG-1	NOT_IN_PREDECLARED_KEEP_PLAN	false
GSM8151756	ATTCTACGTTATGTCG-1	NOT_IN_PREDECLARED_KEEP_PLAN	false
GSM8151756	ATTCTTGCATCGAGCC-1	NOT_IN_PREDECLARED_KEEP_PLAN	false
GSM8151756	ATTCTTGTCATTACGG-1	NOT_IN_PREDECLARED_KEEP_PLAN	false
GSM8151756	ATTCTTGTCCAACACA-1	NOT_IN_PREDECLARED_KEEP_PLAN	false
GSM8151756	ATTGGGTTCCGGTTCT-1	NOT_IN_PREDECLARED_KEEP_PLAN	false
GSM8151756	ATTTACCGTCTGATAC-1	NOT_IN_PREDECLARED_KEEP_PLAN	false
GSM8151756	ATTTACCGTTCAGTAC-1	NOT_IN_PREDECLARED_KEEP_PLAN	false
GSM8151756	ATTTACCTCAGTAGGG-1	NOT_IN_PREDECLARED_KEEP_PLAN	false
GSM8151756	ATTTCACCATAGAATG-1	NOT_IN_PREDECLARED_KEEP_PLAN	false
GSM8151756	ATTTCACGTCGCGTCA-1	NOT_IN_PREDECLARED_KEEP_PLAN	false
GSM8151756	ATTTCACTCCAAGCTA-1	NOT_IN_PREDECLARED_KEEP_PLAN	false
GSM8151756	ATTTCTGCACCGTGAC-1	NOT_IN_PREDECLARED_KEEP_PLAN	false
GSM8151756	ATTTCTGGTAGCTGAG-1	NOT_IN_PREDECLARED_KEEP_PLAN	false
GSM8151756	ATTTCTGTCAGGAAGC-1	NOT_IN_PREDECLARED_KEEP_PLAN	false
GSM8151756	ATTTCTGTCGTTATCT-1	NOT_IN_PREDECLARED_KEEP_PLAN	false
GSM8151756	CAAAGAAGTACCGTCG-1	NOT_IN_PREDECLARED_KEEP_PLAN	false
GSM8151756	CAAAGAATCTGAGAAA-1	NOT_IN_PREDECLARED_KEEP_PLAN	false
GSM8151756	CAACAACCACTACACA-1	NOT_IN_PREDECLARED_KEEP_PLAN	false
GSM8151756	CAACAACTCGAGTGAG-1	NOT_IN_PREDECLARED_KEEP_PLAN	false
GSM8151756	CAACAGTTCGGCATCG-1	NOT_IN_PREDECLARED_KEEP_PLAN	false
GSM8151756	CAACCAATCGAGTGAG-1	NOT_IN_PREDECLARED_KEEP_PLAN	false
GSM8151756	CAACCTCAGGGTAATT-1	NOT_IN_PREDECLARED_KEEP_PLAN	false
GSM8151756	CAACCTCGTCTTGTCC-1	NOT_IN_PREDECLARED_KEEP_PLAN	false
GSM8151756	CAACGATAGCATTGTC-1	NOT_IN_PREDECLARED_KEEP_PLAN	false
GSM8151756	CAACGATGTCGTTGGC-1	NOT_IN_PREDECLARED_KEEP_PLAN	false
GSM8151756	CAACGGCCAATAGAGT-1	NOT_IN_PREDECLARED_KEEP_PLAN	false
GSM8151756	CAACGGCGTTAGAGTA-1	NOT_IN_PREDECLARED_KEEP_PLAN	false
GSM8151756	CAAGCTAAGGCAGTCA-1	NOT_IN_PREDECLARED_KEEP_PLAN	false
GSM8151756	CAAGGGATCTTCTTCC-1	NOT_IN_PREDECLARED_KEEP_PLAN	false
GSM8151756	CAATACGAGGTCGTCC-1	NOT_IN_PREDECLARED_KEEP_PLAN	false
GSM8151756	CAATACGAGTTCCAGT-1	NOT_IN_PREDECLARED_KEEP_PLAN	false
GSM8151756	CAATCGAAGAGAGTTT-1	NOT_IN_PREDECLARED_KEEP_PLAN	false
GSM8151756	CAATCGACAAGCTACT-1	NOT_IN_PREDECLARED_KEEP_PLAN	false
GSM8151756	CAATCGATCATTGCGA-1	NOT_IN_PREDECLARED_KEEP_PLAN	false
GSM8151756	CAATGACAGCTGGCTC-1	NOT_IN_PREDECLARED_KEEP_PLAN	false
GSM8151756	CAATGACCAAGCCTGC-1	NOT_IN_PREDECLARED_KEEP_PLAN	false
GSM8151756	CAATGACCACTATGTG-1	NOT_IN_PREDECLARED_KEEP_PLAN	false
GSM8151756	CAATGACGTCTTGCGG-1	NOT_IN_PREDECLARED_KEEP_PLAN	false
GSM8151756	CAATTTCAGATACCAA-1	NOT_IN_PREDECLARED_KEEP_PLAN	false
GSM8151756	CAATTTCGTACTTGTG-1	NOT_IN_PREDECLARED_KEEP_PLAN	false
GSM8151756	CAATTTCTCTCCGTGT-1	NOT_IN_PREDECLARED_KEEP_PLAN	false
GSM8151756	CACACAAAGAGGTGCT-1	NOT_IN_PREDECLARED_KEEP_PLAN	false
GSM8151756	CACACAAAGGAGACCT-1	NOT_IN_PREDECLARED_KEEP_PLAN	false
GSM8151756	CACACAATCTAGACCA-1	NOT_IN_PREDECLARED_KEEP_PLAN	false
GSM8151756	CACAGATGTATTGAGA-1	NOT_IN_PREDECLARED_KEEP_PLAN	false
GSM8151756	CACAGATTCCTTATAC-1	NOT_IN_PREDECLARED_KEEP_PLAN	false
GSM8151756	CACAGGCCAAGACCTT-1	NOT_IN_PREDECLARED_KEEP_PLAN	false
GSM8151756	CACAGGCGTACAAGTA-1	NOT_IN_PREDECLARED_KEEP_PLAN	false
GSM8151756	CACAGGCGTCTGTGAT-1	NOT_IN_PREDECLARED_KEEP_PLAN	false
GSM8151756	CACATGACAAAGAGTT-1	NOT_IN_PREDECLARED_KEEP_PLAN	false
GSM8151756	CACATGACATCCGGTG-1	NOT_IN_PREDECLARED_KEEP_PLAN	false
GSM8151756	CACATGAGTGGATCGA-1	NOT_IN_PREDECLARED_KEEP_PLAN	false
GSM8151756	CACCAAAGTGCCCACA-1	NOT_IN_PREDECLARED_KEEP_PLAN	false
GSM8151756	CACCAAATCGACCATA-1	NOT_IN_PREDECLARED_KEEP_PLAN	false
GSM8151756	CACCGTTAGTCACTCA-1	NOT_IN_PREDECLARED_KEEP_PLAN	false
GSM8151756	CACGAATCAGAATGTA-1	NOT_IN_PREDECLARED_KEEP_PLAN	false
GSM8151756	CACGAATTCGGCCTTT-1	NOT_IN_PREDECLARED_KEEP_PLAN	false
GSM8151756	CACGGGTAGCGCCCAT-1	NOT_IN_PREDECLARED_KEEP_PLAN	false
GSM8151756	CACGGGTTCATCAGTG-1	NOT_IN_PREDECLARED_KEEP_PLAN	false
GSM8151756	CACGGGTTCGATTGGT-1	NOT_IN_PREDECLARED_KEEP_PLAN	false
GSM8151756	CACGTGGCACGCACCA-1	NOT_IN_PREDECLARED_KEEP_PLAN	false
GSM8151756	CACGTGGGTATCGGTT-1	NOT_IN_PREDECLARED_KEEP_PLAN	false
GSM8151756	CACGTGGTCCATCCGT-1	NOT_IN_PREDECLARED_KEEP_PLAN	false
GSM8151756	CACGTTCAGACAACTA-1	NOT_IN_PREDECLARED_KEEP_PLAN	false
GSM8151756	CACGTTCAGAGGCCAT-1	NOT_IN_PREDECLARED_KEEP_PLAN	false
GSM8151756	CACGTTCAGGGCAGTT-1	NOT_IN_PREDECLARED_KEEP_PLAN	false
GSM8151756	CACGTTCAGGTAAGAG-1	NOT_IN_PREDECLARED_KEEP_PLAN	false
GSM8151756	CACGTTCGTTTCGTGA-1	NOT_IN_PREDECLARED_KEEP_PLAN	false
GSM8151756	CACGTTCTCAAGGAGC-1	NOT_IN_PREDECLARED_KEEP_PLAN	false
GSM8151756	CACGTTCTCAAGGCTT-1	NOT_IN_PREDECLARED_KEEP_PLAN	false
GSM8151756	CACTAAGAGGCACGAT-1	NOT_IN_PREDECLARED_KEEP_PLAN	false
GSM8151756	CACTAAGGTGTTTGCA-1	NOT_IN_PREDECLARED_KEEP_PLAN	false
GSM8151756	CACTGAAGTAGACAAT-1	NOT_IN_PREDECLARED_KEEP_PLAN	false
GSM8151756	CACTGGGCAATTTCTC-1	NOT_IN_PREDECLARED_KEEP_PLAN	false
GSM8151756	CACTGGGGTGCACAAG-1	NOT_IN_PREDECLARED_KEEP_PLAN	false
GSM8151756	CACTGTCAGAGCACTG-1	NOT_IN_PREDECLARED_KEEP_PLAN	false
GSM8151756	CACTTCGAGGGCCTCT-1	NOT_IN_PREDECLARED_KEEP_PLAN	false
GSM8151756	CACTTCGTCTCTAAGG-1	NOT_IN_PREDECLARED_KEEP_PLAN	false
GSM8151756	CAGATACGTACTAAGA-1	NOT_IN_PREDECLARED_KEEP_PLAN	false
GSM8151756	CAGATACGTCGGTACC-1	NOT_IN_PREDECLARED_KEEP_PLAN	false
GSM8151756	CAGATACGTGTCTTGA-1	NOT_IN_PREDECLARED_KEEP_PLAN	false
GSM8151756	CAGATCAAGTCGAAGC-1	NOT_IN_PREDECLARED_KEEP_PLAN	false
GSM8151756	CAGCAATAGGAGAGGC-1	NOT_IN_PREDECLARED_KEEP_PLAN	false
GSM8151756	CAGCACGGTTCGGACC-1	NOT_IN_PREDECLARED_KEEP_PLAN	false
GSM8151756	CAGCAGCAGCCGCACT-1	NOT_IN_PREDECLARED_KEEP_PLAN	false
GSM8151756	CAGCAGCCACAGCTTA-1	NOT_IN_PREDECLARED_KEEP_PLAN	false
GSM8151756	CAGCAGCCAGTCAGAG-1	NOT_IN_PREDECLARED_KEEP_PLAN	false
GSM8151756	CAGCAGCCATGGCTAT-1	NOT_IN_PREDECLARED_KEEP_PLAN	false
GSM8151756	CAGCCAGTCTCGACCT-1	NOT_IN_PREDECLARED_KEEP_PLAN	false
GSM8151756	CAGCGTGCAACCGACC-1	NOT_IN_PREDECLARED_KEEP_PLAN	false
GSM8151756	CAGCGTGCAACGGCCT-1	NOT_IN_PREDECLARED_KEEP_PLAN	false
GSM8151756	CAGCGTGGTTTCGTAG-1	NOT_IN_PREDECLARED_KEEP_PLAN	false
GSM8151756	CAGCGTGTCCAGTGCG-1	NOT_IN_PREDECLARED_KEEP_PLAN	false
GSM8151756	CAGCGTGTCTACTCAT-1	NOT_IN_PREDECLARED_KEEP_PLAN	false
GSM8151756	CAGCGTGTCTTTGCAT-1	NOT_IN_PREDECLARED_KEEP_PLAN	false
GSM8151756	CAGGCCATCCATGCAA-1	NOT_IN_PREDECLARED_KEEP_PLAN	false
GSM8151756	CAGGGCTCAAGGTCTT-1	NOT_IN_PREDECLARED_KEEP_PLAN	false
GSM8151756	CAGGGCTGTACGTACT-1	NOT_IN_PREDECLARED_KEEP_PLAN	false
GSM8151756	CAGGGCTTCTTGCGCT-1	NOT_IN_PREDECLARED_KEEP_PLAN	false
GSM8151756	CAGTGCGAGAGAGGTA-1	NOT_IN_PREDECLARED_KEEP_PLAN	false
GSM8151756	CAGTTAGCACCCTAGG-1	NOT_IN_PREDECLARED_KEEP_PLAN	false
GSM8151756	CAGTTAGTCGAGAGCA-1	NOT_IN_PREDECLARED_KEEP_PLAN	false
GSM8151756	CAGTTAGTCTGCACCT-1	NOT_IN_PREDECLARED_KEEP_PLAN	false
GSM8151756	CAGTTCCAGATCCGAG-1	NOT_IN_PREDECLARED_KEEP_PLAN	false
GSM8151756	CAGTTCCAGGACACTG-1	NOT_IN_PREDECLARED_KEEP_PLAN	false
GSM8151756	CAGTTCCGTCAAAGCG-1	NOT_IN_PREDECLARED_KEEP_PLAN	false
GSM8151756	CATACAGTCGTAGCTA-1	NOT_IN_PREDECLARED_KEEP_PLAN	false
GSM8151756	CATACCCAGGCCCGTT-1	NOT_IN_PREDECLARED_KEEP_PLAN	false
GSM8151756	CATACTTGTAGACAAT-1	NOT_IN_PREDECLARED_KEEP_PLAN	false
GSM8151756	CATACTTTCACATCAG-1	NOT_IN_PREDECLARED_KEEP_PLAN	false
GSM8151756	CATACTTTCAGTCTTT-1	NOT_IN_PREDECLARED_KEEP_PLAN	false
GSM8151756	CATACTTTCTACGGGC-1	NOT_IN_PREDECLARED_KEEP_PLAN	false
GSM8151756	CATACTTTCTCTTAAC-1	NOT_IN_PREDECLARED_KEEP_PLAN	false
GSM8151756	CATAGACCAGAGGACT-1	NOT_IN_PREDECLARED_KEEP_PLAN	false
GSM8151756	CATAGACCATAGCACT-1	NOT_IN_PREDECLARED_KEEP_PLAN	false
GSM8151756	CATAGACTCTTCGTGC-1	NOT_IN_PREDECLARED_KEEP_PLAN	false
GSM8151756	CATCAAGTCAGACATC-1	NOT_IN_PREDECLARED_KEEP_PLAN	false
GSM8151756	CATCCCACAGCATTGT-1	NOT_IN_PREDECLARED_KEEP_PLAN	false
GSM8151756	CATCCGTCAAGTTGGG-1	NOT_IN_PREDECLARED_KEEP_PLAN	false
GSM8151756	CATCCGTGTTGGCCTG-1	NOT_IN_PREDECLARED_KEEP_PLAN	false
GSM8151756	CATCGCTGTTGTATGC-1	NOT_IN_PREDECLARED_KEEP_PLAN	false
GSM8151756	CATCGCTTCACACCGG-1	NOT_IN_PREDECLARED_KEEP_PLAN	false
GSM8151756	CATCGCTTCTTGGGCG-1	NOT_IN_PREDECLARED_KEEP_PLAN	false
GSM8151756	CATCGGGAGCCTCAGC-1	NOT_IN_PREDECLARED_KEEP_PLAN	false
GSM8151756	CATCGGGAGTCTAACC-1	NOT_IN_PREDECLARED_KEEP_PLAN	false
GSM8151756	CATCGGGAGTTGTCAC-1	NOT_IN_PREDECLARED_KEEP_PLAN	false
GSM8151756	CATCGGGTCTCCCATG-1	NOT_IN_PREDECLARED_KEEP_PLAN	false
GSM8151756	CATCGTCCAGAGTCTT-1	NOT_IN_PREDECLARED_KEEP_PLAN	false
GSM8151756	CATCGTCCAGTCAGAG-1	NOT_IN_PREDECLARED_KEEP_PLAN	false
GSM8151756	CATCGTCGTCTCTCCA-1	NOT_IN_PREDECLARED_KEEP_PLAN	false
GSM8151756	CATCGTCTCTGCTAGA-1	NOT_IN_PREDECLARED_KEEP_PLAN	false
GSM8151756	CATGAGTTCATTCATC-1	NOT_IN_PREDECLARED_KEEP_PLAN	false
GSM8151756	CATGCAAGTCCACAGC-1	NOT_IN_PREDECLARED_KEEP_PLAN	false
GSM8151756	CATGCCTAGACCAACG-1	NOT_IN_PREDECLARED_KEEP_PLAN	false
GSM8151756	CATGCCTCACTGAGGA-1	NOT_IN_PREDECLARED_KEEP_PLAN	false
GSM8151756	CATGCGGCACAAGCAG-1	NOT_IN_PREDECLARED_KEEP_PLAN	false
GSM8151756	CATGCGGGTTCTATCT-1	NOT_IN_PREDECLARED_KEEP_PLAN	false
GSM8151756	CATGCTCAGGGAGGAC-1	NOT_IN_PREDECLARED_KEEP_PLAN	false
GSM8151756	CATGCTCCAGTAGATA-1	NOT_IN_PREDECLARED_KEEP_PLAN	false
GSM8151756	CATGCTCTCGGCTATA-1	NOT_IN_PREDECLARED_KEEP_PLAN	false
GSM8151756	CATGGATAGCTGTTAC-1	NOT_IN_PREDECLARED_KEEP_PLAN	false
GSM8151756	CATGGATGTTCTTGCC-1	NOT_IN_PREDECLARED_KEEP_PLAN	false
GSM8151756	CATGGTAAGTGGCCTC-1	NOT_IN_PREDECLARED_KEEP_PLAN	false
GSM8151756	CATGGTACAACTCCCT-1	NOT_IN_PREDECLARED_KEEP_PLAN	false
GSM8151756	CATGGTAGTGAGGCAT-1	NOT_IN_PREDECLARED_KEEP_PLAN	false
GSM8151756	CATTCATCATGGCCAC-1	NOT_IN_PREDECLARED_KEEP_PLAN	false
GSM8151756	CATTCATTCAGCCCAG-1	NOT_IN_PREDECLARED_KEEP_PLAN	false
GSM8151756	CATTCCGAGTGCCGAA-1	NOT_IN_PREDECLARED_KEEP_PLAN	false
GSM8151756	CATTCCGCAATCACGT-1	NOT_IN_PREDECLARED_KEEP_PLAN	false
GSM8151756	CATTCTATCCGCTAGG-1	NOT_IN_PREDECLARED_KEEP_PLAN	false
GSM8151756	CATTGCCCATCGGAAG-1	NOT_IN_PREDECLARED_KEEP_PLAN	false
GSM8151756	CATTGCCGTCACTTAG-1	NOT_IN_PREDECLARED_KEEP_PLAN	false
GSM8151756	CATTGCCGTTGCCGCA-1	NOT_IN_PREDECLARED_KEEP_PLAN	false
GSM8151756	CATTGCCTCTCATTGC-1	NOT_IN_PREDECLARED_KEEP_PLAN	false
GSM8151756	CATTGTTTCCCATTTA-1	NOT_IN_PREDECLARED_KEEP_PLAN	false
GSM8151756	CATTTCAAGTGGACGT-1	NOT_IN_PREDECLARED_KEEP_PLAN	false
GSM8151756	CATTTCATCTCGGCTT-1	NOT_IN_PREDECLARED_KEEP_PLAN	false
GSM8151756	CCAAGCGCACTTACAG-1	NOT_IN_PREDECLARED_KEEP_PLAN	false
GSM8151756	CCAAGCGCAGGCATTT-1	NOT_IN_PREDECLARED_KEEP_PLAN	false
GSM8151756	CCAAGCGGTAGGAGTC-1	NOT_IN_PREDECLARED_KEEP_PLAN	false
GSM8151756	CCAAGCGTCTAGATCG-1	NOT_IN_PREDECLARED_KEEP_PLAN	false
GSM8151756	CCAATGAAGCATACTC-1	NOT_IN_PREDECLARED_KEEP_PLAN	false
GSM8151756	CCACAAAAGCGAATGC-1	NOT_IN_PREDECLARED_KEEP_PLAN	false
GSM8151756	CCACAAATCATGAGGG-1	NOT_IN_PREDECLARED_KEEP_PLAN	false
GSM8151756	CCACAAATCTCACGAA-1	NOT_IN_PREDECLARED_KEEP_PLAN	false
GSM8151756	CCACACTCACATCATG-1	NOT_IN_PREDECLARED_KEEP_PLAN	false
GSM8151756	CCACACTGTGTTATCG-1	NOT_IN_PREDECLARED_KEEP_PLAN	false
GSM8151756	CCACCATAGAGTTGTA-1	NOT_IN_PREDECLARED_KEEP_PLAN	false
GSM8151756	CCACCATCACGGAAGT-1	NOT_IN_PREDECLARED_KEEP_PLAN	false
GSM8151756	CCACCATGTCAGCTTA-1	NOT_IN_PREDECLARED_KEEP_PLAN	false
GSM8151756	CCACCATGTTTGAAAG-1	NOT_IN_PREDECLARED_KEEP_PLAN	false
GSM8151756	CCACGAGCAAGACGGT-1	NOT_IN_PREDECLARED_KEEP_PLAN	false
GSM8151756	CCACGAGCAGCGCTTG-1	NOT_IN_PREDECLARED_KEEP_PLAN	false
GSM8151756	CCACGAGTCGTAGCTA-1	NOT_IN_PREDECLARED_KEEP_PLAN	false
GSM8151756	CCACGTTCACCCGTAG-1	NOT_IN_PREDECLARED_KEEP_PLAN	false
GSM8151756	CCACGTTCAGGGCTTC-1	NOT_IN_PREDECLARED_KEEP_PLAN	false
GSM8151756	CCACTTGAGGGAGGAC-1	NOT_IN_PREDECLARED_KEEP_PLAN	false
GSM8151756	CCACTTGCATGGTACT-1	NOT_IN_PREDECLARED_KEEP_PLAN	false
GSM8151756	CCACTTGGTACTGAGG-1	NOT_IN_PREDECLARED_KEEP_PLAN	false
GSM8151756	CCATAAGGTGACCGAA-1	NOT_IN_PREDECLARED_KEEP_PLAN	false
GSM8151756	CCATAAGTCACGGTCG-1	NOT_IN_PREDECLARED_KEEP_PLAN	false
GSM8151756	CCATCACAGAGTGGCT-1	NOT_IN_PREDECLARED_KEEP_PLAN	false
GSM8151756	CCATCACGTTGAGAGC-1	NOT_IN_PREDECLARED_KEEP_PLAN	false
GSM8151756	CCATCACTCCGATCTC-1	NOT_IN_PREDECLARED_KEEP_PLAN	false
GSM8151756	CCCAACTCATCCGATA-1	NOT_IN_PREDECLARED_KEEP_PLAN	false
GSM8151756	CCCATTGCAATATCCG-1	NOT_IN_PREDECLARED_KEEP_PLAN	false
GSM8151756	CCCATTGTCGGATAAA-1	NOT_IN_PREDECLARED_KEEP_PLAN	false
GSM8151756	CCCGGAACAAGCCTGC-1	NOT_IN_PREDECLARED_KEEP_PLAN	false
GSM8151756	CCCTAACCATCATGAC-1	NOT_IN_PREDECLARED_KEEP_PLAN	false
GSM8151756	CCCTAACGTACTGAGG-1	NOT_IN_PREDECLARED_KEEP_PLAN	false
GSM8151756	CCCTAACGTAGGTCAG-1	NOT_IN_PREDECLARED_KEEP_PLAN	false
GSM8151756	CCCTAACGTCCACTTC-1	NOT_IN_PREDECLARED_KEEP_PLAN	false
GSM8151756	CCCTAACGTTGATGTC-1	NOT_IN_PREDECLARED_KEEP_PLAN	false
GSM8151756	CCCTCAAAGCACCGAA-1	NOT_IN_PREDECLARED_KEEP_PLAN	false
GSM8151756	CCCTCAAAGGAAGTCC-1	NOT_IN_PREDECLARED_KEEP_PLAN	false
GSM8151756	CCCTCAACAGGAATCG-1	NOT_IN_PREDECLARED_KEEP_PLAN	false
GSM8151756	CCCTCAATCCCTAGGG-1	NOT_IN_PREDECLARED_KEEP_PLAN	false
GSM8151756	CCCTCTCAGCACAAAT-1	NOT_IN_PREDECLARED_KEEP_PLAN	false
GSM8151756	CCCTCTCAGTGTAGTA-1	NOT_IN_PREDECLARED_KEEP_PLAN	false
GSM8151756	CCCTCTCGTAGAATGT-1	NOT_IN_PREDECLARED_KEEP_PLAN	false
GSM8151756	CCCTCTCGTCGCCACA-1	NOT_IN_PREDECLARED_KEEP_PLAN	false
GSM8151756	CCCTCTCGTGGTCTCG-1	NOT_IN_PREDECLARED_KEEP_PLAN	false
GSM8151756	CCCTCTCTCTTTCAGT-1	NOT_IN_PREDECLARED_KEEP_PLAN	false
GSM8151756	CCCTGATAGGAGGGTG-1	NOT_IN_PREDECLARED_KEEP_PLAN	false
GSM8151756	CCCTGATTCCGAGGCT-1	NOT_IN_PREDECLARED_KEEP_PLAN	false
GSM8151756	CCCTTAGGTGGACAGT-1	NOT_IN_PREDECLARED_KEEP_PLAN	false
GSM8151756	CCGAACGAGGCACTAG-1	NOT_IN_PREDECLARED_KEEP_PLAN	false
GSM8151756	CCGAACGAGGCCTAGA-1	NOT_IN_PREDECLARED_KEEP_PLAN	false
GSM8151756	CCGAACGTCATGGCCG-1	NOT_IN_PREDECLARED_KEEP_PLAN	false
GSM8151756	CCGATCTCATACTTTC-1	NOT_IN_PREDECLARED_KEEP_PLAN	false
GSM8151756	CCGATGGCATCCTGTC-1	NOT_IN_PREDECLARED_KEEP_PLAN	false
GSM8151756	CCGCAAGAGCCGTTAT-1	NOT_IN_PREDECLARED_KEEP_PLAN	false
GSM8151756	CCGCAAGCATGGTGGA-1	NOT_IN_PREDECLARED_KEEP_PLAN	false
GSM8151756	CCGGACAAGCTCCATA-1	NOT_IN_PREDECLARED_KEEP_PLAN	false
GSM8151756	CCGGACAAGCTGTACT-1	NOT_IN_PREDECLARED_KEEP_PLAN	false
GSM8151756	CCGGACACAGCAGACA-1	NOT_IN_PREDECLARED_KEEP_PLAN	false
GSM8151756	CCGGTAGGTTTCGACA-1	NOT_IN_PREDECLARED_KEEP_PLAN	false
GSM8151756	CCGGTAGTCGATGCAT-1	NOT_IN_PREDECLARED_KEEP_PLAN	false
GSM8151756	CCGGTGAAGATCCCGC-1	NOT_IN_PREDECLARED_KEEP_PLAN	false
GSM8151756	CCGTAGGAGCAGGCTA-1	NOT_IN_PREDECLARED_KEEP_PLAN	false
GSM8151756	CCGTAGGCAGCACAAG-1	NOT_IN_PREDECLARED_KEEP_PLAN	false
GSM8151756	CCGTGAGCAAGAATGT-1	NOT_IN_PREDECLARED_KEEP_PLAN	false
GSM8151756	CCGTGAGCATCAGTCA-1	NOT_IN_PREDECLARED_KEEP_PLAN	false
GSM8151756	CCGTTCATCAGACCGC-1	NOT_IN_PREDECLARED_KEEP_PLAN	false
GSM8151756	CCTAACCAGGGACTGT-1	NOT_IN_PREDECLARED_KEEP_PLAN	false
GSM8151756	CCTAACCCAACGGCCT-1	NOT_IN_PREDECLARED_KEEP_PLAN	false
GSM8151756	CCTAAGAAGGGATCGT-1	NOT_IN_PREDECLARED_KEEP_PLAN	false
GSM8151756	CCTAAGACACATACGT-1	NOT_IN_PREDECLARED_KEEP_PLAN	false
GSM8151756	CCTACGTGTGAATTAG-1	NOT_IN_PREDECLARED_KEEP_PLAN	false
GSM8151756	CCTACGTGTTTCGTTT-1	NOT_IN_PREDECLARED_KEEP_PLAN	false
GSM8151756	CCTATCGAGCGCAATG-1	NOT_IN_PREDECLARED_KEEP_PLAN	false
GSM8151756	CCTATCGCAGCGAGTA-1	NOT_IN_PREDECLARED_KEEP_PLAN	false
GSM8151756	CCTCAACGTGTTTCTT-1	NOT_IN_PREDECLARED_KEEP_PLAN	false
GSM8151756	CCTCACACACGCGGTT-1	NOT_IN_PREDECLARED_KEEP_PLAN	false
GSM8151756	CCTCACACAGCTAACT-1	NOT_IN_PREDECLARED_KEEP_PLAN	false
GSM8151756	CCTCAGTCATGCGTGC-1	NOT_IN_PREDECLARED_KEEP_PLAN	false
GSM8151756	CCTCAGTTCGGCTTGG-1	NOT_IN_PREDECLARED_KEEP_PLAN	false
GSM8151756	CCTCATGAGTAGGAAG-1	NOT_IN_PREDECLARED_KEEP_PLAN	false
GSM8151756	CCTCCAACACGACGCT-1	NOT_IN_PREDECLARED_KEEP_PLAN	false
GSM8151756	CCTCCAAGTTCCTTGC-1	NOT_IN_PREDECLARED_KEEP_PLAN	false
GSM8151756	CCTCCTCAGCGCAATG-1	NOT_IN_PREDECLARED_KEEP_PLAN	false
GSM8151756	CCTCCTCAGTAGATCA-1	NOT_IN_PREDECLARED_KEEP_PLAN	false
GSM8151756	CCTCCTCGTTGCCGCA-1	NOT_IN_PREDECLARED_KEEP_PLAN	false
GSM8151756	CCTCTCCCAACACGTT-1	NOT_IN_PREDECLARED_KEEP_PLAN	false
GSM8151756	CCTGCATAGTGGTTGG-1	NOT_IN_PREDECLARED_KEEP_PLAN	false
GSM8151756	CCTGCATCACCGTCGA-1	NOT_IN_PREDECLARED_KEEP_PLAN	false
GSM8151756	CCTGCATTCATACAGC-1	NOT_IN_PREDECLARED_KEEP_PLAN	false
GSM8151756	CCTGTTGAGGGCAACT-1	NOT_IN_PREDECLARED_KEEP_PLAN	false
GSM8151756	CCTGTTGCAAAGGGTC-1	NOT_IN_PREDECLARED_KEEP_PLAN	false
GSM8151756	CCTGTTGCATCCAACA-1	NOT_IN_PREDECLARED_KEEP_PLAN	false
GSM8151756	CCTTCAGAGAGCACTG-1	NOT_IN_PREDECLARED_KEEP_PLAN	false
GSM8151756	CCTTCAGAGTGGTCAG-1	NOT_IN_PREDECLARED_KEEP_PLAN	false
GSM8151756	CCTTCAGAGTTTAGGA-1	NOT_IN_PREDECLARED_KEEP_PLAN	false
GSM8151756	CCTTCAGCAGCGTATT-1	NOT_IN_PREDECLARED_KEEP_PLAN	false
GSM8151756	CCTTGTGTCCACACCT-1	NOT_IN_PREDECLARED_KEEP_PLAN	false
GSM8151756	CCTTTGGAGCGTCGAA-1	NOT_IN_PREDECLARED_KEEP_PLAN	false
GSM8151756	CGAAGGATCTTCCACG-1	NOT_IN_PREDECLARED_KEEP_PLAN	false
GSM8151756	CGAAGTTGTATGCGGA-1	NOT_IN_PREDECLARED_KEEP_PLAN	false
GSM8151756	CGAATTGAGGATTACA-1	NOT_IN_PREDECLARED_KEEP_PLAN	false
GSM8151756	CGAATTGTCGAGAGCA-1	NOT_IN_PREDECLARED_KEEP_PLAN	false
GSM8151756	CGACAGCGTCAAAGTA-1	NOT_IN_PREDECLARED_KEEP_PLAN	false
GSM8151756	CGACAGCGTGGCCACT-1	NOT_IN_PREDECLARED_KEEP_PLAN	false
GSM8151756	CGAGAAGGTTTCACTT-1	NOT_IN_PREDECLARED_KEEP_PLAN	false
GSM8151756	CGAGAAGTCTCCAAGA-1	NOT_IN_PREDECLARED_KEEP_PLAN	false
GSM8151756	CGAGGAAGTAACAGTA-1	NOT_IN_PREDECLARED_KEEP_PLAN	false
GSM8151756	CGAGGCTAGCGCAATG-1	NOT_IN_PREDECLARED_KEEP_PLAN	false
GSM8151756	CGAGGCTCAACCTAAC-1	NOT_IN_PREDECLARED_KEEP_PLAN	false
GSM8151756	CGAGGCTCAAGACGGT-1	NOT_IN_PREDECLARED_KEEP_PLAN	false
GSM8151756	CGAGGCTGTGGTACAG-1	NOT_IN_PREDECLARED_KEEP_PLAN	false
GSM8151756	CGAGGCTGTTGTGGAG-1	NOT_IN_PREDECLARED_KEEP_PLAN	false
GSM8151756	CGAGTGCAGGACTATA-1	NOT_IN_PREDECLARED_KEEP_PLAN	false
GSM8151756	CGAGTGCCAATTCTCT-1	NOT_IN_PREDECLARED_KEEP_PLAN	false
GSM8151756	CGAGTTAAGGCTAAAT-1	NOT_IN_PREDECLARED_KEEP_PLAN	false
GSM8151756	CGAGTTAAGTCAGAGC-1	NOT_IN_PREDECLARED_KEEP_PLAN	false
GSM8151756	CGAGTTAGTCTCAAGT-1	NOT_IN_PREDECLARED_KEEP_PLAN	false
GSM8151756	CGATCGGCACAGTCCG-1	NOT_IN_PREDECLARED_KEEP_PLAN	false
GSM8151756	CGATCGGCACTATCCC-1	NOT_IN_PREDECLARED_KEEP_PLAN	false
GSM8151756	CGATCGGGTCCGCAGT-1	NOT_IN_PREDECLARED_KEEP_PLAN	false
GSM8151756	CGATCGGTCTTTGCAT-1	NOT_IN_PREDECLARED_KEEP_PLAN	false
GSM8151756	CGATGGCAGACATCAA-1	NOT_IN_PREDECLARED_KEEP_PLAN	false
GSM8151756	CGATGGCCAACAACAA-1	NOT_IN_PREDECLARED_KEEP_PLAN	false
GSM8151756	CGCATAAGTACTAAGA-1	NOT_IN_PREDECLARED_KEEP_PLAN	false
GSM8151756	CGCATGGAGCAATAGT-1	NOT_IN_PREDECLARED_KEEP_PLAN	false
GSM8151756	CGCATGGCAACCGTAT-1	NOT_IN_PREDECLARED_KEEP_PLAN	false
GSM8151756	CGCATGGCATGCGTGC-1	NOT_IN_PREDECLARED_KEEP_PLAN	false
GSM8151756	CGCCAGAAGATAGGGA-1	NOT_IN_PREDECLARED_KEEP_PLAN	false
GSM8151756	CGCCAGAAGCAAGTCG-1	NOT_IN_PREDECLARED_KEEP_PLAN	false
GSM8151756	CGCCAGACATCACGGC-1	NOT_IN_PREDECLARED_KEEP_PLAN	false
GSM8151756	CGCCAGAGTGGCTTAT-1	NOT_IN_PREDECLARED_KEEP_PLAN	false
GSM8151756	CGCCATTAGTTAACAG-1	NOT_IN_PREDECLARED_KEEP_PLAN	false
GSM8151756	CGCCATTCAATAACCC-1	NOT_IN_PREDECLARED_KEEP_PLAN	false
GSM8151756	CGCCATTCAGGAAGTC-1	NOT_IN_PREDECLARED_KEEP_PLAN	false
GSM8151756	CGCGTGAGTGTCCAAT-1	NOT_IN_PREDECLARED_KEEP_PLAN	false
GSM8151756	CGCGTGATCACATACG-1	NOT_IN_PREDECLARED_KEEP_PLAN	false
GSM8151756	CGGAACCAGCTCTTCC-1	NOT_IN_PREDECLARED_KEEP_PLAN	false
GSM8151756	CGGAACCGTGTTACAC-1	NOT_IN_PREDECLARED_KEEP_PLAN	false
GSM8151756	CGGACACAGTGATAGT-1	NOT_IN_PREDECLARED_KEEP_PLAN	false
GSM8151756	CGGACACCATCGTGGC-1	NOT_IN_PREDECLARED_KEEP_PLAN	false
GSM8151756	CGGACACTCCACCCTA-1	NOT_IN_PREDECLARED_KEEP_PLAN	false
GSM8151756	CGGAGAAAGGGATCGT-1	NOT_IN_PREDECLARED_KEEP_PLAN	false
GSM8151756	CGGAGAATCGGCTGAC-1	NOT_IN_PREDECLARED_KEEP_PLAN	false
GSM8151756	CGGAGAATCTATCGGA-1	NOT_IN_PREDECLARED_KEEP_PLAN	false
GSM8151756	CGGCAGTCAGGACGAT-1	NOT_IN_PREDECLARED_KEEP_PLAN	false
GSM8151756	CGGCAGTGTGTGCCTG-1	NOT_IN_PREDECLARED_KEEP_PLAN	false
GSM8151756	CGGGACTAGGTCACAG-1	NOT_IN_PREDECLARED_KEEP_PLAN	false
GSM8151756	CGGGACTAGGTTCACT-1	NOT_IN_PREDECLARED_KEEP_PLAN	false
GSM8151756	CGGGACTGTCGAGCTC-1	NOT_IN_PREDECLARED_KEEP_PLAN	false
GSM8151756	CGGGACTTCACTGTCC-1	NOT_IN_PREDECLARED_KEEP_PLAN	false
GSM8151756	CGGGCATCACTTCATT-1	NOT_IN_PREDECLARED_KEEP_PLAN	false
GSM8151756	CGGGTGTAGCACTAAA-1	NOT_IN_PREDECLARED_KEEP_PLAN	false
GSM8151756	CGGGTGTAGCTAATCC-1	NOT_IN_PREDECLARED_KEEP_PLAN	false
GSM8151756	CGGGTGTGTACATACC-1	NOT_IN_PREDECLARED_KEEP_PLAN	false
GSM8151756	CGGTCAGGTGCCGGTT-1	NOT_IN_PREDECLARED_KEEP_PLAN	false
GSM8151756	CGGTCAGGTTAATGAG-1	NOT_IN_PREDECLARED_KEEP_PLAN	false
GSM8151756	CGTAAGTAGATCACCT-1	NOT_IN_PREDECLARED_KEEP_PLAN	false
GSM8151756	CGTAAGTAGGATGGCT-1	NOT_IN_PREDECLARED_KEEP_PLAN	false
GSM8151756	CGTAAGTCATCCGAAT-1	NOT_IN_PREDECLARED_KEEP_PLAN	false
GSM8151756	CGTAAGTGTAACACGG-1	NOT_IN_PREDECLARED_KEEP_PLAN	false
GSM8151756	CGTAATGTCTAAGGAA-1	NOT_IN_PREDECLARED_KEEP_PLAN	false
GSM8151756	CGTAGTAAGTCCGCGT-1	NOT_IN_PREDECLARED_KEEP_PLAN	false
GSM8151756	CGTAGTACAATGACCT-1	NOT_IN_PREDECLARED_KEEP_PLAN	false
GSM8151756	CGTCAAACACGGTCTG-1	NOT_IN_PREDECLARED_KEEP_PLAN	false
GSM8151756	CGTCAAACATTGCCTC-1	NOT_IN_PREDECLARED_KEEP_PLAN	false
GSM8151756	CGTCAAATCATTCACT-1	NOT_IN_PREDECLARED_KEEP_PLAN	false
GSM8151756	CGTGCTTTCCCGTGAG-1	NOT_IN_PREDECLARED_KEEP_PLAN	false
GSM8151756	CGTGTCTAGTCTTCGA-1	NOT_IN_PREDECLARED_KEEP_PLAN	false
GSM8151756	CGTGTCTGTTGGATCT-1	NOT_IN_PREDECLARED_KEEP_PLAN	false
GSM8151756	CGTTCTGCAAAGACTA-1	NOT_IN_PREDECLARED_KEEP_PLAN	false
GSM8151756	CGTTCTGCAATGACCT-1	NOT_IN_PREDECLARED_KEEP_PLAN	false
GSM8151756	CGTTCTGGTTCCAAAC-1	NOT_IN_PREDECLARED_KEEP_PLAN	false
GSM8151756	CGTTCTGTCTCTTCAA-1	NOT_IN_PREDECLARED_KEEP_PLAN	false
GSM8151756	CGTTGGGGTCTGGTTA-1	NOT_IN_PREDECLARED_KEEP_PLAN	false
GSM8151756	CGTTGGGTCATATGGC-1	NOT_IN_PREDECLARED_KEEP_PLAN	false
GSM8151756	CGTTGGGTCGTTCTGC-1	NOT_IN_PREDECLARED_KEEP_PLAN	false
GSM8151756	CTAACCCAGACAACAT-1	NOT_IN_PREDECLARED_KEEP_PLAN	false
GSM8151756	CTAACCCAGATAGCAT-1	NOT_IN_PREDECLARED_KEEP_PLAN	false
GSM8151756	CTAACCCCAGTCTTCC-1	NOT_IN_PREDECLARED_KEEP_PLAN	false
GSM8151756	CTAACCCTCTTGATTC-1	NOT_IN_PREDECLARED_KEEP_PLAN	false
GSM8151756	CTAACTTCATTGCCTC-1	NOT_IN_PREDECLARED_KEEP_PLAN	false
GSM8151756	CTAACTTGTAGCACGA-1	NOT_IN_PREDECLARED_KEEP_PLAN	false
GSM8151756	CTAACTTGTCTTTATC-1	NOT_IN_PREDECLARED_KEEP_PLAN	false
GSM8151756	CTAACTTGTGCCCTTT-1	NOT_IN_PREDECLARED_KEEP_PLAN	false
GSM8151756	CTAAGTGGTATCCTTT-1	NOT_IN_PREDECLARED_KEEP_PLAN	false
GSM8151756	CTAAGTGGTGAGCAGT-1	NOT_IN_PREDECLARED_KEEP_PLAN	false
GSM8151756	CTACAGATCAGTCTTT-1	NOT_IN_PREDECLARED_KEEP_PLAN	false
GSM8151756	CTACATTAGTATTCCG-1	NOT_IN_PREDECLARED_KEEP_PLAN	false
GSM8151756	CTACATTAGTTTGAGA-1	NOT_IN_PREDECLARED_KEEP_PLAN	false
GSM8151756	CTACATTCAAGTCCAT-1	NOT_IN_PREDECLARED_KEEP_PLAN	false
GSM8151756	CTACATTCATTGCCTC-1	NOT_IN_PREDECLARED_KEEP_PLAN	false
GSM8151756	CTACATTGTCTTGGTA-1	NOT_IN_PREDECLARED_KEEP_PLAN	false
GSM8151756	CTACCCAAGGTTATAG-1	NOT_IN_PREDECLARED_KEEP_PLAN	false
GSM8151756	CTACCCAAGTTATGGA-1	NOT_IN_PREDECLARED_KEEP_PLAN	false
GSM8151756	CTACCCATCGCAGTGC-1	NOT_IN_PREDECLARED_KEEP_PLAN	false
GSM8151756	CTACCCATCGTACACA-1	NOT_IN_PREDECLARED_KEEP_PLAN	false
GSM8151756	CTACGGGAGATTGATG-1	NOT_IN_PREDECLARED_KEEP_PLAN	false
GSM8151756	CTACGGGAGCTACTGT-1	NOT_IN_PREDECLARED_KEEP_PLAN	false
GSM8151756	CTACGGGAGTTACGGG-1	NOT_IN_PREDECLARED_KEEP_PLAN	false
GSM8151756	CTACTATCAACAGAGC-1	NOT_IN_PREDECLARED_KEEP_PLAN	false
GSM8151756	CTACTATCAGGCATGA-1	NOT_IN_PREDECLARED_KEEP_PLAN	false
GSM8151756	CTACTATGTACTGCGC-1	NOT_IN_PREDECLARED_KEEP_PLAN	false
GSM8151756	CTACTATTCGCTTACC-1	NOT_IN_PREDECLARED_KEEP_PLAN	false
GSM8151756	CTAGACACAAGTGCTT-1	NOT_IN_PREDECLARED_KEEP_PLAN	false
GSM8151756	CTAGACACAATACCTG-1	NOT_IN_PREDECLARED_KEEP_PLAN	false
GSM8151756	CTAGACATCCACAGGC-1	NOT_IN_PREDECLARED_KEEP_PLAN	false
GSM8151756	CTAGGTAGTAGTTAGA-1	NOT_IN_PREDECLARED_KEEP_PLAN	false
GSM8151756	CTATAGGGTGTATACC-1	NOT_IN_PREDECLARED_KEEP_PLAN	false
GSM8151756	CTATAGGTCTCGTTTA-1	NOT_IN_PREDECLARED_KEEP_PLAN	false
GSM8151756	CTATCCGCACAAGTTC-1	NOT_IN_PREDECLARED_KEEP_PLAN	false
GSM8151756	CTATCCGCACCAGCCA-1	NOT_IN_PREDECLARED_KEEP_PLAN	false
GSM8151756	CTATCCGCATCAGTGT-1	NOT_IN_PREDECLARED_KEEP_PLAN	false
GSM8151756	CTATCTATCAGTAGGG-1	NOT_IN_PREDECLARED_KEEP_PLAN	false
GSM8151756	CTCAACCAGTTACGAA-1	NOT_IN_PREDECLARED_KEEP_PLAN	false
GSM8151756	CTCAAGAAGGATGAGA-1	NOT_IN_PREDECLARED_KEEP_PLAN	false
GSM8151756	CTCAAGACAAAGACGC-1	NOT_IN_PREDECLARED_KEEP_PLAN	false
GSM8151756	CTCAAGACAACCAATC-1	NOT_IN_PREDECLARED_KEEP_PLAN	false
GSM8151756	CTCAATTAGGTTCCAT-1	NOT_IN_PREDECLARED_KEEP_PLAN	false
GSM8151756	CTCAATTCAGGAAGTC-1	NOT_IN_PREDECLARED_KEEP_PLAN	false
GSM8151756	CTCAATTCATCCTATT-1	NOT_IN_PREDECLARED_KEEP_PLAN	false
GSM8151756	CTCAATTCATCTCATT-1	NOT_IN_PREDECLARED_KEEP_PLAN	false
GSM8151756	CTCACTGAGGTTCATC-1	NOT_IN_PREDECLARED_KEEP_PLAN	false
GSM8151756	CTCACTGAGTCGCCCA-1	NOT_IN_PREDECLARED_KEEP_PLAN	false
GSM8151756	CTCACTGCAATCGCCG-1	NOT_IN_PREDECLARED_KEEP_PLAN	false
GSM8151756	CTCACTGTCCTCATAT-1	NOT_IN_PREDECLARED_KEEP_PLAN	false
GSM8151756	CTCAGAAAGAGCAGAA-1	NOT_IN_PREDECLARED_KEEP_PLAN	false
GSM8151756	CTCAGGGCAAGGTACG-1	NOT_IN_PREDECLARED_KEEP_PLAN	false
GSM8151756	CTCAGTCCAACAAGTA-1	NOT_IN_PREDECLARED_KEEP_PLAN	false
GSM8151756	CTCAGTCCAACGGTAG-1	NOT_IN_PREDECLARED_KEEP_PLAN	false
GSM8151756	CTCATCGGTCGATGCC-1	NOT_IN_PREDECLARED_KEEP_PLAN	false
GSM8151756	CTCATTAAGGCGACAT-1	NOT_IN_PREDECLARED_KEEP_PLAN	false
GSM8151756	CTCATTACAGGATCTT-1	NOT_IN_PREDECLARED_KEEP_PLAN	false
GSM8151756	CTCATTACATAGTCAC-1	NOT_IN_PREDECLARED_KEEP_PLAN	false
GSM8151756	CTCATTATCGCTAAAC-1	NOT_IN_PREDECLARED_KEEP_PLAN	false
GSM8151756	CTCCAACAGAATAACC-1	NOT_IN_PREDECLARED_KEEP_PLAN	false
GSM8151756	CTCCAACAGCAGTCTT-1	NOT_IN_PREDECLARED_KEEP_PLAN	false
GSM8151756	CTCCAACAGTTACGGG-1	NOT_IN_PREDECLARED_KEEP_PLAN	false
GSM8151756	CTCCATGAGCTAAGTA-1	NOT_IN_PREDECLARED_KEEP_PLAN	false
GSM8151756	CTCCATGGTTGGGACA-1	NOT_IN_PREDECLARED_KEEP_PLAN	false
GSM8151756	CTCCATGTCTCATTAC-1	NOT_IN_PREDECLARED_KEEP_PLAN	false
GSM8151756	CTCCCAAAGTATAGGT-1	NOT_IN_PREDECLARED_KEEP_PLAN	false
GSM8151756	CTCCCAACAGAACATA-1	NOT_IN_PREDECLARED_KEEP_PLAN	false
GSM8151756	CTCCCAAGTATTAAGG-1	NOT_IN_PREDECLARED_KEEP_PLAN	false
GSM8151756	CTCCCTCCACCGGTCA-1	NOT_IN_PREDECLARED_KEEP_PLAN	false
GSM8151756	CTCCGATTCTGTCGTC-1	NOT_IN_PREDECLARED_KEEP_PLAN	false
GSM8151756	CTCCTCCAGTTACGAA-1	NOT_IN_PREDECLARED_KEEP_PLAN	false
GSM8151756	CTCCTCCTCTACACTT-1	NOT_IN_PREDECLARED_KEEP_PLAN	false
GSM8151756	CTCCTCCTCTCTCCTC-1	NOT_IN_PREDECLARED_KEEP_PLAN	false
GSM8151756	CTCCTTTCATCCTATT-1	NOT_IN_PREDECLARED_KEEP_PLAN	false
GSM8151756	CTCGAGGCATATCTGG-1	NOT_IN_PREDECLARED_KEEP_PLAN	false
GSM8151756	CTCGAGGGTCTCGCGA-1	NOT_IN_PREDECLARED_KEEP_PLAN	false
GSM8151756	CTCGAGGTCCCAGGCA-1	NOT_IN_PREDECLARED_KEEP_PLAN	false
GSM8151756	CTCTCAGGTCAAGCGA-1	NOT_IN_PREDECLARED_KEEP_PLAN	false
GSM8151756	CTCTCAGGTCGTGTTA-1	NOT_IN_PREDECLARED_KEEP_PLAN	false
GSM8151756	CTCTCGACAAGATCCT-1	NOT_IN_PREDECLARED_KEEP_PLAN	false
GSM8151756	CTCTCGACATTGACCA-1	NOT_IN_PREDECLARED_KEEP_PLAN	false
GSM8151756	CTCTGGTCATCACCAA-1	NOT_IN_PREDECLARED_KEEP_PLAN	false
GSM8151756	CTCTGGTTCTCTAAGG-1	NOT_IN_PREDECLARED_KEEP_PLAN	false
GSM8151756	CTGAATGAGCGCAATG-1	NOT_IN_PREDECLARED_KEEP_PLAN	false
GSM8151756	CTGAATGAGTAGCATA-1	NOT_IN_PREDECLARED_KEEP_PLAN	false
GSM8151756	CTGAATGCACGTTCGG-1	NOT_IN_PREDECLARED_KEEP_PLAN	false
GSM8151756	CTGAATGCAGGACAGT-1	NOT_IN_PREDECLARED_KEEP_PLAN	false
GSM8151756	CTGAATGCATGACCCG-1	NOT_IN_PREDECLARED_KEEP_PLAN	false
GSM8151756	CTGAATGTCCGTGGCA-1	NOT_IN_PREDECLARED_KEEP_PLAN	false
GSM8151756	CTGAATGTCGGCTGGT-1	NOT_IN_PREDECLARED_KEEP_PLAN	false
GSM8151756	CTGAGCGAGTCATACC-1	NOT_IN_PREDECLARED_KEEP_PLAN	false
GSM8151756	CTGAGCGTCGGTAAGG-1	NOT_IN_PREDECLARED_KEEP_PLAN	false
GSM8151756	CTGATCCAGCTGTCCG-1	NOT_IN_PREDECLARED_KEEP_PLAN	false
GSM8151756	CTGATCCAGTACTGTC-1	NOT_IN_PREDECLARED_KEEP_PLAN	false
GSM8151756	CTGATCCCAGAGAGGG-1	NOT_IN_PREDECLARED_KEEP_PLAN	false
GSM8151756	CTGATCCCAGAGTTGG-1	NOT_IN_PREDECLARED_KEEP_PLAN	false
GSM8151756	CTGATCCGTGTTAACC-1	NOT_IN_PREDECLARED_KEEP_PLAN	false
GSM8151756	CTGATCCGTTAGTCGT-1	NOT_IN_PREDECLARED_KEEP_PLAN	false
GSM8151756	CTGATCCGTTTATGCG-1	NOT_IN_PREDECLARED_KEEP_PLAN	false
GSM8151756	CTGCATCAGGCAGGGA-1	NOT_IN_PREDECLARED_KEEP_PLAN	false
GSM8151756	CTGCCATAGGGTGAAA-1	NOT_IN_PREDECLARED_KEEP_PLAN	false
GSM8151756	CTGCCATGTAATTGGA-1	NOT_IN_PREDECLARED_KEEP_PLAN	false
GSM8151756	CTGCCTACATAATGCC-1	NOT_IN_PREDECLARED_KEEP_PLAN	false
GSM8151756	CTGCCTAGTTGCGGAA-1	NOT_IN_PREDECLARED_KEEP_PLAN	false
GSM8151756	CTGCGAGTCCACCTGT-1	NOT_IN_PREDECLARED_KEEP_PLAN	false
GSM8151756	CTGCGAGTCGCCGAGT-1	NOT_IN_PREDECLARED_KEEP_PLAN	false
GSM8151756	CTGCGAGTCTCGACGG-1	NOT_IN_PREDECLARED_KEEP_PLAN	false
GSM8151756	CTGGACGAGGTAAGAG-1	NOT_IN_PREDECLARED_KEEP_PLAN	false
GSM8151756	CTGGACGGTAACCAGG-1	NOT_IN_PREDECLARED_KEEP_PLAN	false
GSM8151756	CTGGTCTGTTCCATTT-1	NOT_IN_PREDECLARED_KEEP_PLAN	false
GSM8151756	CTGTACCGTGCTCTCT-1	NOT_IN_PREDECLARED_KEEP_PLAN	false
GSM8151756	CTGTACCTCATGAAAG-1	NOT_IN_PREDECLARED_KEEP_PLAN	false
GSM8151756	CTGTCGTCAGCGGTTC-1	NOT_IN_PREDECLARED_KEEP_PLAN	false
GSM8151756	CTGTCGTGTTGGGATG-1	NOT_IN_PREDECLARED_KEEP_PLAN	false
GSM8151756	CTGTCGTTCCCTCTCC-1	NOT_IN_PREDECLARED_KEEP_PLAN	false
GSM8151756	CTGTGAAAGCGTTCCG-1	NOT_IN_PREDECLARED_KEEP_PLAN	false
GSM8151756	CTGTGAACATTGGATC-1	NOT_IN_PREDECLARED_KEEP_PLAN	false
GSM8151756	CTGTGGGAGCACTCCG-1	NOT_IN_PREDECLARED_KEEP_PLAN	false
GSM8151756	CTTACCGGTGCGAACA-1	NOT_IN_PREDECLARED_KEEP_PLAN	false
GSM8151756	CTTACCGTCTGTCCCA-1	NOT_IN_PREDECLARED_KEEP_PLAN	false
GSM8151756	CTTAGGAAGCGTCTGC-1	NOT_IN_PREDECLARED_KEEP_PLAN	false
GSM8151756	CTTAGGACATTCACAG-1	NOT_IN_PREDECLARED_KEEP_PLAN	false
GSM8151756	CTTCAATAGACTCTAC-1	NOT_IN_PREDECLARED_KEEP_PLAN	false
GSM8151756	CTTCAATCACGCCAGT-1	NOT_IN_PREDECLARED_KEEP_PLAN	false
GSM8151756	CTTCAATCACTTGAAC-1	NOT_IN_PREDECLARED_KEEP_PLAN	false
GSM8151756	CTTCAATTCAATCCAG-1	NOT_IN_PREDECLARED_KEEP_PLAN	false
GSM8151756	CTTCCGAAGTTCCAGT-1	NOT_IN_PREDECLARED_KEEP_PLAN	false
GSM8151756	CTTCCTTCATGAAGCG-1	NOT_IN_PREDECLARED_KEEP_PLAN	false
GSM8151756	CTTCCTTTCTGTTGGA-1	NOT_IN_PREDECLARED_KEEP_PLAN	false
GSM8151756	CTTCGGTCAAGTCCCG-1	NOT_IN_PREDECLARED_KEEP_PLAN	false
GSM8151756	CTTCGGTCACCTCTGT-1	NOT_IN_PREDECLARED_KEEP_PLAN	false
GSM8151756	CTTCGGTGTGGAAATT-1	NOT_IN_PREDECLARED_KEEP_PLAN	false
GSM8151756	CTTCTAAGTTGGTAGG-1	NOT_IN_PREDECLARED_KEEP_PLAN	false
GSM8151756	CTTCTCTCAACGACTT-1	NOT_IN_PREDECLARED_KEEP_PLAN	false
GSM8151756	CTTGAGAAGGTGAGAA-1	NOT_IN_PREDECLARED_KEEP_PLAN	false
GSM8151756	CTTGAGACAGTCCGTG-1	NOT_IN_PREDECLARED_KEEP_PLAN	false
GSM8151756	CTTGAGAGTCTCGGGT-1	NOT_IN_PREDECLARED_KEEP_PLAN	false
GSM8151756	CTTGAGATCCATATGG-1	NOT_IN_PREDECLARED_KEEP_PLAN	false
GSM8151756	CTTGAGATCGCTTTAT-1	NOT_IN_PREDECLARED_KEEP_PLAN	false
GSM8151756	CTTGATTGTGTCCACG-1	NOT_IN_PREDECLARED_KEEP_PLAN	false
GSM8151756	CTTGATTTCTAGATCG-1	NOT_IN_PREDECLARED_KEEP_PLAN	false
GSM8151756	CTTTCAAAGTTGCCTA-1	NOT_IN_PREDECLARED_KEEP_PLAN	false
GSM8151756	CTTTCAACAGTCGCAC-1	NOT_IN_PREDECLARED_KEEP_PLAN	false
GSM8151756	CTTTCAACATTGCTTT-1	NOT_IN_PREDECLARED_KEEP_PLAN	false
GSM8151756	CTTTCAAGTTGTTGTG-1	NOT_IN_PREDECLARED_KEEP_PLAN	false
GSM8151756	CTTTCAATCCGCTAGG-1	NOT_IN_PREDECLARED_KEEP_PLAN	false
GSM8151756	CTTTCGGGTACTTGTG-1	NOT_IN_PREDECLARED_KEEP_PLAN	false
GSM8151756	CTTTCGGTCGGCACTG-1	NOT_IN_PREDECLARED_KEEP_PLAN	false
GSM8151756	GAAACCTTCTACCCAC-1	NOT_IN_PREDECLARED_KEEP_PLAN	false
GSM8151756	GAAATGAAGTGGCCTC-1	NOT_IN_PREDECLARED_KEEP_PLAN	false
GSM8151756	GAAATGAGTCCAGCGT-1	NOT_IN_PREDECLARED_KEEP_PLAN	false
GSM8151756	GAAATGAGTGCCTTTC-1	NOT_IN_PREDECLARED_KEEP_PLAN	false
GSM8151756	GAACACTGTTTGCCGG-1	NOT_IN_PREDECLARED_KEEP_PLAN	false
GSM8151756	GAACGTTGTAATGTGA-1	NOT_IN_PREDECLARED_KEEP_PLAN	false
GSM8151756	GAACTGTCATCAGCTA-1	NOT_IN_PREDECLARED_KEEP_PLAN	false
GSM8151756	GAACTGTGTCTTGAAC-1	NOT_IN_PREDECLARED_KEEP_PLAN	false
GSM8151756	GAAGAATCAATCTGCA-1	NOT_IN_PREDECLARED_KEEP_PLAN	false
GSM8151756	GAAGAATGTCTCGCGA-1	NOT_IN_PREDECLARED_KEEP_PLAN	false
GSM8151756	GAAGCCCAGCTAATGA-1	NOT_IN_PREDECLARED_KEEP_PLAN	false
GSM8151756	GAAGCCCCACCGGCTA-1	NOT_IN_PREDECLARED_KEEP_PLAN	false
GSM8151756	GAAGCGAAGAATTGCA-1	NOT_IN_PREDECLARED_KEEP_PLAN	false
GSM8151756	GAAGCGACAGAGATGC-1	NOT_IN_PREDECLARED_KEEP_PLAN	false
GSM8151756	GAAGCGAGTAAGGCCA-1	NOT_IN_PREDECLARED_KEEP_PLAN	false
GSM8151756	GAAGCGATCAATCTCT-1	NOT_IN_PREDECLARED_KEEP_PLAN	false
GSM8151756	GAAGGACTCTCATGCC-1	NOT_IN_PREDECLARED_KEEP_PLAN	false
GSM8151756	GAAGGGTGTAGATTGA-1	NOT_IN_PREDECLARED_KEEP_PLAN	false
GSM8151756	GAAGTAAAGAGCAGTC-1	NOT_IN_PREDECLARED_KEEP_PLAN	false
GSM8151756	GAAGTAACAAGTTGGG-1	NOT_IN_PREDECLARED_KEEP_PLAN	false
GSM8151756	GAAGTAATCGGTTAGT-1	NOT_IN_PREDECLARED_KEEP_PLAN	false
GSM8151756	GAATAGACACTAGTAC-1	NOT_IN_PREDECLARED_KEEP_PLAN	false
GSM8151756	GAATCGTCAATACGCT-1	NOT_IN_PREDECLARED_KEEP_PLAN	false
GSM8151756	GAATCGTTCGTCGATA-1	NOT_IN_PREDECLARED_KEEP_PLAN	false
GSM8151756	GACACGCAGCACCTGC-1	NOT_IN_PREDECLARED_KEEP_PLAN	false
GSM8151756	GACAGCCAGATTCGCT-1	NOT_IN_PREDECLARED_KEEP_PLAN	false
GSM8151756	GACAGCCCAGCCATTA-1	NOT_IN_PREDECLARED_KEEP_PLAN	false
GSM8151756	GACAGCCGTCGCTTAA-1	NOT_IN_PREDECLARED_KEEP_PLAN	false
GSM8151756	GACATCAAGCTGTTAC-1	NOT_IN_PREDECLARED_KEEP_PLAN	false
GSM8151756	GACCAATCAGCGCTTG-1	NOT_IN_PREDECLARED_KEEP_PLAN	false
GSM8151756	GACCAATGTCATGCAT-1	NOT_IN_PREDECLARED_KEEP_PLAN	false
GSM8151756	GACCAATGTGCGTCGT-1	NOT_IN_PREDECLARED_KEEP_PLAN	false
GSM8151756	GACCAATTCACCCATC-1	NOT_IN_PREDECLARED_KEEP_PLAN	false
GSM8151756	GACCCAGCAACCCTAA-1	NOT_IN_PREDECLARED_KEEP_PLAN	false
GSM8151756	GACCCAGGTGTGGACA-1	NOT_IN_PREDECLARED_KEEP_PLAN	false
GSM8151756	GACCCTTCATCGAACT-1	NOT_IN_PREDECLARED_KEEP_PLAN	false
GSM8151756	GACCGTGCAATCGAAA-1	NOT_IN_PREDECLARED_KEEP_PLAN	false
GSM8151756	GACCGTGCAGCTATTG-1	NOT_IN_PREDECLARED_KEEP_PLAN	false
GSM8151756	GACCGTGTCTTAATCC-1	NOT_IN_PREDECLARED_KEEP_PLAN	false
GSM8151756	GACCTTCTCCTTACCG-1	NOT_IN_PREDECLARED_KEEP_PLAN	false
GSM8151756	GACCTTCTCGCTGTCT-1	NOT_IN_PREDECLARED_KEEP_PLAN	false
GSM8151756	GACGCTGCAGAGGTTG-1	NOT_IN_PREDECLARED_KEEP_PLAN	false
GSM8151756	GACGCTGTCTCTGAGA-1	NOT_IN_PREDECLARED_KEEP_PLAN	false
GSM8151756	GACGTTAGTGTGAGCA-1	NOT_IN_PREDECLARED_KEEP_PLAN	false
GSM8151756	GACTATGAGAGGTTTA-1	NOT_IN_PREDECLARED_KEEP_PLAN	false
GSM8151756	GACTATGAGCTGAGTG-1	NOT_IN_PREDECLARED_KEEP_PLAN	false
GSM8151756	GACTATGCAGGTTTAC-1	NOT_IN_PREDECLARED_KEEP_PLAN	false
GSM8151756	GACTCAAGTGGCTTAT-1	NOT_IN_PREDECLARED_KEEP_PLAN	false
GSM8151756	GACTCTCAGGATTTCC-1	NOT_IN_PREDECLARED_KEEP_PLAN	false
GSM8151756	GACTGATCAGTCCCGA-1	NOT_IN_PREDECLARED_KEEP_PLAN	false
GSM8151756	GACTGATTCATCAGTG-1	NOT_IN_PREDECLARED_KEEP_PLAN	false
GSM8151756	GACTTCCAGAGCTTTC-1	NOT_IN_PREDECLARED_KEEP_PLAN	false
GSM8151756	GACTTCCCACACCGAC-1	NOT_IN_PREDECLARED_KEEP_PLAN	false
GSM8151756	GAGAAATCAGCGTATT-1	NOT_IN_PREDECLARED_KEEP_PLAN	false
GSM8151756	GAGAAATCAGGTTCCG-1	NOT_IN_PREDECLARED_KEEP_PLAN	false
GSM8151756	GAGAAATTCATTACTC-1	NOT_IN_PREDECLARED_KEEP_PLAN	false
GSM8151756	GAGAAATTCTGAGAGG-1	NOT_IN_PREDECLARED_KEEP_PLAN	false
GSM8151756	GAGACCCGTCTCAGAT-1	NOT_IN_PREDECLARED_KEEP_PLAN	false
GSM8151756	GAGACCCGTTTGCCGG-1	NOT_IN_PREDECLARED_KEEP_PLAN	false
GSM8151756	GAGACTTAGTCATAGA-1	NOT_IN_PREDECLARED_KEEP_PLAN	false
GSM8151756	GAGATGGGTCTCGCGA-1	NOT_IN_PREDECLARED_KEEP_PLAN	false
GSM8151756	GAGATGGTCACTCCGT-1	NOT_IN_PREDECLARED_KEEP_PLAN	false
GSM8151756	GAGCCTGGTGGAAATT-1	NOT_IN_PREDECLARED_KEEP_PLAN	false
GSM8151756	GAGCCTGGTTATGTGC-1	NOT_IN_PREDECLARED_KEEP_PLAN	false
GSM8151756	GAGGCAAAGTGGACTG-1	NOT_IN_PREDECLARED_KEEP_PLAN	false
GSM8151756	GAGGCAATCCGATAGT-1	NOT_IN_PREDECLARED_KEEP_PLAN	false
GSM8151756	GAGGCCTCAATTAGGA-1	NOT_IN_PREDECLARED_KEEP_PLAN	false
GSM8151756	GAGGCCTTCACTTGGA-1	NOT_IN_PREDECLARED_KEEP_PLAN	false
GSM8151756	GAGGCCTTCGCCAATA-1	NOT_IN_PREDECLARED_KEEP_PLAN	false
GSM8151756	GAGGGATAGCTGGTGA-1	NOT_IN_PREDECLARED_KEEP_PLAN	false
GSM8151756	GAGGGATGTTTGCCGG-1	NOT_IN_PREDECLARED_KEEP_PLAN	false
GSM8151756	GAGGGATTCGGCCCAA-1	NOT_IN_PREDECLARED_KEEP_PLAN	false
GSM8151756	GAGGGTATCGCTGACG-1	NOT_IN_PREDECLARED_KEEP_PLAN	false
GSM8151756	GAGGGTATCTTCGCTG-1	NOT_IN_PREDECLARED_KEEP_PLAN	false
GSM8151756	GAGTCATAGAGACAAG-1	NOT_IN_PREDECLARED_KEEP_PLAN	false
GSM8151756	GAGTCTATCAGACCGC-1	NOT_IN_PREDECLARED_KEEP_PLAN	false
GSM8151756	GAGTGAGCAAGTGCTT-1	NOT_IN_PREDECLARED_KEEP_PLAN	false
GSM8151756	GAGTGTTAGTCCCAAT-1	NOT_IN_PREDECLARED_KEEP_PLAN	false
GSM8151756	GAGTGTTAGTCGCGAA-1	NOT_IN_PREDECLARED_KEEP_PLAN	false
GSM8151756	GAGTTACAGCTCAGAG-1	NOT_IN_PREDECLARED_KEEP_PLAN	false
GSM8151756	GAGTTACGTATCGTTG-1	NOT_IN_PREDECLARED_KEEP_PLAN	false
GSM8151756	GAGTTACGTCTCTCTG-1	NOT_IN_PREDECLARED_KEEP_PLAN	false
GSM8151756	GAGTTGTAGATGCCGA-1	NOT_IN_PREDECLARED_KEEP_PLAN	false
GSM8151756	GAGTTGTAGTCATTGC-1	NOT_IN_PREDECLARED_KEEP_PLAN	false
GSM8151756	GAGTTGTCACAGTGAG-1	NOT_IN_PREDECLARED_KEEP_PLAN	false
GSM8151756	GAGTTGTCAGCATGCC-1	NOT_IN_PREDECLARED_KEEP_PLAN	false
GSM8151756	GAGTTGTCAGGACTAG-1	NOT_IN_PREDECLARED_KEEP_PLAN	false
GSM8151756	GAGTTGTTCAGCACCG-1	NOT_IN_PREDECLARED_KEEP_PLAN	false
GSM8151756	GAGTTTGAGGGAGATA-1	NOT_IN_PREDECLARED_KEEP_PLAN	false
GSM8151756	GATAGAAGTCTATGAC-1	NOT_IN_PREDECLARED_KEEP_PLAN	false
GSM8151756	GATAGCTAGAAGCGAA-1	NOT_IN_PREDECLARED_KEEP_PLAN	false
GSM8151756	GATAGCTAGAAGTATC-1	NOT_IN_PREDECLARED_KEEP_PLAN	false
GSM8151756	GATAGCTAGCTGTTCA-1	NOT_IN_PREDECLARED_KEEP_PLAN	false
GSM8151756	GATAGCTAGGTGCTGA-1	NOT_IN_PREDECLARED_KEEP_PLAN	false
GSM8151756	GATAGCTAGTATAGAC-1	NOT_IN_PREDECLARED_KEEP_PLAN	false
GSM8151756	GATAGCTTCAGGCGAA-1	NOT_IN_PREDECLARED_KEEP_PLAN	false
GSM8151756	GATCACACACTTGGCG-1	NOT_IN_PREDECLARED_KEEP_PLAN	false
GSM8151756	GATCAGTGTCAGGTGA-1	NOT_IN_PREDECLARED_KEEP_PLAN	false
GSM8151756	GATCAGTGTGGGTTGA-1	NOT_IN_PREDECLARED_KEEP_PLAN	false
GSM8151756	GATCAGTGTTAATGAG-1	NOT_IN_PREDECLARED_KEEP_PLAN	false
GSM8151756	GATCATGGTACACGTT-1	NOT_IN_PREDECLARED_KEEP_PLAN	false
GSM8151756	GATCATGGTTTGTTCT-1	NOT_IN_PREDECLARED_KEEP_PLAN	false
GSM8151756	GATCATGTCCATGCAA-1	NOT_IN_PREDECLARED_KEEP_PLAN	false
GSM8151756	GATCCCTTCGCTAAAC-1	NOT_IN_PREDECLARED_KEEP_PLAN	false
GSM8151756	GATCCCTTCTCCGATC-1	NOT_IN_PREDECLARED_KEEP_PLAN	false
GSM8151756	GATGACTCAGGCGAAT-1	NOT_IN_PREDECLARED_KEEP_PLAN	false
GSM8151756	GATGACTCATCTGGGC-1	NOT_IN_PREDECLARED_KEEP_PLAN	false
GSM8151756	GATGACTGTGTAGCAG-1	NOT_IN_PREDECLARED_KEEP_PLAN	false
GSM8151756	GATGACTTCCCTAGGG-1	NOT_IN_PREDECLARED_KEEP_PLAN	false
GSM8151756	GATGAGGGTCACTCTC-1	NOT_IN_PREDECLARED_KEEP_PLAN	false
GSM8151756	GATGATCGTCGTGCCA-1	NOT_IN_PREDECLARED_KEEP_PLAN	false
GSM8151756	GATGATCGTGGATTTC-1	NOT_IN_PREDECLARED_KEEP_PLAN	false
GSM8151756	GATGCTAAGCCTAGGA-1	NOT_IN_PREDECLARED_KEEP_PLAN	false
GSM8151756	GATGCTACATTAGGAA-1	NOT_IN_PREDECLARED_KEEP_PLAN	false
GSM8151756	GATGCTATCTATCGCC-1	NOT_IN_PREDECLARED_KEEP_PLAN	false
GSM8151756	GATGCTATCTCTGGTC-1	NOT_IN_PREDECLARED_KEEP_PLAN	false
GSM8151756	GATGGAGAGAGGACTC-1	NOT_IN_PREDECLARED_KEEP_PLAN	false
GSM8151756	GATGGAGTCATGGAGG-1	NOT_IN_PREDECLARED_KEEP_PLAN	false
GSM8151756	GATGTTGAGGACATCG-1	NOT_IN_PREDECLARED_KEEP_PLAN	false
GSM8151756	GATGTTGCAGCAGTAG-1	NOT_IN_PREDECLARED_KEEP_PLAN	false
GSM8151756	GATTCGAAGTAGCTCT-1	NOT_IN_PREDECLARED_KEEP_PLAN	false
GSM8151756	GATTCTTGTCTGATAC-1	NOT_IN_PREDECLARED_KEEP_PLAN	false
GSM8151756	GATTCTTTCGATGCTA-1	NOT_IN_PREDECLARED_KEEP_PLAN	false
GSM8151756	GATTGGTCAACTGGTT-1	NOT_IN_PREDECLARED_KEEP_PLAN	false
GSM8151756	GATTGGTCACTCTCGT-1	NOT_IN_PREDECLARED_KEEP_PLAN	false
GSM8151756	GATTTCTAGAGATTCA-1	NOT_IN_PREDECLARED_KEEP_PLAN	false
GSM8151756	GATTTCTTCGACCCAG-1	NOT_IN_PREDECLARED_KEEP_PLAN	false
GSM8151756	GCAACCGAGTAAACTG-1	NOT_IN_PREDECLARED_KEEP_PLAN	false
GSM8151756	GCAACCGGTCAGGTGA-1	NOT_IN_PREDECLARED_KEEP_PLAN	false
GSM8151756	GCACATACAAGTCCCG-1	NOT_IN_PREDECLARED_KEEP_PLAN	false
GSM8151756	GCACATATCGTCCATC-1	NOT_IN_PREDECLARED_KEEP_PLAN	false
GSM8151756	GCACGGTCAGACATCT-1	NOT_IN_PREDECLARED_KEEP_PLAN	false
GSM8151756	GCACGGTCATGTAACC-1	NOT_IN_PREDECLARED_KEEP_PLAN	false
GSM8151756	GCACGGTGTAGATTAG-1	NOT_IN_PREDECLARED_KEEP_PLAN	false
GSM8151756	GCACGTGGTATTTCGG-1	NOT_IN_PREDECLARED_KEEP_PLAN	false
GSM8151756	GCACTAACAAATCGTC-1	NOT_IN_PREDECLARED_KEEP_PLAN	false
GSM8151756	GCACTAATCTGTCGTC-1	NOT_IN_PREDECLARED_KEEP_PLAN	false
GSM8151756	GCACTAATCTTGGATG-1	NOT_IN_PREDECLARED_KEEP_PLAN	false
GSM8151756	GCAGCCAAGAGCACTG-1	NOT_IN_PREDECLARED_KEEP_PLAN	false
GSM8151756	GCAGCTGCATTCTCTA-1	NOT_IN_PREDECLARED_KEEP_PLAN	false
GSM8151756	GCAGCTGTCGCGAAGA-1	NOT_IN_PREDECLARED_KEEP_PLAN	false
GSM8151756	GCAGGCTCATTCCTCG-1	NOT_IN_PREDECLARED_KEEP_PLAN	false
GSM8151756	GCAGGCTGTTACGTAC-1	NOT_IN_PREDECLARED_KEEP_PLAN	false
GSM8151756	GCAGTTAGTGAAGCGT-1	NOT_IN_PREDECLARED_KEEP_PLAN	false
GSM8151756	GCATCGGAGCACCCAC-1	NOT_IN_PREDECLARED_KEEP_PLAN	false
GSM8151756	GCATCGGAGCTCGAAG-1	NOT_IN_PREDECLARED_KEEP_PLAN	false
GSM8151756	GCATCGGCATTCGATG-1	NOT_IN_PREDECLARED_KEEP_PLAN	false
GSM8151756	GCATCGGGTATCAGCT-1	NOT_IN_PREDECLARED_KEEP_PLAN	false
GSM8151756	GCATCGGGTGATGGCA-1	NOT_IN_PREDECLARED_KEEP_PLAN	false
GSM8151756	GCATCTCAGGTCCCGT-1	NOT_IN_PREDECLARED_KEEP_PLAN	false
GSM8151756	GCATCTCGTCTTGAAC-1	NOT_IN_PREDECLARED_KEEP_PLAN	false
GSM8151756	GCATGATAGGCGTTGA-1	NOT_IN_PREDECLARED_KEEP_PLAN	false
GSM8151756	GCATGATTCCAGTTCC-1	NOT_IN_PREDECLARED_KEEP_PLAN	false
GSM8151756	GCATTAGCACAAAGCG-1	NOT_IN_PREDECLARED_KEEP_PLAN	false
GSM8151756	GCATTAGCAGTATTCG-1	NOT_IN_PREDECLARED_KEEP_PLAN	false
GSM8151756	GCCAGCACAGGCGAAT-1	NOT_IN_PREDECLARED_KEEP_PLAN	false
GSM8151756	GCCAGCACAGTTGAAA-1	NOT_IN_PREDECLARED_KEEP_PLAN	false
GSM8151756	GCCAGCACATAATCGC-1	NOT_IN_PREDECLARED_KEEP_PLAN	false
GSM8151756	GCCAGGTGTTCGCGTG-1	NOT_IN_PREDECLARED_KEEP_PLAN	false
GSM8151756	GCCAGGTTCATCGCTC-1	NOT_IN_PREDECLARED_KEEP_PLAN	false
GSM8151756	GCCAGTGAGGCAGCTA-1	NOT_IN_PREDECLARED_KEEP_PLAN	false
GSM8151756	GCCAGTGTCTACACTT-1	NOT_IN_PREDECLARED_KEEP_PLAN	false
GSM8151756	GCCATGGAGCTAAACA-1	NOT_IN_PREDECLARED_KEEP_PLAN	false
GSM8151756	GCCATGGGTATGTGTC-1	NOT_IN_PREDECLARED_KEEP_PLAN	false
GSM8151756	GCCATGGTCTTGTGCC-1	NOT_IN_PREDECLARED_KEEP_PLAN	false
GSM8151756	GCCATTCTCCTTGGAA-1	NOT_IN_PREDECLARED_KEEP_PLAN	false
GSM8151756	GCCCAGAAGCGTATAA-1	NOT_IN_PREDECLARED_KEEP_PLAN	false
GSM8151756	GCCCGAAGTACGACTT-1	NOT_IN_PREDECLARED_KEEP_PLAN	false
GSM8151756	GCCCGAAGTCCGGTCA-1	NOT_IN_PREDECLARED_KEEP_PLAN	false
GSM8151756	GCCGATGGTGTTCGTA-1	NOT_IN_PREDECLARED_KEEP_PLAN	false
GSM8151756	GCCGATGTCCTAGCGG-1	NOT_IN_PREDECLARED_KEEP_PLAN	false
GSM8151756	GCCGATGTCCTCTTTC-1	NOT_IN_PREDECLARED_KEEP_PLAN	false
GSM8151756	GCCGTGAGTACAGAAT-1	NOT_IN_PREDECLARED_KEEP_PLAN	false
GSM8151756	GCCGTGATCGGTAGAG-1	NOT_IN_PREDECLARED_KEEP_PLAN	false
GSM8151756	GCCTGTTAGCCTGCCA-1	NOT_IN_PREDECLARED_KEEP_PLAN	false
GSM8151756	GCGATCGGTCCTGAAT-1	NOT_IN_PREDECLARED_KEEP_PLAN	false
GSM8151756	GCGGAAATCACCTTGC-1	NOT_IN_PREDECLARED_KEEP_PLAN	false
GSM8151756	GCGTTTCCAGCGGTTC-1	NOT_IN_PREDECLARED_KEEP_PLAN	false
GSM8151756	GCTACAATCCGACATA-1	NOT_IN_PREDECLARED_KEEP_PLAN	false
GSM8151756	GCTACCTAGCCGATTT-1	NOT_IN_PREDECLARED_KEEP_PLAN	false
GSM8151756	GCTACCTTCGCGCTGA-1	NOT_IN_PREDECLARED_KEEP_PLAN	false
GSM8151756	GCTCAAAAGGATTCAA-1	NOT_IN_PREDECLARED_KEEP_PLAN	false
GSM8151756	GCTCAAACAATTTCTC-1	NOT_IN_PREDECLARED_KEEP_PLAN	false
GSM8151756	GCTCAAAGTTTACTGG-1	NOT_IN_PREDECLARED_KEEP_PLAN	false
GSM8151756	GCTCAAAGTTTGCCGG-1	NOT_IN_PREDECLARED_KEEP_PLAN	false
GSM8151756	GCTGAATAGGCTTCCG-1	NOT_IN_PREDECLARED_KEEP_PLAN	false
GSM8151756	GCTGAATAGTGGCCTC-1	NOT_IN_PREDECLARED_KEEP_PLAN	false
GSM8151756	GCTGAATCACGATTCA-1	NOT_IN_PREDECLARED_KEEP_PLAN	false
GSM8151756	GCTGAATTCGATGCTA-1	NOT_IN_PREDECLARED_KEEP_PLAN	false
GSM8151756	GCTGCAGGTCTAACTG-1	NOT_IN_PREDECLARED_KEEP_PLAN	false
GSM8151756	GCTGGGTCAGAATGTA-1	NOT_IN_PREDECLARED_KEEP_PLAN	false
GSM8151756	GCTGGGTGTACTAACC-1	NOT_IN_PREDECLARED_KEEP_PLAN	false
GSM8151756	GCTGGGTGTTGGAGGT-1	NOT_IN_PREDECLARED_KEEP_PLAN	false
GSM8151756	GCTGGGTTCCTGCCAT-1	NOT_IN_PREDECLARED_KEEP_PLAN	false
GSM8151756	GCTGGGTTCGATGCAT-1	NOT_IN_PREDECLARED_KEEP_PLAN	false
GSM8151756	GCTTCACAGCATCCCG-1	NOT_IN_PREDECLARED_KEEP_PLAN	false
GSM8151756	GCTTCACCAACTTGGT-1	NOT_IN_PREDECLARED_KEEP_PLAN	false
GSM8151756	GCTTCACCAGGTTCAT-1	NOT_IN_PREDECLARED_KEEP_PLAN	false
GSM8151756	GCTTCACCAGTAACAA-1	NOT_IN_PREDECLARED_KEEP_PLAN	false
GSM8151756	GCTTCACTCTTCTAAC-1	NOT_IN_PREDECLARED_KEEP_PLAN	false
GSM8151756	GCTTGGGAGCTCGACC-1	NOT_IN_PREDECLARED_KEEP_PLAN	false
GSM8151756	GCTTGGGCAAATGAGT-1	NOT_IN_PREDECLARED_KEEP_PLAN	false
GSM8151756	GCTTTCGCACCAGCTG-1	NOT_IN_PREDECLARED_KEEP_PLAN	false
GSM8151756	GCTTTCGGTACCTAAC-1	NOT_IN_PREDECLARED_KEEP_PLAN	false
GSM8151756	GGAACCCTCCACCCTA-1	NOT_IN_PREDECLARED_KEEP_PLAN	false
GSM8151756	GGAACCCTCCCAGCGA-1	NOT_IN_PREDECLARED_KEEP_PLAN	false
GSM8151756	GGAATCTAGTCGAATA-1	NOT_IN_PREDECLARED_KEEP_PLAN	false
GSM8151756	GGAATCTCAGTTGGTT-1	NOT_IN_PREDECLARED_KEEP_PLAN	false
GSM8151756	GGAATCTGTGGCTTGC-1	NOT_IN_PREDECLARED_KEEP_PLAN	false
GSM8151756	GGAATGGTCAAGAAAC-1	NOT_IN_PREDECLARED_KEEP_PLAN	false
GSM8151756	GGACGTCTCATCGTAG-1	NOT_IN_PREDECLARED_KEEP_PLAN	false
GSM8151756	GGACGTCTCTGCCTGT-1	NOT_IN_PREDECLARED_KEEP_PLAN	false
GSM8151756	GGAGAACAGCGCCTAC-1	NOT_IN_PREDECLARED_KEEP_PLAN	false
GSM8151756	GGAGATGAGGCCTAAG-1	NOT_IN_PREDECLARED_KEEP_PLAN	false
GSM8151756	GGAGATGCAACATCGT-1	NOT_IN_PREDECLARED_KEEP_PLAN	false
GSM8151756	GGAGATGGTGTCATTG-1	NOT_IN_PREDECLARED_KEEP_PLAN	false
GSM8151756	GGAGATGGTTGTTGAC-1	NOT_IN_PREDECLARED_KEEP_PLAN	false
GSM8151756	GGAGCAAAGAGGCGTT-1	NOT_IN_PREDECLARED_KEEP_PLAN	false
GSM8151756	GGAGCAACAAGTGGCA-1	NOT_IN_PREDECLARED_KEEP_PLAN	false
GSM8151756	GGAGGATCAAGAATAC-1	NOT_IN_PREDECLARED_KEEP_PLAN	false
GSM8151756	GGAGGTAGTAGCACAG-1	NOT_IN_PREDECLARED_KEEP_PLAN	false
GSM8151756	GGATCTAAGACTCTAC-1	NOT_IN_PREDECLARED_KEEP_PLAN	false
GSM8151756	GGATGTTGTAAGCAAT-1	NOT_IN_PREDECLARED_KEEP_PLAN	false
GSM8151756	GGCACGTAGGTTCATC-1	NOT_IN_PREDECLARED_KEEP_PLAN	false
GSM8151756	GGCACGTCACAGTACT-1	NOT_IN_PREDECLARED_KEEP_PLAN	false
GSM8151756	GGCAGTCAGGATTTCC-1	NOT_IN_PREDECLARED_KEEP_PLAN	false
GSM8151756	GGCAGTCCAATTGAAG-1	NOT_IN_PREDECLARED_KEEP_PLAN	false
GSM8151756	GGCAGTCTCCATCTCG-1	NOT_IN_PREDECLARED_KEEP_PLAN	false
GSM8151756	GGCGTCATCATATGGC-1	NOT_IN_PREDECLARED_KEEP_PLAN	false
GSM8151756	GGCTGTGGTACACTCA-1	NOT_IN_PREDECLARED_KEEP_PLAN	false
GSM8151756	GGCTGTGGTTAACCTG-1	NOT_IN_PREDECLARED_KEEP_PLAN	false
GSM8151756	GGCTTGGCAGGACATG-1	NOT_IN_PREDECLARED_KEEP_PLAN	false
GSM8151756	GGCTTTCAGTTGCGAG-1	NOT_IN_PREDECLARED_KEEP_PLAN	false
GSM8151756	GGCTTTCCATTCGGGC-1	NOT_IN_PREDECLARED_KEEP_PLAN	false
GSM8151756	GGCTTTCGTCTTGCTC-1	NOT_IN_PREDECLARED_KEEP_PLAN	false
GSM8151756	GGCTTTCTCCCGTAAA-1	NOT_IN_PREDECLARED_KEEP_PLAN	false
GSM8151756	GGGAAGTAGGCCACCT-1	NOT_IN_PREDECLARED_KEEP_PLAN	false
GSM8151756	GGGAAGTGTTTCGCTC-1	NOT_IN_PREDECLARED_KEEP_PLAN	false
GSM8151756	GGGACAATCGATCCCT-1	NOT_IN_PREDECLARED_KEEP_PLAN	false
GSM8151756	GGGACCTAGATTAGTG-1	NOT_IN_PREDECLARED_KEEP_PLAN	false
GSM8151756	GGGACCTAGCGAGTCA-1	NOT_IN_PREDECLARED_KEEP_PLAN	false
GSM8151756	GGGACCTGTGATGAAT-1	NOT_IN_PREDECLARED_KEEP_PLAN	false
GSM8151756	GGGACCTTCCTTCTAA-1	NOT_IN_PREDECLARED_KEEP_PLAN	false
GSM8151756	GGGACTCTCTCAACGA-1	NOT_IN_PREDECLARED_KEEP_PLAN	false
GSM8151756	GGGAGATCAACAGATA-1	NOT_IN_PREDECLARED_KEEP_PLAN	false
GSM8151756	GGGAGATCATGACGGA-1	NOT_IN_PREDECLARED_KEEP_PLAN	false
GSM8151756	GGGAGTAAGAATCGAT-1	NOT_IN_PREDECLARED_KEEP_PLAN	false
GSM8151756	GGGAGTATCCTACGAA-1	NOT_IN_PREDECLARED_KEEP_PLAN	false
GSM8151756	GGGATCCAGGTGGCTA-1	NOT_IN_PREDECLARED_KEEP_PLAN	false
GSM8151756	GGGATCCTCCTACCAC-1	NOT_IN_PREDECLARED_KEEP_PLAN	false
GSM8151756	GGGATGAGTCCACTCT-1	NOT_IN_PREDECLARED_KEEP_PLAN	false
GSM8151756	GGGATGAGTCGTGTTA-1	NOT_IN_PREDECLARED_KEEP_PLAN	false
GSM8151756	GGGCCATAGAGCCTGA-1	NOT_IN_PREDECLARED_KEEP_PLAN	false
GSM8151756	GGGCCATAGGAGAGTA-1	NOT_IN_PREDECLARED_KEEP_PLAN	false
GSM8151756	GGGCCATAGTTATGGA-1	NOT_IN_PREDECLARED_KEEP_PLAN	false
GSM8151756	GGGCTACCAGCTCCTT-1	NOT_IN_PREDECLARED_KEEP_PLAN	false
GSM8151756	GGGCTCAGTCACTCAA-1	NOT_IN_PREDECLARED_KEEP_PLAN	false
GSM8151756	GGGCTCAGTGAACTAA-1	NOT_IN_PREDECLARED_KEEP_PLAN	false
GSM8151756	GGGCTCAGTTGTACGT-1	NOT_IN_PREDECLARED_KEEP_PLAN	false
GSM8151756	GGGTAGAGTACGGATG-1	NOT_IN_PREDECLARED_KEEP_PLAN	false
GSM8151756	GGGTAGATCTTGCAAG-1	NOT_IN_PREDECLARED_KEEP_PLAN	false
GSM8151756	GGGTATTCACATAGCT-1	NOT_IN_PREDECLARED_KEEP_PLAN	false
GSM8151756	GGGTATTGTGCGAACA-1	NOT_IN_PREDECLARED_KEEP_PLAN	false
GSM8151756	GGGTCACCACCATTCC-1	NOT_IN_PREDECLARED_KEEP_PLAN	false
GSM8151756	GGGTCACTCGCAGTCG-1	NOT_IN_PREDECLARED_KEEP_PLAN	false
GSM8151756	GGGTCTGCAAACCGGA-1	NOT_IN_PREDECLARED_KEEP_PLAN	false
GSM8151756	GGGTCTGGTCCCACGA-1	NOT_IN_PREDECLARED_KEEP_PLAN	false
GSM8151756	GGGTCTGTCTACACTT-1	NOT_IN_PREDECLARED_KEEP_PLAN	false
GSM8151756	GGGTGAACATTATGCG-1	NOT_IN_PREDECLARED_KEEP_PLAN	false
GSM8151756	GGGTGAATCCTACGGG-1	NOT_IN_PREDECLARED_KEEP_PLAN	false
GSM8151756	GGGTGAATCTGCGTCT-1	NOT_IN_PREDECLARED_KEEP_PLAN	false
GSM8151756	GGGTTATGTCGGCTAC-1	NOT_IN_PREDECLARED_KEEP_PLAN	false
GSM8151756	GGGTTATGTGAGCTCC-1	NOT_IN_PREDECLARED_KEEP_PLAN	false
GSM8151756	GGGTTATGTTTACCTT-1	NOT_IN_PREDECLARED_KEEP_PLAN	false
GSM8151756	GGGTTTATCAACGAGG-1	NOT_IN_PREDECLARED_KEEP_PLAN	false
GSM8151756	GGGTTTATCACCGGGT-1	NOT_IN_PREDECLARED_KEEP_PLAN	false
GSM8151756	GGGTTTATCGTTCATT-1	NOT_IN_PREDECLARED_KEEP_PLAN	false
GSM8151756	GGTAACTGTGCCCTTT-1	NOT_IN_PREDECLARED_KEEP_PLAN	false
GSM8151756	GGTAACTTCTGGGATT-1	NOT_IN_PREDECLARED_KEEP_PLAN	false
GSM8151756	GGTAATCAGAGTCTTC-1	NOT_IN_PREDECLARED_KEEP_PLAN	false
GSM8151756	GGTAATCGTGGTGATG-1	NOT_IN_PREDECLARED_KEEP_PLAN	false
GSM8151756	GGTAGAGCAGTCACGC-1	NOT_IN_PREDECLARED_KEEP_PLAN	false
GSM8151756	GGTCACGGTCTTGTCC-1	NOT_IN_PREDECLARED_KEEP_PLAN	false
GSM8151756	GGTCACGGTTACCTTT-1	NOT_IN_PREDECLARED_KEEP_PLAN	false
GSM8151756	GGTGATTAGAGATGCC-1	NOT_IN_PREDECLARED_KEEP_PLAN	false
GSM8151756	GGTGATTAGAGGGCGA-1	NOT_IN_PREDECLARED_KEEP_PLAN	false
GSM8151756	GGTGATTAGCATGCAG-1	NOT_IN_PREDECLARED_KEEP_PLAN	false
GSM8151756	GGTGATTAGCCATTTG-1	NOT_IN_PREDECLARED_KEEP_PLAN	false
GSM8151756	GGTGATTTCCCTGGTT-1	NOT_IN_PREDECLARED_KEEP_PLAN	false
GSM8151756	GGTGGCTAGCGCCATC-1	NOT_IN_PREDECLARED_KEEP_PLAN	false
GSM8151756	GGTGTCGCATAGCTGT-1	NOT_IN_PREDECLARED_KEEP_PLAN	false
GSM8151756	GGTGTCGCATGAATAG-1	NOT_IN_PREDECLARED_KEEP_PLAN	false
GSM8151756	GGTGTCGTCCGATCGG-1	NOT_IN_PREDECLARED_KEEP_PLAN	false
GSM8151756	GGTGTTACAACAACAA-1	NOT_IN_PREDECLARED_KEEP_PLAN	false
GSM8151756	GGTGTTAGTCATAGTC-1	NOT_IN_PREDECLARED_KEEP_PLAN	false
GSM8151756	GGTTAACAGTGATCGG-1	NOT_IN_PREDECLARED_KEEP_PLAN	false
GSM8151756	GGTTAACAGTGTACCT-1	NOT_IN_PREDECLARED_KEEP_PLAN	false
GSM8151756	GGTTAACGTGTTAGCT-1	NOT_IN_PREDECLARED_KEEP_PLAN	false
GSM8151756	GGTTCTCAGCGCAATG-1	NOT_IN_PREDECLARED_KEEP_PLAN	false
GSM8151756	GGTTCTCGTTAGAAAC-1	NOT_IN_PREDECLARED_KEEP_PLAN	false
GSM8151756	GGTTCTCTCCATAGAC-1	NOT_IN_PREDECLARED_KEEP_PLAN	false
GSM8151756	GGTTGTAAGTGAATAC-1	NOT_IN_PREDECLARED_KEEP_PLAN	false
GSM8151756	GGTTGTATCGTGAGAG-1	NOT_IN_PREDECLARED_KEEP_PLAN	false
GSM8151756	GTAACACAGTGGCAGT-1	NOT_IN_PREDECLARED_KEEP_PLAN	false
GSM8151756	GTAACACGTGGGTATG-1	NOT_IN_PREDECLARED_KEEP_PLAN	false
GSM8151756	GTAACACTCTGCGTCT-1	NOT_IN_PREDECLARED_KEEP_PLAN	false
GSM8151756	GTAACCATCGACCAAT-1	NOT_IN_PREDECLARED_KEEP_PLAN	false
GSM8151756	GTAACCATCGCCAACG-1	NOT_IN_PREDECLARED_KEEP_PLAN	false
GSM8151756	GTAACCATCTGGGTCG-1	NOT_IN_PREDECLARED_KEEP_PLAN	false
GSM8151756	GTAATCGAGGTCGCCT-1	NOT_IN_PREDECLARED_KEEP_PLAN	false
GSM8151756	GTAATCGGTCGATTAC-1	NOT_IN_PREDECLARED_KEEP_PLAN	false
GSM8151756	GTAATCGGTCGCATGC-1	NOT_IN_PREDECLARED_KEEP_PLAN	false
GSM8151756	GTAATCGGTGCGAGTA-1	NOT_IN_PREDECLARED_KEEP_PLAN	false
GSM8151756	GTAATGCAGGGAGAAT-1	NOT_IN_PREDECLARED_KEEP_PLAN	false
GSM8151756	GTACAACAGGTGCGAT-1	NOT_IN_PREDECLARED_KEEP_PLAN	false
GSM8151756	GTACAGTAGATGTTCC-1	NOT_IN_PREDECLARED_KEEP_PLAN	false
GSM8151756	GTACAGTAGTACTCGT-1	NOT_IN_PREDECLARED_KEEP_PLAN	false
GSM8151756	GTAGAAAGTGAGCCAA-1	NOT_IN_PREDECLARED_KEEP_PLAN	false
GSM8151756	GTAGAGGAGTGCCCGT-1	NOT_IN_PREDECLARED_KEEP_PLAN	false
GSM8151756	GTAGATCAGGTAGCAC-1	NOT_IN_PREDECLARED_KEEP_PLAN	false
GSM8151756	GTAGATCTCCCAAGCG-1	NOT_IN_PREDECLARED_KEEP_PLAN	false
GSM8151756	GTAGCTACAGGAGACT-1	NOT_IN_PREDECLARED_KEEP_PLAN	false
GSM8151756	GTAGGAGAGAATAGTC-1	NOT_IN_PREDECLARED_KEEP_PLAN	false
GSM8151756	GTAGGAGCATCGCTCT-1	NOT_IN_PREDECLARED_KEEP_PLAN	false
GSM8151756	GTAGGTTCAATCTGCA-1	NOT_IN_PREDECLARED_KEEP_PLAN	false
GSM8151756	GTAGGTTGTGAGATAT-1	NOT_IN_PREDECLARED_KEEP_PLAN	false
GSM8151756	GTATTGGCACTAGGCC-1	NOT_IN_PREDECLARED_KEEP_PLAN	false
GSM8151756	GTATTGGGTCCTACAA-1	NOT_IN_PREDECLARED_KEEP_PLAN	false
GSM8151756	GTATTTCAGCATATGA-1	NOT_IN_PREDECLARED_KEEP_PLAN	false
GSM8151756	GTATTTCCATACCATG-1	NOT_IN_PREDECLARED_KEEP_PLAN	false
GSM8151756	GTATTTCGTTATCTTC-1	NOT_IN_PREDECLARED_KEEP_PLAN	false
GSM8151756	GTATTTCTCATTACTC-1	NOT_IN_PREDECLARED_KEEP_PLAN	false
GSM8151756	GTCAAACAGGTTCTAC-1	NOT_IN_PREDECLARED_KEEP_PLAN	false
GSM8151756	GTCAAACAGTCTAGAA-1	NOT_IN_PREDECLARED_KEEP_PLAN	false
GSM8151756	GTCAAACTCTCACGAA-1	NOT_IN_PREDECLARED_KEEP_PLAN	false
GSM8151756	GTCAAGTGTAAGTCAA-1	NOT_IN_PREDECLARED_KEEP_PLAN	false
GSM8151756	GTCAAGTTCATATGGC-1	NOT_IN_PREDECLARED_KEEP_PLAN	false
GSM8151756	GTCACGGGTCAACGCC-1	NOT_IN_PREDECLARED_KEEP_PLAN	false
GSM8151756	GTCACTCCACAGTATC-1	NOT_IN_PREDECLARED_KEEP_PLAN	false
GSM8151756	GTCATCCCAGCACAGA-1	NOT_IN_PREDECLARED_KEEP_PLAN	false
GSM8151756	GTCATTTCACAACGCC-1	NOT_IN_PREDECLARED_KEEP_PLAN	false
GSM8151756	GTCCTCAAGCATCCTA-1	NOT_IN_PREDECLARED_KEEP_PLAN	false
GSM8151756	GTCCTCAAGTTCCGTA-1	NOT_IN_PREDECLARED_KEEP_PLAN	false
GSM8151756	GTCCTCAGTTTCTATC-1	NOT_IN_PREDECLARED_KEEP_PLAN	false
GSM8151756	GTCCTCATCCCAAGCG-1	NOT_IN_PREDECLARED_KEEP_PLAN	false
GSM8151756	GTCGAATGTTCTGACA-1	NOT_IN_PREDECLARED_KEEP_PLAN	false
GSM8151756	GTCGAATTCAACCCGG-1	NOT_IN_PREDECLARED_KEEP_PLAN	false
GSM8151756	GTCGAATTCAGTGGGA-1	NOT_IN_PREDECLARED_KEEP_PLAN	false
GSM8151756	GTCGAATTCCGCAAAT-1	NOT_IN_PREDECLARED_KEEP_PLAN	false
GSM8151756	GTCGCGACACTCCACT-1	NOT_IN_PREDECLARED_KEEP_PLAN	false
GSM8151756	GTCGCGAGTAATGATG-1	NOT_IN_PREDECLARED_KEEP_PLAN	false
GSM8151756	GTCGCGATCTTGTTAC-1	NOT_IN_PREDECLARED_KEEP_PLAN	false
GSM8151756	GTCGTAAAGAGCAGAA-1	NOT_IN_PREDECLARED_KEEP_PLAN	false
GSM8151756	GTCGTAAAGTTAGTGA-1	NOT_IN_PREDECLARED_KEEP_PLAN	false
GSM8151756	GTCGTAACACCGTGAC-1	NOT_IN_PREDECLARED_KEEP_PLAN	false
GSM8151756	GTCGTTCCATCTGTTT-1	NOT_IN_PREDECLARED_KEEP_PLAN	false
GSM8151756	GTCTACCCACAACGCC-1	NOT_IN_PREDECLARED_KEEP_PLAN	false
GSM8151756	GTCTACCGTCCCTGTT-1	NOT_IN_PREDECLARED_KEEP_PLAN	false
GSM8151756	GTCTACCTCCTCGATC-1	NOT_IN_PREDECLARED_KEEP_PLAN	false
GSM8151756	GTCTAGAAGTTAGAAC-1	NOT_IN_PREDECLARED_KEEP_PLAN	false
GSM8151756	GTCTCACAGCAAGTCG-1	NOT_IN_PREDECLARED_KEEP_PLAN	false
GSM8151756	GTCTCACCAAATCAGA-1	NOT_IN_PREDECLARED_KEEP_PLAN	false
GSM8151756	GTCTCACGTATCGCTA-1	NOT_IN_PREDECLARED_KEEP_PLAN	false
GSM8151756	GTCTCACTCGGTTCAA-1	NOT_IN_PREDECLARED_KEEP_PLAN	false
GSM8151756	GTCTGTCGTTAAGACA-1	NOT_IN_PREDECLARED_KEEP_PLAN	false
GSM8151756	GTCTTTAAGGCTCCCA-1	NOT_IN_PREDECLARED_KEEP_PLAN	false
GSM8151756	GTCTTTACACTGATTG-1	NOT_IN_PREDECLARED_KEEP_PLAN	false
GSM8151756	GTGAGCCAGGCGCTCT-1	NOT_IN_PREDECLARED_KEEP_PLAN	false
GSM8151756	GTGAGCCCAGTCGCAC-1	NOT_IN_PREDECLARED_KEEP_PLAN	false
GSM8151756	GTGAGCCTCAGGACGA-1	NOT_IN_PREDECLARED_KEEP_PLAN	false
GSM8151756	GTGAGGACACGGCACT-1	NOT_IN_PREDECLARED_KEEP_PLAN	false
GSM8151756	GTGAGGAGTGGCTGCT-1	NOT_IN_PREDECLARED_KEEP_PLAN	false
GSM8151756	GTGAGGATCGCGCCAA-1	NOT_IN_PREDECLARED_KEEP_PLAN	false
GSM8151756	GTGAGTTAGTCCCAAT-1	NOT_IN_PREDECLARED_KEEP_PLAN	false
GSM8151756	GTGAGTTCATCGCTCT-1	NOT_IN_PREDECLARED_KEEP_PLAN	false
GSM8151756	GTGAGTTCATCTCATT-1	NOT_IN_PREDECLARED_KEEP_PLAN	false
GSM8151756	GTGCACGAGGACCCAA-1	NOT_IN_PREDECLARED_KEEP_PLAN	false
GSM8151756	GTGCACGCAGGTTCAT-1	NOT_IN_PREDECLARED_KEEP_PLAN	false
GSM8151756	GTGCAGCGTCATTGCA-1	NOT_IN_PREDECLARED_KEEP_PLAN	false
GSM8151756	GTGCAGCGTGCGCTCA-1	NOT_IN_PREDECLARED_KEEP_PLAN	false
GSM8151756	GTGCGTGGTATCAAGA-1	NOT_IN_PREDECLARED_KEEP_PLAN	false
GSM8151756	GTGCGTGTCTAAGAAG-1	NOT_IN_PREDECLARED_KEEP_PLAN	false
GSM8151756	GTGCTGGCAGGAGACT-1	NOT_IN_PREDECLARED_KEEP_PLAN	false
GSM8151756	GTGCTGGTCGGCTGTG-1	NOT_IN_PREDECLARED_KEEP_PLAN	false
GSM8151756	GTGCTTCCAACACAGG-1	NOT_IN_PREDECLARED_KEEP_PLAN	false
GSM8151756	GTGCTTCCATGAGTAA-1	NOT_IN_PREDECLARED_KEEP_PLAN	false
GSM8151756	GTGCTTCTCACTTGTT-1	NOT_IN_PREDECLARED_KEEP_PLAN	false
GSM8151756	GTGGAAGCAGACCGCT-1	NOT_IN_PREDECLARED_KEEP_PLAN	false
GSM8151756	GTGGAAGTCCAAGAGG-1	NOT_IN_PREDECLARED_KEEP_PLAN	false
GSM8151756	GTGGCGTCAATACCCA-1	NOT_IN_PREDECLARED_KEEP_PLAN	false
GSM8151756	GTGGCGTTCTCATTGT-1	NOT_IN_PREDECLARED_KEEP_PLAN	false
GSM8151756	GTGGGAAAGGTGGCTA-1	NOT_IN_PREDECLARED_KEEP_PLAN	false
GSM8151756	GTGGGAAGTATAATGG-1	NOT_IN_PREDECLARED_KEEP_PLAN	false
GSM8151756	GTGGGAAGTCAGTTTG-1	NOT_IN_PREDECLARED_KEEP_PLAN	false
GSM8151756	GTGGTTACAGAGCCCT-1	NOT_IN_PREDECLARED_KEEP_PLAN	false
GSM8151756	GTGGTTAGTCGTGGTC-1	NOT_IN_PREDECLARED_KEEP_PLAN	false
GSM8151756	GTGGTTATCATCAGTG-1	NOT_IN_PREDECLARED_KEEP_PLAN	false
GSM8151756	GTGTAACCAACCAACT-1	NOT_IN_PREDECLARED_KEEP_PLAN	false
GSM8151756	GTGTAACCAGCTGAAG-1	NOT_IN_PREDECLARED_KEEP_PLAN	false
GSM8151756	GTGTCCTAGCAGGCAT-1	NOT_IN_PREDECLARED_KEEP_PLAN	false
GSM8151756	GTGTCCTCAAGATGTA-1	NOT_IN_PREDECLARED_KEEP_PLAN	false
GSM8151756	GTGTCCTGTTCTCACC-1	NOT_IN_PREDECLARED_KEEP_PLAN	false
GSM8151756	GTGTGATAGAAGTGTT-1	NOT_IN_PREDECLARED_KEEP_PLAN	false
GSM8151756	GTGTGATAGCAGCACA-1	NOT_IN_PREDECLARED_KEEP_PLAN	false
GSM8151756	GTGTGATTCTCATTAC-1	NOT_IN_PREDECLARED_KEEP_PLAN	false
GSM8151756	GTGTGATTCTCGAGTA-1	NOT_IN_PREDECLARED_KEEP_PLAN	false
GSM8151756	GTGTGGCAGATACTGA-1	NOT_IN_PREDECLARED_KEEP_PLAN	false
GSM8151756	GTGTGGCAGGAACTCG-1	NOT_IN_PREDECLARED_KEEP_PLAN	false
GSM8151756	GTGTGGCGTCAGTTTG-1	NOT_IN_PREDECLARED_KEEP_PLAN	false
GSM8151756	GTGTGGCTCCTTATGT-1	NOT_IN_PREDECLARED_KEEP_PLAN	false
GSM8151756	GTGTTAGGTCAAATCC-1	NOT_IN_PREDECLARED_KEEP_PLAN	false
GSM8151756	GTGTTCCTCGGCAGTC-1	NOT_IN_PREDECLARED_KEEP_PLAN	false
GSM8151756	GTTACAGCACTGCACG-1	NOT_IN_PREDECLARED_KEEP_PLAN	false
GSM8151756	GTTACCCAGACAGCGT-1	NOT_IN_PREDECLARED_KEEP_PLAN	false
GSM8151756	GTTACCCGTACTAACC-1	NOT_IN_PREDECLARED_KEEP_PLAN	false
GSM8151756	GTTACCCGTAGTGCGA-1	NOT_IN_PREDECLARED_KEEP_PLAN	false
GSM8151756	GTTACCCTCTTCCCGA-1	NOT_IN_PREDECLARED_KEEP_PLAN	false
GSM8151756	GTTACGACAGGTCAGA-1	NOT_IN_PREDECLARED_KEEP_PLAN	false
GSM8151756	GTTAGACTCTCTCAAT-1	NOT_IN_PREDECLARED_KEEP_PLAN	false
GSM8151756	GTTAGTGAGAACCGCA-1	NOT_IN_PREDECLARED_KEEP_PLAN	false
GSM8151756	GTTAGTGCAGCTCGGT-1	NOT_IN_PREDECLARED_KEEP_PLAN	false
GSM8151756	GTTAGTGGTCAAGCGA-1	NOT_IN_PREDECLARED_KEEP_PLAN	false
GSM8151756	GTTAGTGTCGCGTTTC-1	NOT_IN_PREDECLARED_KEEP_PLAN	false
GSM8151756	GTTCATTCAAGAGGCT-1	NOT_IN_PREDECLARED_KEEP_PLAN	false
GSM8151756	GTTCATTTCATCACAG-1	NOT_IN_PREDECLARED_KEEP_PLAN	false
GSM8151756	GTTCATTTCCGTGGTG-1	NOT_IN_PREDECLARED_KEEP_PLAN	false
GSM8151756	GTTCCGTTCGCCGTGA-1	NOT_IN_PREDECLARED_KEEP_PLAN	false
GSM8151756	GTTCGCTCACATGACT-1	NOT_IN_PREDECLARED_KEEP_PLAN	false
GSM8151756	GTTCTATAGCGCCCAT-1	NOT_IN_PREDECLARED_KEEP_PLAN	false
GSM8151756	GTTCTATTCAAGAGGC-1	NOT_IN_PREDECLARED_KEEP_PLAN	false
GSM8151756	GTTGAACAGCAACTCT-1	NOT_IN_PREDECLARED_KEEP_PLAN	false
GSM8151756	GTTGAACAGCATACTC-1	NOT_IN_PREDECLARED_KEEP_PLAN	false
GSM8151756	GTTGAACTCCCTCGAT-1	NOT_IN_PREDECLARED_KEEP_PLAN	false
GSM8151756	GTTGCGGAGGGTCTTT-1	NOT_IN_PREDECLARED_KEEP_PLAN	false
GSM8151756	GTTGCGGGTACGTGAG-1	NOT_IN_PREDECLARED_KEEP_PLAN	false
GSM8151756	GTTGCTCAGAAGGCTC-1	NOT_IN_PREDECLARED_KEEP_PLAN	false
GSM8151756	GTTGCTCGTGGTCTGC-1	NOT_IN_PREDECLARED_KEEP_PLAN	false
GSM8151756	GTTGCTCTCGTTCTAT-1	NOT_IN_PREDECLARED_KEEP_PLAN	false
GSM8151756	GTTGTAGAGCGTATGG-1	NOT_IN_PREDECLARED_KEEP_PLAN	false
GSM8151756	GTTGTAGAGGATATAC-1	NOT_IN_PREDECLARED_KEEP_PLAN	false
GSM8151756	GTTGTAGGTTCAAAGA-1	NOT_IN_PREDECLARED_KEEP_PLAN	false
GSM8151756	GTTGTCCAGGGCAACT-1	NOT_IN_PREDECLARED_KEEP_PLAN	false
GSM8151756	GTTGTCCGTAACATAG-1	NOT_IN_PREDECLARED_KEEP_PLAN	false
GSM8151756	GTTGTCCGTGCACGCT-1	NOT_IN_PREDECLARED_KEEP_PLAN	false
GSM8151756	GTTTACTGTAATGCGG-1	NOT_IN_PREDECLARED_KEEP_PLAN	false
GSM8151756	GTTTACTGTCAACGCC-1	NOT_IN_PREDECLARED_KEEP_PLAN	false
GSM8151756	GTTTACTGTGCTGATT-1	NOT_IN_PREDECLARED_KEEP_PLAN	false
GSM8151756	GTTTACTTCGAACCAT-1	NOT_IN_PREDECLARED_KEEP_PLAN	false
GSM8151756	GTTTGGAAGAGTCACG-1	NOT_IN_PREDECLARED_KEEP_PLAN	false
GSM8151756	GTTTGGATCCAGGACC-1	NOT_IN_PREDECLARED_KEEP_PLAN	false
GSM8151756	GTTTGGATCTTGCAGA-1	NOT_IN_PREDECLARED_KEEP_PLAN	false
GSM8151756	TAACCAGCATGTGACT-1	NOT_IN_PREDECLARED_KEEP_PLAN	false
GSM8151756	TAACCAGGTGCATACT-1	NOT_IN_PREDECLARED_KEEP_PLAN	false
GSM8151756	TAACGACAGATCCCAT-1	NOT_IN_PREDECLARED_KEEP_PLAN	false
GSM8151756	TAACGACGTCATCGGC-1	NOT_IN_PREDECLARED_KEEP_PLAN	false
GSM8151756	TAACTTCCACCCATAA-1	NOT_IN_PREDECLARED_KEEP_PLAN	false
GSM8151756	TAACTTCCATTCGATG-1	NOT_IN_PREDECLARED_KEEP_PLAN	false
GSM8151756	TAACTTCTCTATTCGT-1	NOT_IN_PREDECLARED_KEEP_PLAN	false
GSM8151756	TAAGCACAGCATCTTG-1	NOT_IN_PREDECLARED_KEEP_PLAN	false
GSM8151756	TAAGCACGTTGCTCGG-1	NOT_IN_PREDECLARED_KEEP_PLAN	false
GSM8151756	TAAGCCAGTCATGGCC-1	NOT_IN_PREDECLARED_KEEP_PLAN	false
GSM8151756	TAAGCCAGTTCTATCT-1	NOT_IN_PREDECLARED_KEEP_PLAN	false
GSM8151756	TAAGCGTAGGTCCCGT-1	NOT_IN_PREDECLARED_KEEP_PLAN	false
GSM8151756	TAAGTCGCAGAGTAAT-1	NOT_IN_PREDECLARED_KEEP_PLAN	false
GSM8151756	TAATCTCCAAGACGGT-1	NOT_IN_PREDECLARED_KEEP_PLAN	false
GSM8151756	TAATCTCGTTCAACGT-1	NOT_IN_PREDECLARED_KEEP_PLAN	false
GSM8151756	TAATTCCAGTGAGTTA-1	NOT_IN_PREDECLARED_KEEP_PLAN	false
GSM8151756	TACAACGTCATGCAGT-1	NOT_IN_PREDECLARED_KEEP_PLAN	false
GSM8151756	TACACCCCAATATCCG-1	NOT_IN_PREDECLARED_KEEP_PLAN	false
GSM8151756	TACACCCTCTGGAGAG-1	NOT_IN_PREDECLARED_KEEP_PLAN	false
GSM8151756	TACCCACTCGTCCATC-1	NOT_IN_PREDECLARED_KEEP_PLAN	false
GSM8151756	TACCCGTTCTCCACTG-1	NOT_IN_PREDECLARED_KEEP_PLAN	false
GSM8151756	TACCGAAGTGAACTAA-1	NOT_IN_PREDECLARED_KEEP_PLAN	false
GSM8151756	TACCGGGGTCCGCAGT-1	NOT_IN_PREDECLARED_KEEP_PLAN	false
GSM8151756	TACCTCGCACAATGTC-1	NOT_IN_PREDECLARED_KEEP_PLAN	false
GSM8151756	TACCTGCTCAAACGTC-1	NOT_IN_PREDECLARED_KEEP_PLAN	false
GSM8151756	TACGCTCAGTAGATCA-1	NOT_IN_PREDECLARED_KEEP_PLAN	false
GSM8151756	TACGCTCCAGCGATTT-1	NOT_IN_PREDECLARED_KEEP_PLAN	false
GSM8151756	TACGCTCCATCCGGCA-1	NOT_IN_PREDECLARED_KEEP_PLAN	false
GSM8151756	TACGCTCTCTACTTCA-1	NOT_IN_PREDECLARED_KEEP_PLAN	false
GSM8151756	TACGCTCTCTGCGGGT-1	NOT_IN_PREDECLARED_KEEP_PLAN	false
GSM8151756	TACGGGCTCAACTACG-1	NOT_IN_PREDECLARED_KEEP_PLAN	false
GSM8151756	TACGGGCTCGGAAGGT-1	NOT_IN_PREDECLARED_KEEP_PLAN	false
GSM8151756	TACGTCCAGTATTCCG-1	NOT_IN_PREDECLARED_KEEP_PLAN	false
GSM8151756	TACGTCCAGTTCGGTT-1	NOT_IN_PREDECLARED_KEEP_PLAN	false
GSM8151756	TACGTCCTCCACGTGG-1	NOT_IN_PREDECLARED_KEEP_PLAN	false
GSM8151756	TACTGCCAGACTGAGC-1	NOT_IN_PREDECLARED_KEEP_PLAN	false
GSM8151756	TACTGCCCATACTGTG-1	NOT_IN_PREDECLARED_KEEP_PLAN	false
GSM8151756	TACTTACGTGCGCTCA-1	NOT_IN_PREDECLARED_KEEP_PLAN	false
GSM8151756	TACTTACGTGTCACAT-1	NOT_IN_PREDECLARED_KEEP_PLAN	false
GSM8151756	TACTTACGTTACACTG-1	NOT_IN_PREDECLARED_KEEP_PLAN	false
GSM8151756	TACTTCAGTGACACAG-1	NOT_IN_PREDECLARED_KEEP_PLAN	false
GSM8151756	TACTTCATCATACAGC-1	NOT_IN_PREDECLARED_KEEP_PLAN	false
GSM8151756	TACTTGTTCCTCATAT-1	NOT_IN_PREDECLARED_KEEP_PLAN	false
GSM8151756	TAGACTGAGAAAGTCT-1	NOT_IN_PREDECLARED_KEEP_PLAN	false
GSM8151756	TAGAGTCAGCCTGAGA-1	NOT_IN_PREDECLARED_KEEP_PLAN	false
GSM8151756	TAGAGTCGTACGACAG-1	NOT_IN_PREDECLARED_KEEP_PLAN	false
GSM8151756	TAGATCGGTGATGGCA-1	NOT_IN_PREDECLARED_KEEP_PLAN	false
GSM8151756	TAGCACAAGGGACAGG-1	NOT_IN_PREDECLARED_KEEP_PLAN	false
GSM8151756	TAGGGTTCATGGAATA-1	NOT_IN_PREDECLARED_KEEP_PLAN	false
GSM8151756	TAGGGTTCATTGCTTT-1	NOT_IN_PREDECLARED_KEEP_PLAN	false
GSM8151756	TAGGTACCAGTCGCTG-1	NOT_IN_PREDECLARED_KEEP_PLAN	false
GSM8151756	TAGGTACTCCCATAGA-1	NOT_IN_PREDECLARED_KEEP_PLAN	false
GSM8151756	TAGGTTGAGTCCTGCG-1	NOT_IN_PREDECLARED_KEEP_PLAN	false
GSM8151756	TAGGTTGCACTCCCTA-1	NOT_IN_PREDECLARED_KEEP_PLAN	false
GSM8151756	TAGTGCATCTACCACC-1	NOT_IN_PREDECLARED_KEEP_PLAN	false
GSM8151756	TATACCTGTAACTTCG-1	NOT_IN_PREDECLARED_KEEP_PLAN	false
GSM8151756	TATATCCAGTATCCTG-1	NOT_IN_PREDECLARED_KEEP_PLAN	false
GSM8151756	TATCAGGGTCGTCTCT-1	NOT_IN_PREDECLARED_KEEP_PLAN	false
GSM8151756	TATCCTATCTACGCAA-1	NOT_IN_PREDECLARED_KEEP_PLAN	false
GSM8151756	TATCGCCCAGCCTATA-1	NOT_IN_PREDECLARED_KEEP_PLAN	false
GSM8151756	TATCTGTAGCAGCGAT-1	NOT_IN_PREDECLARED_KEEP_PLAN	false
GSM8151756	TATCTGTAGCATGTTC-1	NOT_IN_PREDECLARED_KEEP_PLAN	false
GSM8151756	TATCTGTAGCCTCAGC-1	NOT_IN_PREDECLARED_KEEP_PLAN	false
GSM8151756	TATCTGTGTTCTCGCT-1	NOT_IN_PREDECLARED_KEEP_PLAN	false
GSM8151756	TATCTGTGTTGCCGCA-1	NOT_IN_PREDECLARED_KEEP_PLAN	false
GSM8151756	TATCTGTTCCGCGGAT-1	NOT_IN_PREDECLARED_KEEP_PLAN	false
GSM8151756	TATCTTGAGCGTGAGT-1	NOT_IN_PREDECLARED_KEEP_PLAN	false
GSM8151756	TATCTTGAGTCACAGG-1	NOT_IN_PREDECLARED_KEEP_PLAN	false
GSM8151756	TATCTTGAGTTGGACG-1	NOT_IN_PREDECLARED_KEEP_PLAN	false
GSM8151756	TATCTTGCAAACACCT-1	NOT_IN_PREDECLARED_KEEP_PLAN	false
GSM8151756	TATCTTGTCACCCTGT-1	NOT_IN_PREDECLARED_KEEP_PLAN	false
GSM8151756	TATGTTCTCTCCGAAA-1	NOT_IN_PREDECLARED_KEEP_PLAN	false
GSM8151756	TATTCCACATGCGGTC-1	NOT_IN_PREDECLARED_KEEP_PLAN	false
GSM8151756	TATTCCAGTTCACCGG-1	NOT_IN_PREDECLARED_KEEP_PLAN	false
GSM8151756	TATTCCAGTTTACTGG-1	NOT_IN_PREDECLARED_KEEP_PLAN	false
GSM8151756	TATTCCATCGACTCCT-1	NOT_IN_PREDECLARED_KEEP_PLAN	false
GSM8151756	TATTGCTGTACAGTTC-1	NOT_IN_PREDECLARED_KEEP_PLAN	false
GSM8151756	TATTGGGAGAAATGGG-1	NOT_IN_PREDECLARED_KEEP_PLAN	false
GSM8151756	TATTGGGAGAGGATGA-1	NOT_IN_PREDECLARED_KEEP_PLAN	false
GSM8151756	TATTGGGAGGTGAGAA-1	NOT_IN_PREDECLARED_KEEP_PLAN	false
GSM8151756	TATTGGGCAGACAATA-1	NOT_IN_PREDECLARED_KEEP_PLAN	false
GSM8151756	TATTTCGCACGAAGAC-1	NOT_IN_PREDECLARED_KEEP_PLAN	false
GSM8151756	TCAAGACGTACCACGC-1	NOT_IN_PREDECLARED_KEEP_PLAN	false
GSM8151756	TCAAGCAAGCTTCGTA-1	NOT_IN_PREDECLARED_KEEP_PLAN	false
GSM8151756	TCAAGTGAGACTTAAG-1	NOT_IN_PREDECLARED_KEEP_PLAN	false
GSM8151756	TCAAGTGAGCCGTAAG-1	NOT_IN_PREDECLARED_KEEP_PLAN	false
GSM8151756	TCAATCTCACAGAGAC-1	NOT_IN_PREDECLARED_KEEP_PLAN	false
GSM8151756	TCAATCTGTATTCCGA-1	NOT_IN_PREDECLARED_KEEP_PLAN	false
GSM8151756	TCAATCTTCAACTGAC-1	NOT_IN_PREDECLARED_KEEP_PLAN	false
GSM8151756	TCAATTCAGACTGGGT-1	NOT_IN_PREDECLARED_KEEP_PLAN	false
GSM8151756	TCAATTCAGTTCCAGT-1	NOT_IN_PREDECLARED_KEEP_PLAN	false
GSM8151756	TCACAAGAGCGTCAAG-1	NOT_IN_PREDECLARED_KEEP_PLAN	false
GSM8151756	TCACAAGTCACGATAC-1	NOT_IN_PREDECLARED_KEEP_PLAN	false
GSM8151756	TCACAAGTCCACACAA-1	NOT_IN_PREDECLARED_KEEP_PLAN	false
GSM8151756	TCACACCAGTAAAGCT-1	NOT_IN_PREDECLARED_KEEP_PLAN	false
GSM8151756	TCACACCGTACCGGCT-1	NOT_IN_PREDECLARED_KEEP_PLAN	false
GSM8151756	TCACACCGTGTGACCC-1	NOT_IN_PREDECLARED_KEEP_PLAN	false
GSM8151756	TCACACCTCAACTACG-1	NOT_IN_PREDECLARED_KEEP_PLAN	false
GSM8151756	TCACGCTAGAGAAGGT-1	NOT_IN_PREDECLARED_KEEP_PLAN	false
GSM8151756	TCACGCTCATCACCAA-1	NOT_IN_PREDECLARED_KEEP_PLAN	false
GSM8151756	TCACGGGCATCAGCGC-1	NOT_IN_PREDECLARED_KEEP_PLAN	false
GSM8151756	TCACTATCAGCGTGCT-1	NOT_IN_PREDECLARED_KEEP_PLAN	false
GSM8151756	TCACTATGTAGGAAAG-1	NOT_IN_PREDECLARED_KEEP_PLAN	false
GSM8151756	TCACTCGTCGAACACT-1	NOT_IN_PREDECLARED_KEEP_PLAN	false
GSM8151756	TCAGCAACAACCGGAA-1	NOT_IN_PREDECLARED_KEEP_PLAN	false
GSM8151756	TCAGCAACAGAGGTTG-1	NOT_IN_PREDECLARED_KEEP_PLAN	false
GSM8151756	TCAGCAAGTCTCTCAC-1	NOT_IN_PREDECLARED_KEEP_PLAN	false
GSM8151756	TCAGCAAGTGAATGAT-1	NOT_IN_PREDECLARED_KEEP_PLAN	false
GSM8151756	TCAGCAAGTGGATCGA-1	NOT_IN_PREDECLARED_KEEP_PLAN	false
GSM8151756	TCAGCCTCACCGGTCA-1	NOT_IN_PREDECLARED_KEEP_PLAN	false
GSM8151756	TCAGGGCCAGGCTACC-1	NOT_IN_PREDECLARED_KEEP_PLAN	false
GSM8151756	TCAGGGCCAGGGAATC-1	NOT_IN_PREDECLARED_KEEP_PLAN	false
GSM8151756	TCAGGGCTCGTAACTG-1	NOT_IN_PREDECLARED_KEEP_PLAN	false
GSM8151756	TCAGGTAGTCCCGTGA-1	NOT_IN_PREDECLARED_KEEP_PLAN	false
GSM8151756	TCAGTCCAGCTCGACC-1	NOT_IN_PREDECLARED_KEEP_PLAN	false
GSM8151756	TCAGTTTCAGGGTTGA-1	NOT_IN_PREDECLARED_KEEP_PLAN	false
GSM8151756	TCAGTTTCATAGCACT-1	NOT_IN_PREDECLARED_KEEP_PLAN	false
GSM8151756	TCAGTTTCATTGAAAG-1	NOT_IN_PREDECLARED_KEEP_PLAN	false
GSM8151756	TCATACTCAAACGGCA-1	NOT_IN_PREDECLARED_KEEP_PLAN	false
GSM8151756	TCATACTCAACACAGG-1	NOT_IN_PREDECLARED_KEEP_PLAN	false
GSM8151756	TCATATCAGCTGACTT-1	NOT_IN_PREDECLARED_KEEP_PLAN	false
GSM8151756	TCATATCAGTGCTCGC-1	NOT_IN_PREDECLARED_KEEP_PLAN	false
GSM8151756	TCATCCGAGTTCGCAT-1	NOT_IN_PREDECLARED_KEEP_PLAN	false
GSM8151756	TCATCCGGTACCCGAC-1	NOT_IN_PREDECLARED_KEEP_PLAN	false
GSM8151756	TCATCCGTCCTCTAGC-1	NOT_IN_PREDECLARED_KEEP_PLAN	false
GSM8151756	TCATCCGTCGTAGTGT-1	NOT_IN_PREDECLARED_KEEP_PLAN	false
GSM8151756	TCATGGAAGCACTCGC-1	NOT_IN_PREDECLARED_KEEP_PLAN	false
GSM8151756	TCATGGAGTGGCTACC-1	NOT_IN_PREDECLARED_KEEP_PLAN	false
GSM8151756	TCATGTTAGTATGGAT-1	NOT_IN_PREDECLARED_KEEP_PLAN	false
GSM8151756	TCATGTTGTCTACATG-1	NOT_IN_PREDECLARED_KEEP_PLAN	false
GSM8151756	TCATTACCAATGAACA-1	NOT_IN_PREDECLARED_KEEP_PLAN	false
GSM8151756	TCATTCAGTCCTACGG-1	NOT_IN_PREDECLARED_KEEP_PLAN	false
GSM8151756	TCATTCATCTGAGGCC-1	NOT_IN_PREDECLARED_KEEP_PLAN	false
GSM8151756	TCATTGTAGCAGCGAT-1	NOT_IN_PREDECLARED_KEEP_PLAN	false
GSM8151756	TCATTGTCAAGAATAC-1	NOT_IN_PREDECLARED_KEEP_PLAN	false
GSM8151756	TCATTGTCATTGCTGA-1	NOT_IN_PREDECLARED_KEEP_PLAN	false
GSM8151756	TCATTGTGTACCTATG-1	NOT_IN_PREDECLARED_KEEP_PLAN	false
GSM8151756	TCATTGTGTATGGGAC-1	NOT_IN_PREDECLARED_KEEP_PLAN	false
GSM8151756	TCATTTGAGAATAGTC-1	NOT_IN_PREDECLARED_KEEP_PLAN	false
GSM8151756	TCATTTGAGCATCAAA-1	NOT_IN_PREDECLARED_KEEP_PLAN	false
GSM8151756	TCATTTGAGGTTGGAC-1	NOT_IN_PREDECLARED_KEEP_PLAN	false
GSM8151756	TCATTTGCAATACGCT-1	NOT_IN_PREDECLARED_KEEP_PLAN	false
GSM8151756	TCATTTGGTCGTGATT-1	NOT_IN_PREDECLARED_KEEP_PLAN	false
GSM8151756	TCATTTGTCGGCTGAC-1	NOT_IN_PREDECLARED_KEEP_PLAN	false
GSM8151756	TCCACCAAGACTCTAC-1	NOT_IN_PREDECLARED_KEEP_PLAN	false
GSM8151756	TCCACCAAGTCCCTAA-1	NOT_IN_PREDECLARED_KEEP_PLAN	false
GSM8151756	TCCACGTCAGAGTTCT-1	NOT_IN_PREDECLARED_KEEP_PLAN	false
GSM8151756	TCCACGTCATGGAATA-1	NOT_IN_PREDECLARED_KEEP_PLAN	false
GSM8151756	TCCACGTGTTATAGCC-1	NOT_IN_PREDECLARED_KEEP_PLAN	false
GSM8151756	TCCAGAAAGTTCATCG-1	NOT_IN_PREDECLARED_KEEP_PLAN	false
GSM8151756	TCCAGAAGTGCGCTCA-1	NOT_IN_PREDECLARED_KEEP_PLAN	false
GSM8151756	TCCAGAATCATCAGTG-1	NOT_IN_PREDECLARED_KEEP_PLAN	false
GSM8151756	TCCAGAATCATTCGGA-1	NOT_IN_PREDECLARED_KEEP_PLAN	false
GSM8151756	TCCATCGTCCTACCAC-1	NOT_IN_PREDECLARED_KEEP_PLAN	false
GSM8151756	TCCATGCAGACCAGAC-1	NOT_IN_PREDECLARED_KEEP_PLAN	false
GSM8151756	TCCATGCCATTCCTCG-1	NOT_IN_PREDECLARED_KEEP_PLAN	false
GSM8151756	TCCATGCGTACTAACC-1	NOT_IN_PREDECLARED_KEEP_PLAN	false
GSM8151756	TCCATGCGTATCAAGA-1	NOT_IN_PREDECLARED_KEEP_PLAN	false
GSM8151756	TCCCACAAGACCCGCT-1	NOT_IN_PREDECLARED_KEEP_PLAN	false
GSM8151756	TCCCACAAGAGCATCG-1	NOT_IN_PREDECLARED_KEEP_PLAN	false
GSM8151756	TCCCACAAGAGGACTC-1	NOT_IN_PREDECLARED_KEEP_PLAN	false
GSM8151756	TCCCACATCTATCGTT-1	NOT_IN_PREDECLARED_KEEP_PLAN	false
GSM8151756	TCCCAGTCATCTCATT-1	NOT_IN_PREDECLARED_KEEP_PLAN	false
GSM8151756	TCCCAGTGTGTCATCA-1	NOT_IN_PREDECLARED_KEEP_PLAN	false
GSM8151756	TCCCAGTGTTCGGCTG-1	NOT_IN_PREDECLARED_KEEP_PLAN	false
GSM8151756	TCCCAGTTCTTCCCAG-1	NOT_IN_PREDECLARED_KEEP_PLAN	false
GSM8151756	TCCCATGCAACGTATC-1	NOT_IN_PREDECLARED_KEEP_PLAN	false
GSM8151756	TCCCATGTCCGTGCGA-1	NOT_IN_PREDECLARED_KEEP_PLAN	false
GSM8151756	TCCGAAAAGAATTTGG-1	NOT_IN_PREDECLARED_KEEP_PLAN	false
GSM8151756	TCCGAAAAGTGCACTT-1	NOT_IN_PREDECLARED_KEEP_PLAN	false
GSM8151756	TCCGAAAGTATCGCAT-1	NOT_IN_PREDECLARED_KEEP_PLAN	false
GSM8151756	TCCGATCAGATCACCT-1	NOT_IN_PREDECLARED_KEEP_PLAN	false
GSM8151756	TCCGATCAGTCGAATA-1	NOT_IN_PREDECLARED_KEEP_PLAN	false
GSM8151756	TCCGATCGTTTGGAAA-1	NOT_IN_PREDECLARED_KEEP_PLAN	false
GSM8151756	TCCGGGACATTCACCC-1	NOT_IN_PREDECLARED_KEEP_PLAN	false
GSM8151756	TCCGGGAGTGTGAATA-1	NOT_IN_PREDECLARED_KEEP_PLAN	false
GSM8151756	TCCGTGTCATGCACTA-1	NOT_IN_PREDECLARED_KEEP_PLAN	false
GSM8151756	TCCTAATTCCACCTGT-1	NOT_IN_PREDECLARED_KEEP_PLAN	false
GSM8151756	TCCTAATTCGAAGAAT-1	NOT_IN_PREDECLARED_KEEP_PLAN	false
GSM8151756	TCCTCCCCAAACCATC-1	NOT_IN_PREDECLARED_KEEP_PLAN	false
GSM8151756	TCCTCGAAGGTTGGAC-1	NOT_IN_PREDECLARED_KEEP_PLAN	false
GSM8151756	TCCTCTTAGCTCTTCC-1	NOT_IN_PREDECLARED_KEEP_PLAN	false
GSM8151756	TCCTCTTCAAGAGTGC-1	NOT_IN_PREDECLARED_KEEP_PLAN	false
GSM8151756	TCCTCTTCATTCCTCG-1	NOT_IN_PREDECLARED_KEEP_PLAN	false
GSM8151756	TCCTCTTGTAGGAGGG-1	NOT_IN_PREDECLARED_KEEP_PLAN	false
GSM8151756	TCCTCTTTCGCGTGCA-1	NOT_IN_PREDECLARED_KEEP_PLAN	false
GSM8151756	TCCTGCAAGCAACAGC-1	NOT_IN_PREDECLARED_KEEP_PLAN	false
GSM8151756	TCCTGCATCTATCGCC-1	NOT_IN_PREDECLARED_KEEP_PLAN	false
GSM8151756	TCCTTCTTCTTAGTTC-1	NOT_IN_PREDECLARED_KEEP_PLAN	false
GSM8151756	TCCTTCTTCTTTCCAA-1	NOT_IN_PREDECLARED_KEEP_PLAN	false
GSM8151756	TCCTTTCGTATTGGCT-1	NOT_IN_PREDECLARED_KEEP_PLAN	false
GSM8151756	TCGAACAAGGGATCAC-1	NOT_IN_PREDECLARED_KEEP_PLAN	false
GSM8151756	TCGAACAGTCGTAATC-1	NOT_IN_PREDECLARED_KEEP_PLAN	false
GSM8151756	TCGAACATCCACAGCG-1	NOT_IN_PREDECLARED_KEEP_PLAN	false
GSM8151756	TCGACCTAGCGACTTT-1	NOT_IN_PREDECLARED_KEEP_PLAN	false
GSM8151756	TCGACCTCAGTTGAAA-1	NOT_IN_PREDECLARED_KEEP_PLAN	false
GSM8151756	TCGACGGAGCGTTGTT-1	NOT_IN_PREDECLARED_KEEP_PLAN	false
GSM8151756	TCGACGGAGGCTGGAT-1	NOT_IN_PREDECLARED_KEEP_PLAN	false
GSM8151756	TCGATTTAGACTGAGC-1	NOT_IN_PREDECLARED_KEEP_PLAN	false
GSM8151756	TCGATTTAGATAACGT-1	NOT_IN_PREDECLARED_KEEP_PLAN	false
GSM8151756	TCGATTTGTACAAACA-1	NOT_IN_PREDECLARED_KEEP_PLAN	false
GSM8151756	TCGCACTAGAAGCTGC-1	NOT_IN_PREDECLARED_KEEP_PLAN	false
GSM8151756	TCGCACTAGGTTAAAC-1	NOT_IN_PREDECLARED_KEEP_PLAN	false
GSM8151756	TCGCACTGTGTCTCCT-1	NOT_IN_PREDECLARED_KEEP_PLAN	false
GSM8151756	TCGCACTTCCAATGCA-1	NOT_IN_PREDECLARED_KEEP_PLAN	false
GSM8151756	TCGCAGGAGAACAAGG-1	NOT_IN_PREDECLARED_KEEP_PLAN	false
GSM8151756	TCGCAGGCACGTATAC-1	NOT_IN_PREDECLARED_KEEP_PLAN	false
GSM8151756	TCGCTCAAGCTCCACG-1	NOT_IN_PREDECLARED_KEEP_PLAN	false
GSM8151756	TCGCTTGTCTCGAGTA-1	NOT_IN_PREDECLARED_KEEP_PLAN	false
GSM8151756	TCGGATAAGCGGTAAC-1	NOT_IN_PREDECLARED_KEEP_PLAN	false
GSM8151756	TCGGATATCCGCAGTG-1	NOT_IN_PREDECLARED_KEEP_PLAN	false
GSM8151756	TCGGGACGTAGCCCTG-1	NOT_IN_PREDECLARED_KEEP_PLAN	false
GSM8151756	TCGGGACGTCATGACT-1	NOT_IN_PREDECLARED_KEEP_PLAN	false
GSM8151756	TCGGGCAAGACCAAAT-1	NOT_IN_PREDECLARED_KEEP_PLAN	false
GSM8151756	TCGGGCACAGGAATCG-1	NOT_IN_PREDECLARED_KEEP_PLAN	false
GSM8151756	TCGGGTGAGGGCTGAT-1	NOT_IN_PREDECLARED_KEEP_PLAN	false
GSM8151756	TCGGGTGAGTGGCAGT-1	NOT_IN_PREDECLARED_KEEP_PLAN	false
GSM8151756	TCGGGTGCACCCTAAA-1	NOT_IN_PREDECLARED_KEEP_PLAN	false
GSM8151756	TCGGGTGGTCAGGAGT-1	NOT_IN_PREDECLARED_KEEP_PLAN	false
GSM8151756	TCGGGTGGTGCGTTTA-1	NOT_IN_PREDECLARED_KEEP_PLAN	false
GSM8151756	TCGTAGAAGCACTAGG-1	NOT_IN_PREDECLARED_KEEP_PLAN	false
GSM8151756	TCGTAGACATGTGGTT-1	NOT_IN_PREDECLARED_KEEP_PLAN	false
GSM8151756	TCGTCCAAGTATGTAG-1	NOT_IN_PREDECLARED_KEEP_PLAN	false
GSM8151756	TCGTCCAAGTTTGGCT-1	NOT_IN_PREDECLARED_KEEP_PLAN	false
GSM8151756	TCGTCCAGTGTTAGCT-1	NOT_IN_PREDECLARED_KEEP_PLAN	false
GSM8151756	TCGTCCAGTGTTCAGT-1	NOT_IN_PREDECLARED_KEEP_PLAN	false
GSM8151756	TCGTGCTAGACTGGGT-1	NOT_IN_PREDECLARED_KEEP_PLAN	false
GSM8151756	TCGTGCTGTTAGCGGA-1	NOT_IN_PREDECLARED_KEEP_PLAN	false
GSM8151756	TCGTGCTTCGTGGGAA-1	NOT_IN_PREDECLARED_KEEP_PLAN	false
GSM8151756	TCGTGCTTCTTTCAGT-1	NOT_IN_PREDECLARED_KEEP_PLAN	false
GSM8151756	TCTAACTCAACCGACC-1	NOT_IN_PREDECLARED_KEEP_PLAN	false
GSM8151756	TCTAACTTCGATTCCC-1	NOT_IN_PREDECLARED_KEEP_PLAN	false
GSM8151756	TCTACATTCTGGGCCA-1	NOT_IN_PREDECLARED_KEEP_PLAN	false
GSM8151756	TCTACCGAGCTAGATA-1	NOT_IN_PREDECLARED_KEEP_PLAN	false
GSM8151756	TCTACCGCATCCGTGG-1	NOT_IN_PREDECLARED_KEEP_PLAN	false
GSM8151756	TCTACCGGTGAATTAG-1	NOT_IN_PREDECLARED_KEEP_PLAN	false
GSM8151756	TCTACCGTCTGTTGGA-1	NOT_IN_PREDECLARED_KEEP_PLAN	false
GSM8151756	TCTATACGTGCGGCTT-1	NOT_IN_PREDECLARED_KEEP_PLAN	false
GSM8151756	TCTATACTCATGAGTC-1	NOT_IN_PREDECLARED_KEEP_PLAN	false
GSM8151756	TCTATCAGTGTCCATA-1	NOT_IN_PREDECLARED_KEEP_PLAN	false
GSM8151756	TCTATCATCTACCTTA-1	NOT_IN_PREDECLARED_KEEP_PLAN	false
GSM8151756	TCTCAGCAGTGCTACT-1	NOT_IN_PREDECLARED_KEEP_PLAN	false
GSM8151756	TCTCCGACAACACAAA-1	NOT_IN_PREDECLARED_KEEP_PLAN	false
GSM8151756	TCTCCGAGTAGCTTGT-1	NOT_IN_PREDECLARED_KEEP_PLAN	false
GSM8151756	TCTCCGAGTCTACTGA-1	NOT_IN_PREDECLARED_KEEP_PLAN	false
GSM8151756	TCTCCGAGTTGTAAAG-1	NOT_IN_PREDECLARED_KEEP_PLAN	false
GSM8151756	TCTGGCTTCTCCGAAA-1	NOT_IN_PREDECLARED_KEEP_PLAN	false
GSM8151756	TCTGTCGAGAGGTCGT-1	NOT_IN_PREDECLARED_KEEP_PLAN	false
GSM8151756	TCTGTCGTCCTCCACA-1	NOT_IN_PREDECLARED_KEEP_PLAN	false
GSM8151756	TCTTAGTAGAGCAGAA-1	NOT_IN_PREDECLARED_KEEP_PLAN	false
GSM8151756	TCTTAGTGTCCTACAA-1	NOT_IN_PREDECLARED_KEEP_PLAN	false
GSM8151756	TCTTCCTAGCTGAGCA-1	NOT_IN_PREDECLARED_KEEP_PLAN	false
GSM8151756	TCTTCCTCACAGAGCA-1	NOT_IN_PREDECLARED_KEEP_PLAN	false
GSM8151756	TCTTCCTGTCACAGTT-1	NOT_IN_PREDECLARED_KEEP_PLAN	false
GSM8151756	TCTTCCTTCACGACTA-1	NOT_IN_PREDECLARED_KEEP_PLAN	false
GSM8151756	TCTTGCGCAAACTCTG-1	NOT_IN_PREDECLARED_KEEP_PLAN	false
GSM8151756	TCTTGCGTCCCAATAG-1	NOT_IN_PREDECLARED_KEEP_PLAN	false
GSM8151756	TCTTTGACAGATAAAC-1	NOT_IN_PREDECLARED_KEEP_PLAN	false
GSM8151756	TCTTTGACATCCGAAT-1	NOT_IN_PREDECLARED_KEEP_PLAN	false
GSM8151756	TCTTTGAGTGATGGCA-1	NOT_IN_PREDECLARED_KEEP_PLAN	false
GSM8151756	TGAACGTAGGTAAGAG-1	NOT_IN_PREDECLARED_KEEP_PLAN	false
GSM8151756	TGAATCGAGATCCAAA-1	NOT_IN_PREDECLARED_KEEP_PLAN	false
GSM8151756	TGAATCGAGCTTTCCC-1	NOT_IN_PREDECLARED_KEEP_PLAN	false
GSM8151756	TGAATCGGTATGTCTG-1	NOT_IN_PREDECLARED_KEEP_PLAN	false
GSM8151756	TGAATGCCAACTTCTT-1	NOT_IN_PREDECLARED_KEEP_PLAN	false
GSM8151756	TGAATGCGTATCGGTT-1	NOT_IN_PREDECLARED_KEEP_PLAN	false
GSM8151756	TGAATGCGTGAGACCA-1	NOT_IN_PREDECLARED_KEEP_PLAN	false
GSM8151756	TGAATGCGTTGTCATG-1	NOT_IN_PREDECLARED_KEEP_PLAN	false
GSM8151756	TGACAGTAGATAACAC-1	NOT_IN_PREDECLARED_KEEP_PLAN	false
GSM8151756	TGACAGTTCTATCACT-1	NOT_IN_PREDECLARED_KEEP_PLAN	false
GSM8151756	TGACAGTTCTTCTCAA-1	NOT_IN_PREDECLARED_KEEP_PLAN	false
GSM8151756	TGACCCTAGCATGATA-1	NOT_IN_PREDECLARED_KEEP_PLAN	false
GSM8151756	TGACCCTGTGGGACAT-1	NOT_IN_PREDECLARED_KEEP_PLAN	false
GSM8151756	TGACTCCCACGTTCGG-1	NOT_IN_PREDECLARED_KEEP_PLAN	false
GSM8151756	TGACTCCGTCTTCGAA-1	NOT_IN_PREDECLARED_KEEP_PLAN	false
GSM8151756	TGACTCCTCTACTATC-1	NOT_IN_PREDECLARED_KEEP_PLAN	false
GSM8151756	TGACTCCTCTCCGTGT-1	NOT_IN_PREDECLARED_KEEP_PLAN	false
GSM8151756	TGAGACTAGCCTGAGA-1	NOT_IN_PREDECLARED_KEEP_PLAN	false
GSM8151756	TGAGACTAGGCGCTCT-1	NOT_IN_PREDECLARED_KEEP_PLAN	false
GSM8151756	TGAGACTCACCATAAC-1	NOT_IN_PREDECLARED_KEEP_PLAN	false
GSM8151756	TGAGACTTCGTTCCCA-1	NOT_IN_PREDECLARED_KEEP_PLAN	false
GSM8151756	TGAGCATCACCTCAGG-1	NOT_IN_PREDECLARED_KEEP_PLAN	false
GSM8151756	TGAGCATGTTCGGCTG-1	NOT_IN_PREDECLARED_KEEP_PLAN	false
GSM8151756	TGAGCGCAGCCTCATA-1	NOT_IN_PREDECLARED_KEEP_PLAN	false
GSM8151756	TGAGGAGAGTACAGCG-1	NOT_IN_PREDECLARED_KEEP_PLAN	false
GSM8151756	TGAGGAGAGTGCAACG-1	NOT_IN_PREDECLARED_KEEP_PLAN	false
GSM8151756	TGAGGAGGTTCCTAAG-1	NOT_IN_PREDECLARED_KEEP_PLAN	false
GSM8151756	TGAGGAGTCGCTATTT-1	NOT_IN_PREDECLARED_KEEP_PLAN	false
GSM8151756	TGAGGGACAAGGCTTT-1	NOT_IN_PREDECLARED_KEEP_PLAN	false
GSM8151756	TGAGGGATCCTACAAG-1	NOT_IN_PREDECLARED_KEEP_PLAN	false
GSM8151756	TGAGGTTTCACTGATG-1	NOT_IN_PREDECLARED_KEEP_PLAN	false
GSM8151756	TGAGGTTTCCGAACGC-1	NOT_IN_PREDECLARED_KEEP_PLAN	false
GSM8151756	TGAGTCAGTCACCGAC-1	NOT_IN_PREDECLARED_KEEP_PLAN	false
GSM8151756	TGATCAGGTGGTCCCA-1	NOT_IN_PREDECLARED_KEEP_PLAN	false
GSM8151756	TGATCTTGTATTCCGA-1	NOT_IN_PREDECLARED_KEEP_PLAN	false
GSM8151756	TGATCTTGTCACCGCA-1	NOT_IN_PREDECLARED_KEEP_PLAN	false
GSM8151756	TGATCTTTCATTCATC-1	NOT_IN_PREDECLARED_KEEP_PLAN	false
GSM8151756	TGATGCAAGCCAAGCA-1	NOT_IN_PREDECLARED_KEEP_PLAN	false
GSM8151756	TGATGCACAAGAGAGA-1	NOT_IN_PREDECLARED_KEEP_PLAN	false
GSM8151756	TGATGCATCGACCTAA-1	NOT_IN_PREDECLARED_KEEP_PLAN	false
GSM8151756	TGATTCTAGTTCGCAT-1	NOT_IN_PREDECLARED_KEEP_PLAN	false
GSM8151756	TGATTTCAGGTAGGCT-1	NOT_IN_PREDECLARED_KEEP_PLAN	false
GSM8151756	TGATTTCAGGTCGTAG-1	NOT_IN_PREDECLARED_KEEP_PLAN	false
GSM8151756	TGATTTCAGTAGGCCA-1	NOT_IN_PREDECLARED_KEEP_PLAN	false
GSM8151756	TGATTTCCAATAGTGA-1	NOT_IN_PREDECLARED_KEEP_PLAN	false
GSM8151756	TGATTTCCACCATAAC-1	NOT_IN_PREDECLARED_KEEP_PLAN	false
GSM8151756	TGATTTCGTGCAATAA-1	NOT_IN_PREDECLARED_KEEP_PLAN	false
GSM8151756	TGCACGGAGTATAACG-1	NOT_IN_PREDECLARED_KEEP_PLAN	false
GSM8151756	TGCACGGCAAATTAGG-1	NOT_IN_PREDECLARED_KEEP_PLAN	false
GSM8151756	TGCAGATAGAACCGCA-1	NOT_IN_PREDECLARED_KEEP_PLAN	false
GSM8151756	TGCAGATCAAAGACGC-1	NOT_IN_PREDECLARED_KEEP_PLAN	false
GSM8151756	TGCAGATCACACCTGG-1	NOT_IN_PREDECLARED_KEEP_PLAN	false
GSM8151756	TGCAGATGTTAGGCTT-1	NOT_IN_PREDECLARED_KEEP_PLAN	false
GSM8151756	TGCAGATTCGCCTATC-1	NOT_IN_PREDECLARED_KEEP_PLAN	false
GSM8151756	TGCAGGCAGAATTTGG-1	NOT_IN_PREDECLARED_KEEP_PLAN	false
GSM8151756	TGCAGGCCATCTATCT-1	NOT_IN_PREDECLARED_KEEP_PLAN	false
GSM8151756	TGCAGTAAGACATAAC-1	NOT_IN_PREDECLARED_KEEP_PLAN	false
GSM8151756	TGCAGTAAGGACAGCT-1	NOT_IN_PREDECLARED_KEEP_PLAN	false
GSM8151756	TGCAGTACATTAGGCT-1	NOT_IN_PREDECLARED_KEEP_PLAN	false
GSM8151756	TGCAGTAGTCCAAGAG-1	NOT_IN_PREDECLARED_KEEP_PLAN	false
GSM8151756	TGCAGTAGTTCTAACG-1	NOT_IN_PREDECLARED_KEEP_PLAN	false
GSM8151756	TGCAGTATCATGCTAG-1	NOT_IN_PREDECLARED_KEEP_PLAN	false
GSM8151756	TGCATCCTCTACAGGT-1	NOT_IN_PREDECLARED_KEEP_PLAN	false
GSM8151756	TGCATGAAGCTCACTA-1	NOT_IN_PREDECLARED_KEEP_PLAN	false
GSM8151756	TGCCGAGTCTGCATAG-1	NOT_IN_PREDECLARED_KEEP_PLAN	false
GSM8151756	TGCGACGAGGCGAAGG-1	NOT_IN_PREDECLARED_KEEP_PLAN	false
GSM8151756	TGCGACGCAAGTGGTG-1	NOT_IN_PREDECLARED_KEEP_PLAN	false
GSM8151756	TGCGACGGTAGCGCCT-1	NOT_IN_PREDECLARED_KEEP_PLAN	false
GSM8151756	TGCGATAGTGGCTTAT-1	NOT_IN_PREDECLARED_KEEP_PLAN	false
GSM8151756	TGCGGCACACGACCTG-1	NOT_IN_PREDECLARED_KEEP_PLAN	false
GSM8151756	TGCGGCATCACATCAG-1	NOT_IN_PREDECLARED_KEEP_PLAN	false
GSM8151756	TGCGGCATCTACCTTA-1	NOT_IN_PREDECLARED_KEEP_PLAN	false
GSM8151756	TGCGGGTAGATGACCG-1	NOT_IN_PREDECLARED_KEEP_PLAN	false
GSM8151756	TGCGGGTAGGGACACT-1	NOT_IN_PREDECLARED_KEEP_PLAN	false
GSM8151756	TGCGGGTCAAAGAGTT-1	NOT_IN_PREDECLARED_KEEP_PLAN	false
GSM8151756	TGCTCCACAGTTAGAA-1	NOT_IN_PREDECLARED_KEEP_PLAN	false
GSM8151756	TGCTGAAAGCCGATTT-1	NOT_IN_PREDECLARED_KEEP_PLAN	false
GSM8151756	TGCTGAACATGCCGCA-1	NOT_IN_PREDECLARED_KEEP_PLAN	false
GSM8151756	TGCTTCGCACATAACC-1	NOT_IN_PREDECLARED_KEEP_PLAN	false
GSM8151756	TGCTTCGGTTCTATCT-1	NOT_IN_PREDECLARED_KEEP_PLAN	false
GSM8151756	TGCTTGCCATCCTATT-1	NOT_IN_PREDECLARED_KEEP_PLAN	false
GSM8151756	TGCTTGCTCAATCTTC-1	NOT_IN_PREDECLARED_KEEP_PLAN	false
GSM8151756	TGCTTGCTCTAGGCAT-1	NOT_IN_PREDECLARED_KEEP_PLAN	false
GSM8151756	TGCTTGCTCTCATTAC-1	NOT_IN_PREDECLARED_KEEP_PLAN	false
GSM8151756	TGCTTGCTCTCGGTCT-1	NOT_IN_PREDECLARED_KEEP_PLAN	false
GSM8151756	TGGAACTAGGTTCAGG-1	NOT_IN_PREDECLARED_KEEP_PLAN	false
GSM8151756	TGGAACTGTGTACAGG-1	NOT_IN_PREDECLARED_KEEP_PLAN	false
GSM8151756	TGGAACTTCTACGCAA-1	NOT_IN_PREDECLARED_KEEP_PLAN	false
GSM8151756	TGGAGGAAGCGTGCCT-1	NOT_IN_PREDECLARED_KEEP_PLAN	false
GSM8151756	TGGAGGAAGCTATCTG-1	NOT_IN_PREDECLARED_KEEP_PLAN	false
GSM8151756	TGGATCAAGGTCACAG-1	NOT_IN_PREDECLARED_KEEP_PLAN	false
GSM8151756	TGGATCACATAGTCGT-1	NOT_IN_PREDECLARED_KEEP_PLAN	false
GSM8151756	TGGATCAGTCCTGGTG-1	NOT_IN_PREDECLARED_KEEP_PLAN	false
GSM8151756	TGGATCAGTCGCCACA-1	NOT_IN_PREDECLARED_KEEP_PLAN	false
GSM8151756	TGGATGTCAAGCGGAT-1	NOT_IN_PREDECLARED_KEEP_PLAN	false
GSM8151756	TGGATGTGTGCTGCAC-1	NOT_IN_PREDECLARED_KEEP_PLAN	false
GSM8151756	TGGCGTGAGCCAGACA-1	NOT_IN_PREDECLARED_KEEP_PLAN	false
GSM8151756	TGGCGTGAGCCTATTG-1	NOT_IN_PREDECLARED_KEEP_PLAN	false
GSM8151756	TGGCGTGAGGACTGGT-1	NOT_IN_PREDECLARED_KEEP_PLAN	false
GSM8151756	TGGCGTGAGGATTCAA-1	NOT_IN_PREDECLARED_KEEP_PLAN	false
GSM8151756	TGGCGTGTCTTAAGGC-1	NOT_IN_PREDECLARED_KEEP_PLAN	false
GSM8151756	TGGGAAGAGCTAGAGC-1	NOT_IN_PREDECLARED_KEEP_PLAN	false
GSM8151756	TGGGAAGTCTATCGTT-1	NOT_IN_PREDECLARED_KEEP_PLAN	false
GSM8151756	TGGGATTAGCGTTAGG-1	NOT_IN_PREDECLARED_KEEP_PLAN	false
GSM8151756	TGGGCGTAGCGTATAA-1	NOT_IN_PREDECLARED_KEEP_PLAN	false
GSM8151756	TGGGCTGAGCTTTCCC-1	NOT_IN_PREDECLARED_KEEP_PLAN	false
GSM8151756	TGGGCTGTCCAAGAGG-1	NOT_IN_PREDECLARED_KEEP_PLAN	false
GSM8151756	TGGGTTAAGGTAGTCG-1	NOT_IN_PREDECLARED_KEEP_PLAN	false
GSM8151756	TGGGTTACAGCGGTTC-1	NOT_IN_PREDECLARED_KEEP_PLAN	false
GSM8151756	TGGTACAAGCCGCACT-1	NOT_IN_PREDECLARED_KEEP_PLAN	false
GSM8151756	TGGTAGTGTCGGCCTA-1	NOT_IN_PREDECLARED_KEEP_PLAN	false
GSM8151756	TGGTAGTTCTAACGGT-1	NOT_IN_PREDECLARED_KEEP_PLAN	false
GSM8151756	TGGTTAGCATTGTCGA-1	NOT_IN_PREDECLARED_KEEP_PLAN	false
GSM8151756	TGGTTAGGTTCTCTAT-1	NOT_IN_PREDECLARED_KEEP_PLAN	false
GSM8151756	TGGTTAGGTTTGTTGG-1	NOT_IN_PREDECLARED_KEEP_PLAN	false
GSM8151756	TGTAACGTCACTGTTT-1	NOT_IN_PREDECLARED_KEEP_PLAN	false
GSM8151756	TGTAACGTCTTCCGTG-1	NOT_IN_PREDECLARED_KEEP_PLAN	false
GSM8151756	TGTAAGCAGGTCGACA-1	NOT_IN_PREDECLARED_KEEP_PLAN	false
GSM8151756	TGTACAGAGAGAATCT-1	NOT_IN_PREDECLARED_KEEP_PLAN	false
GSM8151756	TGTACAGTCTCCGATC-1	NOT_IN_PREDECLARED_KEEP_PLAN	false
GSM8151756	TGTAGACAGGTCGACA-1	NOT_IN_PREDECLARED_KEEP_PLAN	false
GSM8151756	TGTCAGAGTCGCCACA-1	NOT_IN_PREDECLARED_KEEP_PLAN	false
GSM8151756	TGTCCCAAGAGATTCA-1	NOT_IN_PREDECLARED_KEEP_PLAN	false
GSM8151756	TGTCCCAAGGTTAAAC-1	NOT_IN_PREDECLARED_KEEP_PLAN	false
GSM8151756	TGTCCCAGTTGCAACT-1	NOT_IN_PREDECLARED_KEEP_PLAN	false
GSM8151756	TGTCCCATCCAAGCTA-1	NOT_IN_PREDECLARED_KEEP_PLAN	false
GSM8151756	TGTCCTGAGCTCGCAC-1	NOT_IN_PREDECLARED_KEEP_PLAN	false
GSM8151756	TGTGAGTAGTTCCAGT-1	NOT_IN_PREDECLARED_KEEP_PLAN	false
GSM8151756	TGTGAGTTCATCAGTG-1	NOT_IN_PREDECLARED_KEEP_PLAN	false
GSM8151756	TGTGCGGCACCAGCGT-1	NOT_IN_PREDECLARED_KEEP_PLAN	false
GSM8151756	TGTGGCGCACAGTCAT-1	NOT_IN_PREDECLARED_KEEP_PLAN	false
GSM8151756	TGTGGCGCACTACCCT-1	NOT_IN_PREDECLARED_KEEP_PLAN	false
GSM8151756	TGTGGCGGTCTGTGCG-1	NOT_IN_PREDECLARED_KEEP_PLAN	false
GSM8151756	TGTGTGAGTAATGCGG-1	NOT_IN_PREDECLARED_KEEP_PLAN	false
GSM8151756	TGTGTGAGTCTGATCA-1	NOT_IN_PREDECLARED_KEEP_PLAN	false
GSM8151756	TGTTCATAGCCTCCAG-1	NOT_IN_PREDECLARED_KEEP_PLAN	false
GSM8151756	TGTTCATTCCATAAGC-1	NOT_IN_PREDECLARED_KEEP_PLAN	false
GSM8151756	TGTTCCGCAGTAGAAT-1	NOT_IN_PREDECLARED_KEEP_PLAN	false
GSM8151756	TGTTCTACAAGTGACG-1	NOT_IN_PREDECLARED_KEEP_PLAN	false
GSM8151756	TGTTGAGAGCATCCCG-1	NOT_IN_PREDECLARED_KEEP_PLAN	false
GSM8151756	TGTTGAGGTGCCAAGA-1	NOT_IN_PREDECLARED_KEEP_PLAN	false
GSM8151756	TGTTGAGGTTCACGAT-1	NOT_IN_PREDECLARED_KEEP_PLAN	false
GSM8151756	TGTTGGACACAGCGCT-1	NOT_IN_PREDECLARED_KEEP_PLAN	false
GSM8151756	TGTTGGACACTCTGCT-1	NOT_IN_PREDECLARED_KEEP_PLAN	false
GSM8151756	TGTTGGAGTATGTCCA-1	NOT_IN_PREDECLARED_KEEP_PLAN	false
GSM8151756	TGTTGGAGTGGGTCAA-1	NOT_IN_PREDECLARED_KEEP_PLAN	false
GSM8151756	TGTTGGAGTTTGGAAA-1	NOT_IN_PREDECLARED_KEEP_PLAN	false
GSM8151756	TGTTTGTAGTGAGCCA-1	NOT_IN_PREDECLARED_KEEP_PLAN	false
GSM8151756	TGTTTGTCAAGCGCTC-1	NOT_IN_PREDECLARED_KEEP_PLAN	false
GSM8151756	TTAATCCAGCCAACCC-1	NOT_IN_PREDECLARED_KEEP_PLAN	false
GSM8151756	TTACAGGGTCGATTCA-1	NOT_IN_PREDECLARED_KEEP_PLAN	false
GSM8151756	TTACAGGGTTGTGCAT-1	NOT_IN_PREDECLARED_KEEP_PLAN	false
GSM8151756	TTACGCCAGATGCTAA-1	NOT_IN_PREDECLARED_KEEP_PLAN	false
GSM8151756	TTACGCCCAACATCGT-1	NOT_IN_PREDECLARED_KEEP_PLAN	false
GSM8151756	TTACGCCCAGGGATAC-1	NOT_IN_PREDECLARED_KEEP_PLAN	false
GSM8151756	TTACGTTCAAGCTGCC-1	NOT_IN_PREDECLARED_KEEP_PLAN	false
GSM8151756	TTACGTTTCCAACTGA-1	NOT_IN_PREDECLARED_KEEP_PLAN	false
GSM8151756	TTACTGTTCACGATCA-1	NOT_IN_PREDECLARED_KEEP_PLAN	false
GSM8151756	TTAGGCAAGTACAGAT-1	NOT_IN_PREDECLARED_KEEP_PLAN	false
GSM8151756	TTAGGCAGTGTGTCCG-1	NOT_IN_PREDECLARED_KEEP_PLAN	false
GSM8151756	TTAGGGTGTGGATGAC-1	NOT_IN_PREDECLARED_KEEP_PLAN	false
GSM8151756	TTAGGGTTCTATCGCC-1	NOT_IN_PREDECLARED_KEEP_PLAN	false
GSM8151756	TTAGTCTGTTTCGCTC-1	NOT_IN_PREDECLARED_KEEP_PLAN	false
GSM8151756	TTATTGCAGACGGAAA-1	NOT_IN_PREDECLARED_KEEP_PLAN	false
GSM8151756	TTATTGCAGACTCGAG-1	NOT_IN_PREDECLARED_KEEP_PLAN	false
GSM8151756	TTATTGCGTCGAGCTC-1	NOT_IN_PREDECLARED_KEEP_PLAN	false
GSM8151756	TTCAATCAGTAAGAGG-1	NOT_IN_PREDECLARED_KEEP_PLAN	false
GSM8151756	TTCAATCCATCCGCGA-1	NOT_IN_PREDECLARED_KEEP_PLAN	false
GSM8151756	TTCAATCCATCTCAAG-1	NOT_IN_PREDECLARED_KEEP_PLAN	false
GSM8151756	TTCAATCCATGGTACT-1	NOT_IN_PREDECLARED_KEEP_PLAN	false
GSM8151756	TTCAATCTCGCTTTAT-1	NOT_IN_PREDECLARED_KEEP_PLAN	false
GSM8151756	TTCACCGAGCCTCACG-1	NOT_IN_PREDECLARED_KEEP_PLAN	false
GSM8151756	TTCACCGGTGTCGCTG-1	NOT_IN_PREDECLARED_KEEP_PLAN	false
GSM8151756	TTCACCGTCCAACTAG-1	NOT_IN_PREDECLARED_KEEP_PLAN	false
GSM8151756	TTCACCGTCCCGAATA-1	NOT_IN_PREDECLARED_KEEP_PLAN	false
GSM8151756	TTCACGCAGCTCGTGC-1	NOT_IN_PREDECLARED_KEEP_PLAN	false
GSM8151756	TTCACGCAGGGCAATC-1	NOT_IN_PREDECLARED_KEEP_PLAN	false
GSM8151756	TTCACGCGTGTCATTG-1	NOT_IN_PREDECLARED_KEEP_PLAN	false
GSM8151756	TTCACGCGTTCCTAAG-1	NOT_IN_PREDECLARED_KEEP_PLAN	false
GSM8151756	TTCACGCTCCGAACGC-1	NOT_IN_PREDECLARED_KEEP_PLAN	false
GSM8151756	TTCAGGATCAAGAGTA-1	NOT_IN_PREDECLARED_KEEP_PLAN	false
GSM8151756	TTCATTGAGGAACTCG-1	NOT_IN_PREDECLARED_KEEP_PLAN	false
GSM8151756	TTCATTGGTAGCACAG-1	NOT_IN_PREDECLARED_KEEP_PLAN	false
GSM8151756	TTCATTGTCAGATTGC-1	NOT_IN_PREDECLARED_KEEP_PLAN	false
GSM8151756	TTCATTGTCGGCATAT-1	NOT_IN_PREDECLARED_KEEP_PLAN	false
GSM8151756	TTCCAATAGGTTCAGG-1	NOT_IN_PREDECLARED_KEEP_PLAN	false
GSM8151756	TTCCAATGTGCCCTTT-1	NOT_IN_PREDECLARED_KEEP_PLAN	false
GSM8151756	TTCCACGAGGGAGTTC-1	NOT_IN_PREDECLARED_KEEP_PLAN	false
GSM8151756	TTCCGGTAGCCGATCC-1	NOT_IN_PREDECLARED_KEEP_PLAN	false
GSM8151756	TTCCGGTCAAATCCCA-1	NOT_IN_PREDECLARED_KEEP_PLAN	false
GSM8151756	TTCCGGTCAGCGCTTG-1	NOT_IN_PREDECLARED_KEEP_PLAN	false
GSM8151756	TTCCGGTTCGATCCAA-1	NOT_IN_PREDECLARED_KEEP_PLAN	false
GSM8151756	TTCCGTGCATTCAGCA-1	NOT_IN_PREDECLARED_KEEP_PLAN	false
GSM8151756	TTCCGTGTCCATCACC-1	NOT_IN_PREDECLARED_KEEP_PLAN	false
GSM8151756	TTCCTAAAGAGTCTTC-1	NOT_IN_PREDECLARED_KEEP_PLAN	false
GSM8151756	TTCCTAAGTACTAACC-1	NOT_IN_PREDECLARED_KEEP_PLAN	false
GSM8151756	TTCCTAAGTTGCCTAA-1	NOT_IN_PREDECLARED_KEEP_PLAN	false
GSM8151756	TTCCTCTCACAACGAG-1	NOT_IN_PREDECLARED_KEEP_PLAN	false
GSM8151756	TTCCTTCGTATAGGAT-1	NOT_IN_PREDECLARED_KEEP_PLAN	false
GSM8151756	TTCGATTCAGTTTCGA-1	NOT_IN_PREDECLARED_KEEP_PLAN	false
GSM8151756	TTCGATTTCATAGACC-1	NOT_IN_PREDECLARED_KEEP_PLAN	false
GSM8151756	TTCGATTTCCACCTCA-1	NOT_IN_PREDECLARED_KEEP_PLAN	false
GSM8151756	TTCGCTGCAGCATTGT-1	NOT_IN_PREDECLARED_KEEP_PLAN	false
GSM8151756	TTCGCTGCATACTGTG-1	NOT_IN_PREDECLARED_KEEP_PLAN	false
GSM8151756	TTCGGTCAGAGTCAAT-1	NOT_IN_PREDECLARED_KEEP_PLAN	false
GSM8151756	TTCGGTCAGTAAGACT-1	NOT_IN_PREDECLARED_KEEP_PLAN	false
GSM8151756	TTCGGTCCACAGGATG-1	NOT_IN_PREDECLARED_KEEP_PLAN	false
GSM8151756	TTCGGTCGTCGTTGGC-1	NOT_IN_PREDECLARED_KEEP_PLAN	false
GSM8151756	TTCGGTCTCAACACGT-1	NOT_IN_PREDECLARED_KEEP_PLAN	false
GSM8151756	TTCTAACCACAAAGTA-1	NOT_IN_PREDECLARED_KEEP_PLAN	false
GSM8151756	TTCTAACGTCATAAAG-1	NOT_IN_PREDECLARED_KEEP_PLAN	false
GSM8151756	TTCTAACTCTACCTTA-1	NOT_IN_PREDECLARED_KEEP_PLAN	false
GSM8151756	TTCTAGTAGACTTAAG-1	NOT_IN_PREDECLARED_KEEP_PLAN	false
GSM8151756	TTCTCTCGTTGTGTAC-1	NOT_IN_PREDECLARED_KEEP_PLAN	false
GSM8151756	TTCTGTACATTGTGCA-1	NOT_IN_PREDECLARED_KEEP_PLAN	false
GSM8151756	TTCTGTATCATTGCTT-1	NOT_IN_PREDECLARED_KEEP_PLAN	false
GSM8151756	TTCTGTATCTTGGTGA-1	NOT_IN_PREDECLARED_KEEP_PLAN	false
GSM8151756	TTCTTCCCAATGGCCC-1	NOT_IN_PREDECLARED_KEEP_PLAN	false
GSM8151756	TTCTTCCCAATTGAAG-1	NOT_IN_PREDECLARED_KEEP_PLAN	false
GSM8151756	TTCTTCCCAGTTCCAA-1	NOT_IN_PREDECLARED_KEEP_PLAN	false
GSM8151756	TTCTTCCGTACGCTTA-1	NOT_IN_PREDECLARED_KEEP_PLAN	false
GSM8151756	TTCTTCCTCAAGTTGC-1	NOT_IN_PREDECLARED_KEEP_PLAN	false
GSM8151756	TTCTTCCTCCTATGGA-1	NOT_IN_PREDECLARED_KEEP_PLAN	false
GSM8151756	TTCTTGAAGAGTCCGA-1	NOT_IN_PREDECLARED_KEEP_PLAN	false
GSM8151756	TTGAACGGTATCATGC-1	NOT_IN_PREDECLARED_KEEP_PLAN	false
GSM8151756	TTGACCCAGTAATTGG-1	NOT_IN_PREDECLARED_KEEP_PLAN	false
GSM8151756	TTGAGTGGTTGCAACT-1	NOT_IN_PREDECLARED_KEEP_PLAN	false
GSM8151756	TTGATGGTCCATCCGT-1	NOT_IN_PREDECLARED_KEEP_PLAN	false
GSM8151756	TTGCATTTCGTTAGTG-1	NOT_IN_PREDECLARED_KEEP_PLAN	false
GSM8151756	TTGCCTGTCTGCTAGA-1	NOT_IN_PREDECLARED_KEEP_PLAN	false
GSM8151756	TTGCGTCCAATGGCAG-1	NOT_IN_PREDECLARED_KEEP_PLAN	false
GSM8151756	TTGCGTCCACAAGCTT-1	NOT_IN_PREDECLARED_KEEP_PLAN	false
GSM8151756	TTGCTGCGTTGGGATG-1	NOT_IN_PREDECLARED_KEEP_PLAN	false
GSM8151756	TTGGGATGTCACAGAG-1	NOT_IN_PREDECLARED_KEEP_PLAN	false
GSM8151756	TTGGGCGTCGAGCCTG-1	NOT_IN_PREDECLARED_KEEP_PLAN	false
GSM8151756	TTGGGCGTCGCTTTAT-1	NOT_IN_PREDECLARED_KEEP_PLAN	false
GSM8151756	TTGGGTAAGCTGTACT-1	NOT_IN_PREDECLARED_KEEP_PLAN	false
GSM8151756	TTGGGTAAGTTGTCAC-1	NOT_IN_PREDECLARED_KEEP_PLAN	false
GSM8151756	TTGGGTATCGGCACTG-1	NOT_IN_PREDECLARED_KEEP_PLAN	false
GSM8151756	TTGGTTTAGTTTAGGA-1	NOT_IN_PREDECLARED_KEEP_PLAN	false
GSM8151756	TTGGTTTCAAGACTGG-1	NOT_IN_PREDECLARED_KEEP_PLAN	false
GSM8151756	TTGGTTTCACGGAAGT-1	NOT_IN_PREDECLARED_KEEP_PLAN	false
GSM8151756	TTGTGGAGTTGACTGT-1	NOT_IN_PREDECLARED_KEEP_PLAN	false
GSM8151756	TTGTGGATCCTTATGT-1	NOT_IN_PREDECLARED_KEEP_PLAN	false
GSM8151756	TTGTGTTTCCATCGTC-1	NOT_IN_PREDECLARED_KEEP_PLAN	false
GSM8151756	TTGTTCAGTGACTGTT-1	NOT_IN_PREDECLARED_KEEP_PLAN	false
GSM8151756	TTGTTCAGTTAGGAGC-1	NOT_IN_PREDECLARED_KEEP_PLAN	false
GSM8151756	TTGTTCATCCTCACGT-1	NOT_IN_PREDECLARED_KEEP_PLAN	false
GSM8151756	TTGTTCATCTTCACGC-1	NOT_IN_PREDECLARED_KEEP_PLAN	false
GSM8151756	TTGTTGTAGATTGCGG-1	NOT_IN_PREDECLARED_KEEP_PLAN	false
GSM8151756	TTGTTGTGTAACACGG-1	NOT_IN_PREDECLARED_KEEP_PLAN	false
GSM8151756	TTGTTGTGTCTTACTT-1	NOT_IN_PREDECLARED_KEEP_PLAN	false
GSM8151756	TTGTTTGAGAGAGCGG-1	NOT_IN_PREDECLARED_KEEP_PLAN	false
GSM8151756	TTGTTTGGTATTTCCT-1	NOT_IN_PREDECLARED_KEEP_PLAN	false
GSM8151756	TTTACCAAGTCTGGAG-1	NOT_IN_PREDECLARED_KEEP_PLAN	false
GSM8151756	TTTACCAAGTGCACAG-1	NOT_IN_PREDECLARED_KEEP_PLAN	false
GSM8151756	TTTACCATCTCGGTAA-1	NOT_IN_PREDECLARED_KEEP_PLAN	false
GSM8151756	TTTACGTGTGGAGGTT-1	NOT_IN_PREDECLARED_KEEP_PLAN	false
GSM8151756	TTTAGTCTCACCGACG-1	NOT_IN_PREDECLARED_KEEP_PLAN	false
GSM8151756	TTTAGTCTCAGTCTTT-1	NOT_IN_PREDECLARED_KEEP_PLAN	false
GSM8151756	TTTAGTCTCCAATCCC-1	NOT_IN_PREDECLARED_KEEP_PLAN	false
GSM8151756	TTTATGCAGTTCATGC-1	NOT_IN_PREDECLARED_KEEP_PLAN	false
GSM8151756	TTTATGCCAGCTCATA-1	NOT_IN_PREDECLARED_KEEP_PLAN	false
GSM8151756	TTTCACAAGTAAGCAT-1	NOT_IN_PREDECLARED_KEEP_PLAN	false
GSM8151756	TTTCACATCGACGACC-1	NOT_IN_PREDECLARED_KEEP_PLAN	false
GSM8151756	TTTCAGTCACAGCCTG-1	NOT_IN_PREDECLARED_KEEP_PLAN	false
GSM8151756	TTTCATGCAGAGATGC-1	NOT_IN_PREDECLARED_KEEP_PLAN	false
GSM8151756	TTTCATGGTTAAGGAT-1	NOT_IN_PREDECLARED_KEEP_PLAN	false
GSM8151756	TTTCATGTCCAGTTCC-1	NOT_IN_PREDECLARED_KEEP_PLAN	false
GSM8151756	TTTCCTCTCCAGCAAT-1	NOT_IN_PREDECLARED_KEEP_PLAN	false
GSM8151756	TTTCGATAGTTGCTCA-1	NOT_IN_PREDECLARED_KEEP_PLAN	false
GSM8151756	TTTCGATGTAGACAGC-1	NOT_IN_PREDECLARED_KEEP_PLAN	false
GSM8151756	TTTGACTCATACCACA-1	NOT_IN_PREDECLARED_KEEP_PLAN	false
GSM8151756	TTTGATCAGCGTGTCC-1	NOT_IN_PREDECLARED_KEEP_PLAN	false
GSM8151756	TTTGATCAGGATTTAG-1	NOT_IN_PREDECLARED_KEEP_PLAN	false
GSM8151756	TTTGATCCAGTGGGTA-1	NOT_IN_PREDECLARED_KEEP_PLAN	false
GSM8151756	TTTGATCCATTCTTCA-1	NOT_IN_PREDECLARED_KEEP_PLAN	false
GSM8151756	TTTGGAGCACCGTCGA-1	NOT_IN_PREDECLARED_KEEP_PLAN	false
GSM8151756	TTTGGAGCAGTGTGCC-1	NOT_IN_PREDECLARED_KEEP_PLAN	false
GSM8151756	TTTGGTTGTTTGTTGG-1	NOT_IN_PREDECLARED_KEEP_PLAN	false
GSM8151756	TTTGTTGAGCCAGTAG-1	NOT_IN_PREDECLARED_KEEP_PLAN	false
GSM8151756	TTTGTTGGTTAGGACG-1	NOT_IN_PREDECLARED_KEEP_PLAN	false
GSM8151756	TTTGTTGTCGCAATTG-1	NOT_IN_PREDECLARED_KEEP_PLAN	false
GSM8151757	AAACCCATCTGCGAGC-1	NOT_IN_PREDECLARED_KEEP_PLAN	false
GSM8151757	AAACGAAAGCAAGTGC-1	NOT_IN_PREDECLARED_KEEP_PLAN	false
GSM8151757	AAACGAAGTCGGTACC-1	NOT_IN_PREDECLARED_KEEP_PLAN	false
GSM8151757	AAACGAAGTGTTAAAG-1	NOT_IN_PREDECLARED_KEEP_PLAN	false
GSM8151757	AAACGCTAGCTCAGAG-1	NOT_IN_PREDECLARED_KEEP_PLAN	false
GSM8151757	AAACGCTTCAGTGTGT-1	NOT_IN_PREDECLARED_KEEP_PLAN	false
GSM8151757	AAACGCTTCGGAATGG-1	NOT_IN_PREDECLARED_KEEP_PLAN	false
GSM8151757	AAAGAACAGCGGTATG-1	NOT_IN_PREDECLARED_KEEP_PLAN	false
GSM8151757	AAAGAACAGTGGCCTC-1	NOT_IN_PREDECLARED_KEEP_PLAN	false
GSM8151757	AAAGAACTCCGATAAC-1	NOT_IN_PREDECLARED_KEEP_PLAN	false
GSM8151757	AAAGGGCAGCGTACAG-1	NOT_IN_PREDECLARED_KEEP_PLAN	false
GSM8151757	AAAGGGCCAGACCAAG-1	NOT_IN_PREDECLARED_KEEP_PLAN	false
GSM8151757	AAAGGGCCATTCTCTA-1	NOT_IN_PREDECLARED_KEEP_PLAN	false
GSM8151757	AAAGGGCGTCGGCACT-1	NOT_IN_PREDECLARED_KEEP_PLAN	false
GSM8151757	AAAGGTAGTAAGGTCG-1	NOT_IN_PREDECLARED_KEEP_PLAN	false
GSM8151757	AAAGGTAGTGCAACAG-1	NOT_IN_PREDECLARED_KEEP_PLAN	false
GSM8151757	AAAGTCCAGCCTAACT-1	NOT_IN_PREDECLARED_KEEP_PLAN	false
GSM8151757	AAAGTCCCACATCATG-1	NOT_IN_PREDECLARED_KEEP_PLAN	false
GSM8151757	AAAGTCCCACTCAAGT-1	NOT_IN_PREDECLARED_KEEP_PLAN	false
GSM8151757	AAAGTCCCATCCCGTT-1	NOT_IN_PREDECLARED_KEEP_PLAN	false
GSM8151757	AAAGTCCCATCGAACT-1	NOT_IN_PREDECLARED_KEEP_PLAN	false
GSM8151757	AAAGTCCCATTCCTAT-1	NOT_IN_PREDECLARED_KEEP_PLAN	false
GSM8151757	AAATGGATCAGTGGGA-1	NOT_IN_PREDECLARED_KEEP_PLAN	false
GSM8151757	AAATGGATCCCATACC-1	NOT_IN_PREDECLARED_KEEP_PLAN	false
GSM8151757	AACAAAGCATCAGTCA-1	NOT_IN_PREDECLARED_KEEP_PLAN	false
GSM8151757	AACAAAGGTCGAAGCA-1	NOT_IN_PREDECLARED_KEEP_PLAN	false
GSM8151757	AACAACCAGAAATTGC-1	NOT_IN_PREDECLARED_KEEP_PLAN	false
GSM8151757	AACAACCAGGCAGGGA-1	NOT_IN_PREDECLARED_KEEP_PLAN	false
GSM8151757	AACAACCCAGGTATGG-1	NOT_IN_PREDECLARED_KEEP_PLAN	false
GSM8151757	AACAACCCATATGCGT-1	NOT_IN_PREDECLARED_KEEP_PLAN	false
GSM8151757	AACAACCCATTCTCCG-1	NOT_IN_PREDECLARED_KEEP_PLAN	false
GSM8151757	AACAACCTCGCGTTTC-1	NOT_IN_PREDECLARED_KEEP_PLAN	false
GSM8151757	AACAAGACATGGAATA-1	NOT_IN_PREDECLARED_KEEP_PLAN	false
GSM8151757	AACACACGTGCGAACA-1	NOT_IN_PREDECLARED_KEEP_PLAN	false
GSM8151757	AACACACTCTTAAGGC-1	NOT_IN_PREDECLARED_KEEP_PLAN	false
GSM8151757	AACAGGGAGTTGGGAC-1	NOT_IN_PREDECLARED_KEEP_PLAN	false
GSM8151757	AACAGGGCACTCATAG-1	NOT_IN_PREDECLARED_KEEP_PLAN	false
GSM8151757	AACAGGGGTACGACAG-1	NOT_IN_PREDECLARED_KEEP_PLAN	false
GSM8151757	AACAGGGGTGCTCCGA-1	NOT_IN_PREDECLARED_KEEP_PLAN	false
GSM8151757	AACAGGGTCCAGGACC-1	NOT_IN_PREDECLARED_KEEP_PLAN	false
GSM8151757	AACCAACCACAAGCTT-1	NOT_IN_PREDECLARED_KEEP_PLAN	false
GSM8151757	AACCAACCACGCTGAC-1	NOT_IN_PREDECLARED_KEEP_PLAN	false
GSM8151757	AACCAACGTGACCGAA-1	NOT_IN_PREDECLARED_KEEP_PLAN	false
GSM8151757	AACCACAAGACCCGCT-1	NOT_IN_PREDECLARED_KEEP_PLAN	false
GSM8151757	AACCACAAGATAGCTA-1	NOT_IN_PREDECLARED_KEEP_PLAN	false
GSM8151757	AACCACAAGGGATGTC-1	NOT_IN_PREDECLARED_KEEP_PLAN	false
GSM8151757	AACCACACAGGCTACC-1	NOT_IN_PREDECLARED_KEEP_PLAN	false
GSM8151757	AACCACAGTCGAAACG-1	NOT_IN_PREDECLARED_KEEP_PLAN	false
GSM8151757	AACCACATCGTTGTGA-1	NOT_IN_PREDECLARED_KEEP_PLAN	false
GSM8151757	AACCATGTCCCTTGTG-1	NOT_IN_PREDECLARED_KEEP_PLAN	false
GSM8151757	AACCCAAGTGGCATCC-1	NOT_IN_PREDECLARED_KEEP_PLAN	false
GSM8151757	AACCCAAGTTCGAGCC-1	NOT_IN_PREDECLARED_KEEP_PLAN	false
GSM8151757	AACCCAATCATCCTGC-1	NOT_IN_PREDECLARED_KEEP_PLAN	false
GSM8151757	AACCTGAAGACACACG-1	NOT_IN_PREDECLARED_KEEP_PLAN	false
GSM8151757	AACCTGAAGATAGGGA-1	NOT_IN_PREDECLARED_KEEP_PLAN	false
GSM8151757	AACCTGATCCGGCTTT-1	NOT_IN_PREDECLARED_KEEP_PLAN	false
GSM8151757	AACCTTTTCTGCTCTG-1	NOT_IN_PREDECLARED_KEEP_PLAN	false
GSM8151757	AACGAAAAGCTAGCCC-1	NOT_IN_PREDECLARED_KEEP_PLAN	false
GSM8151757	AACGAAAAGGGTCACA-1	NOT_IN_PREDECLARED_KEEP_PLAN	false
GSM8151757	AACGGGAAGCGCACAA-1	NOT_IN_PREDECLARED_KEEP_PLAN	false
GSM8151757	AACGGGAGTGGAAGTC-1	NOT_IN_PREDECLARED_KEEP_PLAN	false
GSM8151757	AACGGGATCCTGATAG-1	NOT_IN_PREDECLARED_KEEP_PLAN	false
GSM8151757	AACGTCAGTCCGTTTC-1	NOT_IN_PREDECLARED_KEEP_PLAN	false
GSM8151757	AACTTCTCATTGACTG-1	NOT_IN_PREDECLARED_KEEP_PLAN	false
GSM8151757	AAGAACAAGGCCCACT-1	NOT_IN_PREDECLARED_KEEP_PLAN	false
GSM8151757	AAGAACAGTAATGATG-1	NOT_IN_PREDECLARED_KEEP_PLAN	false
GSM8151757	AAGAACATCAAGATAG-1	NOT_IN_PREDECLARED_KEEP_PLAN	false
GSM8151757	AAGACAACACCTGAAT-1	NOT_IN_PREDECLARED_KEEP_PLAN	false
GSM8151757	AAGACAACAGAGCGTA-1	NOT_IN_PREDECLARED_KEEP_PLAN	false
GSM8151757	AAGACAACATGACTTG-1	NOT_IN_PREDECLARED_KEEP_PLAN	false
GSM8151757	AAGATAGAGCAGTACG-1	NOT_IN_PREDECLARED_KEEP_PLAN	false
GSM8151757	AAGATAGAGTGGTGGT-1	NOT_IN_PREDECLARED_KEEP_PLAN	false
GSM8151757	AAGATAGGTTTAGACC-1	NOT_IN_PREDECLARED_KEEP_PLAN	false
GSM8151757	AAGCATCGTACGCTTA-1	NOT_IN_PREDECLARED_KEEP_PLAN	false
GSM8151757	AAGCCATCATAACAGA-1	NOT_IN_PREDECLARED_KEEP_PLAN	false
GSM8151757	AAGCCATCATCCGGCA-1	NOT_IN_PREDECLARED_KEEP_PLAN	false
GSM8151757	AAGCCATGTCGCACAC-1	NOT_IN_PREDECLARED_KEEP_PLAN	false
GSM8151757	AAGCGAGAGGCTGTAG-1	NOT_IN_PREDECLARED_KEEP_PLAN	false
GSM8151757	AAGCGAGCAATTGCTG-1	NOT_IN_PREDECLARED_KEEP_PLAN	false
GSM8151757	AAGCGAGGTCGGCACT-1	NOT_IN_PREDECLARED_KEEP_PLAN	false
GSM8151757	AAGCGAGTCCGGTAAT-1	NOT_IN_PREDECLARED_KEEP_PLAN	false
GSM8151757	AAGCGAGTCTTAGCAG-1	NOT_IN_PREDECLARED_KEEP_PLAN	false
GSM8151757	AAGCGTTTCTGAGATC-1	NOT_IN_PREDECLARED_KEEP_PLAN	false
GSM8151757	AAGGAATGTGGATCAG-1	NOT_IN_PREDECLARED_KEEP_PLAN	false
GSM8151757	AAGGAATGTGGCGCTT-1	NOT_IN_PREDECLARED_KEEP_PLAN	false
GSM8151757	AAGGAATTCCATAGGT-1	NOT_IN_PREDECLARED_KEEP_PLAN	false
GSM8151757	AAGGTAAAGTGATCGG-1	NOT_IN_PREDECLARED_KEEP_PLAN	false
GSM8151757	AAGTCGTGTAATGCGG-1	NOT_IN_PREDECLARED_KEEP_PLAN	false
GSM8151757	AAGTGAACATCCGAAT-1	NOT_IN_PREDECLARED_KEEP_PLAN	false
GSM8151757	AAGTTCGAGACAGCTG-1	NOT_IN_PREDECLARED_KEEP_PLAN	false
GSM8151757	AATAGAGAGACAGTCG-1	NOT_IN_PREDECLARED_KEEP_PLAN	false
GSM8151757	AATAGAGAGGCTATCT-1	NOT_IN_PREDECLARED_KEEP_PLAN	false
GSM8151757	AATAGAGCAGCGTATT-1	NOT_IN_PREDECLARED_KEEP_PLAN	false
GSM8151757	AATAGAGGTGGCCTCA-1	NOT_IN_PREDECLARED_KEEP_PLAN	false
GSM8151757	AATCACGAGGTTCTAC-1	NOT_IN_PREDECLARED_KEEP_PLAN	false
GSM8151757	AATCACGAGTCAATCC-1	NOT_IN_PREDECLARED_KEEP_PLAN	false
GSM8151757	AATCACGCACACCAGC-1	NOT_IN_PREDECLARED_KEEP_PLAN	false
GSM8151757	AATCACGCACGCAAAG-1	NOT_IN_PREDECLARED_KEEP_PLAN	false
GSM8151757	AATCGACAGGTAGACC-1	NOT_IN_PREDECLARED_KEEP_PLAN	false
GSM8151757	AATCGACCAAGCTGCC-1	NOT_IN_PREDECLARED_KEEP_PLAN	false
GSM8151757	AATCGTGTCACGGGCT-1	NOT_IN_PREDECLARED_KEEP_PLAN	false
GSM8151757	AATGAAGAGTCACGCC-1	NOT_IN_PREDECLARED_KEEP_PLAN	false
GSM8151757	AATGAAGCAATGCAGG-1	NOT_IN_PREDECLARED_KEEP_PLAN	false
GSM8151757	AATGAAGCACAGAGCA-1	NOT_IN_PREDECLARED_KEEP_PLAN	false
GSM8151757	AATGAAGCATCTTAGG-1	NOT_IN_PREDECLARED_KEEP_PLAN	false
GSM8151757	AATGAAGTCAGTAGGG-1	NOT_IN_PREDECLARED_KEEP_PLAN	false
GSM8151757	AATGACCCATGTGCCG-1	NOT_IN_PREDECLARED_KEEP_PLAN	false
GSM8151757	AATGACCGTGGCACTC-1	NOT_IN_PREDECLARED_KEEP_PLAN	false
GSM8151757	AATGACCTCAGGAACG-1	NOT_IN_PREDECLARED_KEEP_PLAN	false
GSM8151757	AATGCCACACACACTA-1	NOT_IN_PREDECLARED_KEEP_PLAN	false
GSM8151757	AATGCCATCACTTGTT-1	NOT_IN_PREDECLARED_KEEP_PLAN	false
GSM8151757	AATGGAATCAGTGGGA-1	NOT_IN_PREDECLARED_KEEP_PLAN	false
GSM8151757	AATGGAATCGCTTACC-1	NOT_IN_PREDECLARED_KEEP_PLAN	false
GSM8151757	AATTCCTTCTGAGGCC-1	NOT_IN_PREDECLARED_KEEP_PLAN	false
GSM8151757	AATTTCCAGAAGAGCA-1	NOT_IN_PREDECLARED_KEEP_PLAN	false
GSM8151757	AATTTCCAGCTTCGTA-1	NOT_IN_PREDECLARED_KEEP_PLAN	false
GSM8151757	AATTTCCCATCCTAAG-1	NOT_IN_PREDECLARED_KEEP_PLAN	false
GSM8151757	AATTTCCGTATCCTTT-1	NOT_IN_PREDECLARED_KEEP_PLAN	false
GSM8151757	ACAAAGAAGGACTTCT-1	NOT_IN_PREDECLARED_KEEP_PLAN	false
GSM8151757	ACAAAGACACGGCTAC-1	NOT_IN_PREDECLARED_KEEP_PLAN	false
GSM8151757	ACAAAGAGTACGATGG-1	NOT_IN_PREDECLARED_KEEP_PLAN	false
GSM8151757	ACAACCAGTAGTCCTA-1	NOT_IN_PREDECLARED_KEEP_PLAN	false
GSM8151757	ACAACCATCTGCTCTG-1	NOT_IN_PREDECLARED_KEEP_PLAN	false
GSM8151757	ACAAGCTAGATTAGCA-1	NOT_IN_PREDECLARED_KEEP_PLAN	false
GSM8151757	ACAAGCTCAATTCTCT-1	NOT_IN_PREDECLARED_KEEP_PLAN	false
GSM8151757	ACAAGCTCAGCTACCG-1	NOT_IN_PREDECLARED_KEEP_PLAN	false
GSM8151757	ACAAGCTGTCGTCTCT-1	NOT_IN_PREDECLARED_KEEP_PLAN	false
GSM8151757	ACAAGCTGTCTTTCTA-1	NOT_IN_PREDECLARED_KEEP_PLAN	false
GSM8151757	ACAAGCTTCTACTCAT-1	NOT_IN_PREDECLARED_KEEP_PLAN	false
GSM8151757	ACAAGCTTCTGAACGT-1	NOT_IN_PREDECLARED_KEEP_PLAN	false
GSM8151757	ACACAGTAGAACTGAT-1	NOT_IN_PREDECLARED_KEEP_PLAN	false
GSM8151757	ACACAGTCAAAGGCAC-1	NOT_IN_PREDECLARED_KEEP_PLAN	false
GSM8151757	ACACAGTTCTGAGAAA-1	NOT_IN_PREDECLARED_KEEP_PLAN	false
GSM8151757	ACACCAAAGGCCACCT-1	NOT_IN_PREDECLARED_KEEP_PLAN	false
GSM8151757	ACACCAAAGTCGAGGT-1	NOT_IN_PREDECLARED_KEEP_PLAN	false
GSM8151757	ACACGCGGTCACTCGG-1	NOT_IN_PREDECLARED_KEEP_PLAN	false
GSM8151757	ACACGCGGTTGCATAC-1	NOT_IN_PREDECLARED_KEEP_PLAN	false
GSM8151757	ACACGCGTCAAAGACA-1	NOT_IN_PREDECLARED_KEEP_PLAN	false
GSM8151757	ACACTGAAGGCTTTCA-1	NOT_IN_PREDECLARED_KEEP_PLAN	false
GSM8151757	ACACTGAAGGTCACCC-1	NOT_IN_PREDECLARED_KEEP_PLAN	false
GSM8151757	ACACTGACAGTTTCAG-1	NOT_IN_PREDECLARED_KEEP_PLAN	false
GSM8151757	ACACTGAGTTCGGTCG-1	NOT_IN_PREDECLARED_KEEP_PLAN	false
GSM8151757	ACACTGATCTATACTC-1	NOT_IN_PREDECLARED_KEEP_PLAN	false
GSM8151757	ACAGAAATCCGATGTA-1	NOT_IN_PREDECLARED_KEEP_PLAN	false
GSM8151757	ACAGCCGGTGGGACAT-1	NOT_IN_PREDECLARED_KEEP_PLAN	false
GSM8151757	ACAGCCGTCTGTGCTC-1	NOT_IN_PREDECLARED_KEEP_PLAN	false
GSM8151757	ACAGGGAAGAGGTTTA-1	NOT_IN_PREDECLARED_KEEP_PLAN	false
GSM8151757	ACAGGGATCGGTGTTA-1	NOT_IN_PREDECLARED_KEEP_PLAN	false
GSM8151757	ACATCCCGTGTCATCA-1	NOT_IN_PREDECLARED_KEEP_PLAN	false
GSM8151757	ACATCGAAGCCTCGTG-1	NOT_IN_PREDECLARED_KEEP_PLAN	false
GSM8151757	ACATCGACACAAGGTG-1	NOT_IN_PREDECLARED_KEEP_PLAN	false
GSM8151757	ACATCGAGTCGAATGG-1	NOT_IN_PREDECLARED_KEEP_PLAN	false
GSM8151757	ACATCGATCCTTCACG-1	NOT_IN_PREDECLARED_KEEP_PLAN	false
GSM8151757	ACATCGATCGCTGTTC-1	NOT_IN_PREDECLARED_KEEP_PLAN	false
GSM8151757	ACATGCAAGCGCACAA-1	NOT_IN_PREDECLARED_KEEP_PLAN	false
GSM8151757	ACATTTCCAGACCATT-1	NOT_IN_PREDECLARED_KEEP_PLAN	false
GSM8151757	ACATTTCTCGCTCTCA-1	NOT_IN_PREDECLARED_KEEP_PLAN	false
GSM8151757	ACATTTCTCTCGAACA-1	NOT_IN_PREDECLARED_KEEP_PLAN	false
GSM8151757	ACCAAACAGACAACAT-1	NOT_IN_PREDECLARED_KEEP_PLAN	false
GSM8151757	ACCAAACTCAGCTGAT-1	NOT_IN_PREDECLARED_KEEP_PLAN	false
GSM8151757	ACCAACACACACCTTC-1	NOT_IN_PREDECLARED_KEEP_PLAN	false
GSM8151757	ACCAACACAGAGGTAC-1	NOT_IN_PREDECLARED_KEEP_PLAN	false
GSM8151757	ACCACAAAGAGAGAAC-1	NOT_IN_PREDECLARED_KEEP_PLAN	false
GSM8151757	ACCACAAGTATCTTCT-1	NOT_IN_PREDECLARED_KEEP_PLAN	false
GSM8151757	ACCACAAGTCAACCAT-1	NOT_IN_PREDECLARED_KEEP_PLAN	false
GSM8151757	ACCATTTAGACGACGT-1	NOT_IN_PREDECLARED_KEEP_PLAN	false
GSM8151757	ACCATTTAGGATGCGT-1	NOT_IN_PREDECLARED_KEEP_PLAN	false
GSM8151757	ACCATTTCAGAACCGA-1	NOT_IN_PREDECLARED_KEEP_PLAN	false
GSM8151757	ACCATTTCAGGTCCCA-1	NOT_IN_PREDECLARED_KEEP_PLAN	false
GSM8151757	ACCCAAAAGCATATGA-1	NOT_IN_PREDECLARED_KEEP_PLAN	false
GSM8151757	ACCCAAAAGCCTGAGA-1	NOT_IN_PREDECLARED_KEEP_PLAN	false
GSM8151757	ACCCAAAAGGTTCCAT-1	NOT_IN_PREDECLARED_KEEP_PLAN	false
GSM8151757	ACCCAAACACGCTTAA-1	NOT_IN_PREDECLARED_KEEP_PLAN	false
GSM8151757	ACCCAAACAGTATGAA-1	NOT_IN_PREDECLARED_KEEP_PLAN	false
GSM8151757	ACCCAAAGTGTATCCA-1	NOT_IN_PREDECLARED_KEEP_PLAN	false
GSM8151757	ACCCTCAGTAAGATCA-1	NOT_IN_PREDECLARED_KEEP_PLAN	false
GSM8151757	ACCCTCAGTAGACAGC-1	NOT_IN_PREDECLARED_KEEP_PLAN	false
GSM8151757	ACCCTCAGTCAGGAGT-1	NOT_IN_PREDECLARED_KEEP_PLAN	false
GSM8151757	ACCCTCATCCATCCGT-1	NOT_IN_PREDECLARED_KEEP_PLAN	false
GSM8151757	ACCCTTGAGCGGCTCT-1	NOT_IN_PREDECLARED_KEEP_PLAN	false
GSM8151757	ACCCTTGAGGTAGCCA-1	NOT_IN_PREDECLARED_KEEP_PLAN	false
GSM8151757	ACCCTTGAGTATGAAC-1	NOT_IN_PREDECLARED_KEEP_PLAN	false
GSM8151757	ACCCTTGCAATAGGGC-1	NOT_IN_PREDECLARED_KEEP_PLAN	false
GSM8151757	ACCCTTGCATATAGCC-1	NOT_IN_PREDECLARED_KEEP_PLAN	false
GSM8151757	ACCCTTGGTATGTGTC-1	NOT_IN_PREDECLARED_KEEP_PLAN	false
GSM8151757	ACCCTTGGTTGCGAAG-1	NOT_IN_PREDECLARED_KEEP_PLAN	false
GSM8151757	ACCGTTCGTGTCGATT-1	NOT_IN_PREDECLARED_KEEP_PLAN	false
GSM8151757	ACCTACCAGAATAGTC-1	NOT_IN_PREDECLARED_KEEP_PLAN	false
GSM8151757	ACCTACCAGATAGCTA-1	NOT_IN_PREDECLARED_KEEP_PLAN	false
GSM8151757	ACCTACCAGCCTCAAT-1	NOT_IN_PREDECLARED_KEEP_PLAN	false
GSM8151757	ACCTACCAGGTATCTC-1	NOT_IN_PREDECLARED_KEEP_PLAN	false
GSM8151757	ACCTACCCACACACTA-1	NOT_IN_PREDECLARED_KEEP_PLAN	false
GSM8151757	ACCTACCTCCGTTTCG-1	NOT_IN_PREDECLARED_KEEP_PLAN	false
GSM8151757	ACCTGAACAAGTCATC-1	NOT_IN_PREDECLARED_KEEP_PLAN	false
GSM8151757	ACCTGTCAGCCTCCAG-1	NOT_IN_PREDECLARED_KEEP_PLAN	false
GSM8151757	ACCTGTCAGGTGCCAA-1	NOT_IN_PREDECLARED_KEEP_PLAN	false
GSM8151757	ACCTGTCCACTAGTAC-1	NOT_IN_PREDECLARED_KEEP_PLAN	false
GSM8151757	ACCTGTCCACTATGTG-1	NOT_IN_PREDECLARED_KEEP_PLAN	false
GSM8151757	ACCTGTCTCACGATAC-1	NOT_IN_PREDECLARED_KEEP_PLAN	false
GSM8151757	ACGATCAAGAATCGCG-1	NOT_IN_PREDECLARED_KEEP_PLAN	false
GSM8151757	ACGATCAAGATCGCTT-1	NOT_IN_PREDECLARED_KEEP_PLAN	false
GSM8151757	ACGATCAAGCGGTAAC-1	NOT_IN_PREDECLARED_KEEP_PLAN	false
GSM8151757	ACGATCAGTATACGGG-1	NOT_IN_PREDECLARED_KEEP_PLAN	false
GSM8151757	ACGATCAGTTTCGTTT-1	NOT_IN_PREDECLARED_KEEP_PLAN	false
GSM8151757	ACGATGTTCCACAAGT-1	NOT_IN_PREDECLARED_KEEP_PLAN	false
GSM8151757	ACGCACGGTTCAACGT-1	NOT_IN_PREDECLARED_KEEP_PLAN	false
GSM8151757	ACGCACGTCTCGACGG-1	NOT_IN_PREDECLARED_KEEP_PLAN	false
GSM8151757	ACGGAAGCAACTTCTT-1	NOT_IN_PREDECLARED_KEEP_PLAN	false
GSM8151757	ACGGAAGCAAGCGAAC-1	NOT_IN_PREDECLARED_KEEP_PLAN	false
GSM8151757	ACGGAAGGTAGTGCGA-1	NOT_IN_PREDECLARED_KEEP_PLAN	false
GSM8151757	ACGGAAGGTGACCGAA-1	NOT_IN_PREDECLARED_KEEP_PLAN	false
GSM8151757	ACGGAAGTCATTCCTA-1	NOT_IN_PREDECLARED_KEEP_PLAN	false
GSM8151757	ACGGGTCTCTTCTGGC-1	NOT_IN_PREDECLARED_KEEP_PLAN	false
GSM8151757	ACGGTCGAGCACCAGA-1	NOT_IN_PREDECLARED_KEEP_PLAN	false
GSM8151757	ACGGTCGAGCGATTCT-1	NOT_IN_PREDECLARED_KEEP_PLAN	false
GSM8151757	ACGGTCGCAATGAGCG-1	NOT_IN_PREDECLARED_KEEP_PLAN	false
GSM8151757	ACGGTCGTCATGCCAA-1	NOT_IN_PREDECLARED_KEEP_PLAN	false
GSM8151757	ACGGTTATCAAGGACG-1	NOT_IN_PREDECLARED_KEEP_PLAN	false
GSM8151757	ACGTAACAGAACAAGG-1	NOT_IN_PREDECLARED_KEEP_PLAN	false
GSM8151757	ACGTAACTCCAAACCA-1	NOT_IN_PREDECLARED_KEEP_PLAN	false
GSM8151757	ACGTACATCAGGACAG-1	NOT_IN_PREDECLARED_KEEP_PLAN	false
GSM8151757	ACGTAGTAGCACTCAT-1	NOT_IN_PREDECLARED_KEEP_PLAN	false
GSM8151757	ACGTAGTTCAGCGCGT-1	NOT_IN_PREDECLARED_KEEP_PLAN	false
GSM8151757	ACGTCCTCAAACTCTG-1	NOT_IN_PREDECLARED_KEEP_PLAN	false
GSM8151757	ACGTCCTGTCCGACGT-1	NOT_IN_PREDECLARED_KEEP_PLAN	false
GSM8151757	ACGTCCTGTGAAGCTG-1	NOT_IN_PREDECLARED_KEEP_PLAN	false
GSM8151757	ACGTTCCAGATTTGCC-1	NOT_IN_PREDECLARED_KEEP_PLAN	false
GSM8151757	ACGTTCCTCAACGTGT-1	NOT_IN_PREDECLARED_KEEP_PLAN	false
GSM8151757	ACTACGACAAGAGTTA-1	NOT_IN_PREDECLARED_KEEP_PLAN	false
GSM8151757	ACTACGACATCGATAC-1	NOT_IN_PREDECLARED_KEEP_PLAN	false
GSM8151757	ACTACGATCGTTCTGC-1	NOT_IN_PREDECLARED_KEEP_PLAN	false
GSM8151757	ACTATCTAGAGGCGTT-1	NOT_IN_PREDECLARED_KEEP_PLAN	false
GSM8151757	ACTATCTCACGCAAAG-1	NOT_IN_PREDECLARED_KEEP_PLAN	false
GSM8151757	ACTATCTCACGCTGCA-1	NOT_IN_PREDECLARED_KEEP_PLAN	false
GSM8151757	ACTATCTGTGGTCTCG-1	NOT_IN_PREDECLARED_KEEP_PLAN	false
GSM8151757	ACTATTCGTCTTGAAC-1	NOT_IN_PREDECLARED_KEEP_PLAN	false
GSM8151757	ACTCTCGCAGTCCGTG-1	NOT_IN_PREDECLARED_KEEP_PLAN	false
GSM8151757	ACTCTCGTCTGTTCAT-1	NOT_IN_PREDECLARED_KEEP_PLAN	false
GSM8151757	ACTGATGAGCTCGAAG-1	NOT_IN_PREDECLARED_KEEP_PLAN	false
GSM8151757	ACTGATGCACTGCGAC-1	NOT_IN_PREDECLARED_KEEP_PLAN	false
GSM8151757	ACTGCAAAGTCGAGGT-1	NOT_IN_PREDECLARED_KEEP_PLAN	false
GSM8151757	ACTGCAACAGAACTTC-1	NOT_IN_PREDECLARED_KEEP_PLAN	false
GSM8151757	ACTGCAATCGTCAGAT-1	NOT_IN_PREDECLARED_KEEP_PLAN	false
GSM8151757	ACTGTCCAGCCGTCGT-1	NOT_IN_PREDECLARED_KEEP_PLAN	false
GSM8151757	ACTGTCCAGTTGGAAT-1	NOT_IN_PREDECLARED_KEEP_PLAN	false
GSM8151757	ACTGTCCTCAATCTCT-1	NOT_IN_PREDECLARED_KEEP_PLAN	false
GSM8151757	ACTGTGAAGACATCAA-1	NOT_IN_PREDECLARED_KEEP_PLAN	false
GSM8151757	ACTGTGAAGACTCCGC-1	NOT_IN_PREDECLARED_KEEP_PLAN	false
GSM8151757	ACTGTGAGTCATCAGT-1	NOT_IN_PREDECLARED_KEEP_PLAN	false
GSM8151757	ACTTAGGAGTCAATCC-1	NOT_IN_PREDECLARED_KEEP_PLAN	false
GSM8151757	ACTTAGGGTGGATCGA-1	NOT_IN_PREDECLARED_KEEP_PLAN	false
GSM8151757	ACTTAGGGTTTGGGTT-1	NOT_IN_PREDECLARED_KEEP_PLAN	false
GSM8151757	ACTTATCAGGAGAGGC-1	NOT_IN_PREDECLARED_KEEP_PLAN	false
GSM8151757	ACTTATCGTCAACACT-1	NOT_IN_PREDECLARED_KEEP_PLAN	false
GSM8151757	ACTTATCGTGGATCAG-1	NOT_IN_PREDECLARED_KEEP_PLAN	false
GSM8151757	ACTTATCGTTTCGATG-1	NOT_IN_PREDECLARED_KEEP_PLAN	false
GSM8151757	ACTTCCGGTCCCTCAT-1	NOT_IN_PREDECLARED_KEEP_PLAN	false
GSM8151757	ACTTCCGTCATCACAG-1	NOT_IN_PREDECLARED_KEEP_PLAN	false
GSM8151757	ACTTCGCCAACGGCCT-1	NOT_IN_PREDECLARED_KEEP_PLAN	false
GSM8151757	ACTTCGCCACAGTCGC-1	NOT_IN_PREDECLARED_KEEP_PLAN	false
GSM8151757	ACTTCGCCAGCACAGA-1	NOT_IN_PREDECLARED_KEEP_PLAN	false
GSM8151757	ACTTCGCGTCCACTCT-1	NOT_IN_PREDECLARED_KEEP_PLAN	false
GSM8151757	ACTTTCAGTAGCGCTC-1	NOT_IN_PREDECLARED_KEEP_PLAN	false
GSM8151757	ACTTTCATCCCTCGAT-1	NOT_IN_PREDECLARED_KEEP_PLAN	false
GSM8151757	ACTTTCATCCTCACGT-1	NOT_IN_PREDECLARED_KEEP_PLAN	false
GSM8151757	ACTTTGTAGGAGCTGT-1	NOT_IN_PREDECLARED_KEEP_PLAN	false
GSM8151757	ACTTTGTAGTGCCTCG-1	NOT_IN_PREDECLARED_KEEP_PLAN	false
GSM8151757	ACTTTGTCACTGGCCA-1	NOT_IN_PREDECLARED_KEEP_PLAN	false
GSM8151757	ACTTTGTTCCGAGTGC-1	NOT_IN_PREDECLARED_KEEP_PLAN	false
GSM8151757	AGAAATGAGTGGACTG-1	NOT_IN_PREDECLARED_KEEP_PLAN	false
GSM8151757	AGAAATGCAAGACCTT-1	NOT_IN_PREDECLARED_KEEP_PLAN	false
GSM8151757	AGAAATGGTCGTTTCC-1	NOT_IN_PREDECLARED_KEEP_PLAN	false
GSM8151757	AGAACAACACAATCTG-1	NOT_IN_PREDECLARED_KEEP_PLAN	false
GSM8151757	AGAACAACAGCGTACC-1	NOT_IN_PREDECLARED_KEEP_PLAN	false
GSM8151757	AGAACAACAGCTGAGA-1	NOT_IN_PREDECLARED_KEEP_PLAN	false
GSM8151757	AGAACCTCAAGCACCC-1	NOT_IN_PREDECLARED_KEEP_PLAN	false
GSM8151757	AGAACCTGTATGTGTC-1	NOT_IN_PREDECLARED_KEEP_PLAN	false
GSM8151757	AGAACCTTCTCGAACA-1	NOT_IN_PREDECLARED_KEEP_PLAN	false
GSM8151757	AGAAGCGGTGGCACTC-1	NOT_IN_PREDECLARED_KEEP_PLAN	false
GSM8151757	AGAAGCGTCGTCACCT-1	NOT_IN_PREDECLARED_KEEP_PLAN	false
GSM8151757	AGAAGTATCTTTCTAG-1	NOT_IN_PREDECLARED_KEEP_PLAN	false
GSM8151757	AGACAAAAGGGTGAGG-1	NOT_IN_PREDECLARED_KEEP_PLAN	false
GSM8151757	AGACAAACACAACGCC-1	NOT_IN_PREDECLARED_KEEP_PLAN	false
GSM8151757	AGACAAAGTGACTGAG-1	NOT_IN_PREDECLARED_KEEP_PLAN	false
GSM8151757	AGACACTAGACATAAC-1	NOT_IN_PREDECLARED_KEEP_PLAN	false
GSM8151757	AGACACTAGGACAACC-1	NOT_IN_PREDECLARED_KEEP_PLAN	false
GSM8151757	AGACACTCACACTGGC-1	NOT_IN_PREDECLARED_KEEP_PLAN	false
GSM8151757	AGACACTGTTCCCAAA-1	NOT_IN_PREDECLARED_KEEP_PLAN	false
GSM8151757	AGACAGGTCAACCTTT-1	NOT_IN_PREDECLARED_KEEP_PLAN	false
GSM8151757	AGACAGGTCCCTCTAG-1	NOT_IN_PREDECLARED_KEEP_PLAN	false
GSM8151757	AGACCCGAGCCTTTCC-1	NOT_IN_PREDECLARED_KEEP_PLAN	false
GSM8151757	AGACCCGCACTGCATA-1	NOT_IN_PREDECLARED_KEEP_PLAN	false
GSM8151757	AGACCCGTCCGATAAC-1	NOT_IN_PREDECLARED_KEEP_PLAN	false
GSM8151757	AGACTCAGTAGGACCA-1	NOT_IN_PREDECLARED_KEEP_PLAN	false
GSM8151757	AGACTCATCTGCGAGC-1	NOT_IN_PREDECLARED_KEEP_PLAN	false
GSM8151757	AGAGAATAGCATTGAA-1	NOT_IN_PREDECLARED_KEEP_PLAN	false
GSM8151757	AGAGAATCACGTAACT-1	NOT_IN_PREDECLARED_KEEP_PLAN	false
GSM8151757	AGAGAATGTCTTCAAG-1	NOT_IN_PREDECLARED_KEEP_PLAN	false
GSM8151757	AGAGAATTCCTGTTAT-1	NOT_IN_PREDECLARED_KEEP_PLAN	false
GSM8151757	AGAGAGCAGCATAGGC-1	NOT_IN_PREDECLARED_KEEP_PLAN	false
GSM8151757	AGAGAGCCAAGACTGG-1	NOT_IN_PREDECLARED_KEEP_PLAN	false
GSM8151757	AGAGAGCCACTAAACC-1	NOT_IN_PREDECLARED_KEEP_PLAN	false
GSM8151757	AGAGCAGAGCGACAGT-1	NOT_IN_PREDECLARED_KEEP_PLAN	false
GSM8151757	AGAGCAGCATCGGCCA-1	NOT_IN_PREDECLARED_KEEP_PLAN	false
GSM8151757	AGAGCAGGTTGCTCGG-1	NOT_IN_PREDECLARED_KEEP_PLAN	false
GSM8151757	AGAGCAGTCATGCTAG-1	NOT_IN_PREDECLARED_KEEP_PLAN	false
GSM8151757	AGAGCAGTCGATACGT-1	NOT_IN_PREDECLARED_KEEP_PLAN	false
GSM8151757	AGAGCAGTCGTGCTCT-1	NOT_IN_PREDECLARED_KEEP_PLAN	false
GSM8151757	AGAGCCCCACATGACT-1	NOT_IN_PREDECLARED_KEEP_PLAN	false
GSM8151757	AGAGCCCGTCGAAGCA-1	NOT_IN_PREDECLARED_KEEP_PLAN	false
GSM8151757	AGATAGAAGTTCCAGT-1	NOT_IN_PREDECLARED_KEEP_PLAN	false
GSM8151757	AGATAGACAACACGTT-1	NOT_IN_PREDECLARED_KEEP_PLAN	false
GSM8151757	AGATAGAGTTATAGCC-1	NOT_IN_PREDECLARED_KEEP_PLAN	false
GSM8151757	AGATAGATCTCCGTGT-1	NOT_IN_PREDECLARED_KEEP_PLAN	false
GSM8151757	AGATCCACAAAGTATG-1	NOT_IN_PREDECLARED_KEEP_PLAN	false
GSM8151757	AGATCCACACTCATAG-1	NOT_IN_PREDECLARED_KEEP_PLAN	false
GSM8151757	AGATCCATCCCGTTGT-1	NOT_IN_PREDECLARED_KEEP_PLAN	false
GSM8151757	AGATCGTAGAGGCGGA-1	NOT_IN_PREDECLARED_KEEP_PLAN	false
GSM8151757	AGATCGTCAGCTAACT-1	NOT_IN_PREDECLARED_KEEP_PLAN	false
GSM8151757	AGATCGTGTTTGAACC-1	NOT_IN_PREDECLARED_KEEP_PLAN	false
GSM8151757	AGATGAAGTGTTCAGT-1	NOT_IN_PREDECLARED_KEEP_PLAN	false
GSM8151757	AGATGCTCAAGAATAC-1	NOT_IN_PREDECLARED_KEEP_PLAN	false
GSM8151757	AGCATCACAGCCATTA-1	NOT_IN_PREDECLARED_KEEP_PLAN	false
GSM8151757	AGCCAATCACAAGCCC-1	NOT_IN_PREDECLARED_KEEP_PLAN	false
GSM8151757	AGCCAATTCACAAGAA-1	NOT_IN_PREDECLARED_KEEP_PLAN	false
GSM8151757	AGCCACGAGCGTGAGT-1	NOT_IN_PREDECLARED_KEEP_PLAN	false
GSM8151757	AGCCACGGTTTGCAGT-1	NOT_IN_PREDECLARED_KEEP_PLAN	false
GSM8151757	AGCCAGCCAAGTTTGC-1	NOT_IN_PREDECLARED_KEEP_PLAN	false
GSM8151757	AGCGATTAGTTACGTC-1	NOT_IN_PREDECLARED_KEEP_PLAN	false
GSM8151757	AGCGATTCAGCGTTGC-1	NOT_IN_PREDECLARED_KEEP_PLAN	false
GSM8151757	AGCGATTGTGGAAGTC-1	NOT_IN_PREDECLARED_KEEP_PLAN	false
GSM8151757	AGCGATTTCACTCACC-1	NOT_IN_PREDECLARED_KEEP_PLAN	false
GSM8151757	AGCGCCAAGCCATTGT-1	NOT_IN_PREDECLARED_KEEP_PLAN	false
GSM8151757	AGCGCCAAGCGCCTAC-1	NOT_IN_PREDECLARED_KEEP_PLAN	false
GSM8151757	AGCGCCAGTGGCCTCA-1	NOT_IN_PREDECLARED_KEEP_PLAN	false
GSM8151757	AGCGCTGAGTAGGCCA-1	NOT_IN_PREDECLARED_KEEP_PLAN	false
GSM8151757	AGCGCTGCACATGGTT-1	NOT_IN_PREDECLARED_KEEP_PLAN	false
GSM8151757	AGCGTATAGCTTAAGA-1	NOT_IN_PREDECLARED_KEEP_PLAN	false
GSM8151757	AGCGTATAGGAACGAA-1	NOT_IN_PREDECLARED_KEEP_PLAN	false
GSM8151757	AGCGTATCAAATGGCG-1	NOT_IN_PREDECLARED_KEEP_PLAN	false
GSM8151757	AGCGTATGTGTGAATA-1	NOT_IN_PREDECLARED_KEEP_PLAN	false
GSM8151757	AGCGTATTCAGACCGC-1	NOT_IN_PREDECLARED_KEEP_PLAN	false
GSM8151757	AGCGTCGAGCGTTCAT-1	NOT_IN_PREDECLARED_KEEP_PLAN	false
GSM8151757	AGCGTCGCAAGACCGA-1	NOT_IN_PREDECLARED_KEEP_PLAN	false
GSM8151757	AGCGTCGGTGTGTACT-1	NOT_IN_PREDECLARED_KEEP_PLAN	false
GSM8151757	AGCTACACAATACGCT-1	NOT_IN_PREDECLARED_KEEP_PLAN	false
GSM8151757	AGCTACAGTCAAGGCA-1	NOT_IN_PREDECLARED_KEEP_PLAN	false
GSM8151757	AGCTCAAAGCTTGTGT-1	NOT_IN_PREDECLARED_KEEP_PLAN	false
GSM8151757	AGCTCAATCCCAGGAC-1	NOT_IN_PREDECLARED_KEEP_PLAN	false
GSM8151757	AGCTTCCAGAAGTGTT-1	NOT_IN_PREDECLARED_KEEP_PLAN	false
GSM8151757	AGCTTCCAGTGTTGAA-1	NOT_IN_PREDECLARED_KEEP_PLAN	false
GSM8151757	AGCTTCCGTACCGGAA-1	NOT_IN_PREDECLARED_KEEP_PLAN	false
GSM8151757	AGCTTCCGTTTCGACA-1	NOT_IN_PREDECLARED_KEEP_PLAN	false
GSM8151757	AGGAAATAGTCAGCGA-1	NOT_IN_PREDECLARED_KEEP_PLAN	false
GSM8151757	AGGAAATAGTCGCTAT-1	NOT_IN_PREDECLARED_KEEP_PLAN	false
GSM8151757	AGGAAATTCGTTCCCA-1	NOT_IN_PREDECLARED_KEEP_PLAN	false
GSM8151757	AGGAATAAGGAGTACC-1	NOT_IN_PREDECLARED_KEEP_PLAN	false
GSM8151757	AGGACGAAGTGCCCGT-1	NOT_IN_PREDECLARED_KEEP_PLAN	false
GSM8151757	AGGACGACACAAGTGG-1	NOT_IN_PREDECLARED_KEEP_PLAN	false
GSM8151757	AGGACTTAGTATGACA-1	NOT_IN_PREDECLARED_KEEP_PLAN	false
GSM8151757	AGGACTTGTCCGGACT-1	NOT_IN_PREDECLARED_KEEP_PLAN	false
GSM8151757	AGGATAACATTGACCA-1	NOT_IN_PREDECLARED_KEEP_PLAN	false
GSM8151757	AGGATAATCGAGTCTA-1	NOT_IN_PREDECLARED_KEEP_PLAN	false
GSM8151757	AGGATCTAGCTGTACT-1	NOT_IN_PREDECLARED_KEEP_PLAN	false
GSM8151757	AGGATCTCAGGATTCT-1	NOT_IN_PREDECLARED_KEEP_PLAN	false
GSM8151757	AGGCATTAGAGAAGGT-1	NOT_IN_PREDECLARED_KEEP_PLAN	false
GSM8151757	AGGCATTCAACGCCCA-1	NOT_IN_PREDECLARED_KEEP_PLAN	false
GSM8151757	AGGCATTCACAAAGCG-1	NOT_IN_PREDECLARED_KEEP_PLAN	false
GSM8151757	AGGCATTCACCATATG-1	NOT_IN_PREDECLARED_KEEP_PLAN	false
GSM8151757	AGGCATTTCAAACTGC-1	NOT_IN_PREDECLARED_KEEP_PLAN	false
GSM8151757	AGGCCACGTAGGGTAC-1	NOT_IN_PREDECLARED_KEEP_PLAN	false
GSM8151757	AGGCCACGTCGCGTTG-1	NOT_IN_PREDECLARED_KEEP_PLAN	false
GSM8151757	AGGCCACGTTGTCAGT-1	NOT_IN_PREDECLARED_KEEP_PLAN	false
GSM8151757	AGGCCACTCTCATAGG-1	NOT_IN_PREDECLARED_KEEP_PLAN	false
GSM8151757	AGGCTGCCACCTGTCT-1	NOT_IN_PREDECLARED_KEEP_PLAN	false
GSM8151757	AGGCTGCCATTCCTCG-1	NOT_IN_PREDECLARED_KEEP_PLAN	false
GSM8151757	AGGCTGCGTATCAAGA-1	NOT_IN_PREDECLARED_KEEP_PLAN	false
GSM8151757	AGGCTGCTCCGTCACT-1	NOT_IN_PREDECLARED_KEEP_PLAN	false
GSM8151757	AGGCTGCTCTGTCGTC-1	NOT_IN_PREDECLARED_KEEP_PLAN	false
GSM8151757	AGGGAGTAGTGCCTCG-1	NOT_IN_PREDECLARED_KEEP_PLAN	false
GSM8151757	AGGGAGTAGTTGCCTA-1	NOT_IN_PREDECLARED_KEEP_PLAN	false
GSM8151757	AGGGCCTAGCCTTCTC-1	NOT_IN_PREDECLARED_KEEP_PLAN	false
GSM8151757	AGGGCCTAGTGCACTT-1	NOT_IN_PREDECLARED_KEEP_PLAN	false
GSM8151757	AGGGCTCAGGTGCATG-1	NOT_IN_PREDECLARED_KEEP_PLAN	false
GSM8151757	AGGGCTCCAAATGAGT-1	NOT_IN_PREDECLARED_KEEP_PLAN	false
GSM8151757	AGGGCTCTCGGCTGGT-1	NOT_IN_PREDECLARED_KEEP_PLAN	false
GSM8151757	AGGGTCCGTGAAAGTT-1	NOT_IN_PREDECLARED_KEEP_PLAN	false
GSM8151757	AGGGTCCGTGCTCTTC-1	NOT_IN_PREDECLARED_KEEP_PLAN	false
GSM8151757	AGGGTCCTCGATACTG-1	NOT_IN_PREDECLARED_KEEP_PLAN	false
GSM8151757	AGGGTCCTCTGCATAG-1	NOT_IN_PREDECLARED_KEEP_PLAN	false
GSM8151757	AGGGTGAGTAATCAGA-1	NOT_IN_PREDECLARED_KEEP_PLAN	false
GSM8151757	AGGGTGAGTGTTTACG-1	NOT_IN_PREDECLARED_KEEP_PLAN	false
GSM8151757	AGGGTGATCGCTGCGA-1	NOT_IN_PREDECLARED_KEEP_PLAN	false
GSM8151757	AGGGTTTAGGGACTGT-1	NOT_IN_PREDECLARED_KEEP_PLAN	false
GSM8151757	AGGGTTTAGGTCTTTG-1	NOT_IN_PREDECLARED_KEEP_PLAN	false
GSM8151757	AGGGTTTTCTAGTACG-1	NOT_IN_PREDECLARED_KEEP_PLAN	false
GSM8151757	AGGTAGGCAATTTCCT-1	NOT_IN_PREDECLARED_KEEP_PLAN	false
GSM8151757	AGGTCATCAATGAACA-1	NOT_IN_PREDECLARED_KEEP_PLAN	false
GSM8151757	AGGTCATTCGGTCTGG-1	NOT_IN_PREDECLARED_KEEP_PLAN	false
GSM8151757	AGGTCTAAGAGGACTC-1	NOT_IN_PREDECLARED_KEEP_PLAN	false
GSM8151757	AGGTCTAGTTTCCAAG-1	NOT_IN_PREDECLARED_KEEP_PLAN	false
GSM8151757	AGGTGTTCATGACCCG-1	NOT_IN_PREDECLARED_KEEP_PLAN	false
GSM8151757	AGGTGTTGTCTCAAGT-1	NOT_IN_PREDECLARED_KEEP_PLAN	false
GSM8151757	AGGTGTTTCTGCAGCG-1	NOT_IN_PREDECLARED_KEEP_PLAN	false
GSM8151757	AGGTTACCATGTGGTT-1	NOT_IN_PREDECLARED_KEEP_PLAN	false
GSM8151757	AGGTTGTGTCTTCTAT-1	NOT_IN_PREDECLARED_KEEP_PLAN	false
GSM8151757	AGTAACCAGGCGATAC-1	NOT_IN_PREDECLARED_KEEP_PLAN	false
GSM8151757	AGTAACCCAATACAGA-1	NOT_IN_PREDECLARED_KEEP_PLAN	false
GSM8151757	AGTAACCGTATATGGA-1	NOT_IN_PREDECLARED_KEEP_PLAN	false
GSM8151757	AGTAACCGTCCGGACT-1	NOT_IN_PREDECLARED_KEEP_PLAN	false
GSM8151757	AGTAACCTCTCACTCG-1	NOT_IN_PREDECLARED_KEEP_PLAN	false
GSM8151757	AGTACCAGTACGAAAT-1	NOT_IN_PREDECLARED_KEEP_PLAN	false
GSM8151757	AGTACCATCTGAGGCC-1	NOT_IN_PREDECLARED_KEEP_PLAN	false
GSM8151757	AGTACTGAGTGGTGAC-1	NOT_IN_PREDECLARED_KEEP_PLAN	false
GSM8151757	AGTACTGCATCAGCGC-1	NOT_IN_PREDECLARED_KEEP_PLAN	false
GSM8151757	AGTACTGTCGTCACCT-1	NOT_IN_PREDECLARED_KEEP_PLAN	false
GSM8151757	AGTACTGTCTACGCAA-1	NOT_IN_PREDECLARED_KEEP_PLAN	false
GSM8151757	AGTAGCTCAACCGGAA-1	NOT_IN_PREDECLARED_KEEP_PLAN	false
GSM8151757	AGTAGCTTCCATCAGA-1	NOT_IN_PREDECLARED_KEEP_PLAN	false
GSM8151757	AGTAGCTTCGGAACTT-1	NOT_IN_PREDECLARED_KEEP_PLAN	false
GSM8151757	AGTAGTCGTCCGGCAT-1	NOT_IN_PREDECLARED_KEEP_PLAN	false
GSM8151757	AGTAGTCGTTGCATGT-1	NOT_IN_PREDECLARED_KEEP_PLAN	false
GSM8151757	AGTAGTCTCCATACAG-1	NOT_IN_PREDECLARED_KEEP_PLAN	false
GSM8151757	AGTCAACAGTCAACAA-1	NOT_IN_PREDECLARED_KEEP_PLAN	false
GSM8151757	AGTCAACTCCACGGAC-1	NOT_IN_PREDECLARED_KEEP_PLAN	false
GSM8151757	AGTCACAAGGGCGAGA-1	NOT_IN_PREDECLARED_KEEP_PLAN	false
GSM8151757	AGTCACACACTTCATT-1	NOT_IN_PREDECLARED_KEEP_PLAN	false
GSM8151757	AGTCACATCTTCGTGC-1	NOT_IN_PREDECLARED_KEEP_PLAN	false
GSM8151757	AGTCATGAGTCATACC-1	NOT_IN_PREDECLARED_KEEP_PLAN	false
GSM8151757	AGTCATGGTGGAAGTC-1	NOT_IN_PREDECLARED_KEEP_PLAN	false
GSM8151757	AGTCTCCCAAATAAGC-1	NOT_IN_PREDECLARED_KEEP_PLAN	false
GSM8151757	AGTCTCCGTTCACCGG-1	NOT_IN_PREDECLARED_KEEP_PLAN	false
GSM8151757	AGTGACTCAAACGTGG-1	NOT_IN_PREDECLARED_KEEP_PLAN	false
GSM8151757	AGTGACTCAAGACCGA-1	NOT_IN_PREDECLARED_KEEP_PLAN	false
GSM8151757	AGTGACTCACTGCATA-1	NOT_IN_PREDECLARED_KEEP_PLAN	false
GSM8151757	AGTGACTTCACCCTCA-1	NOT_IN_PREDECLARED_KEEP_PLAN	false
GSM8151757	AGTGATCCAAATCGTC-1	NOT_IN_PREDECLARED_KEEP_PLAN	false
GSM8151757	AGTGATCGTACGACAG-1	NOT_IN_PREDECLARED_KEEP_PLAN	false
GSM8151757	AGTGATCGTAGGAGGG-1	NOT_IN_PREDECLARED_KEEP_PLAN	false
GSM8151757	AGTGATCTCAAGCTTG-1	NOT_IN_PREDECLARED_KEEP_PLAN	false
GSM8151757	AGTGATCTCCAATGCA-1	NOT_IN_PREDECLARED_KEEP_PLAN	false
GSM8151757	AGTGCCGCACACCGCA-1	NOT_IN_PREDECLARED_KEEP_PLAN	false
GSM8151757	AGTGCCGCAGGTTCCG-1	NOT_IN_PREDECLARED_KEEP_PLAN	false
GSM8151757	AGTGCCGCATCTAGAC-1	NOT_IN_PREDECLARED_KEEP_PLAN	false
GSM8151757	AGTGCCGGTGACCGAA-1	NOT_IN_PREDECLARED_KEEP_PLAN	false
GSM8151757	AGTGTTGCACCCAAGC-1	NOT_IN_PREDECLARED_KEEP_PLAN	false
GSM8151757	AGTGTTGCAGTAGATA-1	NOT_IN_PREDECLARED_KEEP_PLAN	false
GSM8151757	AGTGTTGGTAGAGACC-1	NOT_IN_PREDECLARED_KEEP_PLAN	false
GSM8151757	AGTTAGCCAGGCCCTA-1	NOT_IN_PREDECLARED_KEEP_PLAN	false
GSM8151757	AGTTAGCTCAGACCGC-1	NOT_IN_PREDECLARED_KEEP_PLAN	false
GSM8151757	AGTTCGACAATCGTCA-1	NOT_IN_PREDECLARED_KEEP_PLAN	false
GSM8151757	AGTTCGAGTAGATTGA-1	NOT_IN_PREDECLARED_KEEP_PLAN	false
GSM8151757	AGTTCGATCTAGGCAT-1	NOT_IN_PREDECLARED_KEEP_PLAN	false
GSM8151757	ATACCGACACTCAGAT-1	NOT_IN_PREDECLARED_KEEP_PLAN	false
GSM8151757	ATACCGAGTCGAAACG-1	NOT_IN_PREDECLARED_KEEP_PLAN	false
GSM8151757	ATACCTTAGAGCAAGA-1	NOT_IN_PREDECLARED_KEEP_PLAN	false
GSM8151757	ATACCTTAGTAGTCCT-1	NOT_IN_PREDECLARED_KEEP_PLAN	false
GSM8151757	ATACCTTGTAGAAACT-1	NOT_IN_PREDECLARED_KEEP_PLAN	false
GSM8151757	ATACCTTGTTACTCAG-1	NOT_IN_PREDECLARED_KEEP_PLAN	false
GSM8151757	ATACTTCAGAAGTCAT-1	NOT_IN_PREDECLARED_KEEP_PLAN	false
GSM8151757	ATACTTCCAGATACTC-1	NOT_IN_PREDECLARED_KEEP_PLAN	false
GSM8151757	ATACTTCGTAACGATA-1	NOT_IN_PREDECLARED_KEEP_PLAN	false
GSM8151757	ATAGACCCAATGGGTG-1	NOT_IN_PREDECLARED_KEEP_PLAN	false
GSM8151757	ATAGACCCACGTCTCT-1	NOT_IN_PREDECLARED_KEEP_PLAN	false
GSM8151757	ATAGACCGTAGTTAGA-1	NOT_IN_PREDECLARED_KEEP_PLAN	false
GSM8151757	ATAGAGAGTATCCTTT-1	NOT_IN_PREDECLARED_KEEP_PLAN	false
GSM8151757	ATAGAGAGTTCACCGG-1	NOT_IN_PREDECLARED_KEEP_PLAN	false
GSM8151757	ATAGAGATCTTCTGGC-1	NOT_IN_PREDECLARED_KEEP_PLAN	false
GSM8151757	ATAGGCTGTACAAGTA-1	NOT_IN_PREDECLARED_KEEP_PLAN	false
GSM8151757	ATATCCTGTGGAAGTC-1	NOT_IN_PREDECLARED_KEEP_PLAN	false
GSM8151757	ATATCCTTCTATTGTC-1	NOT_IN_PREDECLARED_KEEP_PLAN	false
GSM8151757	ATCACAGAGCGACTTT-1	NOT_IN_PREDECLARED_KEEP_PLAN	false
GSM8151757	ATCACAGGTGAATTGA-1	NOT_IN_PREDECLARED_KEEP_PLAN	false
GSM8151757	ATCACTTAGATTGACA-1	NOT_IN_PREDECLARED_KEEP_PLAN	false
GSM8151757	ATCACTTTCAAGTGTC-1	NOT_IN_PREDECLARED_KEEP_PLAN	false
GSM8151757	ATCAGGTAGACAGTCG-1	NOT_IN_PREDECLARED_KEEP_PLAN	false
GSM8151757	ATCAGGTAGGACAGCT-1	NOT_IN_PREDECLARED_KEEP_PLAN	false
GSM8151757	ATCAGGTCACCCGTAG-1	NOT_IN_PREDECLARED_KEEP_PLAN	false
GSM8151757	ATCAGGTGTAATTGGA-1	NOT_IN_PREDECLARED_KEEP_PLAN	false
GSM8151757	ATCATTCAGGTGCGAT-1	NOT_IN_PREDECLARED_KEEP_PLAN	false
GSM8151757	ATCATTCCATCCGTTC-1	NOT_IN_PREDECLARED_KEEP_PLAN	false
GSM8151757	ATCATTCGTTAGTTCG-1	NOT_IN_PREDECLARED_KEEP_PLAN	false
GSM8151757	ATCATTCTCAGTGGGA-1	NOT_IN_PREDECLARED_KEEP_PLAN	false
GSM8151757	ATCATTCTCGGCCCAA-1	NOT_IN_PREDECLARED_KEEP_PLAN	false
GSM8151757	ATCCACCAGACGGTCA-1	NOT_IN_PREDECLARED_KEEP_PLAN	false
GSM8151757	ATCCATTAGGACAGTC-1	NOT_IN_PREDECLARED_KEEP_PLAN	false
GSM8151757	ATCCATTGTGTTTGCA-1	NOT_IN_PREDECLARED_KEEP_PLAN	false
GSM8151757	ATCCCTGAGGGTTGCA-1	NOT_IN_PREDECLARED_KEEP_PLAN	false
GSM8151757	ATCCCTGAGGTTCACT-1	NOT_IN_PREDECLARED_KEEP_PLAN	false
GSM8151757	ATCCGTCAGGTCGTCC-1	NOT_IN_PREDECLARED_KEEP_PLAN	false
GSM8151757	ATCCGTCCATCTTAGG-1	NOT_IN_PREDECLARED_KEEP_PLAN	false
GSM8151757	ATCCGTCGTCTGTGAT-1	NOT_IN_PREDECLARED_KEEP_PLAN	false
GSM8151757	ATCGATGGTCTGTTAG-1	NOT_IN_PREDECLARED_KEEP_PLAN	false
GSM8151757	ATCGATGTCAAGTCTG-1	NOT_IN_PREDECLARED_KEEP_PLAN	false
GSM8151757	ATCGATGTCGAAATCC-1	NOT_IN_PREDECLARED_KEEP_PLAN	false
GSM8151757	ATCGCCTCACTCATAG-1	NOT_IN_PREDECLARED_KEEP_PLAN	false
GSM8151757	ATCGCCTTCCTGCTAC-1	NOT_IN_PREDECLARED_KEEP_PLAN	false
GSM8151757	ATCGGATAGTGCAAAT-1	NOT_IN_PREDECLARED_KEEP_PLAN	false
GSM8151757	ATCGGATGTCGCTTAA-1	NOT_IN_PREDECLARED_KEEP_PLAN	false
GSM8151757	ATCGGATGTCGTGGAA-1	NOT_IN_PREDECLARED_KEEP_PLAN	false
GSM8151757	ATCGGATTCTGCTTTA-1	NOT_IN_PREDECLARED_KEEP_PLAN	false
GSM8151757	ATCGGCGAGCCTCAAT-1	NOT_IN_PREDECLARED_KEEP_PLAN	false
GSM8151757	ATCGGCGCATATGGCT-1	NOT_IN_PREDECLARED_KEEP_PLAN	false
GSM8151757	ATCGGCGGTGTATCCA-1	NOT_IN_PREDECLARED_KEEP_PLAN	false
GSM8151757	ATCGGCGTCTTAGCCC-1	NOT_IN_PREDECLARED_KEEP_PLAN	false
GSM8151757	ATCGTAGCAGGACTAG-1	NOT_IN_PREDECLARED_KEEP_PLAN	false
GSM8151757	ATCGTAGGTCACGTGC-1	NOT_IN_PREDECLARED_KEEP_PLAN	false
GSM8151757	ATCGTCCAGGGCTTCC-1	NOT_IN_PREDECLARED_KEEP_PLAN	false
GSM8151757	ATCGTCCCAATAACCC-1	NOT_IN_PREDECLARED_KEEP_PLAN	false
GSM8151757	ATCGTCCTCTTAGCCC-1	NOT_IN_PREDECLARED_KEEP_PLAN	false
GSM8151757	ATCTCTAAGATTGAGT-1	NOT_IN_PREDECLARED_KEEP_PLAN	false
GSM8151757	ATCTCTAGTTCTCCTG-1	NOT_IN_PREDECLARED_KEEP_PLAN	false
GSM8151757	ATCTCTATCTCCTGTG-1	NOT_IN_PREDECLARED_KEEP_PLAN	false
GSM8151757	ATGAAAGAGTTGGCTT-1	NOT_IN_PREDECLARED_KEEP_PLAN	false
GSM8151757	ATGAAAGGTTTGCCGG-1	NOT_IN_PREDECLARED_KEEP_PLAN	false
GSM8151757	ATGACCACAACGGTAG-1	NOT_IN_PREDECLARED_KEEP_PLAN	false
GSM8151757	ATGACCACATGAAGGC-1	NOT_IN_PREDECLARED_KEEP_PLAN	false
GSM8151757	ATGACCATCACTACGA-1	NOT_IN_PREDECLARED_KEEP_PLAN	false
GSM8151757	ATGAGGGCACCACTGG-1	NOT_IN_PREDECLARED_KEEP_PLAN	false
GSM8151757	ATGAGGGGTGATTCAC-1	NOT_IN_PREDECLARED_KEEP_PLAN	false
GSM8151757	ATGAGGGGTTCAAAGA-1	NOT_IN_PREDECLARED_KEEP_PLAN	false
GSM8151757	ATGAGTCAGCAGCGAT-1	NOT_IN_PREDECLARED_KEEP_PLAN	false
GSM8151757	ATGATCGCATACTTTC-1	NOT_IN_PREDECLARED_KEEP_PLAN	false
GSM8151757	ATGCATGAGACCACGA-1	NOT_IN_PREDECLARED_KEEP_PLAN	false
GSM8151757	ATGCATGAGGTGCTAG-1	NOT_IN_PREDECLARED_KEEP_PLAN	false
GSM8151757	ATGCCTCAGGCTCAAG-1	NOT_IN_PREDECLARED_KEEP_PLAN	false
GSM8151757	ATGCCTCTCTACGGGC-1	NOT_IN_PREDECLARED_KEEP_PLAN	false
GSM8151757	ATGGAGGTCACCTTGC-1	NOT_IN_PREDECLARED_KEEP_PLAN	false
GSM8151757	ATGGAGGTCTTCCCAG-1	NOT_IN_PREDECLARED_KEEP_PLAN	false
GSM8151757	ATGGATCCAGCACAAG-1	NOT_IN_PREDECLARED_KEEP_PLAN	false
GSM8151757	ATGGATCTCTAAGGAA-1	NOT_IN_PREDECLARED_KEEP_PLAN	false
GSM8151757	ATGGGAGAGCAACAGC-1	NOT_IN_PREDECLARED_KEEP_PLAN	false
GSM8151757	ATGGGAGTCACAATGC-1	NOT_IN_PREDECLARED_KEEP_PLAN	false
GSM8151757	ATGGTTGAGGGTTAAT-1	NOT_IN_PREDECLARED_KEEP_PLAN	false
GSM8151757	ATGGTTGTCGAGAACG-1	NOT_IN_PREDECLARED_KEEP_PLAN	false
GSM8151757	ATGTCCCAGCCAAGGT-1	NOT_IN_PREDECLARED_KEEP_PLAN	false
GSM8151757	ATGTCCCGTCCATAGT-1	NOT_IN_PREDECLARED_KEEP_PLAN	false
GSM8151757	ATGTCCCTCTACAGGT-1	NOT_IN_PREDECLARED_KEEP_PLAN	false
GSM8151757	ATGTCCCTCTATGTGG-1	NOT_IN_PREDECLARED_KEEP_PLAN	false
GSM8151757	ATGTCTTAGCACCGAA-1	NOT_IN_PREDECLARED_KEEP_PLAN	false
GSM8151757	ATGTCTTTCGCATGAT-1	NOT_IN_PREDECLARED_KEEP_PLAN	false
GSM8151757	ATTACCTAGCTGGAGT-1	NOT_IN_PREDECLARED_KEEP_PLAN	false
GSM8151757	ATTACCTTCAGACTGT-1	NOT_IN_PREDECLARED_KEEP_PLAN	false
GSM8151757	ATTACTCAGGGCAGAG-1	NOT_IN_PREDECLARED_KEEP_PLAN	false
GSM8151757	ATTACTCGTAGGAGTC-1	NOT_IN_PREDECLARED_KEEP_PLAN	false
GSM8151757	ATTATCCGTACAAAGT-1	NOT_IN_PREDECLARED_KEEP_PLAN	false
GSM8151757	ATTCACTCAAGTACCT-1	NOT_IN_PREDECLARED_KEEP_PLAN	false
GSM8151757	ATTCACTCACAATGTC-1	NOT_IN_PREDECLARED_KEEP_PLAN	false
GSM8151757	ATTCACTCATCGGTTA-1	NOT_IN_PREDECLARED_KEEP_PLAN	false
GSM8151757	ATTCACTTCGAATGCT-1	NOT_IN_PREDECLARED_KEEP_PLAN	false
GSM8151757	ATTCAGGAGGCACTAG-1	NOT_IN_PREDECLARED_KEEP_PLAN	false
GSM8151757	ATTCAGGTCTTGAGCA-1	NOT_IN_PREDECLARED_KEEP_PLAN	false
GSM8151757	ATTCATCAGAATAGTC-1	NOT_IN_PREDECLARED_KEEP_PLAN	false
GSM8151757	ATTCATCAGCGAGGAG-1	NOT_IN_PREDECLARED_KEEP_PLAN	false
GSM8151757	ATTCATCCAATTGTGC-1	NOT_IN_PREDECLARED_KEEP_PLAN	false
GSM8151757	ATTCCATAGAGTGACC-1	NOT_IN_PREDECLARED_KEEP_PLAN	false
GSM8151757	ATTCCCGCAAGCCATT-1	NOT_IN_PREDECLARED_KEEP_PLAN	false
GSM8151757	ATTCCTAGTAGTTACC-1	NOT_IN_PREDECLARED_KEEP_PLAN	false
GSM8151757	ATTCGTTTCACTTGTT-1	NOT_IN_PREDECLARED_KEEP_PLAN	false
GSM8151757	ATTCTACAGAACTTCC-1	NOT_IN_PREDECLARED_KEEP_PLAN	false
GSM8151757	ATTCTACAGATGACAT-1	NOT_IN_PREDECLARED_KEEP_PLAN	false
GSM8151757	ATTCTACAGTTTCGGT-1	NOT_IN_PREDECLARED_KEEP_PLAN	false
GSM8151757	ATTCTACCAATTCTCT-1	NOT_IN_PREDECLARED_KEEP_PLAN	false
GSM8151757	ATTCTACCAGACAAAT-1	NOT_IN_PREDECLARED_KEEP_PLAN	false
GSM8151757	ATTCTACCATGCAGGA-1	NOT_IN_PREDECLARED_KEEP_PLAN	false
GSM8151757	ATTCTTGCACCAAATC-1	NOT_IN_PREDECLARED_KEEP_PLAN	false
GSM8151757	ATTCTTGTCATGAGAA-1	NOT_IN_PREDECLARED_KEEP_PLAN	false
GSM8151757	ATTGGGTCATTCCTAT-1	NOT_IN_PREDECLARED_KEEP_PLAN	false
GSM8151757	ATTGGGTTCCACATAG-1	NOT_IN_PREDECLARED_KEEP_PLAN	false
GSM8151757	ATTGTTCGTGCGAGTA-1	NOT_IN_PREDECLARED_KEEP_PLAN	false
GSM8151757	ATTTACCAGACCAGCA-1	NOT_IN_PREDECLARED_KEEP_PLAN	false
GSM8151757	ATTTCACCAGCCTATA-1	NOT_IN_PREDECLARED_KEEP_PLAN	false
GSM8151757	ATTTCACCATGACTGT-1	NOT_IN_PREDECLARED_KEEP_PLAN	false
GSM8151757	ATTTCACGTCCTTTGC-1	NOT_IN_PREDECLARED_KEEP_PLAN	false
GSM8151757	ATTTCTGCAACAGTGG-1	NOT_IN_PREDECLARED_KEEP_PLAN	false
GSM8151757	ATTTCTGCAACTCGAT-1	NOT_IN_PREDECLARED_KEEP_PLAN	false
GSM8151757	CAAAGAAAGAAGCTGC-1	NOT_IN_PREDECLARED_KEEP_PLAN	false
GSM8151757	CAAAGAAAGAAGGTAG-1	NOT_IN_PREDECLARED_KEEP_PLAN	false
GSM8151757	CAAAGAAAGTTGCGCC-1	NOT_IN_PREDECLARED_KEEP_PLAN	false
GSM8151757	CAACAACAGAGTTGAT-1	NOT_IN_PREDECLARED_KEEP_PLAN	false
GSM8151757	CAACAACGTGATTGGG-1	NOT_IN_PREDECLARED_KEEP_PLAN	false
GSM8151757	CAACAACGTTAGGACG-1	NOT_IN_PREDECLARED_KEEP_PLAN	false
GSM8151757	CAACAGTTCAGAGCAG-1	NOT_IN_PREDECLARED_KEEP_PLAN	false
GSM8151757	CAACAGTTCATATGGC-1	NOT_IN_PREDECLARED_KEEP_PLAN	false
GSM8151757	CAACCAAAGATGGCAC-1	NOT_IN_PREDECLARED_KEEP_PLAN	false
GSM8151757	CAACCAAAGCATCAAA-1	NOT_IN_PREDECLARED_KEEP_PLAN	false
GSM8151757	CAACCAAAGTATGGAT-1	NOT_IN_PREDECLARED_KEEP_PLAN	false
GSM8151757	CAACCAATCCACGTGG-1	NOT_IN_PREDECLARED_KEEP_PLAN	false
GSM8151757	CAACCAATCGAATCCA-1	NOT_IN_PREDECLARED_KEEP_PLAN	false
GSM8151757	CAACCTCAGGGCTTCC-1	NOT_IN_PREDECLARED_KEEP_PLAN	false
GSM8151757	CAACCTCGTATGCTTG-1	NOT_IN_PREDECLARED_KEEP_PLAN	false
GSM8151757	CAACCTCTCTATTGTC-1	NOT_IN_PREDECLARED_KEEP_PLAN	false
GSM8151757	CAACGATAGCCATTGT-1	NOT_IN_PREDECLARED_KEEP_PLAN	false
GSM8151757	CAACGATCATGAAGCG-1	NOT_IN_PREDECLARED_KEEP_PLAN	false
GSM8151757	CAACGATGTGGCTACC-1	NOT_IN_PREDECLARED_KEEP_PLAN	false
GSM8151757	CAACGATTCGCAGATT-1	NOT_IN_PREDECLARED_KEEP_PLAN	false
GSM8151757	CAACGGCAGACTTCAC-1	NOT_IN_PREDECLARED_KEEP_PLAN	false
GSM8151757	CAAGACTTCCCGAAAT-1	NOT_IN_PREDECLARED_KEEP_PLAN	false
GSM8151757	CAAGAGGCAATAGTGA-1	NOT_IN_PREDECLARED_KEEP_PLAN	false
GSM8151757	CAAGAGGGTTCATCGA-1	NOT_IN_PREDECLARED_KEEP_PLAN	false
GSM8151757	CAAGCTAAGCTAGTTC-1	NOT_IN_PREDECLARED_KEEP_PLAN	false
GSM8151757	CAAGGGATCAACTTTC-1	NOT_IN_PREDECLARED_KEEP_PLAN	false
GSM8151757	CAAGGGATCTTGTTAC-1	NOT_IN_PREDECLARED_KEEP_PLAN	false
GSM8151757	CAATACGGTGCCTTCT-1	NOT_IN_PREDECLARED_KEEP_PLAN	false
GSM8151757	CAATACGTCTACACAG-1	NOT_IN_PREDECLARED_KEEP_PLAN	false
GSM8151757	CAATCGAAGTTCAACC-1	NOT_IN_PREDECLARED_KEEP_PLAN	false
GSM8151757	CAATCGACACCTCTAC-1	NOT_IN_PREDECLARED_KEEP_PLAN	false
GSM8151757	CAATCGAGTGCTGTCG-1	NOT_IN_PREDECLARED_KEEP_PLAN	false
GSM8151757	CAATGACAGCACCGTC-1	NOT_IN_PREDECLARED_KEEP_PLAN	false
GSM8151757	CAATGACAGGTACAGC-1	NOT_IN_PREDECLARED_KEEP_PLAN	false
GSM8151757	CAATGACCAAGCGGAT-1	NOT_IN_PREDECLARED_KEEP_PLAN	false
GSM8151757	CAATTTCAGCGCAATG-1	NOT_IN_PREDECLARED_KEEP_PLAN	false
GSM8151757	CAATTTCAGTTAGTGA-1	NOT_IN_PREDECLARED_KEEP_PLAN	false
GSM8151757	CAATTTCGTTCCGCAG-1	NOT_IN_PREDECLARED_KEEP_PLAN	false
GSM8151757	CAATTTCTCAGGCGAA-1	NOT_IN_PREDECLARED_KEEP_PLAN	false
GSM8151757	CACAACACATACCGTA-1	NOT_IN_PREDECLARED_KEEP_PLAN	false
GSM8151757	CACAACAGTACAAAGT-1	NOT_IN_PREDECLARED_KEEP_PLAN	false
GSM8151757	CACAACAGTAGTGTGG-1	NOT_IN_PREDECLARED_KEEP_PLAN	false
GSM8151757	CACAACAGTCCTTGTC-1	NOT_IN_PREDECLARED_KEEP_PLAN	false
GSM8151757	CACACAAAGCGAATGC-1	NOT_IN_PREDECLARED_KEEP_PLAN	false
GSM8151757	CACACAAGTGCCCAGT-1	NOT_IN_PREDECLARED_KEEP_PLAN	false
GSM8151757	CACACAATCCGAGGCT-1	NOT_IN_PREDECLARED_KEEP_PLAN	false
GSM8151757	CACATGATCGGTATGT-1	NOT_IN_PREDECLARED_KEEP_PLAN	false
GSM8151757	CACCAAAAGACTTCCA-1	NOT_IN_PREDECLARED_KEEP_PLAN	false
GSM8151757	CACCAAAAGAGAACCC-1	NOT_IN_PREDECLARED_KEEP_PLAN	false
GSM8151757	CACCAAAGTACCAGAG-1	NOT_IN_PREDECLARED_KEEP_PLAN	false
GSM8151757	CACCGTTCAAAGAGTT-1	NOT_IN_PREDECLARED_KEEP_PLAN	false
GSM8151757	CACCGTTCACAGTCAT-1	NOT_IN_PREDECLARED_KEEP_PLAN	false
GSM8151757	CACCGTTCAGTGTGCC-1	NOT_IN_PREDECLARED_KEEP_PLAN	false
GSM8151757	CACGAATGTGGAACCA-1	NOT_IN_PREDECLARED_KEEP_PLAN	false
GSM8151757	CACGGGTGTGAGTCAG-1	NOT_IN_PREDECLARED_KEEP_PLAN	false
GSM8151757	CACGTGGAGTGCACTT-1	NOT_IN_PREDECLARED_KEEP_PLAN	false
GSM8151757	CACGTGGCACGCAGTC-1	NOT_IN_PREDECLARED_KEEP_PLAN	false
GSM8151757	CACGTGGCACGTTGGC-1	NOT_IN_PREDECLARED_KEEP_PLAN	false
GSM8151757	CACGTGGCAGACCCGT-1	NOT_IN_PREDECLARED_KEEP_PLAN	false
GSM8151757	CACGTGGGTGTATACC-1	NOT_IN_PREDECLARED_KEEP_PLAN	false
GSM8151757	CACGTTCCACTCCACT-1	NOT_IN_PREDECLARED_KEEP_PLAN	false
GSM8151757	CACTAAGCACGTACAT-1	NOT_IN_PREDECLARED_KEEP_PLAN	false
GSM8151757	CACTAAGCACTGCTTC-1	NOT_IN_PREDECLARED_KEEP_PLAN	false
GSM8151757	CACTAAGGTCGCATCG-1	NOT_IN_PREDECLARED_KEEP_PLAN	false
GSM8151757	CACTAAGGTGGAACAC-1	NOT_IN_PREDECLARED_KEEP_PLAN	false
GSM8151757	CACTAAGTCCGCACGA-1	NOT_IN_PREDECLARED_KEEP_PLAN	false
GSM8151757	CACTAAGTCTCGGTCT-1	NOT_IN_PREDECLARED_KEEP_PLAN	false
GSM8151757	CACTGAAGTAATGCTC-1	NOT_IN_PREDECLARED_KEEP_PLAN	false
GSM8151757	CACTGGGCAGAATCGG-1	NOT_IN_PREDECLARED_KEEP_PLAN	false
GSM8151757	CACTGGGTCGTGGAAG-1	NOT_IN_PREDECLARED_KEEP_PLAN	false
GSM8151757	CACTGTCAGCCTCGTG-1	NOT_IN_PREDECLARED_KEEP_PLAN	false
GSM8151757	CACTGTCGTCCGGACT-1	NOT_IN_PREDECLARED_KEEP_PLAN	false
GSM8151757	CACTGTCTCCTCGATC-1	NOT_IN_PREDECLARED_KEEP_PLAN	false
GSM8151757	CACTGTCTCGGTAGGA-1	NOT_IN_PREDECLARED_KEEP_PLAN	false
GSM8151757	CACTGTCTCTCGGTCT-1	NOT_IN_PREDECLARED_KEEP_PLAN	false
GSM8151757	CACTTCGCATCCGTTC-1	NOT_IN_PREDECLARED_KEEP_PLAN	false
GSM8151757	CACTTCGTCAGCTTCC-1	NOT_IN_PREDECLARED_KEEP_PLAN	false
GSM8151757	CACTTCGTCGGCTATA-1	NOT_IN_PREDECLARED_KEEP_PLAN	false
GSM8151757	CACTTCGTCTCGACGG-1	NOT_IN_PREDECLARED_KEEP_PLAN	false
GSM8151757	CAGAGCCAGTAGCCAG-1	NOT_IN_PREDECLARED_KEEP_PLAN	false
GSM8151757	CAGAGCCGTGGATGAC-1	NOT_IN_PREDECLARED_KEEP_PLAN	false
GSM8151757	CAGAGCCTCGTCAAAC-1	NOT_IN_PREDECLARED_KEEP_PLAN	false
GSM8151757	CAGATACAGCCGGATA-1	NOT_IN_PREDECLARED_KEEP_PLAN	false
GSM8151757	CAGATACGTTGTTGCA-1	NOT_IN_PREDECLARED_KEEP_PLAN	false
GSM8151757	CAGATCAAGGGATCTG-1	NOT_IN_PREDECLARED_KEEP_PLAN	false
GSM8151757	CAGATCATCCGTACGG-1	NOT_IN_PREDECLARED_KEEP_PLAN	false
GSM8151757	CAGATCATCGTTCGCT-1	NOT_IN_PREDECLARED_KEEP_PLAN	false
GSM8151757	CAGATTGCAAGTGGGT-1	NOT_IN_PREDECLARED_KEEP_PLAN	false
GSM8151757	CAGATTGTCAGAGTGG-1	NOT_IN_PREDECLARED_KEEP_PLAN	false
GSM8151757	CAGATTGTCTAAACGC-1	NOT_IN_PREDECLARED_KEEP_PLAN	false
GSM8151757	CAGCAATCACAGCGCT-1	NOT_IN_PREDECLARED_KEEP_PLAN	false
GSM8151757	CAGCAATCACGTCGTG-1	NOT_IN_PREDECLARED_KEEP_PLAN	false
GSM8151757	CAGCAATTCCCGTTGT-1	NOT_IN_PREDECLARED_KEEP_PLAN	false
GSM8151757	CAGCACGAGCGGATCA-1	NOT_IN_PREDECLARED_KEEP_PLAN	false
GSM8151757	CAGCACGAGTGTTGAA-1	NOT_IN_PREDECLARED_KEEP_PLAN	false
GSM8151757	CAGCACGGTAGTCCTA-1	NOT_IN_PREDECLARED_KEEP_PLAN	false
GSM8151757	CAGCAGCAGAAATCCA-1	NOT_IN_PREDECLARED_KEEP_PLAN	false
GSM8151757	CAGCAGCAGCCACCGT-1	NOT_IN_PREDECLARED_KEEP_PLAN	false
GSM8151757	CAGCAGCCAGCAGAAC-1	NOT_IN_PREDECLARED_KEEP_PLAN	false
GSM8151757	CAGCAGCGTAGACGGT-1	NOT_IN_PREDECLARED_KEEP_PLAN	false
GSM8151757	CAGCCAGAGACGCAGT-1	NOT_IN_PREDECLARED_KEEP_PLAN	false
GSM8151757	CAGCCAGCAGTAACAA-1	NOT_IN_PREDECLARED_KEEP_PLAN	false
GSM8151757	CAGCCAGGTCCTATAG-1	NOT_IN_PREDECLARED_KEEP_PLAN	false
GSM8151757	CAGCGTGAGTATGCAA-1	NOT_IN_PREDECLARED_KEEP_PLAN	false
GSM8151757	CAGCGTGCACGACAGA-1	NOT_IN_PREDECLARED_KEEP_PLAN	false
GSM8151757	CAGGCCAAGCTCTTCC-1	NOT_IN_PREDECLARED_KEEP_PLAN	false
GSM8151757	CAGGGCTGTTAAACCC-1	NOT_IN_PREDECLARED_KEEP_PLAN	false
GSM8151757	CAGGGCTGTTCCCACT-1	NOT_IN_PREDECLARED_KEEP_PLAN	false
GSM8151757	CAGGTATCAGATGCGA-1	NOT_IN_PREDECLARED_KEEP_PLAN	false
GSM8151757	CAGTGCGAGGTTCAGG-1	NOT_IN_PREDECLARED_KEEP_PLAN	false
GSM8151757	CAGTGCGAGTAGGAAG-1	NOT_IN_PREDECLARED_KEEP_PLAN	false
GSM8151757	CAGTGCGCAGCTGAGA-1	NOT_IN_PREDECLARED_KEEP_PLAN	false
GSM8151757	CAGTGCGGTATGGAAT-1	NOT_IN_PREDECLARED_KEEP_PLAN	false
GSM8151757	CAGTTCCAGGGCATGT-1	NOT_IN_PREDECLARED_KEEP_PLAN	false
GSM8151757	CAGTTCCAGTCACGCC-1	NOT_IN_PREDECLARED_KEEP_PLAN	false
GSM8151757	CAGTTCCAGTCTACCA-1	NOT_IN_PREDECLARED_KEEP_PLAN	false
GSM8151757	CAGTTCCGTCTCTCAC-1	NOT_IN_PREDECLARED_KEEP_PLAN	false
GSM8151757	CAGTTCCGTTAACCTG-1	NOT_IN_PREDECLARED_KEEP_PLAN	false
GSM8151757	CAGTTCCTCACCTCGT-1	NOT_IN_PREDECLARED_KEEP_PLAN	false
GSM8151757	CATAAGCAGGTACCTT-1	NOT_IN_PREDECLARED_KEEP_PLAN	false
GSM8151757	CATAAGCCAAGTGGAC-1	NOT_IN_PREDECLARED_KEEP_PLAN	false
GSM8151757	CATAAGCCAGCAAGAC-1	NOT_IN_PREDECLARED_KEEP_PLAN	false
GSM8151757	CATACAGAGGTCGTGA-1	NOT_IN_PREDECLARED_KEEP_PLAN	false
GSM8151757	CATACAGGTCTGCAAT-1	NOT_IN_PREDECLARED_KEEP_PLAN	false
GSM8151757	CATACAGTCACAGAGG-1	NOT_IN_PREDECLARED_KEEP_PLAN	false
GSM8151757	CATACAGTCAGACCGC-1	NOT_IN_PREDECLARED_KEEP_PLAN	false
GSM8151757	CATACCCAGAGCATTA-1	NOT_IN_PREDECLARED_KEEP_PLAN	false
GSM8151757	CATACCCCACCAGCCA-1	NOT_IN_PREDECLARED_KEEP_PLAN	false
GSM8151757	CATACCCCACGCGTCA-1	NOT_IN_PREDECLARED_KEEP_PLAN	false
GSM8151757	CATACCCTCTACTATC-1	NOT_IN_PREDECLARED_KEEP_PLAN	false
GSM8151757	CATACTTAGAAGCGGG-1	NOT_IN_PREDECLARED_KEEP_PLAN	false
GSM8151757	CATACTTAGCGGACAT-1	NOT_IN_PREDECLARED_KEEP_PLAN	false
GSM8151757	CATACTTGTTAAGAAC-1	NOT_IN_PREDECLARED_KEEP_PLAN	false
GSM8151757	CATACTTTCTGGGCAC-1	NOT_IN_PREDECLARED_KEEP_PLAN	false
GSM8151757	CATAGACGTAGTTAGA-1	NOT_IN_PREDECLARED_KEEP_PLAN	false
GSM8151757	CATCAAGAGGGACACT-1	NOT_IN_PREDECLARED_KEEP_PLAN	false
GSM8151757	CATCAAGGTGATTAGA-1	NOT_IN_PREDECLARED_KEEP_PLAN	false
GSM8151757	CATCCACAGAGTGAAG-1	NOT_IN_PREDECLARED_KEEP_PLAN	false
GSM8151757	CATCCACGTGCAGTGA-1	NOT_IN_PREDECLARED_KEEP_PLAN	false
GSM8151757	CATCCCAAGGGATCAC-1	NOT_IN_PREDECLARED_KEEP_PLAN	false
GSM8151757	CATCCCAAGGGTATAT-1	NOT_IN_PREDECLARED_KEEP_PLAN	false
GSM8151757	CATCCCACAGGTCCGT-1	NOT_IN_PREDECLARED_KEEP_PLAN	false
GSM8151757	CATCCCATCAAGATAG-1	NOT_IN_PREDECLARED_KEEP_PLAN	false
GSM8151757	CATCCCATCGAGAAAT-1	NOT_IN_PREDECLARED_KEEP_PLAN	false
GSM8151757	CATCCGTTCCACAGCG-1	NOT_IN_PREDECLARED_KEEP_PLAN	false
GSM8151757	CATCCGTTCCGTGGCA-1	NOT_IN_PREDECLARED_KEEP_PLAN	false
GSM8151757	CATCGCTAGAATTCAG-1	NOT_IN_PREDECLARED_KEEP_PLAN	false
GSM8151757	CATCGCTAGTTGCCTA-1	NOT_IN_PREDECLARED_KEEP_PLAN	false
GSM8151757	CATCGCTCATCGGCCA-1	NOT_IN_PREDECLARED_KEEP_PLAN	false
GSM8151757	CATCGCTTCCTCGCAT-1	NOT_IN_PREDECLARED_KEEP_PLAN	false
GSM8151757	CATCGGGGTTTACTGG-1	NOT_IN_PREDECLARED_KEEP_PLAN	false
GSM8151757	CATCGTCGTCATCTAG-1	NOT_IN_PREDECLARED_KEEP_PLAN	false
GSM8151757	CATGAGTCAACGATTC-1	NOT_IN_PREDECLARED_KEEP_PLAN	false
GSM8151757	CATGAGTCATCGTGCG-1	NOT_IN_PREDECLARED_KEEP_PLAN	false
GSM8151757	CATGAGTGTGACCGTC-1	NOT_IN_PREDECLARED_KEEP_PLAN	false
GSM8151757	CATGAGTGTGCTGCAC-1	NOT_IN_PREDECLARED_KEEP_PLAN	false
GSM8151757	CATGCAACACTCCTTG-1	NOT_IN_PREDECLARED_KEEP_PLAN	false
GSM8151757	CATGCAAGTTGTTGTG-1	NOT_IN_PREDECLARED_KEEP_PLAN	false
GSM8151757	CATGCCTGTGGAGGTT-1	NOT_IN_PREDECLARED_KEEP_PLAN	false
GSM8151757	CATGCCTGTGTCCGTG-1	NOT_IN_PREDECLARED_KEEP_PLAN	false
GSM8151757	CATGCCTTCAGCACCG-1	NOT_IN_PREDECLARED_KEEP_PLAN	false
GSM8151757	CATGCCTTCCTGTAAG-1	NOT_IN_PREDECLARED_KEEP_PLAN	false
GSM8151757	CATGCGGAGCCACCGT-1	NOT_IN_PREDECLARED_KEEP_PLAN	false
GSM8151757	CATGCGGAGCGGTAGT-1	NOT_IN_PREDECLARED_KEEP_PLAN	false
GSM8151757	CATGCGGGTCGCAACC-1	NOT_IN_PREDECLARED_KEEP_PLAN	false
GSM8151757	CATGCGGGTTCAATCG-1	NOT_IN_PREDECLARED_KEEP_PLAN	false
GSM8151757	CATGCGGTCCGCGAGT-1	NOT_IN_PREDECLARED_KEEP_PLAN	false
GSM8151757	CATGCTCAGTGCACTT-1	NOT_IN_PREDECLARED_KEEP_PLAN	false
GSM8151757	CATGGTAAGTGCTACT-1	NOT_IN_PREDECLARED_KEEP_PLAN	false
GSM8151757	CATGGTACATCGGAGA-1	NOT_IN_PREDECLARED_KEEP_PLAN	false
GSM8151757	CATGGTAGTCCTACAA-1	NOT_IN_PREDECLARED_KEEP_PLAN	false
GSM8151757	CATTCATAGTAAACAC-1	NOT_IN_PREDECLARED_KEEP_PLAN	false
GSM8151757	CATTCATTCGGTATGT-1	NOT_IN_PREDECLARED_KEEP_PLAN	false
GSM8151757	CATTCCGCATATCTGG-1	NOT_IN_PREDECLARED_KEEP_PLAN	false
GSM8151757	CATTCCGGTCTAGGCC-1	NOT_IN_PREDECLARED_KEEP_PLAN	false
GSM8151757	CATTCTAAGGCTTAGG-1	NOT_IN_PREDECLARED_KEEP_PLAN	false
GSM8151757	CATTCTAAGTTTGAGA-1	NOT_IN_PREDECLARED_KEEP_PLAN	false
GSM8151757	CATTCTACAATCCTTT-1	NOT_IN_PREDECLARED_KEEP_PLAN	false
GSM8151757	CATTCTACACGTCTCT-1	NOT_IN_PREDECLARED_KEEP_PLAN	false
GSM8151757	CATTCTATCGTCCTCA-1	NOT_IN_PREDECLARED_KEEP_PLAN	false
GSM8151757	CATTGCCAGCCAAGCA-1	NOT_IN_PREDECLARED_KEEP_PLAN	false
GSM8151757	CATTGCCAGGCGTTGA-1	NOT_IN_PREDECLARED_KEEP_PLAN	false
GSM8151757	CATTGCCAGTCTGGTT-1	NOT_IN_PREDECLARED_KEEP_PLAN	false
GSM8151757	CATTGTTTCCACTAGA-1	NOT_IN_PREDECLARED_KEEP_PLAN	false
GSM8151757	CATTGTTTCGTGCTCT-1	NOT_IN_PREDECLARED_KEEP_PLAN	false
GSM8151757	CATTTCAAGGCTAGCA-1	NOT_IN_PREDECLARED_KEEP_PLAN	false
GSM8151757	CATTTCAGTATGTCAC-1	NOT_IN_PREDECLARED_KEEP_PLAN	false
GSM8151757	CATTTCAGTCTAGTGT-1	NOT_IN_PREDECLARED_KEEP_PLAN	false
GSM8151757	CCAAGCGGTCAGACTT-1	NOT_IN_PREDECLARED_KEEP_PLAN	false
GSM8151757	CCAAGCGTCTGCTTTA-1	NOT_IN_PREDECLARED_KEEP_PLAN	false
GSM8151757	CCAATGAAGGTGGTTG-1	NOT_IN_PREDECLARED_KEEP_PLAN	false
GSM8151757	CCAATGACATGCAGGA-1	NOT_IN_PREDECLARED_KEEP_PLAN	false
GSM8151757	CCAATTTTCGGATTAC-1	NOT_IN_PREDECLARED_KEEP_PLAN	false
GSM8151757	CCACAAACAACCGTAT-1	NOT_IN_PREDECLARED_KEEP_PLAN	false
GSM8151757	CCACAAACAGCAGATG-1	NOT_IN_PREDECLARED_KEEP_PLAN	false
GSM8151757	CCACAAAGTGTCATGT-1	NOT_IN_PREDECLARED_KEEP_PLAN	false
GSM8151757	CCACAAAGTTGGGTTT-1	NOT_IN_PREDECLARED_KEEP_PLAN	false
GSM8151757	CCACAAATCCTGGCTT-1	NOT_IN_PREDECLARED_KEEP_PLAN	false
GSM8151757	CCACACTAGTCAAGCG-1	NOT_IN_PREDECLARED_KEEP_PLAN	false
GSM8151757	CCACACTTCGGTATGT-1	NOT_IN_PREDECLARED_KEEP_PLAN	false
GSM8151757	CCACGAGAGCTACTAC-1	NOT_IN_PREDECLARED_KEEP_PLAN	false
GSM8151757	CCACGAGCAACTGAAA-1	NOT_IN_PREDECLARED_KEEP_PLAN	false
GSM8151757	CCACGAGCAAGACCTT-1	NOT_IN_PREDECLARED_KEEP_PLAN	false
GSM8151757	CCACGAGGTCGCGTCA-1	NOT_IN_PREDECLARED_KEEP_PLAN	false
GSM8151757	CCACGTTAGAGCCGTA-1	NOT_IN_PREDECLARED_KEEP_PLAN	false
GSM8151757	CCACGTTGTCCTACGG-1	NOT_IN_PREDECLARED_KEEP_PLAN	false
GSM8151757	CCACGTTTCCCGAATA-1	NOT_IN_PREDECLARED_KEEP_PLAN	false
GSM8151757	CCACTTGGTCACTCAA-1	NOT_IN_PREDECLARED_KEEP_PLAN	false
GSM8151757	CCACTTGGTGCCGTAC-1	NOT_IN_PREDECLARED_KEEP_PLAN	false
GSM8151757	CCATAAGCAACCACAT-1	NOT_IN_PREDECLARED_KEEP_PLAN	false
GSM8151757	CCATAAGGTCGTGCCA-1	NOT_IN_PREDECLARED_KEEP_PLAN	false
GSM8151757	CCATAAGTCCTGGGAC-1	NOT_IN_PREDECLARED_KEEP_PLAN	false
GSM8151757	CCATCACAGATGATTG-1	NOT_IN_PREDECLARED_KEEP_PLAN	false
GSM8151757	CCATCACGTTAGAAGT-1	NOT_IN_PREDECLARED_KEEP_PLAN	false
GSM8151757	CCATCACGTTCTGACA-1	NOT_IN_PREDECLARED_KEEP_PLAN	false
GSM8151757	CCCAACTCAGGTTCAT-1	NOT_IN_PREDECLARED_KEEP_PLAN	false
GSM8151757	CCCAACTCATGGGTCC-1	NOT_IN_PREDECLARED_KEEP_PLAN	false
GSM8151757	CCCATTGCAGCACCCA-1	NOT_IN_PREDECLARED_KEEP_PLAN	false
GSM8151757	CCCATTGGTCGAATTC-1	NOT_IN_PREDECLARED_KEEP_PLAN	false
GSM8151757	CCCGAAGGTTTGGGAG-1	NOT_IN_PREDECLARED_KEEP_PLAN	false
GSM8151757	CCCGGAAAGCGAAACC-1	NOT_IN_PREDECLARED_KEEP_PLAN	false
GSM8151757	CCCGGAAGTCATATGC-1	NOT_IN_PREDECLARED_KEEP_PLAN	false
GSM8151757	CCCGGAATCTACTATC-1	NOT_IN_PREDECLARED_KEEP_PLAN	false
GSM8151757	CCCTAACAGGTCACTT-1	NOT_IN_PREDECLARED_KEEP_PLAN	false
GSM8151757	CCCTAACTCACATTGG-1	NOT_IN_PREDECLARED_KEEP_PLAN	false
GSM8151757	CCCTCAATCAGGTAAA-1	NOT_IN_PREDECLARED_KEEP_PLAN	false
GSM8151757	CCCTCAATCTCGGCTT-1	NOT_IN_PREDECLARED_KEEP_PLAN	false
GSM8151757	CCCTCTCAGACCATGG-1	NOT_IN_PREDECLARED_KEEP_PLAN	false
GSM8151757	CCCTCTCTCGTGGGAA-1	NOT_IN_PREDECLARED_KEEP_PLAN	false
GSM8151757	CCCTGATAGCACTGGA-1	NOT_IN_PREDECLARED_KEEP_PLAN	false
GSM8151757	CCCTGATGTCACTACA-1	NOT_IN_PREDECLARED_KEEP_PLAN	false
GSM8151757	CCCTGATTCCGCTAGG-1	NOT_IN_PREDECLARED_KEEP_PLAN	false
GSM8151757	CCCTGATTCGAGTTGT-1	NOT_IN_PREDECLARED_KEEP_PLAN	false
GSM8151757	CCCTTAGGTACTAACC-1	NOT_IN_PREDECLARED_KEEP_PLAN	false
GSM8151757	CCGAACGCATATCTGG-1	NOT_IN_PREDECLARED_KEEP_PLAN	false
GSM8151757	CCGAACGGTTTGACAC-1	NOT_IN_PREDECLARED_KEEP_PLAN	false
GSM8151757	CCGATCTTCACATTGG-1	NOT_IN_PREDECLARED_KEEP_PLAN	false
GSM8151757	CCGATGGAGTCATCCA-1	NOT_IN_PREDECLARED_KEEP_PLAN	false
GSM8151757	CCGATGGGTATCGTGT-1	NOT_IN_PREDECLARED_KEEP_PLAN	false
GSM8151757	CCGCAAGAGGAATGTT-1	NOT_IN_PREDECLARED_KEEP_PLAN	false
GSM8151757	CCGCAAGCAAAGAGTT-1	NOT_IN_PREDECLARED_KEEP_PLAN	false
GSM8151757	CCGCAAGGTATGCTAC-1	NOT_IN_PREDECLARED_KEEP_PLAN	false
GSM8151757	CCGCAAGGTTGTGTTG-1	NOT_IN_PREDECLARED_KEEP_PLAN	false
GSM8151757	CCGCAAGTCGGCTTGG-1	NOT_IN_PREDECLARED_KEEP_PLAN	false
GSM8151757	CCGGGTATCGCGCTGA-1	NOT_IN_PREDECLARED_KEEP_PLAN	false
GSM8151757	CCGGTAGCAGAGACTG-1	NOT_IN_PREDECLARED_KEEP_PLAN	false
GSM8151757	CCGGTAGTCCCAGGAC-1	NOT_IN_PREDECLARED_KEEP_PLAN	false
GSM8151757	CCGGTGACATCCGGTG-1	NOT_IN_PREDECLARED_KEEP_PLAN	false
GSM8151757	CCGGTGAGTCGGCTAC-1	NOT_IN_PREDECLARED_KEEP_PLAN	false
GSM8151757	CCGTAGGCACACACGC-1	NOT_IN_PREDECLARED_KEEP_PLAN	false
GSM8151757	CCGTAGGGTGCAATGG-1	NOT_IN_PREDECLARED_KEEP_PLAN	false
GSM8151757	CCGTAGGTCCATCCGT-1	NOT_IN_PREDECLARED_KEEP_PLAN	false
GSM8151757	CCGTAGGTCGAGTGAG-1	NOT_IN_PREDECLARED_KEEP_PLAN	false
GSM8151757	CCGTGAGAGTATGCAA-1	NOT_IN_PREDECLARED_KEEP_PLAN	false
GSM8151757	CCGTGAGGTATCAAGA-1	NOT_IN_PREDECLARED_KEEP_PLAN	false
GSM8151757	CCGTGAGTCGAACTCA-1	NOT_IN_PREDECLARED_KEEP_PLAN	false
GSM8151757	CCGTTCAAGGTCCCGT-1	NOT_IN_PREDECLARED_KEEP_PLAN	false
GSM8151757	CCGTTCAGTAGCTGAG-1	NOT_IN_PREDECLARED_KEEP_PLAN	false
GSM8151757	CCTAACCTCTTCGTGC-1	NOT_IN_PREDECLARED_KEEP_PLAN	false
GSM8151757	CCTAAGAAGATAGCAT-1	NOT_IN_PREDECLARED_KEEP_PLAN	false
GSM8151757	CCTAAGAAGCGAGTCA-1	NOT_IN_PREDECLARED_KEEP_PLAN	false
GSM8151757	CCTACGTAGCATCGAG-1	NOT_IN_PREDECLARED_KEEP_PLAN	false
GSM8151757	CCTACGTCAGAGGAAA-1	NOT_IN_PREDECLARED_KEEP_PLAN	false
GSM8151757	CCTACGTTCCTTCTGG-1	NOT_IN_PREDECLARED_KEEP_PLAN	false
GSM8151757	CCTATCGAGCCACTCG-1	NOT_IN_PREDECLARED_KEEP_PLAN	false
GSM8151757	CCTATCGAGCGTATAA-1	NOT_IN_PREDECLARED_KEEP_PLAN	false
GSM8151757	CCTATCGCAACCGATT-1	NOT_IN_PREDECLARED_KEEP_PLAN	false
GSM8151757	CCTCAACGTAGGTAGC-1	NOT_IN_PREDECLARED_KEEP_PLAN	false
GSM8151757	CCTCAACGTATAGGGC-1	NOT_IN_PREDECLARED_KEEP_PLAN	false
GSM8151757	CCTCACAAGAAGCCAC-1	NOT_IN_PREDECLARED_KEEP_PLAN	false
GSM8151757	CCTCACAAGTCTAGCT-1	NOT_IN_PREDECLARED_KEEP_PLAN	false
GSM8151757	CCTCACAGTCCATCTC-1	NOT_IN_PREDECLARED_KEEP_PLAN	false
GSM8151757	CCTCATGAGGGTTAAT-1	NOT_IN_PREDECLARED_KEEP_PLAN	false
GSM8151757	CCTCATGCATGACGTT-1	NOT_IN_PREDECLARED_KEEP_PLAN	false
GSM8151757	CCTCATGGTCGCAGTC-1	NOT_IN_PREDECLARED_KEEP_PLAN	false
GSM8151757	CCTCATGGTGCGAGTA-1	NOT_IN_PREDECLARED_KEEP_PLAN	false
GSM8151757	CCTCATGGTTGTGTTG-1	NOT_IN_PREDECLARED_KEEP_PLAN	false
GSM8151757	CCTCATGTCCCGAATA-1	NOT_IN_PREDECLARED_KEEP_PLAN	false
GSM8151757	CCTCCAAAGTTCGGTT-1	NOT_IN_PREDECLARED_KEEP_PLAN	false
GSM8151757	CCTCCAATCCAAATGC-1	NOT_IN_PREDECLARED_KEEP_PLAN	false
GSM8151757	CCTCCTCCATAGTCAC-1	NOT_IN_PREDECLARED_KEEP_PLAN	false
GSM8151757	CCTCCTCCATTATGCG-1	NOT_IN_PREDECLARED_KEEP_PLAN	false
GSM8151757	CCTCTAGCACCGTGAC-1	NOT_IN_PREDECLARED_KEEP_PLAN	false
GSM8151757	CCTCTAGCACGACAGA-1	NOT_IN_PREDECLARED_KEEP_PLAN	false
GSM8151757	CCTCTAGTCCATACAG-1	NOT_IN_PREDECLARED_KEEP_PLAN	false
GSM8151757	CCTCTCCAGGCAGCTA-1	NOT_IN_PREDECLARED_KEEP_PLAN	false
GSM8151757	CCTCTCCGTTAGGAGC-1	NOT_IN_PREDECLARED_KEEP_PLAN	false
GSM8151757	CCTGCATGTTAGTCGT-1	NOT_IN_PREDECLARED_KEEP_PLAN	false
GSM8151757	CCTGTTGGTCACAGAG-1	NOT_IN_PREDECLARED_KEEP_PLAN	false
GSM8151757	CCTGTTGGTCGATTTG-1	NOT_IN_PREDECLARED_KEEP_PLAN	false
GSM8151757	CCTGTTGTCAGTCCGG-1	NOT_IN_PREDECLARED_KEEP_PLAN	false
GSM8151757	CCTGTTGTCCTTTAGT-1	NOT_IN_PREDECLARED_KEEP_PLAN	false
GSM8151757	CCTTCAGAGCTAGTTC-1	NOT_IN_PREDECLARED_KEEP_PLAN	false
GSM8151757	CCTTCAGGTCACTACA-1	NOT_IN_PREDECLARED_KEEP_PLAN	false
GSM8151757	CCTTCAGTCGTGTTCC-1	NOT_IN_PREDECLARED_KEEP_PLAN	false
GSM8151757	CCTTGTGCAGGCTACC-1	NOT_IN_PREDECLARED_KEEP_PLAN	false
GSM8151757	CCTTGTGCATCAGCTA-1	NOT_IN_PREDECLARED_KEEP_PLAN	false
GSM8151757	CCTTGTGGTTCCACAA-1	NOT_IN_PREDECLARED_KEEP_PLAN	false
GSM8151757	CCTTTGGAGGTAAGAG-1	NOT_IN_PREDECLARED_KEEP_PLAN	false
GSM8151757	CCTTTGGCAGCAGTAG-1	NOT_IN_PREDECLARED_KEEP_PLAN	false
GSM8151757	CCTTTGGGTCATTGCA-1	NOT_IN_PREDECLARED_KEEP_PLAN	false
GSM8151757	CGAAGGAAGGCTAAAT-1	NOT_IN_PREDECLARED_KEEP_PLAN	false
GSM8151757	CGAATTGAGACATCCT-1	NOT_IN_PREDECLARED_KEEP_PLAN	false
GSM8151757	CGACAGCCACACGCCA-1	NOT_IN_PREDECLARED_KEEP_PLAN	false
GSM8151757	CGACAGCGTCGAAACG-1	NOT_IN_PREDECLARED_KEEP_PLAN	false
GSM8151757	CGACAGCTCTTACCGC-1	NOT_IN_PREDECLARED_KEEP_PLAN	false
GSM8151757	CGAGAAGAGTAACCTC-1	NOT_IN_PREDECLARED_KEEP_PLAN	false
GSM8151757	CGAGAAGGTTGTAGCT-1	NOT_IN_PREDECLARED_KEEP_PLAN	false
GSM8151757	CGAGAAGTCGGACAAG-1	NOT_IN_PREDECLARED_KEEP_PLAN	false
GSM8151757	CGAGTGCAGTATGAGT-1	NOT_IN_PREDECLARED_KEEP_PLAN	false
GSM8151757	CGAGTTAAGTGATAGT-1	NOT_IN_PREDECLARED_KEEP_PLAN	false
GSM8151757	CGAGTTAGTTTCGGCG-1	NOT_IN_PREDECLARED_KEEP_PLAN	false
GSM8151757	CGATCGGCAAGATTGA-1	NOT_IN_PREDECLARED_KEEP_PLAN	false
GSM8151757	CGATCGGGTCCGCAGT-1	NOT_IN_PREDECLARED_KEEP_PLAN	false
GSM8151757	CGATCGGGTGGCGTAA-1	NOT_IN_PREDECLARED_KEEP_PLAN	false
GSM8151757	CGATGCGGTGAGGATC-1	NOT_IN_PREDECLARED_KEEP_PLAN	false
GSM8151757	CGATGCGTCCCGATCT-1	NOT_IN_PREDECLARED_KEEP_PLAN	false
GSM8151757	CGATGCGTCTTTCCGG-1	NOT_IN_PREDECLARED_KEEP_PLAN	false
GSM8151757	CGATGGCAGCACTAAA-1	NOT_IN_PREDECLARED_KEEP_PLAN	false
GSM8151757	CGATGGCAGCAGCACA-1	NOT_IN_PREDECLARED_KEEP_PLAN	false
GSM8151757	CGATGGCCAACCAGAG-1	NOT_IN_PREDECLARED_KEEP_PLAN	false
GSM8151757	CGCAGGTAGCGAAACC-1	NOT_IN_PREDECLARED_KEEP_PLAN	false
GSM8151757	CGCAGGTCAGATTAAG-1	NOT_IN_PREDECLARED_KEEP_PLAN	false
GSM8151757	CGCAGGTGTTAGTCGT-1	NOT_IN_PREDECLARED_KEEP_PLAN	false
GSM8151757	CGCATAATCATCTACT-1	NOT_IN_PREDECLARED_KEEP_PLAN	false
GSM8151757	CGCATGGGTTCTCAGA-1	NOT_IN_PREDECLARED_KEEP_PLAN	false
GSM8151757	CGCCAGAGTCTCAGGC-1	NOT_IN_PREDECLARED_KEEP_PLAN	false
GSM8151757	CGCCAGAGTGCAGGAT-1	NOT_IN_PREDECLARED_KEEP_PLAN	false
GSM8151757	CGCCAGAGTTCGCGTG-1	NOT_IN_PREDECLARED_KEEP_PLAN	false
GSM8151757	CGCCAGATCTCAACGA-1	NOT_IN_PREDECLARED_KEEP_PLAN	false
GSM8151757	CGCCATTCAAACAGGC-1	NOT_IN_PREDECLARED_KEEP_PLAN	false
GSM8151757	CGCCATTTCCAGCAAT-1	NOT_IN_PREDECLARED_KEEP_PLAN	false
GSM8151757	CGCCATTTCGTGGCGT-1	NOT_IN_PREDECLARED_KEEP_PLAN	false
GSM8151757	CGCCATTTCTATGTGG-1	NOT_IN_PREDECLARED_KEEP_PLAN	false
GSM8151757	CGCGTGAGTGATCATC-1	NOT_IN_PREDECLARED_KEEP_PLAN	false
GSM8151757	CGGAACCAGAAGCCAC-1	NOT_IN_PREDECLARED_KEEP_PLAN	false
GSM8151757	CGGAACCCAGCTGAAG-1	NOT_IN_PREDECLARED_KEEP_PLAN	false
GSM8151757	CGGAATTTCCGCATAA-1	NOT_IN_PREDECLARED_KEEP_PLAN	false
GSM8151757	CGGACACAGGTACAGC-1	NOT_IN_PREDECLARED_KEEP_PLAN	false
GSM8151757	CGGACACGTCTAGATC-1	NOT_IN_PREDECLARED_KEEP_PLAN	false
GSM8151757	CGGAGAACAGAGGCAT-1	NOT_IN_PREDECLARED_KEEP_PLAN	false
GSM8151757	CGGCAGTGTAATGCTC-1	NOT_IN_PREDECLARED_KEEP_PLAN	false
GSM8151757	CGGCAGTTCAGACAAA-1	NOT_IN_PREDECLARED_KEEP_PLAN	false
GSM8151757	CGGCAGTTCGCGCCAA-1	NOT_IN_PREDECLARED_KEEP_PLAN	false
GSM8151757	CGGGACTAGCGACTAG-1	NOT_IN_PREDECLARED_KEEP_PLAN	false
GSM8151757	CGGGACTTCAAGCGTT-1	NOT_IN_PREDECLARED_KEEP_PLAN	false
GSM8151757	CGGGCATAGTTCCATG-1	NOT_IN_PREDECLARED_KEEP_PLAN	false
GSM8151757	CGGGCATAGTTCCTGA-1	NOT_IN_PREDECLARED_KEEP_PLAN	false
GSM8151757	CGGGCATCAGCCGGTT-1	NOT_IN_PREDECLARED_KEEP_PLAN	false
GSM8151757	CGGGCATGTGAATGAT-1	NOT_IN_PREDECLARED_KEEP_PLAN	false
GSM8151757	CGGGTCACAAATAAGC-1	NOT_IN_PREDECLARED_KEEP_PLAN	false
GSM8151757	CGGGTCAGTCCTCCAT-1	NOT_IN_PREDECLARED_KEEP_PLAN	false
GSM8151757	CGGGTCAGTTGGACCC-1	NOT_IN_PREDECLARED_KEEP_PLAN	false
GSM8151757	CGGGTCATCTGAGCAT-1	NOT_IN_PREDECLARED_KEEP_PLAN	false
GSM8151757	CGGGTGTCATGACGAG-1	NOT_IN_PREDECLARED_KEEP_PLAN	false
GSM8151757	CGGGTGTCATGGAATA-1	NOT_IN_PREDECLARED_KEEP_PLAN	false
GSM8151757	CGGTCAGGTATGCTTG-1	NOT_IN_PREDECLARED_KEEP_PLAN	false
GSM8151757	CGTAAGTCACAATCTG-1	NOT_IN_PREDECLARED_KEEP_PLAN	false
GSM8151757	CGTAAGTGTAAGGAGA-1	NOT_IN_PREDECLARED_KEEP_PLAN	false
GSM8151757	CGTAAGTTCAATCCGA-1	NOT_IN_PREDECLARED_KEEP_PLAN	false
GSM8151757	CGTAATGAGTTTGTCG-1	NOT_IN_PREDECLARED_KEEP_PLAN	false
GSM8151757	CGTAGTAAGGTTATAG-1	NOT_IN_PREDECLARED_KEEP_PLAN	false
GSM8151757	CGTAGTAGTTACCCAA-1	NOT_IN_PREDECLARED_KEEP_PLAN	false
GSM8151757	CGTCAAAGTAGACGGT-1	NOT_IN_PREDECLARED_KEEP_PLAN	false
GSM8151757	CGTCAAATCAGCTCTC-1	NOT_IN_PREDECLARED_KEEP_PLAN	false
GSM8151757	CGTCCATCAACCGCTG-1	NOT_IN_PREDECLARED_KEEP_PLAN	false
GSM8151757	CGTGAATCAAGCGCTC-1	NOT_IN_PREDECLARED_KEEP_PLAN	false
GSM8151757	CGTGAATTCATGCCAA-1	NOT_IN_PREDECLARED_KEEP_PLAN	false
GSM8151757	CGTGATATCACCACAA-1	NOT_IN_PREDECLARED_KEEP_PLAN	false
GSM8151757	CGTGCTTAGTTGAAGT-1	NOT_IN_PREDECLARED_KEEP_PLAN	false
GSM8151757	CGTGCTTGTATTGAGA-1	NOT_IN_PREDECLARED_KEEP_PLAN	false
GSM8151757	CGTGTCTAGGTGCAGT-1	NOT_IN_PREDECLARED_KEEP_PLAN	false
GSM8151757	CGTGTCTCACCGGTCA-1	NOT_IN_PREDECLARED_KEEP_PLAN	false
GSM8151757	CGTTAGAAGCAGCCTC-1	NOT_IN_PREDECLARED_KEEP_PLAN	false
GSM8151757	CGTTAGAAGTATGGCG-1	NOT_IN_PREDECLARED_KEEP_PLAN	false
GSM8151757	CGTTCTGCAAAGGCTG-1	NOT_IN_PREDECLARED_KEEP_PLAN	false
GSM8151757	CGTTCTGTCTGCGGCA-1	NOT_IN_PREDECLARED_KEEP_PLAN	false
GSM8151757	CGTTGGGAGTCATAGA-1	NOT_IN_PREDECLARED_KEEP_PLAN	false
GSM8151757	CGTTGGGCACTGCGAC-1	NOT_IN_PREDECLARED_KEEP_PLAN	false
GSM8151757	CGTTGGGGTCAGACGA-1	NOT_IN_PREDECLARED_KEEP_PLAN	false
GSM8151757	CGTTGGGGTGACGTCC-1	NOT_IN_PREDECLARED_KEEP_PLAN	false
GSM8151757	CTAACCCAGAGCAGCT-1	NOT_IN_PREDECLARED_KEEP_PLAN	false
GSM8151757	CTAACCCTCTGTGCTC-1	NOT_IN_PREDECLARED_KEEP_PLAN	false
GSM8151757	CTAACTTCACCAATTG-1	NOT_IN_PREDECLARED_KEEP_PLAN	false
GSM8151757	CTAAGTGAGAAGCGAA-1	NOT_IN_PREDECLARED_KEEP_PLAN	false
GSM8151757	CTAAGTGCACATATGC-1	NOT_IN_PREDECLARED_KEEP_PLAN	false
GSM8151757	CTAAGTGTCATGGAGG-1	NOT_IN_PREDECLARED_KEEP_PLAN	false
GSM8151757	CTAAGTGTCATTACCT-1	NOT_IN_PREDECLARED_KEEP_PLAN	false
GSM8151757	CTAAGTGTCTGCGATA-1	NOT_IN_PREDECLARED_KEEP_PLAN	false
GSM8151757	CTACAGAAGACTGAGC-1	NOT_IN_PREDECLARED_KEEP_PLAN	false
GSM8151757	CTACAGAAGGCTTAAA-1	NOT_IN_PREDECLARED_KEEP_PLAN	false
GSM8151757	CTACAGAGTACCATAC-1	NOT_IN_PREDECLARED_KEEP_PLAN	false
GSM8151757	CTACAGAGTCTGATCA-1	NOT_IN_PREDECLARED_KEEP_PLAN	false
GSM8151757	CTACATTAGACCACGA-1	NOT_IN_PREDECLARED_KEEP_PLAN	false
GSM8151757	CTACATTCAATTTCTC-1	NOT_IN_PREDECLARED_KEEP_PLAN	false
GSM8151757	CTACCCAAGGTTCCAT-1	NOT_IN_PREDECLARED_KEEP_PLAN	false
GSM8151757	CTACCCACACTGATTG-1	NOT_IN_PREDECLARED_KEEP_PLAN	false
GSM8151757	CTACCCAGTATGACAA-1	NOT_IN_PREDECLARED_KEEP_PLAN	false
GSM8151757	CTACCCAGTCTGATAC-1	NOT_IN_PREDECLARED_KEEP_PLAN	false
GSM8151757	CTACCCATCGGACCAC-1	NOT_IN_PREDECLARED_KEEP_PLAN	false
GSM8151757	CTACCCATCTTTCTAG-1	NOT_IN_PREDECLARED_KEEP_PLAN	false
GSM8151757	CTACCTGAGAGAGCAA-1	NOT_IN_PREDECLARED_KEEP_PLAN	false
GSM8151757	CTACCTGCACCATAAC-1	NOT_IN_PREDECLARED_KEEP_PLAN	false
GSM8151757	CTACCTGGTTTCGTGA-1	NOT_IN_PREDECLARED_KEEP_PLAN	false
GSM8151757	CTACCTGTCACTGATG-1	NOT_IN_PREDECLARED_KEEP_PLAN	false
GSM8151757	CTACCTGTCCGTGTAA-1	NOT_IN_PREDECLARED_KEEP_PLAN	false
GSM8151757	CTACCTGTCTACCCAC-1	NOT_IN_PREDECLARED_KEEP_PLAN	false
GSM8151757	CTACGGGGTAACCAGG-1	NOT_IN_PREDECLARED_KEEP_PLAN	false
GSM8151757	CTACGGGGTGTAGCAG-1	NOT_IN_PREDECLARED_KEEP_PLAN	false
GSM8151757	CTACTATAGCTTGTTG-1	NOT_IN_PREDECLARED_KEEP_PLAN	false
GSM8151757	CTACTATTCAATCAGC-1	NOT_IN_PREDECLARED_KEEP_PLAN	false
GSM8151757	CTAGACAAGAGTTGTA-1	NOT_IN_PREDECLARED_KEEP_PLAN	false
GSM8151757	CTAGACAAGATTGTGA-1	NOT_IN_PREDECLARED_KEEP_PLAN	false
GSM8151757	CTAGACAGTCCCGCAA-1	NOT_IN_PREDECLARED_KEEP_PLAN	false
GSM8151757	CTAGACAGTGGACTGA-1	NOT_IN_PREDECLARED_KEEP_PLAN	false
GSM8151757	CTAGACAGTTCAGCTA-1	NOT_IN_PREDECLARED_KEEP_PLAN	false
GSM8151757	CTAGACATCACCGGGT-1	NOT_IN_PREDECLARED_KEEP_PLAN	false
GSM8151757	CTAGACATCCGTGTCT-1	NOT_IN_PREDECLARED_KEEP_PLAN	false
GSM8151757	CTAGACATCTAGATCG-1	NOT_IN_PREDECLARED_KEEP_PLAN	false
GSM8151757	CTAGACATCTATTCGT-1	NOT_IN_PREDECLARED_KEEP_PLAN	false
GSM8151757	CTAGACATCTGGCTGG-1	NOT_IN_PREDECLARED_KEEP_PLAN	false
GSM8151757	CTAGGTAAGTAACGTA-1	NOT_IN_PREDECLARED_KEEP_PLAN	false
GSM8151757	CTATAGGAGAGTCTGG-1	NOT_IN_PREDECLARED_KEEP_PLAN	false
GSM8151757	CTATAGGCAATAGTGA-1	NOT_IN_PREDECLARED_KEEP_PLAN	false
GSM8151757	CTATAGGGTTAGAAGT-1	NOT_IN_PREDECLARED_KEEP_PLAN	false
GSM8151757	CTATCCGCAAAGGATT-1	NOT_IN_PREDECLARED_KEEP_PLAN	false
GSM8151757	CTATCTACATCGAACT-1	NOT_IN_PREDECLARED_KEEP_PLAN	false
GSM8151757	CTATCTAGTAGTAAGT-1	NOT_IN_PREDECLARED_KEEP_PLAN	false
GSM8151757	CTCAACCCAGAGCCCT-1	NOT_IN_PREDECLARED_KEEP_PLAN	false
GSM8151757	CTCAACCTCGTTTACT-1	NOT_IN_PREDECLARED_KEEP_PLAN	false
GSM8151757	CTCAATTAGTTGTACC-1	NOT_IN_PREDECLARED_KEEP_PLAN	false
GSM8151757	CTCACTGAGACCCTTA-1	NOT_IN_PREDECLARED_KEEP_PLAN	false
GSM8151757	CTCACTGGTACGCGTC-1	NOT_IN_PREDECLARED_KEEP_PLAN	false
GSM8151757	CTCAGAAAGCATCTTG-1	NOT_IN_PREDECLARED_KEEP_PLAN	false
GSM8151757	CTCAGAAAGCTTCGTA-1	NOT_IN_PREDECLARED_KEEP_PLAN	false
GSM8151757	CTCAGAACAATTGAAG-1	NOT_IN_PREDECLARED_KEEP_PLAN	false
GSM8151757	CTCAGAACACTTGTCC-1	NOT_IN_PREDECLARED_KEEP_PLAN	false
GSM8151757	CTCAGAATCATGCCAA-1	NOT_IN_PREDECLARED_KEEP_PLAN	false
GSM8151757	CTCAGGGAGCTAAGTA-1	NOT_IN_PREDECLARED_KEEP_PLAN	false
GSM8151757	CTCAGGGCACGGTGCT-1	NOT_IN_PREDECLARED_KEEP_PLAN	false
GSM8151757	CTCAGGGGTGGTCCGT-1	NOT_IN_PREDECLARED_KEEP_PLAN	false
GSM8151757	CTCAGTCAGCGGGTAT-1	NOT_IN_PREDECLARED_KEEP_PLAN	false
GSM8151757	CTCAGTCTCTCGGGAC-1	NOT_IN_PREDECLARED_KEEP_PLAN	false
GSM8151757	CTCAGTCTCTGGGCGT-1	NOT_IN_PREDECLARED_KEEP_PLAN	false
GSM8151757	CTCATCGGTCACTAGT-1	NOT_IN_PREDECLARED_KEEP_PLAN	false
GSM8151757	CTCATGCAGATGAATC-1	NOT_IN_PREDECLARED_KEEP_PLAN	false
GSM8151757	CTCATGCCACCGGAAA-1	NOT_IN_PREDECLARED_KEEP_PLAN	false
GSM8151757	CTCATGCCAGTGCGCT-1	NOT_IN_PREDECLARED_KEEP_PLAN	false
GSM8151757	CTCATGCTCGCCCAGA-1	NOT_IN_PREDECLARED_KEEP_PLAN	false
GSM8151757	CTCATTAAGGCTTAAA-1	NOT_IN_PREDECLARED_KEEP_PLAN	false
GSM8151757	CTCATTAGTTCAGTAC-1	NOT_IN_PREDECLARED_KEEP_PLAN	false
GSM8151757	CTCCAACCAGACGATG-1	NOT_IN_PREDECLARED_KEEP_PLAN	false
GSM8151757	CTCCACAAGTGATTCC-1	NOT_IN_PREDECLARED_KEEP_PLAN	false
GSM8151757	CTCCACACAAGCGCAA-1	NOT_IN_PREDECLARED_KEEP_PLAN	false
GSM8151757	CTCCACAGTATCTCGA-1	NOT_IN_PREDECLARED_KEEP_PLAN	false
GSM8151757	CTCCACAGTGTACATC-1	NOT_IN_PREDECLARED_KEEP_PLAN	false
GSM8151757	CTCCATGAGGCATGGT-1	NOT_IN_PREDECLARED_KEEP_PLAN	false
GSM8151757	CTCCATGGTGACTCGC-1	NOT_IN_PREDECLARED_KEEP_PLAN	false
GSM8151757	CTCCATGGTTTCCATT-1	NOT_IN_PREDECLARED_KEEP_PLAN	false
GSM8151757	CTCCATGTCTCACCCA-1	NOT_IN_PREDECLARED_KEEP_PLAN	false
GSM8151757	CTCCCAAGTAATCAGA-1	NOT_IN_PREDECLARED_KEEP_PLAN	false
GSM8151757	CTCCCAAGTATGGGAC-1	NOT_IN_PREDECLARED_KEEP_PLAN	false
GSM8151757	CTCCCTCCAGGAGGTT-1	NOT_IN_PREDECLARED_KEEP_PLAN	false
GSM8151757	CTCCGATCATCGTTCC-1	NOT_IN_PREDECLARED_KEEP_PLAN	false
GSM8151757	CTCCGATGTAACATGA-1	NOT_IN_PREDECLARED_KEEP_PLAN	false
GSM8151757	CTCCGATGTTAAGTCC-1	NOT_IN_PREDECLARED_KEEP_PLAN	false
GSM8151757	CTCCTCCCAAAGTGTA-1	NOT_IN_PREDECLARED_KEEP_PLAN	false
GSM8151757	CTCCTCCCATTGGATC-1	NOT_IN_PREDECLARED_KEEP_PLAN	false
GSM8151757	CTCCTCCGTGTTCAGT-1	NOT_IN_PREDECLARED_KEEP_PLAN	false
GSM8151757	CTCCTTTTCCCTTTGG-1	NOT_IN_PREDECLARED_KEEP_PLAN	false
GSM8151757	CTCCTTTTCGTTCTGC-1	NOT_IN_PREDECLARED_KEEP_PLAN	false
GSM8151757	CTCGAGGAGACTCTAC-1	NOT_IN_PREDECLARED_KEEP_PLAN	false
GSM8151757	CTCGAGGTCCGGTAAT-1	NOT_IN_PREDECLARED_KEEP_PLAN	false
GSM8151757	CTCTCAGAGGACGCTA-1	NOT_IN_PREDECLARED_KEEP_PLAN	false
GSM8151757	CTCTCAGAGTTCCATG-1	NOT_IN_PREDECLARED_KEEP_PLAN	false
GSM8151757	CTCTCAGCACGCGCTA-1	NOT_IN_PREDECLARED_KEEP_PLAN	false
GSM8151757	CTCTCAGGTCGGTGAA-1	NOT_IN_PREDECLARED_KEEP_PLAN	false
GSM8151757	CTCTCAGTCTCGGTCT-1	NOT_IN_PREDECLARED_KEEP_PLAN	false
GSM8151757	CTCTGGTAGAGTGTGC-1	NOT_IN_PREDECLARED_KEEP_PLAN	false
GSM8151757	CTCTGGTAGGTCGAGT-1	NOT_IN_PREDECLARED_KEEP_PLAN	false
GSM8151757	CTCTGGTCACGACCTG-1	NOT_IN_PREDECLARED_KEEP_PLAN	false
GSM8151757	CTCTGGTCATTGAGGG-1	NOT_IN_PREDECLARED_KEEP_PLAN	false
GSM8151757	CTGAATGCAGATTCGT-1	NOT_IN_PREDECLARED_KEEP_PLAN	false
GSM8151757	CTGAATGGTCAGGAGT-1	NOT_IN_PREDECLARED_KEEP_PLAN	false
GSM8151757	CTGAGCGCATCAGTCA-1	NOT_IN_PREDECLARED_KEEP_PLAN	false
GSM8151757	CTGAGCGGTTGCCGCA-1	NOT_IN_PREDECLARED_KEEP_PLAN	false
GSM8151757	CTGAGGCAGTCACTAC-1	NOT_IN_PREDECLARED_KEEP_PLAN	false
GSM8151757	CTGATCCGTTCGAGCC-1	NOT_IN_PREDECLARED_KEEP_PLAN	false
GSM8151757	CTGATCCTCACCTGGG-1	NOT_IN_PREDECLARED_KEEP_PLAN	false
GSM8151757	CTGCATCTCTGTGTGA-1	NOT_IN_PREDECLARED_KEEP_PLAN	false
GSM8151757	CTGCCATGTGCGAGTA-1	NOT_IN_PREDECLARED_KEEP_PLAN	false
GSM8151757	CTGCCATTCCTTGAAG-1	NOT_IN_PREDECLARED_KEEP_PLAN	false
GSM8151757	CTGCCTAAGAAGAACG-1	NOT_IN_PREDECLARED_KEEP_PLAN	false
GSM8151757	CTGCCTACACGCCAGT-1	NOT_IN_PREDECLARED_KEEP_PLAN	false
GSM8151757	CTGCCTATCCTGTAGA-1	NOT_IN_PREDECLARED_KEEP_PLAN	false
GSM8151757	CTGCGAGGTGGGTCAA-1	NOT_IN_PREDECLARED_KEEP_PLAN	false
GSM8151757	CTGCGAGTCTCCACTG-1	NOT_IN_PREDECLARED_KEEP_PLAN	false
GSM8151757	CTGCTCATCGGAGATG-1	NOT_IN_PREDECLARED_KEEP_PLAN	false
GSM8151757	CTGGACGAGGTAAGTT-1	NOT_IN_PREDECLARED_KEEP_PLAN	false
GSM8151757	CTGGACGGTAGATCGG-1	NOT_IN_PREDECLARED_KEEP_PLAN	false
GSM8151757	CTGGCAGAGGCGCTCT-1	NOT_IN_PREDECLARED_KEEP_PLAN	false
GSM8151757	CTGGCAGAGTTATGGA-1	NOT_IN_PREDECLARED_KEEP_PLAN	false
GSM8151757	CTGGCAGAGTTCATCG-1	NOT_IN_PREDECLARED_KEEP_PLAN	false
GSM8151757	CTGGCAGCAACCAGAG-1	NOT_IN_PREDECLARED_KEEP_PLAN	false
GSM8151757	CTGGCAGCACACACGC-1	NOT_IN_PREDECLARED_KEEP_PLAN	false
GSM8151757	CTGGCAGCATCCGTGG-1	NOT_IN_PREDECLARED_KEEP_PLAN	false
GSM8151757	CTGGCAGCATGACACT-1	NOT_IN_PREDECLARED_KEEP_PLAN	false
GSM8151757	CTGGCAGTCACGTCCT-1	NOT_IN_PREDECLARED_KEEP_PLAN	false
GSM8151757	CTGGTCTCAAGTCCAT-1	NOT_IN_PREDECLARED_KEEP_PLAN	false
GSM8151757	CTGGTCTGTCGTCATA-1	NOT_IN_PREDECLARED_KEEP_PLAN	false
GSM8151757	CTGTACCAGCTGGCTC-1	NOT_IN_PREDECLARED_KEEP_PLAN	false
GSM8151757	CTGTACCGTGTATTCG-1	NOT_IN_PREDECLARED_KEEP_PLAN	false
GSM8151757	CTGTAGAAGTTCTCTT-1	NOT_IN_PREDECLARED_KEEP_PLAN	false
GSM8151757	CTGTAGATCCCTCGTA-1	NOT_IN_PREDECLARED_KEEP_PLAN	false
GSM8151757	CTGTATTAGATCCGAG-1	NOT_IN_PREDECLARED_KEEP_PLAN	false
GSM8151757	CTGTATTCAAACCATC-1	NOT_IN_PREDECLARED_KEEP_PLAN	false
GSM8151757	CTGTATTTCCTACGGG-1	NOT_IN_PREDECLARED_KEEP_PLAN	false
GSM8151757	CTGTCGTAGTCTCTGA-1	NOT_IN_PREDECLARED_KEEP_PLAN	false
GSM8151757	CTGTCGTGTTGGCTAT-1	NOT_IN_PREDECLARED_KEEP_PLAN	false
GSM8151757	CTGTGAAAGGCGAAGG-1	NOT_IN_PREDECLARED_KEEP_PLAN	false
GSM8151757	CTGTGAAGTCTTGTCC-1	NOT_IN_PREDECLARED_KEEP_PLAN	false
GSM8151757	CTGTGAATCAGTGTCA-1	NOT_IN_PREDECLARED_KEEP_PLAN	false
GSM8151757	CTGTGAATCTTCACAT-1	NOT_IN_PREDECLARED_KEEP_PLAN	false
GSM8151757	CTGTGGGAGGGCTTCC-1	NOT_IN_PREDECLARED_KEEP_PLAN	false
GSM8151757	CTGTGGGTCGTGTCAA-1	NOT_IN_PREDECLARED_KEEP_PLAN	false
GSM8151757	CTTACCGTCTTAGCTT-1	NOT_IN_PREDECLARED_KEEP_PLAN	false
GSM8151757	CTTAGGAGTAGTACGG-1	NOT_IN_PREDECLARED_KEEP_PLAN	false
GSM8151757	CTTCAATAGAGTTCGG-1	NOT_IN_PREDECLARED_KEEP_PLAN	false
GSM8151757	CTTCAATAGATGCTTC-1	NOT_IN_PREDECLARED_KEEP_PLAN	false
GSM8151757	CTTCCGACAGCAGAAC-1	NOT_IN_PREDECLARED_KEEP_PLAN	false
GSM8151757	CTTCCGAGTGACAGCA-1	NOT_IN_PREDECLARED_KEEP_PLAN	false
GSM8151757	CTTCCTTAGTTGAAGT-1	NOT_IN_PREDECLARED_KEEP_PLAN	false
GSM8151757	CTTCCTTCAGCGCTTG-1	NOT_IN_PREDECLARED_KEEP_PLAN	false
GSM8151757	CTTCCTTGTACAGGTG-1	NOT_IN_PREDECLARED_KEEP_PLAN	false
GSM8151757	CTTCCTTTCTCAATCT-1	NOT_IN_PREDECLARED_KEEP_PLAN	false
GSM8151757	CTTCGGTAGATAGCTA-1	NOT_IN_PREDECLARED_KEEP_PLAN	false
GSM8151757	CTTCTAACACTACAGT-1	NOT_IN_PREDECLARED_KEEP_PLAN	false
GSM8151757	CTTCTAATCAATCGGT-1	NOT_IN_PREDECLARED_KEEP_PLAN	false
GSM8151757	CTTCTCTCACCCAACG-1	NOT_IN_PREDECLARED_KEEP_PLAN	false
GSM8151757	CTTCTCTCATGGTACT-1	NOT_IN_PREDECLARED_KEEP_PLAN	false
GSM8151757	CTTCTCTTCTCCCTAG-1	NOT_IN_PREDECLARED_KEEP_PLAN	false
GSM8151757	CTTGAGACACATATGC-1	NOT_IN_PREDECLARED_KEEP_PLAN	false
GSM8151757	CTTGATTGTAGAGTTA-1	NOT_IN_PREDECLARED_KEEP_PLAN	false
GSM8151757	CTTTCAAAGATGTTCC-1	NOT_IN_PREDECLARED_KEEP_PLAN	false
GSM8151757	CTTTCAAGTAAGTTAG-1	NOT_IN_PREDECLARED_KEEP_PLAN	false
GSM8151757	CTTTCAATCACTCGAA-1	NOT_IN_PREDECLARED_KEEP_PLAN	false
GSM8151757	CTTTCGGGTTCGAAGG-1	NOT_IN_PREDECLARED_KEEP_PLAN	false
GSM8151757	GAAACCTAGTTGCCTA-1	NOT_IN_PREDECLARED_KEEP_PLAN	false
GSM8151757	GAAACCTCAAATCGGG-1	NOT_IN_PREDECLARED_KEEP_PLAN	false
GSM8151757	GAAACCTTCTCTCCGA-1	NOT_IN_PREDECLARED_KEEP_PLAN	false
GSM8151757	GAAATGAAGAAGCGGG-1	NOT_IN_PREDECLARED_KEEP_PLAN	false
GSM8151757	GAAATGATCAACTACG-1	NOT_IN_PREDECLARED_KEEP_PLAN	false
GSM8151757	GAACACTAGCACACCC-1	NOT_IN_PREDECLARED_KEEP_PLAN	false
GSM8151757	GAACACTGTCCACACG-1	NOT_IN_PREDECLARED_KEEP_PLAN	false
GSM8151757	GAACACTTCAACCTCC-1	NOT_IN_PREDECLARED_KEEP_PLAN	false
GSM8151757	GAACGTTGTGATACAA-1	NOT_IN_PREDECLARED_KEEP_PLAN	false
GSM8151757	GAACGTTGTTGGATCT-1	NOT_IN_PREDECLARED_KEEP_PLAN	false
GSM8151757	GAACGTTTCACCCATC-1	NOT_IN_PREDECLARED_KEEP_PLAN	false
GSM8151757	GAACGTTTCAGCTGTA-1	NOT_IN_PREDECLARED_KEEP_PLAN	false
GSM8151757	GAACTGTCACGGTAGA-1	NOT_IN_PREDECLARED_KEEP_PLAN	false
GSM8151757	GAACTGTTCGGCGATC-1	NOT_IN_PREDECLARED_KEEP_PLAN	false
GSM8151757	GAAGAATGTTCTTGCC-1	NOT_IN_PREDECLARED_KEEP_PLAN	false
GSM8151757	GAAGCCCCATGAGATA-1	NOT_IN_PREDECLARED_KEEP_PLAN	false
GSM8151757	GAAGCGAAGAGGGTCT-1	NOT_IN_PREDECLARED_KEEP_PLAN	false
GSM8151757	GAAGCGAAGGCTTAGG-1	NOT_IN_PREDECLARED_KEEP_PLAN	false
GSM8151757	GAAGCGAGTAACGGTG-1	NOT_IN_PREDECLARED_KEEP_PLAN	false
GSM8151757	GAAGGGTTCAAGAGTA-1	NOT_IN_PREDECLARED_KEEP_PLAN	false
GSM8151757	GAAGTAATCGTCCATC-1	NOT_IN_PREDECLARED_KEEP_PLAN	false
GSM8151757	GAATAGATCTAGCCTC-1	NOT_IN_PREDECLARED_KEEP_PLAN	false
GSM8151757	GAATCACAGAACGTGC-1	NOT_IN_PREDECLARED_KEEP_PLAN	false
GSM8151757	GAATCACAGAGCCTGA-1	NOT_IN_PREDECLARED_KEEP_PLAN	false
GSM8151757	GAATCACAGTCCTGCG-1	NOT_IN_PREDECLARED_KEEP_PLAN	false
GSM8151757	GAATCGTAGTTCATGC-1	NOT_IN_PREDECLARED_KEEP_PLAN	false
GSM8151757	GAATCGTCACCGTCTT-1	NOT_IN_PREDECLARED_KEEP_PLAN	false
GSM8151757	GAATCGTCAGACCTGC-1	NOT_IN_PREDECLARED_KEEP_PLAN	false
GSM8151757	GAATCGTGTCGTGATT-1	NOT_IN_PREDECLARED_KEEP_PLAN	false
GSM8151757	GAATCGTGTGCTTCAA-1	NOT_IN_PREDECLARED_KEEP_PLAN	false
GSM8151757	GAATCGTTCCCTTGTG-1	NOT_IN_PREDECLARED_KEEP_PLAN	false
GSM8151757	GACACGCAGATGGTCG-1	NOT_IN_PREDECLARED_KEEP_PLAN	false
GSM8151757	GACACGCAGGAATGTT-1	NOT_IN_PREDECLARED_KEEP_PLAN	false
GSM8151757	GACACGCTCATGCCCT-1	NOT_IN_PREDECLARED_KEEP_PLAN	false
GSM8151757	GACAGCCAGCGAATGC-1	NOT_IN_PREDECLARED_KEEP_PLAN	false
GSM8151757	GACAGCCAGGCGAACT-1	NOT_IN_PREDECLARED_KEEP_PLAN	false
GSM8151757	GACAGCCGTACGATTC-1	NOT_IN_PREDECLARED_KEEP_PLAN	false
GSM8151757	GACATCAAGAGAAGGT-1	NOT_IN_PREDECLARED_KEEP_PLAN	false
GSM8151757	GACATCAAGTTTGTCG-1	NOT_IN_PREDECLARED_KEEP_PLAN	false
GSM8151757	GACATCATCCACGTGG-1	NOT_IN_PREDECLARED_KEEP_PLAN	false
GSM8151757	GACATCATCGCTGATA-1	NOT_IN_PREDECLARED_KEEP_PLAN	false
GSM8151757	GACCAATCAGTTCCAA-1	NOT_IN_PREDECLARED_KEEP_PLAN	false
GSM8151757	GACCAATCATATGGCT-1	NOT_IN_PREDECLARED_KEEP_PLAN	false
GSM8151757	GACCAATTCGCGGACT-1	NOT_IN_PREDECLARED_KEEP_PLAN	false
GSM8151757	GACCCAGAGGGACACT-1	NOT_IN_PREDECLARED_KEEP_PLAN	false
GSM8151757	GACCCAGGTACGATGG-1	NOT_IN_PREDECLARED_KEEP_PLAN	false
GSM8151757	GACCCAGGTGACTGAG-1	NOT_IN_PREDECLARED_KEEP_PLAN	false
GSM8151757	GACCCTTAGATACGAT-1	NOT_IN_PREDECLARED_KEEP_PLAN	false
GSM8151757	GACCCTTAGCAGCCTC-1	NOT_IN_PREDECLARED_KEEP_PLAN	false
GSM8151757	GACCCTTTCTGGACCG-1	NOT_IN_PREDECLARED_KEEP_PLAN	false
GSM8151757	GACCGTGAGTTTCGAC-1	NOT_IN_PREDECLARED_KEEP_PLAN	false
GSM8151757	GACCGTGTCAAGTCTG-1	NOT_IN_PREDECLARED_KEEP_PLAN	false
GSM8151757	GACCGTGTCCCTATTA-1	NOT_IN_PREDECLARED_KEEP_PLAN	false
GSM8151757	GACCTTCAGATAACGT-1	NOT_IN_PREDECLARED_KEEP_PLAN	false
GSM8151757	GACCTTCGTTGCCAAT-1	NOT_IN_PREDECLARED_KEEP_PLAN	false
GSM8151757	GACCTTCTCCGATCTC-1	NOT_IN_PREDECLARED_KEEP_PLAN	false
GSM8151757	GACGCTGAGCGAGTAC-1	NOT_IN_PREDECLARED_KEEP_PLAN	false
GSM8151757	GACGCTGCAAGCGCAA-1	NOT_IN_PREDECLARED_KEEP_PLAN	false
GSM8151757	GACGCTGCAATCCTAG-1	NOT_IN_PREDECLARED_KEEP_PLAN	false
GSM8151757	GACGCTGCACCCAACG-1	NOT_IN_PREDECLARED_KEEP_PLAN	false
GSM8151757	GACGCTGGTTCAGTAC-1	NOT_IN_PREDECLARED_KEEP_PLAN	false
GSM8151757	GACGTTACAATGGCAG-1	NOT_IN_PREDECLARED_KEEP_PLAN	false
GSM8151757	GACTCTCCATCCGATA-1	NOT_IN_PREDECLARED_KEEP_PLAN	false
GSM8151757	GACTCTCGTGCATCTA-1	NOT_IN_PREDECLARED_KEEP_PLAN	false
GSM8151757	GACTCTCTCCCTTGGT-1	NOT_IN_PREDECLARED_KEEP_PLAN	false
GSM8151757	GACTCTCTCCGTTTCG-1	NOT_IN_PREDECLARED_KEEP_PLAN	false
GSM8151757	GACTCTCTCTGAGGTT-1	NOT_IN_PREDECLARED_KEEP_PLAN	false
GSM8151757	GACTGATCAAGCGCAA-1	NOT_IN_PREDECLARED_KEEP_PLAN	false
GSM8151757	GACTGATCACGTCGGT-1	NOT_IN_PREDECLARED_KEEP_PLAN	false
GSM8151757	GACTGATGTCGTTGGC-1	NOT_IN_PREDECLARED_KEEP_PLAN	false
GSM8151757	GACTTCCCACTGTCCT-1	NOT_IN_PREDECLARED_KEEP_PLAN	false
GSM8151757	GACTTCCCATGGCCCA-1	NOT_IN_PREDECLARED_KEEP_PLAN	false
GSM8151757	GACTTCCCATTAGGCT-1	NOT_IN_PREDECLARED_KEEP_PLAN	false
GSM8151757	GACTTCCTCTAGCAAC-1	NOT_IN_PREDECLARED_KEEP_PLAN	false
GSM8151757	GAGAAATGTCTTTCAT-1	NOT_IN_PREDECLARED_KEEP_PLAN	false
GSM8151757	GAGACCCAGGAGTATT-1	NOT_IN_PREDECLARED_KEEP_PLAN	false
GSM8151757	GAGACCCGTCCGGTGT-1	NOT_IN_PREDECLARED_KEEP_PLAN	false
GSM8151757	GAGACTTAGAAGAACG-1	NOT_IN_PREDECLARED_KEEP_PLAN	false
GSM8151757	GAGACTTTCACTCCGT-1	NOT_IN_PREDECLARED_KEEP_PLAN	false
GSM8151757	GAGAGGTCAGTCGGTC-1	NOT_IN_PREDECLARED_KEEP_PLAN	false
GSM8151757	GAGAGGTGTATACAGA-1	NOT_IN_PREDECLARED_KEEP_PLAN	false
GSM8151757	GAGATGGAGCTAGCCC-1	NOT_IN_PREDECLARED_KEEP_PLAN	false
GSM8151757	GAGATGGCAGGCCTGT-1	NOT_IN_PREDECLARED_KEEP_PLAN	false
GSM8151757	GAGCTGCAGGTAGACC-1	NOT_IN_PREDECLARED_KEEP_PLAN	false
GSM8151757	GAGCTGCGTTACGTAC-1	NOT_IN_PREDECLARED_KEEP_PLAN	false
GSM8151757	GAGCTGCTCAAGAGTA-1	NOT_IN_PREDECLARED_KEEP_PLAN	false
GSM8151757	GAGGCAAGTGGTAACG-1	NOT_IN_PREDECLARED_KEEP_PLAN	false
GSM8151757	GAGGCAATCTAGTGTG-1	NOT_IN_PREDECLARED_KEEP_PLAN	false
GSM8151757	GAGGGATCAGCATTGT-1	NOT_IN_PREDECLARED_KEEP_PLAN	false
GSM8151757	GAGGGTACACTACAGT-1	NOT_IN_PREDECLARED_KEEP_PLAN	false
GSM8151757	GAGGGTATCAGCTGAT-1	NOT_IN_PREDECLARED_KEEP_PLAN	false
GSM8151757	GAGGGTATCGCGATCG-1	NOT_IN_PREDECLARED_KEEP_PLAN	false
GSM8151757	GAGTCATAGTTTGAGA-1	NOT_IN_PREDECLARED_KEEP_PLAN	false
GSM8151757	GAGTCATGTCCTCCAT-1	NOT_IN_PREDECLARED_KEEP_PLAN	false
GSM8151757	GAGTCTATCCCGGTAG-1	NOT_IN_PREDECLARED_KEEP_PLAN	false
GSM8151757	GAGTGAGGTCTTACAG-1	NOT_IN_PREDECLARED_KEEP_PLAN	false
GSM8151757	GAGTGAGTCGGTGTAT-1	NOT_IN_PREDECLARED_KEEP_PLAN	false
GSM8151757	GAGTGTTCACACCGAC-1	NOT_IN_PREDECLARED_KEEP_PLAN	false
GSM8151757	GAGTGTTCAGAAGTTA-1	NOT_IN_PREDECLARED_KEEP_PLAN	false
GSM8151757	GAGTGTTTCTCCGCAT-1	NOT_IN_PREDECLARED_KEEP_PLAN	false
GSM8151757	GAGTGTTTCTTAGCTT-1	NOT_IN_PREDECLARED_KEEP_PLAN	false
GSM8151757	GAGTTACCATCATCCC-1	NOT_IN_PREDECLARED_KEEP_PLAN	false
GSM8151757	GAGTTACGTTTCGATG-1	NOT_IN_PREDECLARED_KEEP_PLAN	false
GSM8151757	GAGTTGTCATAGCTGT-1	NOT_IN_PREDECLARED_KEEP_PLAN	false
GSM8151757	GAGTTGTGTCAAATCC-1	NOT_IN_PREDECLARED_KEEP_PLAN	false
GSM8151757	GAGTTGTTCAAGCGTT-1	NOT_IN_PREDECLARED_KEEP_PLAN	false
GSM8151757	GAGTTGTTCTACGGTA-1	NOT_IN_PREDECLARED_KEEP_PLAN	false
GSM8151757	GAGTTTGCACTGTCCT-1	NOT_IN_PREDECLARED_KEEP_PLAN	false
GSM8151757	GAGTTTGTCATCGCTC-1	NOT_IN_PREDECLARED_KEEP_PLAN	false
GSM8151757	GATAGAAAGAAATGGG-1	NOT_IN_PREDECLARED_KEEP_PLAN	false
GSM8151757	GATAGAAAGAGCCGTA-1	NOT_IN_PREDECLARED_KEEP_PLAN	false
GSM8151757	GATAGAACATGGAAGC-1	NOT_IN_PREDECLARED_KEEP_PLAN	false
GSM8151757	GATAGCTAGACCTCAT-1	NOT_IN_PREDECLARED_KEEP_PLAN	false
GSM8151757	GATAGCTAGAGCCCAA-1	NOT_IN_PREDECLARED_KEEP_PLAN	false
GSM8151757	GATAGCTCATAAGCAA-1	NOT_IN_PREDECLARED_KEEP_PLAN	false
GSM8151757	GATAGCTTCAACGCTA-1	NOT_IN_PREDECLARED_KEEP_PLAN	false
GSM8151757	GATCACACAAACTAGA-1	NOT_IN_PREDECLARED_KEEP_PLAN	false
GSM8151757	GATCACACAACCGGAA-1	NOT_IN_PREDECLARED_KEEP_PLAN	false
GSM8151757	GATCACATCCGCAAAT-1	NOT_IN_PREDECLARED_KEEP_PLAN	false
GSM8151757	GATCACATCGGAGATG-1	NOT_IN_PREDECLARED_KEEP_PLAN	false
GSM8151757	GATCAGTAGCCTCAAT-1	NOT_IN_PREDECLARED_KEEP_PLAN	false
GSM8151757	GATCAGTGTAGCTGAG-1	NOT_IN_PREDECLARED_KEEP_PLAN	false
GSM8151757	GATCAGTGTCGAACAG-1	NOT_IN_PREDECLARED_KEEP_PLAN	false
GSM8151757	GATCAGTGTTCGGACC-1	NOT_IN_PREDECLARED_KEEP_PLAN	false
GSM8151757	GATCAGTTCGGTGAAG-1	NOT_IN_PREDECLARED_KEEP_PLAN	false
GSM8151757	GATCATGAGCGTTCCG-1	NOT_IN_PREDECLARED_KEEP_PLAN	false
GSM8151757	GATCATGAGTGCAGGT-1	NOT_IN_PREDECLARED_KEEP_PLAN	false
GSM8151757	GATCCCTAGTCTTCGA-1	NOT_IN_PREDECLARED_KEEP_PLAN	false
GSM8151757	GATCCCTCAAAGACTA-1	NOT_IN_PREDECLARED_KEEP_PLAN	false
GSM8151757	GATCCCTCAGCTTCCT-1	NOT_IN_PREDECLARED_KEEP_PLAN	false
GSM8151757	GATCGTAGTGTAGTGG-1	NOT_IN_PREDECLARED_KEEP_PLAN	false
GSM8151757	GATGACTTCTGCTTAT-1	NOT_IN_PREDECLARED_KEEP_PLAN	false
GSM8151757	GATGAGGCACGCTTAA-1	NOT_IN_PREDECLARED_KEEP_PLAN	false
GSM8151757	GATGAGGCATTGTCGA-1	NOT_IN_PREDECLARED_KEEP_PLAN	false
GSM8151757	GATGAGGTCCGCACTT-1	NOT_IN_PREDECLARED_KEEP_PLAN	false
GSM8151757	GATGATCAGCACTAAA-1	NOT_IN_PREDECLARED_KEEP_PLAN	false
GSM8151757	GATGATCCATGGGATG-1	NOT_IN_PREDECLARED_KEEP_PLAN	false
GSM8151757	GATGATCGTGACTGAG-1	NOT_IN_PREDECLARED_KEEP_PLAN	false
GSM8151757	GATGATCTCACTTGTT-1	NOT_IN_PREDECLARED_KEEP_PLAN	false
GSM8151757	GATGCTAAGAACTTCC-1	NOT_IN_PREDECLARED_KEEP_PLAN	false
GSM8151757	GATGCTAAGGCTGAAC-1	NOT_IN_PREDECLARED_KEEP_PLAN	false
GSM8151757	GATGCTAGTTGCGAAG-1	NOT_IN_PREDECLARED_KEEP_PLAN	false
GSM8151757	GATGCTATCATCGTAG-1	NOT_IN_PREDECLARED_KEEP_PLAN	false
GSM8151757	GATGCTATCCTAGAGT-1	NOT_IN_PREDECLARED_KEEP_PLAN	false
GSM8151757	GATGCTATCGGACTTA-1	NOT_IN_PREDECLARED_KEEP_PLAN	false
GSM8151757	GATGGAGCACCCTGAG-1	NOT_IN_PREDECLARED_KEEP_PLAN	false
GSM8151757	GATGGAGCAGGAAGTC-1	NOT_IN_PREDECLARED_KEEP_PLAN	false
GSM8151757	GATGGAGGTTATCTGG-1	NOT_IN_PREDECLARED_KEEP_PLAN	false
GSM8151757	GATGGAGGTTGAGGAC-1	NOT_IN_PREDECLARED_KEEP_PLAN	false
GSM8151757	GATGTTGGTCGAGCTC-1	NOT_IN_PREDECLARED_KEEP_PLAN	false
GSM8151757	GATTCGATCCGTAATG-1	NOT_IN_PREDECLARED_KEEP_PLAN	false
GSM8151757	GATTCGATCGACCACG-1	NOT_IN_PREDECLARED_KEEP_PLAN	false
GSM8151757	GATTCTTCACAACCGC-1	NOT_IN_PREDECLARED_KEEP_PLAN	false
GSM8151757	GATTGGTTCTCTGCCA-1	NOT_IN_PREDECLARED_KEEP_PLAN	false
GSM8151757	GATTTCTAGCAGCGAT-1	NOT_IN_PREDECLARED_KEEP_PLAN	false
GSM8151757	GATTTCTAGCCTCTTC-1	NOT_IN_PREDECLARED_KEEP_PLAN	false
GSM8151757	GATTTCTAGGTCCGAA-1	NOT_IN_PREDECLARED_KEEP_PLAN	false
GSM8151757	GATTTCTGTACCGTCG-1	NOT_IN_PREDECLARED_KEEP_PLAN	false
GSM8151757	GATTTCTGTCCAAGAG-1	NOT_IN_PREDECLARED_KEEP_PLAN	false
GSM8151757	GATTTCTTCGGTGTTA-1	NOT_IN_PREDECLARED_KEEP_PLAN	false
GSM8151757	GCAACATCACGTACAT-1	NOT_IN_PREDECLARED_KEEP_PLAN	false
GSM8151757	GCAACATGTTCTCGCT-1	NOT_IN_PREDECLARED_KEEP_PLAN	false
GSM8151757	GCAACATGTTTGATCG-1	NOT_IN_PREDECLARED_KEEP_PLAN	false
GSM8151757	GCAACCGAGGGCTAAC-1	NOT_IN_PREDECLARED_KEEP_PLAN	false
GSM8151757	GCAACCGGTGTCGCTG-1	NOT_IN_PREDECLARED_KEEP_PLAN	false
GSM8151757	GCAACCGGTGTTGATC-1	NOT_IN_PREDECLARED_KEEP_PLAN	false
GSM8151757	GCAACCGTCCAAGGGA-1	NOT_IN_PREDECLARED_KEEP_PLAN	false
GSM8151757	GCACGGTAGAATTGCA-1	NOT_IN_PREDECLARED_KEEP_PLAN	false
GSM8151757	GCACGTGAGTCACACT-1	NOT_IN_PREDECLARED_KEEP_PLAN	false
GSM8151757	GCACGTGAGTCACGCC-1	NOT_IN_PREDECLARED_KEEP_PLAN	false
GSM8151757	GCACGTGGTGCCGTAC-1	NOT_IN_PREDECLARED_KEEP_PLAN	false
GSM8151757	GCACGTGGTTGCATGT-1	NOT_IN_PREDECLARED_KEEP_PLAN	false
GSM8151757	GCACTAAAGAAGCCAC-1	NOT_IN_PREDECLARED_KEEP_PLAN	false
GSM8151757	GCACTAAGTTCTCGCT-1	NOT_IN_PREDECLARED_KEEP_PLAN	false
GSM8151757	GCAGCTGTCCTCACGT-1	NOT_IN_PREDECLARED_KEEP_PLAN	false
GSM8151757	GCAGCTGTCGCAATTG-1	NOT_IN_PREDECLARED_KEEP_PLAN	false
GSM8151757	GCAGGCTAGCATGGGT-1	NOT_IN_PREDECLARED_KEEP_PLAN	false
GSM8151757	GCAGGCTCAAGTCCCG-1	NOT_IN_PREDECLARED_KEEP_PLAN	false
GSM8151757	GCAGGCTCATCCTTGC-1	NOT_IN_PREDECLARED_KEEP_PLAN	false
GSM8151757	GCAGGCTGTAAGACCG-1	NOT_IN_PREDECLARED_KEEP_PLAN	false
GSM8151757	GCAGGCTTCGACATCA-1	NOT_IN_PREDECLARED_KEEP_PLAN	false
GSM8151757	GCAGTTAAGAGCATAT-1	NOT_IN_PREDECLARED_KEEP_PLAN	false
GSM8151757	GCAGTTAGTTATGTGC-1	NOT_IN_PREDECLARED_KEEP_PLAN	false
GSM8151757	GCAGTTATCTACAGGT-1	NOT_IN_PREDECLARED_KEEP_PLAN	false
GSM8151757	GCATCGGAGCCTCTCT-1	NOT_IN_PREDECLARED_KEEP_PLAN	false
GSM8151757	GCATCGGGTCGTCAGC-1	NOT_IN_PREDECLARED_KEEP_PLAN	false
GSM8151757	GCATCGGGTTGATCGT-1	NOT_IN_PREDECLARED_KEEP_PLAN	false
GSM8151757	GCATCTCCAGTCACGC-1	NOT_IN_PREDECLARED_KEEP_PLAN	false
GSM8151757	GCATTAGAGTGTTGTC-1	NOT_IN_PREDECLARED_KEEP_PLAN	false
GSM8151757	GCATTAGGTCGTGTTA-1	NOT_IN_PREDECLARED_KEEP_PLAN	false
GSM8151757	GCATTAGTCTTGCGCT-1	NOT_IN_PREDECLARED_KEEP_PLAN	false
GSM8151757	GCCAACGCATAACAGA-1	NOT_IN_PREDECLARED_KEEP_PLAN	false
GSM8151757	GCCAACGTCAACGCTA-1	NOT_IN_PREDECLARED_KEEP_PLAN	false
GSM8151757	GCCAGCAAGGCCTAAG-1	NOT_IN_PREDECLARED_KEEP_PLAN	false
GSM8151757	GCCAGCACATGGGATG-1	NOT_IN_PREDECLARED_KEEP_PLAN	false
GSM8151757	GCCAGCAGTAGACAGC-1	NOT_IN_PREDECLARED_KEEP_PLAN	false
GSM8151757	GCCAGCAGTCCCTGTT-1	NOT_IN_PREDECLARED_KEEP_PLAN	false
GSM8151757	GCCAGCATCACTCGAA-1	NOT_IN_PREDECLARED_KEEP_PLAN	false
GSM8151757	GCCAGGTAGCGGGTAT-1	NOT_IN_PREDECLARED_KEEP_PLAN	false
GSM8151757	GCCAGGTAGGCCTGAA-1	NOT_IN_PREDECLARED_KEEP_PLAN	false
GSM8151757	GCCAGTGAGATTGACA-1	NOT_IN_PREDECLARED_KEEP_PLAN	false
GSM8151757	GCCATGGAGCACCCAC-1	NOT_IN_PREDECLARED_KEEP_PLAN	false
GSM8151757	GCCATGGAGCGCCTTG-1	NOT_IN_PREDECLARED_KEEP_PLAN	false
GSM8151757	GCCATGGGTCGCGTTG-1	NOT_IN_PREDECLARED_KEEP_PLAN	false
GSM8151757	GCCATGGTCAGCTTCC-1	NOT_IN_PREDECLARED_KEEP_PLAN	false
GSM8151757	GCCATTCAGCGCCTCA-1	NOT_IN_PREDECLARED_KEEP_PLAN	false
GSM8151757	GCCATTCCAGCTGCCA-1	NOT_IN_PREDECLARED_KEEP_PLAN	false
GSM8151757	GCCATTCGTCCGAAAG-1	NOT_IN_PREDECLARED_KEEP_PLAN	false
GSM8151757	GCCATTCTCTTGGGCG-1	NOT_IN_PREDECLARED_KEEP_PLAN	false
GSM8151757	GCCCAGAAGGTAATCA-1	NOT_IN_PREDECLARED_KEEP_PLAN	false
GSM8151757	GCCCAGAGTTGGGTTT-1	NOT_IN_PREDECLARED_KEEP_PLAN	false
GSM8151757	GCCCAGATCTATACTC-1	NOT_IN_PREDECLARED_KEEP_PLAN	false
GSM8151757	GCCCGAACAATCTCTT-1	NOT_IN_PREDECLARED_KEEP_PLAN	false
GSM8151757	GCCCGAATCATTGCGA-1	NOT_IN_PREDECLARED_KEEP_PLAN	false
GSM8151757	GCCCGAATCGAGGCAA-1	NOT_IN_PREDECLARED_KEEP_PLAN	false
GSM8151757	GCCGATGGTGCAAGAC-1	NOT_IN_PREDECLARED_KEEP_PLAN	false
GSM8151757	GCCGTGACATCTCATT-1	NOT_IN_PREDECLARED_KEEP_PLAN	false
GSM8151757	GCCGTGATCTTGGGCG-1	NOT_IN_PREDECLARED_KEEP_PLAN	false
GSM8151757	GCCTGTTAGCTAGAGC-1	NOT_IN_PREDECLARED_KEEP_PLAN	false
GSM8151757	GCCTGTTGTCGATTCA-1	NOT_IN_PREDECLARED_KEEP_PLAN	false
GSM8151757	GCCTGTTGTCGTAATC-1	NOT_IN_PREDECLARED_KEEP_PLAN	false
GSM8151757	GCCTGTTGTGCACATT-1	NOT_IN_PREDECLARED_KEEP_PLAN	false
GSM8151757	GCCTGTTGTTTATGCG-1	NOT_IN_PREDECLARED_KEEP_PLAN	false
GSM8151757	GCGATCGAGATCGGTG-1	NOT_IN_PREDECLARED_KEEP_PLAN	false
GSM8151757	GCGATCGGTCAGTCCG-1	NOT_IN_PREDECLARED_KEEP_PLAN	false
GSM8151757	GCGATCGGTCGTCGGT-1	NOT_IN_PREDECLARED_KEEP_PLAN	false
GSM8151757	GCGGAAAGTGCCGAAA-1	NOT_IN_PREDECLARED_KEEP_PLAN	false
GSM8151757	GCGGAAAGTTGTGTTG-1	NOT_IN_PREDECLARED_KEEP_PLAN	false
GSM8151757	GCGGATCAGGGCTTCC-1	NOT_IN_PREDECLARED_KEEP_PLAN	false
GSM8151757	GCGGATCGTCAAGCCC-1	NOT_IN_PREDECLARED_KEEP_PLAN	false
GSM8151757	GCGGATCGTGCCCACA-1	NOT_IN_PREDECLARED_KEEP_PLAN	false
GSM8151757	GCGGATCTCGAGGCAA-1	NOT_IN_PREDECLARED_KEEP_PLAN	false
GSM8151757	GCGTGCACAAGTGGAC-1	NOT_IN_PREDECLARED_KEEP_PLAN	false
GSM8151757	GCGTGCATCAACTTTC-1	NOT_IN_PREDECLARED_KEEP_PLAN	false
GSM8151757	GCGTTTCAGTTGAAAC-1	NOT_IN_PREDECLARED_KEEP_PLAN	false
GSM8151757	GCGTTTCCACGGTGAA-1	NOT_IN_PREDECLARED_KEEP_PLAN	false
GSM8151757	GCGTTTCCATGACTGT-1	NOT_IN_PREDECLARED_KEEP_PLAN	false
GSM8151757	GCGTTTCGTAACACGG-1	NOT_IN_PREDECLARED_KEEP_PLAN	false
GSM8151757	GCTACAACACAAGCCC-1	NOT_IN_PREDECLARED_KEEP_PLAN	false
GSM8151757	GCTACAAGTGTGTGGA-1	NOT_IN_PREDECLARED_KEEP_PLAN	false
GSM8151757	GCTACAATCTGTCAGA-1	NOT_IN_PREDECLARED_KEEP_PLAN	false
GSM8151757	GCTACCTCATATCTGG-1	NOT_IN_PREDECLARED_KEEP_PLAN	false
GSM8151757	GCTGAATAGCCAACCC-1	NOT_IN_PREDECLARED_KEEP_PLAN	false
GSM8151757	GCTGAATCACGGATCC-1	NOT_IN_PREDECLARED_KEEP_PLAN	false
GSM8151757	GCTGAATCACGTGTGC-1	NOT_IN_PREDECLARED_KEEP_PLAN	false
GSM8151757	GCTGGGTCAAATTGGA-1	NOT_IN_PREDECLARED_KEEP_PLAN	false
GSM8151757	GCTGGGTCACGCCAGT-1	NOT_IN_PREDECLARED_KEEP_PLAN	false
GSM8151757	GCTTCACCATCAGCTA-1	NOT_IN_PREDECLARED_KEEP_PLAN	false
GSM8151757	GCTTCACGTGAATAAC-1	NOT_IN_PREDECLARED_KEEP_PLAN	false
GSM8151757	GCTTGGGAGGCGAACT-1	NOT_IN_PREDECLARED_KEEP_PLAN	false
GSM8151757	GCTTGGGCAAGGGTCA-1	NOT_IN_PREDECLARED_KEEP_PLAN	false
GSM8151757	GCTTGGGGTTCTCACC-1	NOT_IN_PREDECLARED_KEEP_PLAN	false
GSM8151757	GCTTGGGTCTTCGATT-1	NOT_IN_PREDECLARED_KEEP_PLAN	false
GSM8151757	GCTTTCGAGGTTCACT-1	NOT_IN_PREDECLARED_KEEP_PLAN	false
GSM8151757	GGAACCCTCCCGTGTT-1	NOT_IN_PREDECLARED_KEEP_PLAN	false
GSM8151757	GGAAGTGAGAAGCCAC-1	NOT_IN_PREDECLARED_KEEP_PLAN	false
GSM8151757	GGAAGTGAGTAGCTCT-1	NOT_IN_PREDECLARED_KEEP_PLAN	false
GSM8151757	GGAAGTGCAACGAGGT-1	NOT_IN_PREDECLARED_KEEP_PLAN	false
GSM8151757	GGAAGTGGTGATTAGA-1	NOT_IN_PREDECLARED_KEEP_PLAN	false
GSM8151757	GGAAGTGGTGGATCAG-1	NOT_IN_PREDECLARED_KEEP_PLAN	false
GSM8151757	GGAATCTCAGGACATG-1	NOT_IN_PREDECLARED_KEEP_PLAN	false
GSM8151757	GGAATCTGTAGTGCGA-1	NOT_IN_PREDECLARED_KEEP_PLAN	false
GSM8151757	GGAATCTGTTCACGAT-1	NOT_IN_PREDECLARED_KEEP_PLAN	false
GSM8151757	GGAATGGCAACGGGTA-1	NOT_IN_PREDECLARED_KEEP_PLAN	false
GSM8151757	GGAATGGCAATGTCAC-1	NOT_IN_PREDECLARED_KEEP_PLAN	false
GSM8151757	GGAATGGGTTCGGCCA-1	NOT_IN_PREDECLARED_KEEP_PLAN	false
GSM8151757	GGACGTCCATCAGCAT-1	NOT_IN_PREDECLARED_KEEP_PLAN	false
GSM8151757	GGACGTCGTCTTCAAG-1	NOT_IN_PREDECLARED_KEEP_PLAN	false
GSM8151757	GGACGTCTCGGAGTAG-1	NOT_IN_PREDECLARED_KEEP_PLAN	false
GSM8151757	GGAGAACAGCAACAAT-1	NOT_IN_PREDECLARED_KEEP_PLAN	false
GSM8151757	GGAGAACGTATTTCCT-1	NOT_IN_PREDECLARED_KEEP_PLAN	false
GSM8151757	GGAGATGAGACGCTCC-1	NOT_IN_PREDECLARED_KEEP_PLAN	false
GSM8151757	GGAGATGAGACTAAGT-1	NOT_IN_PREDECLARED_KEEP_PLAN	false
GSM8151757	GGAGATGAGCTAGCCC-1	NOT_IN_PREDECLARED_KEEP_PLAN	false
GSM8151757	GGAGCAAAGCTCTATG-1	NOT_IN_PREDECLARED_KEEP_PLAN	false
GSM8151757	GGAGCAACAGCTCATA-1	NOT_IN_PREDECLARED_KEEP_PLAN	false
GSM8151757	GGAGCAAGTCTACGAT-1	NOT_IN_PREDECLARED_KEEP_PLAN	false
GSM8151757	GGAGCAATCCGATGTA-1	NOT_IN_PREDECLARED_KEEP_PLAN	false
GSM8151757	GGAGCAATCTCTGCCA-1	NOT_IN_PREDECLARED_KEEP_PLAN	false
GSM8151757	GGAGGATGTCCCACGA-1	NOT_IN_PREDECLARED_KEEP_PLAN	false
GSM8151757	GGAGGTAAGCGAGGAG-1	NOT_IN_PREDECLARED_KEEP_PLAN	false
GSM8151757	GGAGGTACAAAGCGTG-1	NOT_IN_PREDECLARED_KEEP_PLAN	false
GSM8151757	GGAGGTACACAGAAGC-1	NOT_IN_PREDECLARED_KEEP_PLAN	false
GSM8151757	GGAGGTACATTCAGGT-1	NOT_IN_PREDECLARED_KEEP_PLAN	false
GSM8151757	GGATCTAAGCGATCGA-1	NOT_IN_PREDECLARED_KEEP_PLAN	false
GSM8151757	GGATCTACATCGATCA-1	NOT_IN_PREDECLARED_KEEP_PLAN	false
GSM8151757	GGATCTAGTCAAAGCG-1	NOT_IN_PREDECLARED_KEEP_PLAN	false
GSM8151757	GGATCTATCAACTGGT-1	NOT_IN_PREDECLARED_KEEP_PLAN	false
GSM8151757	GGATGTTAGGACTATA-1	NOT_IN_PREDECLARED_KEEP_PLAN	false
GSM8151757	GGATGTTTCCCTCGAT-1	NOT_IN_PREDECLARED_KEEP_PLAN	false
GSM8151757	GGATGTTTCTTTGCTA-1	NOT_IN_PREDECLARED_KEEP_PLAN	false
GSM8151757	GGCACGTCATGTGCCG-1	NOT_IN_PREDECLARED_KEEP_PLAN	false
GSM8151757	GGCACGTGTGCGTTTA-1	NOT_IN_PREDECLARED_KEEP_PLAN	false
GSM8151757	GGCAGTCCAAGGTCTT-1	NOT_IN_PREDECLARED_KEEP_PLAN	false
GSM8151757	GGCGTCAGTACGTACT-1	NOT_IN_PREDECLARED_KEEP_PLAN	false
GSM8151757	GGCTGTGTCTTAGGAC-1	NOT_IN_PREDECLARED_KEEP_PLAN	false
GSM8151757	GGCTTGGCAAGCTACT-1	NOT_IN_PREDECLARED_KEEP_PLAN	false
GSM8151757	GGCTTGGCAATCGCCG-1	NOT_IN_PREDECLARED_KEEP_PLAN	false
GSM8151757	GGCTTGGCATGGATCT-1	NOT_IN_PREDECLARED_KEEP_PLAN	false
GSM8151757	GGCTTTCAGAGGTTTA-1	NOT_IN_PREDECLARED_KEEP_PLAN	false
GSM8151757	GGGAAGTAGAATCGTA-1	NOT_IN_PREDECLARED_KEEP_PLAN	false
GSM8151757	GGGAAGTAGTATTGCC-1	NOT_IN_PREDECLARED_KEEP_PLAN	false
GSM8151757	GGGAAGTTCAGGAAGC-1	NOT_IN_PREDECLARED_KEEP_PLAN	false
GSM8151757	GGGACAAAGGCCCGTT-1	NOT_IN_PREDECLARED_KEEP_PLAN	false
GSM8151757	GGGACAAGTAATTGGA-1	NOT_IN_PREDECLARED_KEEP_PLAN	false
GSM8151757	GGGACAAGTACGATGG-1	NOT_IN_PREDECLARED_KEEP_PLAN	false
GSM8151757	GGGACAAGTATAATGG-1	NOT_IN_PREDECLARED_KEEP_PLAN	false
GSM8151757	GGGACAAGTTGTTTGG-1	NOT_IN_PREDECLARED_KEEP_PLAN	false
GSM8151757	GGGACAATCTGTGCAA-1	NOT_IN_PREDECLARED_KEEP_PLAN	false
GSM8151757	GGGACCTAGCGACATG-1	NOT_IN_PREDECLARED_KEEP_PLAN	false
GSM8151757	GGGACCTGTACGAAAT-1	NOT_IN_PREDECLARED_KEEP_PLAN	false
GSM8151757	GGGACTCAGCGCACAA-1	NOT_IN_PREDECLARED_KEEP_PLAN	false
GSM8151757	GGGACTCAGCTACTGT-1	NOT_IN_PREDECLARED_KEEP_PLAN	false
GSM8151757	GGGACTCCAGGTGTTT-1	NOT_IN_PREDECLARED_KEEP_PLAN	false
GSM8151757	GGGACTCGTATCCTTT-1	NOT_IN_PREDECLARED_KEEP_PLAN	false
GSM8151757	GGGACTCTCCCAAGCG-1	NOT_IN_PREDECLARED_KEEP_PLAN	false
GSM8151757	GGGAGATAGCAGAAAG-1	NOT_IN_PREDECLARED_KEEP_PLAN	false
GSM8151757	GGGAGATAGGAGAGGC-1	NOT_IN_PREDECLARED_KEEP_PLAN	false
GSM8151757	GGGAGATTCAAAGAAC-1	NOT_IN_PREDECLARED_KEEP_PLAN	false
GSM8151757	GGGAGATTCCTACCGT-1	NOT_IN_PREDECLARED_KEEP_PLAN	false
GSM8151757	GGGAGTAAGCTGCCAC-1	NOT_IN_PREDECLARED_KEEP_PLAN	false
GSM8151757	GGGAGTATCTCGCTTG-1	NOT_IN_PREDECLARED_KEEP_PLAN	false
GSM8151757	GGGATCCCATAAGCGG-1	NOT_IN_PREDECLARED_KEEP_PLAN	false
GSM8151757	GGGATCCGTAGACAAT-1	NOT_IN_PREDECLARED_KEEP_PLAN	false
GSM8151757	GGGATGAAGAGTGGCT-1	NOT_IN_PREDECLARED_KEEP_PLAN	false
GSM8151757	GGGATGAAGGTTCACT-1	NOT_IN_PREDECLARED_KEEP_PLAN	false
GSM8151757	GGGATGACAACTGCTA-1	NOT_IN_PREDECLARED_KEEP_PLAN	false
GSM8151757	GGGATGACAATGACCT-1	NOT_IN_PREDECLARED_KEEP_PLAN	false
GSM8151757	GGGATGACACTACCCT-1	NOT_IN_PREDECLARED_KEEP_PLAN	false
GSM8151757	GGGATGAGTGTATACC-1	NOT_IN_PREDECLARED_KEEP_PLAN	false
GSM8151757	GGGATGAGTGTTTGCA-1	NOT_IN_PREDECLARED_KEEP_PLAN	false
GSM8151757	GGGCCATAGAGTCTTC-1	NOT_IN_PREDECLARED_KEEP_PLAN	false
GSM8151757	GGGCCATAGATCGCTT-1	NOT_IN_PREDECLARED_KEEP_PLAN	false
GSM8151757	GGGCCATAGTGTACAA-1	NOT_IN_PREDECLARED_KEEP_PLAN	false
GSM8151757	GGGCCATTCGATTTCT-1	NOT_IN_PREDECLARED_KEEP_PLAN	false
GSM8151757	GGGCGTTAGTTCATGC-1	NOT_IN_PREDECLARED_KEEP_PLAN	false
GSM8151757	GGGCGTTCACCATAAC-1	NOT_IN_PREDECLARED_KEEP_PLAN	false
GSM8151757	GGGCGTTCATTCTCTA-1	NOT_IN_PREDECLARED_KEEP_PLAN	false
GSM8151757	GGGCGTTTCTAGTACG-1	NOT_IN_PREDECLARED_KEEP_PLAN	false
GSM8151757	GGGCTACGTTCGAAGG-1	NOT_IN_PREDECLARED_KEEP_PLAN	false
GSM8151757	GGGCTACTCTTGCAAG-1	NOT_IN_PREDECLARED_KEEP_PLAN	false
GSM8151757	GGGCTCAAGGTACATA-1	NOT_IN_PREDECLARED_KEEP_PLAN	false
GSM8151757	GGGCTCAGTTAGGGTG-1	NOT_IN_PREDECLARED_KEEP_PLAN	false
GSM8151757	GGGTAGAAGAAGAACG-1	NOT_IN_PREDECLARED_KEEP_PLAN	false
GSM8151757	GGGTAGAGTAACATGA-1	NOT_IN_PREDECLARED_KEEP_PLAN	false
GSM8151757	GGGTAGATCCACCTCA-1	NOT_IN_PREDECLARED_KEEP_PLAN	false
GSM8151757	GGGTATTAGACCAAGC-1	NOT_IN_PREDECLARED_KEEP_PLAN	false
GSM8151757	GGGTATTAGTGAGCCA-1	NOT_IN_PREDECLARED_KEEP_PLAN	false
GSM8151757	GGGTATTCACAAAGCG-1	NOT_IN_PREDECLARED_KEEP_PLAN	false
GSM8151757	GGGTATTTCGTTTACT-1	NOT_IN_PREDECLARED_KEEP_PLAN	false
GSM8151757	GGGTCACCACAAATGA-1	NOT_IN_PREDECLARED_KEEP_PLAN	false
GSM8151757	GGGTCTGAGGGCAGTT-1	NOT_IN_PREDECLARED_KEEP_PLAN	false
GSM8151757	GGGTCTGCAAGGCGTA-1	NOT_IN_PREDECLARED_KEEP_PLAN	false
GSM8151757	GGGTCTGTCAAACGTC-1	NOT_IN_PREDECLARED_KEEP_PLAN	false
GSM8151757	GGGTGAACAATAGTGA-1	NOT_IN_PREDECLARED_KEEP_PLAN	false
GSM8151757	GGGTGAAGTGTTTCTT-1	NOT_IN_PREDECLARED_KEEP_PLAN	false
GSM8151757	GGGTGAATCGTCGATA-1	NOT_IN_PREDECLARED_KEEP_PLAN	false
GSM8151757	GGGTGTCCATGCGTGC-1	NOT_IN_PREDECLARED_KEEP_PLAN	false
GSM8151757	GGGTTATAGAGTCAGC-1	NOT_IN_PREDECLARED_KEEP_PLAN	false
GSM8151757	GGGTTATGTGAGCCAA-1	NOT_IN_PREDECLARED_KEEP_PLAN	false
GSM8151757	GGGTTATGTGCTGTCG-1	NOT_IN_PREDECLARED_KEEP_PLAN	false
GSM8151757	GGGTTATTCAGCCTTC-1	NOT_IN_PREDECLARED_KEEP_PLAN	false
GSM8151757	GGGTTTACACGCACCA-1	NOT_IN_PREDECLARED_KEEP_PLAN	false
GSM8151757	GGGTTTACACGTTGGC-1	NOT_IN_PREDECLARED_KEEP_PLAN	false
GSM8151757	GGGTTTACACTGTGTA-1	NOT_IN_PREDECLARED_KEEP_PLAN	false
GSM8151757	GGGTTTACATGTCAGT-1	NOT_IN_PREDECLARED_KEEP_PLAN	false
GSM8151757	GGGTTTAGTGCGGATA-1	NOT_IN_PREDECLARED_KEEP_PLAN	false
GSM8151757	GGGTTTATCACTACTT-1	NOT_IN_PREDECLARED_KEEP_PLAN	false
GSM8151757	GGGTTTATCATTCATC-1	NOT_IN_PREDECLARED_KEEP_PLAN	false
GSM8151757	GGGTTTATCGTAGTCA-1	NOT_IN_PREDECLARED_KEEP_PLAN	false
GSM8151757	GGTAACTAGTTGCATC-1	NOT_IN_PREDECLARED_KEEP_PLAN	false
GSM8151757	GGTAACTGTAGCCAGA-1	NOT_IN_PREDECLARED_KEEP_PLAN	false
GSM8151757	GGTAATCAGCGCCTAC-1	NOT_IN_PREDECLARED_KEEP_PLAN	false
GSM8151757	GGTAATCCAGCGAACA-1	NOT_IN_PREDECLARED_KEEP_PLAN	false
GSM8151757	GGTAATCGTGGCAGAT-1	NOT_IN_PREDECLARED_KEEP_PLAN	false
GSM8151757	GGTAATCGTTCAAGTC-1	NOT_IN_PREDECLARED_KEEP_PLAN	false
GSM8151757	GGTAGAGGTCATCCGG-1	NOT_IN_PREDECLARED_KEEP_PLAN	false
GSM8151757	GGTAGAGGTTGTCATG-1	NOT_IN_PREDECLARED_KEEP_PLAN	false
GSM8151757	GGTCACGAGCTCGACC-1	NOT_IN_PREDECLARED_KEEP_PLAN	false
GSM8151757	GGTCACGCACACCTAA-1	NOT_IN_PREDECLARED_KEEP_PLAN	false
GSM8151757	GGTCACGTCCGCGAGT-1	NOT_IN_PREDECLARED_KEEP_PLAN	false
GSM8151757	GGTCTGGCAAGAGAGA-1	NOT_IN_PREDECLARED_KEEP_PLAN	false
GSM8151757	GGTCTGGCAGCACAAG-1	NOT_IN_PREDECLARED_KEEP_PLAN	false
GSM8151757	GGTCTGGGTTCGCGTG-1	NOT_IN_PREDECLARED_KEEP_PLAN	false
GSM8151757	GGTCTGGTCGAGCACC-1	NOT_IN_PREDECLARED_KEEP_PLAN	false
GSM8151757	GGTGAAGAGCCACAAG-1	NOT_IN_PREDECLARED_KEEP_PLAN	false
GSM8151757	GGTGATTAGAGCACTG-1	NOT_IN_PREDECLARED_KEEP_PLAN	false
GSM8151757	GGTGATTTCGTGGACC-1	NOT_IN_PREDECLARED_KEEP_PLAN	false
GSM8151757	GGTGGCTTCCGCACTT-1	NOT_IN_PREDECLARED_KEEP_PLAN	false
GSM8151757	GGTGGCTTCGCAACAT-1	NOT_IN_PREDECLARED_KEEP_PLAN	false
GSM8151757	GGTGGCTTCTCGGTAA-1	NOT_IN_PREDECLARED_KEEP_PLAN	false
GSM8151757	GGTGTCGTCAGTCACA-1	NOT_IN_PREDECLARED_KEEP_PLAN	false
GSM8151757	GGTGTTAAGGATTCAA-1	NOT_IN_PREDECLARED_KEEP_PLAN	false
GSM8151757	GGTGTTAAGTGGCAGT-1	NOT_IN_PREDECLARED_KEEP_PLAN	false
GSM8151757	GGTGTTATCCCGTGTT-1	NOT_IN_PREDECLARED_KEEP_PLAN	false
GSM8151757	GGTTAACCACCGTCTT-1	NOT_IN_PREDECLARED_KEEP_PLAN	false
GSM8151757	GGTTAACCACTCTGCT-1	NOT_IN_PREDECLARED_KEEP_PLAN	false
GSM8151757	GGTTAACCAGCACCCA-1	NOT_IN_PREDECLARED_KEEP_PLAN	false
GSM8151757	GGTTAACTCCATCTAT-1	NOT_IN_PREDECLARED_KEEP_PLAN	false
GSM8151757	GGTTCTCAGAGCATAT-1	NOT_IN_PREDECLARED_KEEP_PLAN	false
GSM8151757	GGTTCTCCAAGCTCTA-1	NOT_IN_PREDECLARED_KEEP_PLAN	false
GSM8151757	GGTTCTCCAGAGCGTA-1	NOT_IN_PREDECLARED_KEEP_PLAN	false
GSM8151757	GGTTCTCCATGGGCAA-1	NOT_IN_PREDECLARED_KEEP_PLAN	false
GSM8151757	GGTTCTCGTCAAGGCA-1	NOT_IN_PREDECLARED_KEEP_PLAN	false
GSM8151757	GGTTCTCGTGGCGCTT-1	NOT_IN_PREDECLARED_KEEP_PLAN	false
GSM8151757	GGTTCTCTCCCATTTA-1	NOT_IN_PREDECLARED_KEEP_PLAN	false
GSM8151757	GGTTGTACAGGACTTT-1	NOT_IN_PREDECLARED_KEEP_PLAN	false
GSM8151757	GGTTGTACAGGATGAC-1	NOT_IN_PREDECLARED_KEEP_PLAN	false
GSM8151757	GGTTGTACATGCGTGC-1	NOT_IN_PREDECLARED_KEEP_PLAN	false
GSM8151757	GGTTGTAGTAACGATA-1	NOT_IN_PREDECLARED_KEEP_PLAN	false
GSM8151757	GGTTGTATCATTTGGG-1	NOT_IN_PREDECLARED_KEEP_PLAN	false
GSM8151757	GGTTGTATCGCCTTGT-1	NOT_IN_PREDECLARED_KEEP_PLAN	false
GSM8151757	GGTTGTATCGTGCAGC-1	NOT_IN_PREDECLARED_KEEP_PLAN	false
GSM8151757	GTAACACAGGTAGTAT-1	NOT_IN_PREDECLARED_KEEP_PLAN	false
GSM8151757	GTAACACGTGGCGTAA-1	NOT_IN_PREDECLARED_KEEP_PLAN	false
GSM8151757	GTAACACTCTAAACGC-1	NOT_IN_PREDECLARED_KEEP_PLAN	false
GSM8151757	GTAACCACACTGGAAG-1	NOT_IN_PREDECLARED_KEEP_PLAN	false
GSM8151757	GTAACCACATTGGGAG-1	NOT_IN_PREDECLARED_KEEP_PLAN	false
GSM8151757	GTAACCAGTCTACGTA-1	NOT_IN_PREDECLARED_KEEP_PLAN	false
GSM8151757	GTAACCATCCGTTGGG-1	NOT_IN_PREDECLARED_KEEP_PLAN	false
GSM8151757	GTAAGTCAGGCCCAAA-1	NOT_IN_PREDECLARED_KEEP_PLAN	false
GSM8151757	GTAAGTCTCCTGGTCT-1	NOT_IN_PREDECLARED_KEEP_PLAN	false
GSM8151757	GTAAGTCTCGACATTG-1	NOT_IN_PREDECLARED_KEEP_PLAN	false
GSM8151757	GTAATGCGTTTAGACC-1	NOT_IN_PREDECLARED_KEEP_PLAN	false
GSM8151757	GTAATGCTCATTCGTT-1	NOT_IN_PREDECLARED_KEEP_PLAN	false
GSM8151757	GTAGAAACACCAAATC-1	NOT_IN_PREDECLARED_KEEP_PLAN	false
GSM8151757	GTAGAAAGTAAGCTCT-1	NOT_IN_PREDECLARED_KEEP_PLAN	false
GSM8151757	GTAGAAAGTGGTACAG-1	NOT_IN_PREDECLARED_KEEP_PLAN	false
GSM8151757	GTAGAGGAGAGCTGAC-1	NOT_IN_PREDECLARED_KEEP_PLAN	false
GSM8151757	GTAGAGGAGCGACATG-1	NOT_IN_PREDECLARED_KEEP_PLAN	false
GSM8151757	GTAGAGGCACTTGACA-1	NOT_IN_PREDECLARED_KEEP_PLAN	false
GSM8151757	GTAGATCGTGCCTTTC-1	NOT_IN_PREDECLARED_KEEP_PLAN	false
GSM8151757	GTAGATCTCTGCTAGA-1	NOT_IN_PREDECLARED_KEEP_PLAN	false
GSM8151757	GTAGCTAGTGATTCTG-1	NOT_IN_PREDECLARED_KEEP_PLAN	false
GSM8151757	GTAGCTATCAGCGCGT-1	NOT_IN_PREDECLARED_KEEP_PLAN	false
GSM8151757	GTAGGAGCAAGTATAG-1	NOT_IN_PREDECLARED_KEEP_PLAN	false
GSM8151757	GTAGGTTAGAGGACTC-1	NOT_IN_PREDECLARED_KEEP_PLAN	false
GSM8151757	GTAGGTTCACTTGAAC-1	NOT_IN_PREDECLARED_KEEP_PLAN	false
GSM8151757	GTAGGTTGTCTTCATT-1	NOT_IN_PREDECLARED_KEEP_PLAN	false
GSM8151757	GTAGGTTTCGCTGCGA-1	NOT_IN_PREDECLARED_KEEP_PLAN	false
GSM8151757	GTATTTCGTCGCTTAA-1	NOT_IN_PREDECLARED_KEEP_PLAN	false
GSM8151757	GTATTTCGTCTTCATT-1	NOT_IN_PREDECLARED_KEEP_PLAN	false
GSM8151757	GTCAAACCAAATTGGA-1	NOT_IN_PREDECLARED_KEEP_PLAN	false
GSM8151757	GTCAAACCAGCATTGT-1	NOT_IN_PREDECLARED_KEEP_PLAN	false
GSM8151757	GTCAAACGTCCCGCAA-1	NOT_IN_PREDECLARED_KEEP_PLAN	false
GSM8151757	GTCAAACTCACAAGGG-1	NOT_IN_PREDECLARED_KEEP_PLAN	false
GSM8151757	GTCAAACTCACGATCA-1	NOT_IN_PREDECLARED_KEEP_PLAN	false
GSM8151757	GTCAAACTCCCTTTGG-1	NOT_IN_PREDECLARED_KEEP_PLAN	false
GSM8151757	GTCAAGTCAGAGAATT-1	NOT_IN_PREDECLARED_KEEP_PLAN	false
GSM8151757	GTCAAGTTCAACGTGT-1	NOT_IN_PREDECLARED_KEEP_PLAN	false
GSM8151757	GTCACGGAGCTGAAAT-1	NOT_IN_PREDECLARED_KEEP_PLAN	false
GSM8151757	GTCAGCGGTCTCAAGT-1	NOT_IN_PREDECLARED_KEEP_PLAN	false
GSM8151757	GTCAGCGTCGAGCCTG-1	NOT_IN_PREDECLARED_KEEP_PLAN	false
GSM8151757	GTCATCCTCCACGTCT-1	NOT_IN_PREDECLARED_KEEP_PLAN	false
GSM8151757	GTCATGAGTCCAGAAG-1	NOT_IN_PREDECLARED_KEEP_PLAN	false
GSM8151757	GTCATGAGTCTCGACG-1	NOT_IN_PREDECLARED_KEEP_PLAN	false
GSM8151757	GTCATTTGTTCGGTAT-1	NOT_IN_PREDECLARED_KEEP_PLAN	false
GSM8151757	GTCCACTGTATCACCA-1	NOT_IN_PREDECLARED_KEEP_PLAN	false
GSM8151757	GTCCCATAGGCTATCT-1	NOT_IN_PREDECLARED_KEEP_PLAN	false
GSM8151757	GTCCCATCATCTTTCA-1	NOT_IN_PREDECLARED_KEEP_PLAN	false
GSM8151757	GTCCTCAGTCCGCAGT-1	NOT_IN_PREDECLARED_KEEP_PLAN	false
GSM8151757	GTCCTCAGTCGCATCG-1	NOT_IN_PREDECLARED_KEEP_PLAN	false
GSM8151757	GTCCTCATCGGACCAC-1	NOT_IN_PREDECLARED_KEEP_PLAN	false
GSM8151757	GTCGAATAGTAGTCTC-1	NOT_IN_PREDECLARED_KEEP_PLAN	false
GSM8151757	GTCGAATTCGCAAGAG-1	NOT_IN_PREDECLARED_KEEP_PLAN	false
GSM8151757	GTCGCGACACCTGCTT-1	NOT_IN_PREDECLARED_KEEP_PLAN	false
GSM8151757	GTCGTAAAGTCTGCGC-1	NOT_IN_PREDECLARED_KEEP_PLAN	false
GSM8151757	GTCGTAATCACTTCTA-1	NOT_IN_PREDECLARED_KEEP_PLAN	false
GSM8151757	GTCGTAATCTATCGTT-1	NOT_IN_PREDECLARED_KEEP_PLAN	false
GSM8151757	GTCGTTCCAAGATGTA-1	NOT_IN_PREDECLARED_KEEP_PLAN	false
GSM8151757	GTCGTTCCACGCGCAT-1	NOT_IN_PREDECLARED_KEEP_PLAN	false
GSM8151757	GTCTACCTCATTATCC-1	NOT_IN_PREDECLARED_KEEP_PLAN	false
GSM8151757	GTCTACCTCTCTATGT-1	NOT_IN_PREDECLARED_KEEP_PLAN	false
GSM8151757	GTCTAGAGTCTTCGAA-1	NOT_IN_PREDECLARED_KEEP_PLAN	false
GSM8151757	GTCTCACTCTGGCCAG-1	NOT_IN_PREDECLARED_KEEP_PLAN	false
GSM8151757	GTCTGTCAGAAACTGT-1	NOT_IN_PREDECLARED_KEEP_PLAN	false
GSM8151757	GTCTGTCTCTCGCAGG-1	NOT_IN_PREDECLARED_KEEP_PLAN	false
GSM8151757	GTCTTTACAATACGAA-1	NOT_IN_PREDECLARED_KEEP_PLAN	false
GSM8151757	GTCTTTAGTGAGTAAT-1	NOT_IN_PREDECLARED_KEEP_PLAN	false
GSM8151757	GTGACGCGTACACTCA-1	NOT_IN_PREDECLARED_KEEP_PLAN	false
GSM8151757	GTGAGCCAGAATTGCA-1	NOT_IN_PREDECLARED_KEEP_PLAN	false
GSM8151757	GTGAGCCCACCCTGAG-1	NOT_IN_PREDECLARED_KEEP_PLAN	false
GSM8151757	GTGAGGACAGAGGTAC-1	NOT_IN_PREDECLARED_KEEP_PLAN	false
GSM8151757	GTGAGGAGTACAGTTC-1	NOT_IN_PREDECLARED_KEEP_PLAN	false
GSM8151757	GTGAGTTGTACAAGCG-1	NOT_IN_PREDECLARED_KEEP_PLAN	false
GSM8151757	GTGATGTAGCGCAATG-1	NOT_IN_PREDECLARED_KEEP_PLAN	false
GSM8151757	GTGATGTAGGACGGAG-1	NOT_IN_PREDECLARED_KEEP_PLAN	false
GSM8151757	GTGATGTCATTCTCCG-1	NOT_IN_PREDECLARED_KEEP_PLAN	false
GSM8151757	GTGATGTGTACACTCA-1	NOT_IN_PREDECLARED_KEEP_PLAN	false
GSM8151757	GTGATGTGTATGAAGT-1	NOT_IN_PREDECLARED_KEEP_PLAN	false
GSM8151757	GTGATGTGTCCACACG-1	NOT_IN_PREDECLARED_KEEP_PLAN	false
GSM8151757	GTGATGTGTGTTCCTC-1	NOT_IN_PREDECLARED_KEEP_PLAN	false
GSM8151757	GTGCACGAGTGAGGCT-1	NOT_IN_PREDECLARED_KEEP_PLAN	false
GSM8151757	GTGCACGTCCGATAGT-1	NOT_IN_PREDECLARED_KEEP_PLAN	false
GSM8151757	GTGCAGCTCACGAGGA-1	NOT_IN_PREDECLARED_KEEP_PLAN	false
GSM8151757	GTGCGTGAGATGCCGA-1	NOT_IN_PREDECLARED_KEEP_PLAN	false
GSM8151757	GTGCGTGCAATCGCGC-1	NOT_IN_PREDECLARED_KEEP_PLAN	false
GSM8151757	GTGCGTGGTAGCGCCT-1	NOT_IN_PREDECLARED_KEEP_PLAN	false
GSM8151757	GTGCGTGGTGTACATC-1	NOT_IN_PREDECLARED_KEEP_PLAN	false
GSM8151757	GTGCGTGTCCAACACA-1	NOT_IN_PREDECLARED_KEEP_PLAN	false
GSM8151757	GTGCTGGAGGAGATAG-1	NOT_IN_PREDECLARED_KEEP_PLAN	false
GSM8151757	GTGCTGGAGGCCTTGC-1	NOT_IN_PREDECLARED_KEEP_PLAN	false
GSM8151757	GTGCTGGCAGTAGTTC-1	NOT_IN_PREDECLARED_KEEP_PLAN	false
GSM8151757	GTGCTGGGTCTCACAA-1	NOT_IN_PREDECLARED_KEEP_PLAN	false
GSM8151757	GTGCTGGTCTGTGCTC-1	NOT_IN_PREDECLARED_KEEP_PLAN	false
GSM8151757	GTGCTTCCACGCGCTA-1	NOT_IN_PREDECLARED_KEEP_PLAN	false
GSM8151757	GTGCTTCCAGCCCACA-1	NOT_IN_PREDECLARED_KEEP_PLAN	false
GSM8151757	GTGCTTCGTAGCTTAC-1	NOT_IN_PREDECLARED_KEEP_PLAN	false
GSM8151757	GTGCTTCTCGCCAACG-1	NOT_IN_PREDECLARED_KEEP_PLAN	false
GSM8151757	GTGGAAGAGTATGGAT-1	NOT_IN_PREDECLARED_KEEP_PLAN	false
GSM8151757	GTGGAAGGTAAGGCTG-1	NOT_IN_PREDECLARED_KEEP_PLAN	false
GSM8151757	GTGGAAGGTCCTGAAT-1	NOT_IN_PREDECLARED_KEEP_PLAN	false
GSM8151757	GTGGAAGTCTATCGGA-1	NOT_IN_PREDECLARED_KEEP_PLAN	false
GSM8151757	GTGGAAGTCTGCTGAA-1	NOT_IN_PREDECLARED_KEEP_PLAN	false
GSM8151757	GTGGAGAAGCAACAGC-1	NOT_IN_PREDECLARED_KEEP_PLAN	false
GSM8151757	GTGGAGAAGTAGCAAT-1	NOT_IN_PREDECLARED_KEEP_PLAN	false
GSM8151757	GTGGAGATCTACGCGG-1	NOT_IN_PREDECLARED_KEEP_PLAN	false
GSM8151757	GTGGCGTAGACGACGT-1	NOT_IN_PREDECLARED_KEEP_PLAN	false
GSM8151757	GTGGGAAGTAGCTTTG-1	NOT_IN_PREDECLARED_KEEP_PLAN	false
GSM8151757	GTGGGAAGTCAGATTC-1	NOT_IN_PREDECLARED_KEEP_PLAN	false
GSM8151757	GTGGGAATCTGCTAGA-1	NOT_IN_PREDECLARED_KEEP_PLAN	false
GSM8151757	GTGGTTACAGCGGATA-1	NOT_IN_PREDECLARED_KEEP_PLAN	false
GSM8151757	GTGGTTACAGTCACGC-1	NOT_IN_PREDECLARED_KEEP_PLAN	false
GSM8151757	GTGTAACGTTACCCTC-1	NOT_IN_PREDECLARED_KEEP_PLAN	false
GSM8151757	GTGTCCTAGCGAATGC-1	NOT_IN_PREDECLARED_KEEP_PLAN	false
GSM8151757	GTGTCCTAGTAATTGG-1	NOT_IN_PREDECLARED_KEEP_PLAN	false
GSM8151757	GTGTCCTCAACTTCTT-1	NOT_IN_PREDECLARED_KEEP_PLAN	false
GSM8151757	GTGTCCTTCTTCGACC-1	NOT_IN_PREDECLARED_KEEP_PLAN	false
GSM8151757	GTGTGATCATCTAGAC-1	NOT_IN_PREDECLARED_KEEP_PLAN	false
GSM8151757	GTGTGATGTCACCGCA-1	NOT_IN_PREDECLARED_KEEP_PLAN	false
GSM8151757	GTGTGATGTCTCAAGT-1	NOT_IN_PREDECLARED_KEEP_PLAN	false
GSM8151757	GTGTGATTCTCACGAA-1	NOT_IN_PREDECLARED_KEEP_PLAN	false
GSM8151757	GTGTGATTCTCTATGT-1	NOT_IN_PREDECLARED_KEEP_PLAN	false
GSM8151757	GTGTGGCGTGCTTCAA-1	NOT_IN_PREDECLARED_KEEP_PLAN	false
GSM8151757	GTGTTAGAGGCTAAAT-1	NOT_IN_PREDECLARED_KEEP_PLAN	false
GSM8151757	GTGTTCCGTGGACTAG-1	NOT_IN_PREDECLARED_KEEP_PLAN	false
GSM8151757	GTGTTCCGTGGGATTG-1	NOT_IN_PREDECLARED_KEEP_PLAN	false
GSM8151757	GTGTTCCTCCTCATAT-1	NOT_IN_PREDECLARED_KEEP_PLAN	false
GSM8151757	GTGTTCCTCGTCTACC-1	NOT_IN_PREDECLARED_KEEP_PLAN	false
GSM8151757	GTTACAGGTTCGGCTG-1	NOT_IN_PREDECLARED_KEEP_PLAN	false
GSM8151757	GTTACCCTCAAGTCGT-1	NOT_IN_PREDECLARED_KEEP_PLAN	false
GSM8151757	GTTACCCTCGGTTGTA-1	NOT_IN_PREDECLARED_KEEP_PLAN	false
GSM8151757	GTTACGAAGTCCCGAC-1	NOT_IN_PREDECLARED_KEEP_PLAN	false
GSM8151757	GTTACGAAGTGCAGGT-1	NOT_IN_PREDECLARED_KEEP_PLAN	false
GSM8151757	GTTACGACAACAGTGG-1	NOT_IN_PREDECLARED_KEEP_PLAN	false
GSM8151757	GTTACGATCACGAACT-1	NOT_IN_PREDECLARED_KEEP_PLAN	false
GSM8151757	GTTAGACGTATTTCGG-1	NOT_IN_PREDECLARED_KEEP_PLAN	false
GSM8151757	GTTAGTGAGGTGCTTT-1	NOT_IN_PREDECLARED_KEEP_PLAN	false
GSM8151757	GTTAGTGGTGAATATG-1	NOT_IN_PREDECLARED_KEEP_PLAN	false
GSM8151757	GTTATGGCATGGGTCC-1	NOT_IN_PREDECLARED_KEEP_PLAN	false
GSM8151757	GTTATGGTCAGTGTGT-1	NOT_IN_PREDECLARED_KEEP_PLAN	false
GSM8151757	GTTCATTCAAGTGGGT-1	NOT_IN_PREDECLARED_KEEP_PLAN	false
GSM8151757	GTTCATTCATTCACCC-1	NOT_IN_PREDECLARED_KEEP_PLAN	false
GSM8151757	GTTCATTGTGACAGCA-1	NOT_IN_PREDECLARED_KEEP_PLAN	false
GSM8151757	GTTCATTTCAACGAGG-1	NOT_IN_PREDECLARED_KEEP_PLAN	false
GSM8151757	GTTCATTTCTAGAACC-1	NOT_IN_PREDECLARED_KEEP_PLAN	false
GSM8151757	GTTCATTTCTGAGGTT-1	NOT_IN_PREDECLARED_KEEP_PLAN	false
GSM8151757	GTTCCGTTCCAACCAA-1	NOT_IN_PREDECLARED_KEEP_PLAN	false
GSM8151757	GTTCGCTCATTGCCTC-1	NOT_IN_PREDECLARED_KEEP_PLAN	false
GSM8151757	GTTCGCTGTCTACGAT-1	NOT_IN_PREDECLARED_KEEP_PLAN	false
GSM8151757	GTTCGCTGTTGCTGAT-1	NOT_IN_PREDECLARED_KEEP_PLAN	false
GSM8151757	GTTGAACAGCGTGCTC-1	NOT_IN_PREDECLARED_KEEP_PLAN	false
GSM8151757	GTTGAACAGGGATCTG-1	NOT_IN_PREDECLARED_KEEP_PLAN	false
GSM8151757	GTTGAACCAAGGTCGA-1	NOT_IN_PREDECLARED_KEEP_PLAN	false
GSM8151757	GTTGAACCACAACGCC-1	NOT_IN_PREDECLARED_KEEP_PLAN	false
GSM8151757	GTTGAACCACCAAAGG-1	NOT_IN_PREDECLARED_KEEP_PLAN	false
GSM8151757	GTTGAACTCCATCCGT-1	NOT_IN_PREDECLARED_KEEP_PLAN	false
GSM8151757	GTTGCGGAGGATATGT-1	NOT_IN_PREDECLARED_KEEP_PLAN	false
GSM8151757	GTTGCGGAGGATGAGA-1	NOT_IN_PREDECLARED_KEEP_PLAN	false
GSM8151757	GTTGCGGCACTGTCCT-1	NOT_IN_PREDECLARED_KEEP_PLAN	false
GSM8151757	GTTGCGGGTAGCGCCT-1	NOT_IN_PREDECLARED_KEEP_PLAN	false
GSM8151757	GTTGCGGTCCTGCTAC-1	NOT_IN_PREDECLARED_KEEP_PLAN	false
GSM8151757	GTTGCTCCAGGACGAT-1	NOT_IN_PREDECLARED_KEEP_PLAN	false
GSM8151757	GTTGCTCCATCGGAAG-1	NOT_IN_PREDECLARED_KEEP_PLAN	false
GSM8151757	GTTGCTCTCTTGGATG-1	NOT_IN_PREDECLARED_KEEP_PLAN	false
GSM8151757	GTTGTCCAGCATCAGG-1	NOT_IN_PREDECLARED_KEEP_PLAN	false
GSM8151757	GTTGTCCGTTGGGATG-1	NOT_IN_PREDECLARED_KEEP_PLAN	false
GSM8151757	GTTGTGAAGGGCAACT-1	NOT_IN_PREDECLARED_KEEP_PLAN	false
GSM8151757	GTTGTGACAGACTGCC-1	NOT_IN_PREDECLARED_KEEP_PLAN	false
GSM8151757	GTTTACTAGCTAATGA-1	NOT_IN_PREDECLARED_KEEP_PLAN	false
GSM8151757	GTTTACTCACTTCATT-1	NOT_IN_PREDECLARED_KEEP_PLAN	false
GSM8151757	GTTTACTGTTCTCCCA-1	NOT_IN_PREDECLARED_KEEP_PLAN	false
GSM8151757	GTTTGGAAGCCTCTCT-1	NOT_IN_PREDECLARED_KEEP_PLAN	false
GSM8151757	TAACACGAGAACCCGA-1	NOT_IN_PREDECLARED_KEEP_PLAN	false
GSM8151757	TAACACGTCTACTCAT-1	NOT_IN_PREDECLARED_KEEP_PLAN	false
GSM8151757	TAACGACCATTGCCGG-1	NOT_IN_PREDECLARED_KEEP_PLAN	false
GSM8151757	TAACGACGTATGTGTC-1	NOT_IN_PREDECLARED_KEEP_PLAN	false
GSM8151757	TAACGACGTATTGGCT-1	NOT_IN_PREDECLARED_KEEP_PLAN	false
GSM8151757	TAACGACTCTGCATAG-1	NOT_IN_PREDECLARED_KEEP_PLAN	false
GSM8151757	TAACTTCAGACTCTAC-1	NOT_IN_PREDECLARED_KEEP_PLAN	false
GSM8151757	TAACTTCCAAGTCGTT-1	NOT_IN_PREDECLARED_KEEP_PLAN	false
GSM8151757	TAACTTCTCCACCTGT-1	NOT_IN_PREDECLARED_KEEP_PLAN	false
GSM8151757	TAAGCACGTACCAGAG-1	NOT_IN_PREDECLARED_KEEP_PLAN	false
GSM8151757	TAAGCACTCCCTATTA-1	NOT_IN_PREDECLARED_KEEP_PLAN	false
GSM8151757	TAAGCCAAGTGGTCAG-1	NOT_IN_PREDECLARED_KEEP_PLAN	false
GSM8151757	TAAGCCACACGCCACA-1	NOT_IN_PREDECLARED_KEEP_PLAN	false
GSM8151757	TAAGCCAGTCCTGAAT-1	NOT_IN_PREDECLARED_KEEP_PLAN	false
GSM8151757	TAAGCGTCAAGCAATA-1	NOT_IN_PREDECLARED_KEEP_PLAN	false
GSM8151757	TAAGCGTCAGGTGTGA-1	NOT_IN_PREDECLARED_KEEP_PLAN	false
GSM8151757	TAAGCGTGTGTGGTCC-1	NOT_IN_PREDECLARED_KEEP_PLAN	false
GSM8151757	TAAGCGTGTTACTCAG-1	NOT_IN_PREDECLARED_KEEP_PLAN	false
GSM8151757	TAAGTCGCATGTTCGA-1	NOT_IN_PREDECLARED_KEEP_PLAN	false
GSM8151757	TAAGTCGGTGGCTGAA-1	NOT_IN_PREDECLARED_KEEP_PLAN	false
GSM8151757	TAAGTCGGTGGTCCCA-1	NOT_IN_PREDECLARED_KEEP_PLAN	false
GSM8151757	TAATCTCAGGTGCTAG-1	NOT_IN_PREDECLARED_KEEP_PLAN	false
GSM8151757	TAATTCCCAATCAGCT-1	NOT_IN_PREDECLARED_KEEP_PLAN	false
GSM8151757	TAATTCCTCAAGCGTT-1	NOT_IN_PREDECLARED_KEEP_PLAN	false
GSM8151757	TAATTCCTCTTGGATG-1	NOT_IN_PREDECLARED_KEEP_PLAN	false
GSM8151757	TACAACGAGAACAGGA-1	NOT_IN_PREDECLARED_KEEP_PLAN	false
GSM8151757	TACAACGCACATTGTG-1	NOT_IN_PREDECLARED_KEEP_PLAN	false
GSM8151757	TACAACGGTCTGCATA-1	NOT_IN_PREDECLARED_KEEP_PLAN	false
GSM8151757	TACACCCGTCCTACGG-1	NOT_IN_PREDECLARED_KEEP_PLAN	false
GSM8151757	TACACCCGTTACCCAA-1	NOT_IN_PREDECLARED_KEEP_PLAN	false
GSM8151757	TACAGGTAGAGGTCAC-1	NOT_IN_PREDECLARED_KEEP_PLAN	false
GSM8151757	TACAGGTCAATCCAGT-1	NOT_IN_PREDECLARED_KEEP_PLAN	false
GSM8151757	TACATTCAGGTTGGTG-1	NOT_IN_PREDECLARED_KEEP_PLAN	false
GSM8151757	TACATTCCAGTCACGC-1	NOT_IN_PREDECLARED_KEEP_PLAN	false
GSM8151757	TACATTCGTACATTGC-1	NOT_IN_PREDECLARED_KEEP_PLAN	false
GSM8151757	TACATTCGTGCTCTCT-1	NOT_IN_PREDECLARED_KEEP_PLAN	false
GSM8151757	TACCCACAGTCGAAAT-1	NOT_IN_PREDECLARED_KEEP_PLAN	false
GSM8151757	TACCCACTCCTGCCAT-1	NOT_IN_PREDECLARED_KEEP_PLAN	false
GSM8151757	TACCCGTGTACGAAAT-1	NOT_IN_PREDECLARED_KEEP_PLAN	false
GSM8151757	TACCCGTGTATTTCCT-1	NOT_IN_PREDECLARED_KEEP_PLAN	false
GSM8151757	TACCGAAAGGTTTGAA-1	NOT_IN_PREDECLARED_KEEP_PLAN	false
GSM8151757	TACCGAAGTAGACGTG-1	NOT_IN_PREDECLARED_KEEP_PLAN	false
GSM8151757	TACCGAATCGAACACT-1	NOT_IN_PREDECLARED_KEEP_PLAN	false
GSM8151757	TACCGAATCGGCCTTT-1	NOT_IN_PREDECLARED_KEEP_PLAN	false
GSM8151757	TACCGGGCAATTTCTC-1	NOT_IN_PREDECLARED_KEEP_PLAN	false
GSM8151757	TACCTCGCAGAGGTTG-1	NOT_IN_PREDECLARED_KEEP_PLAN	false
GSM8151757	TACCTCGGTTGCATGT-1	NOT_IN_PREDECLARED_KEEP_PLAN	false
GSM8151757	TACCTCGTCCACTGGG-1	NOT_IN_PREDECLARED_KEEP_PLAN	false
GSM8151757	TACGCTCAGCTGGTGA-1	NOT_IN_PREDECLARED_KEEP_PLAN	false
GSM8151757	TACGCTCAGTCAGCGA-1	NOT_IN_PREDECLARED_KEEP_PLAN	false
GSM8151757	TACGCTCCAGTCAACT-1	NOT_IN_PREDECLARED_KEEP_PLAN	false
GSM8151757	TACGCTCTCACTTGTT-1	NOT_IN_PREDECLARED_KEEP_PLAN	false
GSM8151757	TACGGGCAGCATAGGC-1	NOT_IN_PREDECLARED_KEEP_PLAN	false
GSM8151757	TACGGGCCAGCAGTCC-1	NOT_IN_PREDECLARED_KEEP_PLAN	false
GSM8151757	TACGGTAAGCGAACTG-1	NOT_IN_PREDECLARED_KEEP_PLAN	false
GSM8151757	TACGGTAGTGAGAGGG-1	NOT_IN_PREDECLARED_KEEP_PLAN	false
GSM8151757	TACGTCCAGATTGATG-1	NOT_IN_PREDECLARED_KEEP_PLAN	false
GSM8151757	TACGTCCAGCTCTTCC-1	NOT_IN_PREDECLARED_KEEP_PLAN	false
GSM8151757	TACGTCCCAACATACC-1	NOT_IN_PREDECLARED_KEEP_PLAN	false
GSM8151757	TACGTCCTCACGACTA-1	NOT_IN_PREDECLARED_KEEP_PLAN	false
GSM8151757	TACTGCCAGGGTTAAT-1	NOT_IN_PREDECLARED_KEEP_PLAN	false
GSM8151757	TACTGCCTCAAGCCTA-1	NOT_IN_PREDECLARED_KEEP_PLAN	false
GSM8151757	TACTGCCTCGTGGTAT-1	NOT_IN_PREDECLARED_KEEP_PLAN	false
GSM8151757	TACTTACAGTAGTGCG-1	NOT_IN_PREDECLARED_KEEP_PLAN	false
GSM8151757	TACTTACGTAACCAGG-1	NOT_IN_PREDECLARED_KEEP_PLAN	false
GSM8151757	TACTTACGTTCCGGTG-1	NOT_IN_PREDECLARED_KEEP_PLAN	false
GSM8151757	TACTTACTCCTCAGGG-1	NOT_IN_PREDECLARED_KEEP_PLAN	false
GSM8151757	TACTTCACACAATGTC-1	NOT_IN_PREDECLARED_KEEP_PLAN	false
GSM8151757	TACTTCAGTGAATAAC-1	NOT_IN_PREDECLARED_KEEP_PLAN	false
GSM8151757	TAGACCAGTATCAGGG-1	NOT_IN_PREDECLARED_KEEP_PLAN	false
GSM8151757	TAGACCATCTGTGTGA-1	NOT_IN_PREDECLARED_KEEP_PLAN	false
GSM8151757	TAGACTGCAAATGCTC-1	NOT_IN_PREDECLARED_KEEP_PLAN	false
GSM8151757	TAGACTGCAGGATTCT-1	NOT_IN_PREDECLARED_KEEP_PLAN	false
GSM8151757	TAGACTGGTATTCCTT-1	NOT_IN_PREDECLARED_KEEP_PLAN	false
GSM8151757	TAGACTGTCCGAAGGA-1	NOT_IN_PREDECLARED_KEEP_PLAN	false
GSM8151757	TAGAGTCAGGGTACGT-1	NOT_IN_PREDECLARED_KEEP_PLAN	false
GSM8151757	TAGAGTCGTACTGCGC-1	NOT_IN_PREDECLARED_KEEP_PLAN	false
GSM8151757	TAGAGTCGTTTCCCAC-1	NOT_IN_PREDECLARED_KEEP_PLAN	false
GSM8151757	TAGAGTCTCAGTAGGG-1	NOT_IN_PREDECLARED_KEEP_PLAN	false
GSM8151757	TAGAGTCTCTGTAAGC-1	NOT_IN_PREDECLARED_KEEP_PLAN	false
GSM8151757	TAGATCGAGACCCGCT-1	NOT_IN_PREDECLARED_KEEP_PLAN	false
GSM8151757	TAGATCGAGATCACTC-1	NOT_IN_PREDECLARED_KEEP_PLAN	false
GSM8151757	TAGATCGAGGTTGACG-1	NOT_IN_PREDECLARED_KEEP_PLAN	false
GSM8151757	TAGATCGCAAGTTCCA-1	NOT_IN_PREDECLARED_KEEP_PLAN	false
GSM8151757	TAGATCGCAGACCTGC-1	NOT_IN_PREDECLARED_KEEP_PLAN	false
GSM8151757	TAGATCGGTCCAGAAG-1	NOT_IN_PREDECLARED_KEEP_PLAN	false
GSM8151757	TAGCACATCAAGAATG-1	NOT_IN_PREDECLARED_KEEP_PLAN	false
GSM8151757	TAGGAGGCAGTAGTTC-1	NOT_IN_PREDECLARED_KEEP_PLAN	false
GSM8151757	TAGGAGGCAGTGCCTG-1	NOT_IN_PREDECLARED_KEEP_PLAN	false
GSM8151757	TAGGAGGCATCAGCTA-1	NOT_IN_PREDECLARED_KEEP_PLAN	false
GSM8151757	TAGGGTTAGACCTCCG-1	NOT_IN_PREDECLARED_KEEP_PLAN	false
GSM8151757	TAGGGTTCACTACCCT-1	NOT_IN_PREDECLARED_KEEP_PLAN	false
GSM8151757	TAGGGTTCATCCGTTC-1	NOT_IN_PREDECLARED_KEEP_PLAN	false
GSM8151757	TAGGGTTTCCCATTTA-1	NOT_IN_PREDECLARED_KEEP_PLAN	false
GSM8151757	TAGGTACGTACGTAGG-1	NOT_IN_PREDECLARED_KEEP_PLAN	false
GSM8151757	TAGGTACGTGCGTTTA-1	NOT_IN_PREDECLARED_KEEP_PLAN	false
GSM8151757	TAGGTTGAGGCCTAAG-1	NOT_IN_PREDECLARED_KEEP_PLAN	false
GSM8151757	TAGGTTGTCTTACCAT-1	NOT_IN_PREDECLARED_KEEP_PLAN	false
GSM8151757	TAGTGCAAGAAAGTCT-1	NOT_IN_PREDECLARED_KEEP_PLAN	false
GSM8151757	TAGTGCACACTCCGAG-1	NOT_IN_PREDECLARED_KEEP_PLAN	false
GSM8151757	TAGTGCAGTCGAATTC-1	NOT_IN_PREDECLARED_KEEP_PLAN	false
GSM8151757	TAGTGCATCCCTGGTT-1	NOT_IN_PREDECLARED_KEEP_PLAN	false
GSM8151757	TAGTGCATCGAGAAAT-1	NOT_IN_PREDECLARED_KEEP_PLAN	false
GSM8151757	TAGTGCATCTGCATGA-1	NOT_IN_PREDECLARED_KEEP_PLAN	false
GSM8151757	TATACCTCAGTATTCG-1	NOT_IN_PREDECLARED_KEEP_PLAN	false
GSM8151757	TATATCCGTTCCCACT-1	NOT_IN_PREDECLARED_KEEP_PLAN	false
GSM8151757	TATCAGGCAAATACAG-1	NOT_IN_PREDECLARED_KEEP_PLAN	false
GSM8151757	TATCCTACACGATAGG-1	NOT_IN_PREDECLARED_KEEP_PLAN	false
GSM8151757	TATCCTACAGCAGTCC-1	NOT_IN_PREDECLARED_KEEP_PLAN	false
GSM8151757	TATCGCCAGAATAACC-1	NOT_IN_PREDECLARED_KEEP_PLAN	false
GSM8151757	TATCGCCCAGGTATGG-1	NOT_IN_PREDECLARED_KEEP_PLAN	false
GSM8151757	TATCGCCCATGGCCAC-1	NOT_IN_PREDECLARED_KEEP_PLAN	false
GSM8151757	TATCGCCTCTAGGCAT-1	NOT_IN_PREDECLARED_KEEP_PLAN	false
GSM8151757	TATCTGTAGCATGCAG-1	NOT_IN_PREDECLARED_KEEP_PLAN	false
GSM8151757	TATCTGTAGTGGTTGG-1	NOT_IN_PREDECLARED_KEEP_PLAN	false
GSM8151757	TATCTGTAGTTGCTGT-1	NOT_IN_PREDECLARED_KEEP_PLAN	false
GSM8151757	TATCTGTTCAGGACGA-1	NOT_IN_PREDECLARED_KEEP_PLAN	false
GSM8151757	TATCTTGCAACCCTCT-1	NOT_IN_PREDECLARED_KEEP_PLAN	false
GSM8151757	TATCTTGCAATCGCAT-1	NOT_IN_PREDECLARED_KEEP_PLAN	false
GSM8151757	TATCTTGTCTAAGAAG-1	NOT_IN_PREDECLARED_KEEP_PLAN	false
GSM8151757	TATGTTCAGGCGTTAG-1	NOT_IN_PREDECLARED_KEEP_PLAN	false
GSM8151757	TATTCCAGTCACCCTT-1	NOT_IN_PREDECLARED_KEEP_PLAN	false
GSM8151757	TATTCCATCCTAACAG-1	NOT_IN_PREDECLARED_KEEP_PLAN	false
GSM8151757	TATTGCTAGAGTATAC-1	NOT_IN_PREDECLARED_KEEP_PLAN	false
GSM8151757	TATTGCTAGATGATTG-1	NOT_IN_PREDECLARED_KEEP_PLAN	false
GSM8151757	TATTGCTAGCTGCGAA-1	NOT_IN_PREDECLARED_KEEP_PLAN	false
GSM8151757	TATTGCTGTCTCAGAT-1	NOT_IN_PREDECLARED_KEEP_PLAN	false
GSM8151757	TATTGCTGTCTTGAGT-1	NOT_IN_PREDECLARED_KEEP_PLAN	false
GSM8151757	TATTGCTTCCAGTGCG-1	NOT_IN_PREDECLARED_KEEP_PLAN	false
GSM8151757	TATTGCTTCGCCTATC-1	NOT_IN_PREDECLARED_KEEP_PLAN	false
GSM8151757	TATTGGGAGACCGTTT-1	NOT_IN_PREDECLARED_KEEP_PLAN	false
GSM8151757	TATTTCGCAACAGATA-1	NOT_IN_PREDECLARED_KEEP_PLAN	false
GSM8151757	TCAAGACAGGTGCTGA-1	NOT_IN_PREDECLARED_KEEP_PLAN	false
GSM8151757	TCAAGACCAGAGGACT-1	NOT_IN_PREDECLARED_KEEP_PLAN	false
GSM8151757	TCAAGCAAGTTTAGGA-1	NOT_IN_PREDECLARED_KEEP_PLAN	false
GSM8151757	TCAAGCACAGAGGAAA-1	NOT_IN_PREDECLARED_KEEP_PLAN	false
GSM8151757	TCAAGTGGTCAAGTTC-1	NOT_IN_PREDECLARED_KEEP_PLAN	false
GSM8151757	TCAATCTCACTAGAGG-1	NOT_IN_PREDECLARED_KEEP_PLAN	false
GSM8151757	TCAATTCAGGTGCTAG-1	NOT_IN_PREDECLARED_KEEP_PLAN	false
GSM8151757	TCAATTCCATGTGGCC-1	NOT_IN_PREDECLARED_KEEP_PLAN	false
GSM8151757	TCAATTCGTACTGGGA-1	NOT_IN_PREDECLARED_KEEP_PLAN	false
GSM8151757	TCAATTCGTGAGTAGC-1	NOT_IN_PREDECLARED_KEEP_PLAN	false
GSM8151757	TCAATTCTCCACTGGG-1	NOT_IN_PREDECLARED_KEEP_PLAN	false
GSM8151757	TCAATTCTCTTAGGAC-1	NOT_IN_PREDECLARED_KEEP_PLAN	false
GSM8151757	TCACAAGAGACCATTC-1	NOT_IN_PREDECLARED_KEEP_PLAN	false
GSM8151757	TCACAAGAGCGCATCC-1	NOT_IN_PREDECLARED_KEEP_PLAN	false
GSM8151757	TCACAAGCACGTAACT-1	NOT_IN_PREDECLARED_KEEP_PLAN	false
GSM8151757	TCACAAGCAGTGGCTC-1	NOT_IN_PREDECLARED_KEEP_PLAN	false
GSM8151757	TCACAAGGTGGTAATA-1	NOT_IN_PREDECLARED_KEEP_PLAN	false
GSM8151757	TCACAAGGTTGTTGAC-1	NOT_IN_PREDECLARED_KEEP_PLAN	false
GSM8151757	TCACAAGTCGATTGAC-1	NOT_IN_PREDECLARED_KEEP_PLAN	false
GSM8151757	TCACACCAGCTTTGTG-1	NOT_IN_PREDECLARED_KEEP_PLAN	false
GSM8151757	TCACACCAGGGTTAGC-1	NOT_IN_PREDECLARED_KEEP_PLAN	false
GSM8151757	TCACACCCACCGGCTA-1	NOT_IN_PREDECLARED_KEEP_PLAN	false
GSM8151757	TCACACCGTAACAGGC-1	NOT_IN_PREDECLARED_KEEP_PLAN	false
GSM8151757	TCACACCGTCCAAAGG-1	NOT_IN_PREDECLARED_KEEP_PLAN	false
GSM8151757	TCACATTGTAGCTTGT-1	NOT_IN_PREDECLARED_KEEP_PLAN	false
GSM8151757	TCACGCTAGACCACGA-1	NOT_IN_PREDECLARED_KEEP_PLAN	false
GSM8151757	TCACGCTAGATCCTAC-1	NOT_IN_PREDECLARED_KEEP_PLAN	false
GSM8151757	TCACGCTCAAGGACAC-1	NOT_IN_PREDECLARED_KEEP_PLAN	false
GSM8151757	TCACGCTCAATTGCGT-1	NOT_IN_PREDECLARED_KEEP_PLAN	false
GSM8151757	TCACGCTTCAAGCTGT-1	NOT_IN_PREDECLARED_KEEP_PLAN	false
GSM8151757	TCACGCTTCATAGAGA-1	NOT_IN_PREDECLARED_KEEP_PLAN	false
GSM8151757	TCACGCTTCATTTGTC-1	NOT_IN_PREDECLARED_KEEP_PLAN	false
GSM8151757	TCACGGGAGGGTATAT-1	NOT_IN_PREDECLARED_KEEP_PLAN	false
GSM8151757	TCACGGGAGTCATCGT-1	NOT_IN_PREDECLARED_KEEP_PLAN	false
GSM8151757	TCACGGGTCTGAGGCC-1	NOT_IN_PREDECLARED_KEEP_PLAN	false
GSM8151757	TCACTATAGGCATGGT-1	NOT_IN_PREDECLARED_KEEP_PLAN	false
GSM8151757	TCACTATCAATTCACG-1	NOT_IN_PREDECLARED_KEEP_PLAN	false
GSM8151757	TCACTCGAGGCCTTCG-1	NOT_IN_PREDECLARED_KEEP_PLAN	false
GSM8151757	TCACTCGCACGACGTC-1	NOT_IN_PREDECLARED_KEEP_PLAN	false
GSM8151757	TCACTCGTCATCGGGC-1	NOT_IN_PREDECLARED_KEEP_PLAN	false
GSM8151757	TCAGCAAAGACGGTCA-1	NOT_IN_PREDECLARED_KEEP_PLAN	false
GSM8151757	TCAGCAACATGGCCCA-1	NOT_IN_PREDECLARED_KEEP_PLAN	false
GSM8151757	TCAGCAAGTCAAACGG-1	NOT_IN_PREDECLARED_KEEP_PLAN	false
GSM8151757	TCAGCCTAGACATGCG-1	NOT_IN_PREDECLARED_KEEP_PLAN	false
GSM8151757	TCAGCCTTCGTTCAGA-1	NOT_IN_PREDECLARED_KEEP_PLAN	false
GSM8151757	TCAGCCTTCTGTCCCA-1	NOT_IN_PREDECLARED_KEEP_PLAN	false
GSM8151757	TCAGGGCAGATACGAT-1	NOT_IN_PREDECLARED_KEEP_PLAN	false
GSM8151757	TCAGGGCAGATTGTGA-1	NOT_IN_PREDECLARED_KEEP_PLAN	false
GSM8151757	TCAGGGCAGCTTGTGT-1	NOT_IN_PREDECLARED_KEEP_PLAN	false
GSM8151757	TCAGTCCAGAACTGAT-1	NOT_IN_PREDECLARED_KEEP_PLAN	false
GSM8151757	TCAGTCCAGGAGGTTC-1	NOT_IN_PREDECLARED_KEEP_PLAN	false
GSM8151757	TCAGTCCCAGAACATA-1	NOT_IN_PREDECLARED_KEEP_PLAN	false
GSM8151757	TCAGTCCGTAGACAAT-1	NOT_IN_PREDECLARED_KEEP_PLAN	false
GSM8151757	TCAGTGACAAAGCGTG-1	NOT_IN_PREDECLARED_KEEP_PLAN	false
GSM8151757	TCAGTGATCGGATACT-1	NOT_IN_PREDECLARED_KEEP_PLAN	false
GSM8151757	TCAGTTTGTAATGATG-1	NOT_IN_PREDECLARED_KEEP_PLAN	false
GSM8151757	TCAGTTTGTGAGCTCC-1	NOT_IN_PREDECLARED_KEEP_PLAN	false
GSM8151757	TCAGTTTGTGATTCTG-1	NOT_IN_PREDECLARED_KEEP_PLAN	false
GSM8151757	TCAGTTTTCAGGAAAT-1	NOT_IN_PREDECLARED_KEEP_PLAN	false
GSM8151757	TCAGTTTTCCACACAA-1	NOT_IN_PREDECLARED_KEEP_PLAN	false
GSM8151757	TCATACTGTCACAGAG-1	NOT_IN_PREDECLARED_KEEP_PLAN	false
GSM8151757	TCATATCCAAGTATAG-1	NOT_IN_PREDECLARED_KEEP_PLAN	false
GSM8151757	TCATATCGTTGCCAAT-1	NOT_IN_PREDECLARED_KEEP_PLAN	false
GSM8151757	TCATCCGAGTGGGAAA-1	NOT_IN_PREDECLARED_KEEP_PLAN	false
GSM8151757	TCATCCGGTCCGTTTC-1	NOT_IN_PREDECLARED_KEEP_PLAN	false
GSM8151757	TCATGCCCAAATTAGG-1	NOT_IN_PREDECLARED_KEEP_PLAN	false
GSM8151757	TCATGCCGTGGCTAGA-1	NOT_IN_PREDECLARED_KEEP_PLAN	false
GSM8151757	TCATGCCTCAACGAGG-1	NOT_IN_PREDECLARED_KEEP_PLAN	false
GSM8151757	TCATGCCTCAAGTCTG-1	NOT_IN_PREDECLARED_KEEP_PLAN	false
GSM8151757	TCATGCCTCATCACTT-1	NOT_IN_PREDECLARED_KEEP_PLAN	false
GSM8151757	TCATGCCTCCTACGGG-1	NOT_IN_PREDECLARED_KEEP_PLAN	false
GSM8151757	TCATGGACAACCACAT-1	NOT_IN_PREDECLARED_KEEP_PLAN	false
GSM8151757	TCATGGACAGTGACCC-1	NOT_IN_PREDECLARED_KEEP_PLAN	false
GSM8151757	TCATGGATCTTCGGTC-1	NOT_IN_PREDECLARED_KEEP_PLAN	false
GSM8151757	TCATGTTTCATGACAC-1	NOT_IN_PREDECLARED_KEEP_PLAN	false
GSM8151757	TCATTACAGACGACTG-1	NOT_IN_PREDECLARED_KEEP_PLAN	false
GSM8151757	TCATTACCACTCCGAG-1	NOT_IN_PREDECLARED_KEEP_PLAN	false
GSM8151757	TCATTACCATCGGAAG-1	NOT_IN_PREDECLARED_KEEP_PLAN	false
GSM8151757	TCATTACGTAACCCGC-1	NOT_IN_PREDECLARED_KEEP_PLAN	false
GSM8151757	TCATTACGTCTTCATT-1	NOT_IN_PREDECLARED_KEEP_PLAN	false
GSM8151757	TCATTACGTGTGTGGA-1	NOT_IN_PREDECLARED_KEEP_PLAN	false
GSM8151757	TCATTCAGTACTCGTA-1	NOT_IN_PREDECLARED_KEEP_PLAN	false
GSM8151757	TCATTGTAGATTCGAA-1	NOT_IN_PREDECLARED_KEEP_PLAN	false
GSM8151757	TCATTGTGTCATCCGG-1	NOT_IN_PREDECLARED_KEEP_PLAN	false
GSM8151757	TCATTGTGTCCTGTTC-1	NOT_IN_PREDECLARED_KEEP_PLAN	false
GSM8151757	TCATTTGTCCATAGGT-1	NOT_IN_PREDECLARED_KEEP_PLAN	false
GSM8151757	TCCACCAGTAAGGTCG-1	NOT_IN_PREDECLARED_KEEP_PLAN	false
GSM8151757	TCCACCAGTGCATGTT-1	NOT_IN_PREDECLARED_KEEP_PLAN	false
GSM8151757	TCCACGTAGTGTACAA-1	NOT_IN_PREDECLARED_KEEP_PLAN	false
GSM8151757	TCCAGAAAGTAGCAAT-1	NOT_IN_PREDECLARED_KEEP_PLAN	false
GSM8151757	TCCATCGAGGGTAATT-1	NOT_IN_PREDECLARED_KEEP_PLAN	false
GSM8151757	TCCATCGGTGGCTGAA-1	NOT_IN_PREDECLARED_KEEP_PLAN	false
GSM8151757	TCCATGCCACTGTGAT-1	NOT_IN_PREDECLARED_KEEP_PLAN	false
GSM8151757	TCCATGCGTTCCGCAG-1	NOT_IN_PREDECLARED_KEEP_PLAN	false
GSM8151757	TCCATGCTCCGGCAGT-1	NOT_IN_PREDECLARED_KEEP_PLAN	false
GSM8151757	TCCATGCTCGTAATGC-1	NOT_IN_PREDECLARED_KEEP_PLAN	false
GSM8151757	TCCCACAAGGAGGTTC-1	NOT_IN_PREDECLARED_KEEP_PLAN	false
GSM8151757	TCCCACACAGAACCGA-1	NOT_IN_PREDECLARED_KEEP_PLAN	false
GSM8151757	TCCCAGTAGGATGCGT-1	NOT_IN_PREDECLARED_KEEP_PLAN	false
GSM8151757	TCCCAGTGTTGACGGA-1	NOT_IN_PREDECLARED_KEEP_PLAN	false
GSM8151757	TCCCAGTTCTGTCAGA-1	NOT_IN_PREDECLARED_KEEP_PLAN	false
GSM8151757	TCCCATGGTAGACAGC-1	NOT_IN_PREDECLARED_KEEP_PLAN	false
GSM8151757	TCCGAAAAGAGAAGGT-1	NOT_IN_PREDECLARED_KEEP_PLAN	false
GSM8151757	TCCGAAAGTTTGGGAG-1	NOT_IN_PREDECLARED_KEEP_PLAN	false
GSM8151757	TCCGATCAGGCGAAGG-1	NOT_IN_PREDECLARED_KEEP_PLAN	false
GSM8151757	TCCGATCGTAGATGTA-1	NOT_IN_PREDECLARED_KEEP_PLAN	false
GSM8151757	TCCGATCTCTGACCCT-1	NOT_IN_PREDECLARED_KEEP_PLAN	false
GSM8151757	TCCGGGAAGAATCCCT-1	NOT_IN_PREDECLARED_KEEP_PLAN	false
GSM8151757	TCCGGGACACTGGCGT-1	NOT_IN_PREDECLARED_KEEP_PLAN	false
GSM8151757	TCCGGGATCAATCAGC-1	NOT_IN_PREDECLARED_KEEP_PLAN	false
GSM8151757	TCCGGGATCTCCGAGG-1	NOT_IN_PREDECLARED_KEEP_PLAN	false
GSM8151757	TCCGTGTGTGTCCCTT-1	NOT_IN_PREDECLARED_KEEP_PLAN	false
GSM8151757	TCCTAATCATGGATCT-1	NOT_IN_PREDECLARED_KEEP_PLAN	false
GSM8151757	TCCTAATGTAGTCACT-1	NOT_IN_PREDECLARED_KEEP_PLAN	false
GSM8151757	TCCTAATGTCCGTTTC-1	NOT_IN_PREDECLARED_KEEP_PLAN	false
GSM8151757	TCCTAATTCATTTGTC-1	NOT_IN_PREDECLARED_KEEP_PLAN	false
GSM8151757	TCCTCCCCAATAACGA-1	NOT_IN_PREDECLARED_KEEP_PLAN	false
GSM8151757	TCCTCCCTCACAAGGG-1	NOT_IN_PREDECLARED_KEEP_PLAN	false
GSM8151757	TCCTCCCTCGCCAGTG-1	NOT_IN_PREDECLARED_KEEP_PLAN	false
GSM8151757	TCCTCTTCAGTGGCTC-1	NOT_IN_PREDECLARED_KEEP_PLAN	false
GSM8151757	TCCTGCACAGCACAAG-1	NOT_IN_PREDECLARED_KEEP_PLAN	false
GSM8151757	TCCTGCAGTAGCTGAG-1	NOT_IN_PREDECLARED_KEEP_PLAN	false
GSM8151757	TCCTGCAGTATCGTAC-1	NOT_IN_PREDECLARED_KEEP_PLAN	false
GSM8151757	TCCTGCAGTGCCCGTA-1	NOT_IN_PREDECLARED_KEEP_PLAN	false
GSM8151757	TCCTTCTGTCTGCGCA-1	NOT_IN_PREDECLARED_KEEP_PLAN	false
GSM8151757	TCCTTTCAGAGGTTTA-1	NOT_IN_PREDECLARED_KEEP_PLAN	false
GSM8151757	TCCTTTCAGCATCCCG-1	NOT_IN_PREDECLARED_KEEP_PLAN	false
GSM8151757	TCCTTTCCAGTTAGGG-1	NOT_IN_PREDECLARED_KEEP_PLAN	false
GSM8151757	TCGAACAAGGGTGGGA-1	NOT_IN_PREDECLARED_KEEP_PLAN	false
GSM8151757	TCGAACATCCATTGGA-1	NOT_IN_PREDECLARED_KEEP_PLAN	false
GSM8151757	TCGAAGTCATGGGTCC-1	NOT_IN_PREDECLARED_KEEP_PLAN	false
GSM8151757	TCGAAGTTCGCGTTTC-1	NOT_IN_PREDECLARED_KEEP_PLAN	false
GSM8151757	TCGAAGTTCTCTGCCA-1	NOT_IN_PREDECLARED_KEEP_PLAN	false
GSM8151757	TCGACCTAGGCAGTCA-1	NOT_IN_PREDECLARED_KEEP_PLAN	false
GSM8151757	TCGACCTGTTCACCGG-1	NOT_IN_PREDECLARED_KEEP_PLAN	false
GSM8151757	TCGACGGCACGGCTAC-1	NOT_IN_PREDECLARED_KEEP_PLAN	false
GSM8151757	TCGACGGCAGCCGTTG-1	NOT_IN_PREDECLARED_KEEP_PLAN	false
GSM8151757	TCGACGGGTTTGGCTA-1	NOT_IN_PREDECLARED_KEEP_PLAN	false
GSM8151757	TCGATTTAGCTAAGTA-1	NOT_IN_PREDECLARED_KEEP_PLAN	false
GSM8151757	TCGATTTCACGTAGTT-1	NOT_IN_PREDECLARED_KEEP_PLAN	false
GSM8151757	TCGCACTCAGCCTATA-1	NOT_IN_PREDECLARED_KEEP_PLAN	false
GSM8151757	TCGCAGGCACTTCAGA-1	NOT_IN_PREDECLARED_KEEP_PLAN	false
GSM8151757	TCGCAGGTCGACGATT-1	NOT_IN_PREDECLARED_KEEP_PLAN	false
GSM8151757	TCGCTCAGTAGCGAGT-1	NOT_IN_PREDECLARED_KEEP_PLAN	false
GSM8151757	TCGCTTGCATGACTCA-1	NOT_IN_PREDECLARED_KEEP_PLAN	false
GSM8151757	TCGCTTGGTGATACAA-1	NOT_IN_PREDECLARED_KEEP_PLAN	false
GSM8151757	TCGCTTGGTTGCCAAT-1	NOT_IN_PREDECLARED_KEEP_PLAN	false
GSM8151757	TCGGATACAATATCCG-1	NOT_IN_PREDECLARED_KEEP_PLAN	false
GSM8151757	TCGGGACAGAGTGAAG-1	NOT_IN_PREDECLARED_KEEP_PLAN	false
GSM8151757	TCGGGACAGCCTGAGA-1	NOT_IN_PREDECLARED_KEEP_PLAN	false
GSM8151757	TCGGGACCAGGTTCAT-1	NOT_IN_PREDECLARED_KEEP_PLAN	false
GSM8151757	TCGGGACTCCGTCACT-1	NOT_IN_PREDECLARED_KEEP_PLAN	false
GSM8151757	TCGGGACTCGTCTAAG-1	NOT_IN_PREDECLARED_KEEP_PLAN	false
GSM8151757	TCGGGCAGTCTACTGA-1	NOT_IN_PREDECLARED_KEEP_PLAN	false
GSM8151757	TCGGGTGAGTCTTCCC-1	NOT_IN_PREDECLARED_KEEP_PLAN	false
GSM8151757	TCGGGTGCAAGTATAG-1	NOT_IN_PREDECLARED_KEEP_PLAN	false
GSM8151757	TCGGGTGTCAAATGAG-1	NOT_IN_PREDECLARED_KEEP_PLAN	false
GSM8151757	TCGGGTGTCCGTGGTG-1	NOT_IN_PREDECLARED_KEEP_PLAN	false
GSM8151757	TCGGGTGTCTCCACTG-1	NOT_IN_PREDECLARED_KEEP_PLAN	false
GSM8151757	TCGGTCTCATGACTCA-1	NOT_IN_PREDECLARED_KEEP_PLAN	false
GSM8151757	TCGGTCTGTAGGCTGA-1	NOT_IN_PREDECLARED_KEEP_PLAN	false
GSM8151757	TCGTCCAAGTCACGAG-1	NOT_IN_PREDECLARED_KEEP_PLAN	false
GSM8151757	TCGTCCAGTTGCACGC-1	NOT_IN_PREDECLARED_KEEP_PLAN	false
GSM8151757	TCGTCCATCGCTGACG-1	NOT_IN_PREDECLARED_KEEP_PLAN	false
GSM8151757	TCGTCCATCTCAACGA-1	NOT_IN_PREDECLARED_KEEP_PLAN	false
GSM8151757	TCGTGCTAGAGGCGTT-1	NOT_IN_PREDECLARED_KEEP_PLAN	false
GSM8151757	TCGTGCTAGTCACACT-1	NOT_IN_PREDECLARED_KEEP_PLAN	false
GSM8151757	TCGTGCTTCAACACGT-1	NOT_IN_PREDECLARED_KEEP_PLAN	false
GSM8151757	TCGTGCTTCTGGGATT-1	NOT_IN_PREDECLARED_KEEP_PLAN	false
GSM8151757	TCGTGGGAGATGTTGA-1	NOT_IN_PREDECLARED_KEEP_PLAN	false
GSM8151757	TCGTGGGGTAGGCAAC-1	NOT_IN_PREDECLARED_KEEP_PLAN	false
GSM8151757	TCGTGGGGTATTCCTT-1	NOT_IN_PREDECLARED_KEEP_PLAN	false
GSM8151757	TCTAACTTCGGCCCAA-1	NOT_IN_PREDECLARED_KEEP_PLAN	false
GSM8151757	TCTACATAGGCTAGCA-1	NOT_IN_PREDECLARED_KEEP_PLAN	false
GSM8151757	TCTACATCACGATTCA-1	NOT_IN_PREDECLARED_KEEP_PLAN	false
GSM8151757	TCTACATCACTGCGTG-1	NOT_IN_PREDECLARED_KEEP_PLAN	false
GSM8151757	TCTACATTCTTGGGCG-1	NOT_IN_PREDECLARED_KEEP_PLAN	false
GSM8151757	TCTACCGGTTTGATCG-1	NOT_IN_PREDECLARED_KEEP_PLAN	false
GSM8151757	TCTACCGTCCTAGAGT-1	NOT_IN_PREDECLARED_KEEP_PLAN	false
GSM8151757	TCTACCGTCGCGAAGA-1	NOT_IN_PREDECLARED_KEEP_PLAN	false
GSM8151757	TCTATACCACCCATAA-1	NOT_IN_PREDECLARED_KEEP_PLAN	false
GSM8151757	TCTATACTCTTCGGAA-1	NOT_IN_PREDECLARED_KEEP_PLAN	false
GSM8151757	TCTATCAAGAACTCCT-1	NOT_IN_PREDECLARED_KEEP_PLAN	false
GSM8151757	TCTATCACAATAGGGC-1	NOT_IN_PREDECLARED_KEEP_PLAN	false
GSM8151757	TCTATCATCGGCATTA-1	NOT_IN_PREDECLARED_KEEP_PLAN	false
GSM8151757	TCTCACGGTACTTGTG-1	NOT_IN_PREDECLARED_KEEP_PLAN	false
GSM8151757	TCTCACGTCATGCATG-1	NOT_IN_PREDECLARED_KEEP_PLAN	false
GSM8151757	TCTCACGTCGGAGCAA-1	NOT_IN_PREDECLARED_KEEP_PLAN	false
GSM8151757	TCTCAGCCAGCTATAC-1	NOT_IN_PREDECLARED_KEEP_PLAN	false
GSM8151757	TCTCAGCGTCTCGACG-1	NOT_IN_PREDECLARED_KEEP_PLAN	false
GSM8151757	TCTGCCAAGTCTCGTA-1	NOT_IN_PREDECLARED_KEEP_PLAN	false
GSM8151757	TCTGCCAAGTGGTTCT-1	NOT_IN_PREDECLARED_KEEP_PLAN	false
GSM8151757	TCTGCCAGTGGCACTC-1	NOT_IN_PREDECLARED_KEEP_PLAN	false
GSM8151757	TCTGGCTCAATTGGTC-1	NOT_IN_PREDECLARED_KEEP_PLAN	false
GSM8151757	TCTGGCTGTATGATCC-1	NOT_IN_PREDECLARED_KEEP_PLAN	false
GSM8151757	TCTGGCTGTGGTTTGT-1	NOT_IN_PREDECLARED_KEEP_PLAN	false
GSM8151757	TCTGTCGAGCACTCAT-1	NOT_IN_PREDECLARED_KEEP_PLAN	false
GSM8151757	TCTGTCGCAAGCGATG-1	NOT_IN_PREDECLARED_KEEP_PLAN	false
GSM8151757	TCTTAGTAGGTTGGTG-1	NOT_IN_PREDECLARED_KEEP_PLAN	false
GSM8151757	TCTTAGTCACACACGC-1	NOT_IN_PREDECLARED_KEEP_PLAN	false
GSM8151757	TCTTCCTAGAATTGTG-1	NOT_IN_PREDECLARED_KEEP_PLAN	false
GSM8151757	TCTTCCTGTTGTGTAC-1	NOT_IN_PREDECLARED_KEEP_PLAN	false
GSM8151757	TCTTGCGCAGGTCAGA-1	NOT_IN_PREDECLARED_KEEP_PLAN	false
GSM8151757	TCTTGCGGTGCCGTTG-1	NOT_IN_PREDECLARED_KEEP_PLAN	false
GSM8151757	TCTTGCGTCAGAGTGG-1	NOT_IN_PREDECLARED_KEEP_PLAN	false
GSM8151757	TCTTGCGTCTACGGGC-1	NOT_IN_PREDECLARED_KEEP_PLAN	false
GSM8151757	TCTTGCGTCTCATTTG-1	NOT_IN_PREDECLARED_KEEP_PLAN	false
GSM8151757	TCTTTGACACCTCTAC-1	NOT_IN_PREDECLARED_KEEP_PLAN	false
GSM8151757	TGAACGTAGAAGCGCT-1	NOT_IN_PREDECLARED_KEEP_PLAN	false
GSM8151757	TGAACGTCAAACTAAG-1	NOT_IN_PREDECLARED_KEEP_PLAN	false
GSM8151757	TGAATCGCAGTCGCAC-1	NOT_IN_PREDECLARED_KEEP_PLAN	false
GSM8151757	TGAATCGGTCCAAATC-1	NOT_IN_PREDECLARED_KEEP_PLAN	false
GSM8151757	TGAATCGGTGATTAGA-1	NOT_IN_PREDECLARED_KEEP_PLAN	false
GSM8151757	TGAATGCAGATAGGGA-1	NOT_IN_PREDECLARED_KEEP_PLAN	false
GSM8151757	TGAATGCAGCCTGAGA-1	NOT_IN_PREDECLARED_KEEP_PLAN	false
GSM8151757	TGAATGCTCCGTAGGC-1	NOT_IN_PREDECLARED_KEEP_PLAN	false
GSM8151757	TGACCCTAGTGTTGTC-1	NOT_IN_PREDECLARED_KEEP_PLAN	false
GSM8151757	TGACGCGTCGCGCTGA-1	NOT_IN_PREDECLARED_KEEP_PLAN	false
GSM8151757	TGACTCCCAATTGCAC-1	NOT_IN_PREDECLARED_KEEP_PLAN	false
GSM8151757	TGACTCCGTGTGGTCC-1	NOT_IN_PREDECLARED_KEEP_PLAN	false
GSM8151757	TGACTCCGTTCTATCT-1	NOT_IN_PREDECLARED_KEEP_PLAN	false
GSM8151757	TGACTCCTCATGGCCG-1	NOT_IN_PREDECLARED_KEEP_PLAN	false
GSM8151757	TGACTCCTCCAGTGTA-1	NOT_IN_PREDECLARED_KEEP_PLAN	false
GSM8151757	TGACTCCTCTGGTGCG-1	NOT_IN_PREDECLARED_KEEP_PLAN	false
GSM8151757	TGAGCATAGACTACCT-1	NOT_IN_PREDECLARED_KEEP_PLAN	false
GSM8151757	TGAGCATAGACTACGG-1	NOT_IN_PREDECLARED_KEEP_PLAN	false
GSM8151757	TGAGCATAGCTACGTT-1	NOT_IN_PREDECLARED_KEEP_PLAN	false
GSM8151757	TGAGCATTCAAGCCGC-1	NOT_IN_PREDECLARED_KEEP_PLAN	false
GSM8151757	TGAGCGCAGCTACAAA-1	NOT_IN_PREDECLARED_KEEP_PLAN	false
GSM8151757	TGAGGAGCAATTCTCT-1	NOT_IN_PREDECLARED_KEEP_PLAN	false
GSM8151757	TGAGGAGGTATCACCA-1	NOT_IN_PREDECLARED_KEEP_PLAN	false
GSM8151757	TGAGGAGGTGTCTAAC-1	NOT_IN_PREDECLARED_KEEP_PLAN	false
GSM8151757	TGAGGAGTCAACTACG-1	NOT_IN_PREDECLARED_KEEP_PLAN	false
GSM8151757	TGAGGGAAGAGAACCC-1	NOT_IN_PREDECLARED_KEEP_PLAN	false
GSM8151757	TGAGGGATCTGAGGTT-1	NOT_IN_PREDECLARED_KEEP_PLAN	false
GSM8151757	TGAGGTTCAGACGGAT-1	NOT_IN_PREDECLARED_KEEP_PLAN	false
GSM8151757	TGAGGTTGTAACATAG-1	NOT_IN_PREDECLARED_KEEP_PLAN	false
GSM8151757	TGAGGTTGTAGAGACC-1	NOT_IN_PREDECLARED_KEEP_PLAN	false
GSM8151757	TGAGGTTTCACAGTGT-1	NOT_IN_PREDECLARED_KEEP_PLAN	false
GSM8151757	TGAGTCAAGTCCGCGT-1	NOT_IN_PREDECLARED_KEEP_PLAN	false
GSM8151757	TGAGTCACAACCACGC-1	NOT_IN_PREDECLARED_KEEP_PLAN	false
GSM8151757	TGAGTCAGTGCCTGCA-1	NOT_IN_PREDECLARED_KEEP_PLAN	false
GSM8151757	TGAGTCATCGACGTCG-1	NOT_IN_PREDECLARED_KEEP_PLAN	false
GSM8151757	TGATCTTAGTGTAGTA-1	NOT_IN_PREDECLARED_KEEP_PLAN	false
GSM8151757	TGATCTTCAATCCTTT-1	NOT_IN_PREDECLARED_KEEP_PLAN	false
GSM8151757	TGATCTTCAGGACATG-1	NOT_IN_PREDECLARED_KEEP_PLAN	false
GSM8151757	TGATGCATCAGAATAG-1	NOT_IN_PREDECLARED_KEEP_PLAN	false
GSM8151757	TGATGGTAGTACAACA-1	NOT_IN_PREDECLARED_KEEP_PLAN	false
GSM8151757	TGATGGTGTACAAGCG-1	NOT_IN_PREDECLARED_KEEP_PLAN	false
GSM8151757	TGATGGTGTATACCCA-1	NOT_IN_PREDECLARED_KEEP_PLAN	false
GSM8151757	TGATGGTGTCATATGC-1	NOT_IN_PREDECLARED_KEEP_PLAN	false
GSM8151757	TGATTCTCATGTCTAG-1	NOT_IN_PREDECLARED_KEEP_PLAN	false
GSM8151757	TGATTCTGTCGTCAGC-1	NOT_IN_PREDECLARED_KEEP_PLAN	false
GSM8151757	TGATTCTGTGGAACAC-1	NOT_IN_PREDECLARED_KEEP_PLAN	false
GSM8151757	TGATTCTTCCAGTGTA-1	NOT_IN_PREDECLARED_KEEP_PLAN	false
GSM8151757	TGATTCTTCGAGAGCA-1	NOT_IN_PREDECLARED_KEEP_PLAN	false
GSM8151757	TGCACGGCAAGCGAAC-1	NOT_IN_PREDECLARED_KEEP_PLAN	false
GSM8151757	TGCACGGGTCATACCA-1	NOT_IN_PREDECLARED_KEEP_PLAN	false
GSM8151757	TGCACGGTCGCCACTT-1	NOT_IN_PREDECLARED_KEEP_PLAN	false
GSM8151757	TGCAGATAGCCGATTT-1	NOT_IN_PREDECLARED_KEEP_PLAN	false
GSM8151757	TGCAGATAGTAATACG-1	NOT_IN_PREDECLARED_KEEP_PLAN	false
GSM8151757	TGCAGATCAAGGCAAC-1	NOT_IN_PREDECLARED_KEEP_PLAN	false
GSM8151757	TGCAGATGTGCCTTCT-1	NOT_IN_PREDECLARED_KEEP_PLAN	false
GSM8151757	TGCAGATTCACTACTT-1	NOT_IN_PREDECLARED_KEEP_PLAN	false
GSM8151757	TGCAGATTCAGTCAGT-1	NOT_IN_PREDECLARED_KEEP_PLAN	false
GSM8151757	TGCAGATTCTCTCGAC-1	NOT_IN_PREDECLARED_KEEP_PLAN	false
GSM8151757	TGCAGGCCACCCTCTA-1	NOT_IN_PREDECLARED_KEEP_PLAN	false
GSM8151757	TGCAGGCGTCGAGCAA-1	NOT_IN_PREDECLARED_KEEP_PLAN	false
GSM8151757	TGCAGGCTCTGGTGCG-1	NOT_IN_PREDECLARED_KEEP_PLAN	false
GSM8151757	TGCAGTAAGACTTCAC-1	NOT_IN_PREDECLARED_KEEP_PLAN	false
GSM8151757	TGCAGTAAGATGTAGT-1	NOT_IN_PREDECLARED_KEEP_PLAN	false
GSM8151757	TGCAGTAGTACTCGCG-1	NOT_IN_PREDECLARED_KEEP_PLAN	false
GSM8151757	TGCATCCAGCATGGGT-1	NOT_IN_PREDECLARED_KEEP_PLAN	false
GSM8151757	TGCATCCAGCTCGAAG-1	NOT_IN_PREDECLARED_KEEP_PLAN	false
GSM8151757	TGCATCCCAAGCCCAC-1	NOT_IN_PREDECLARED_KEEP_PLAN	false
GSM8151757	TGCATCCCATCATTGG-1	NOT_IN_PREDECLARED_KEEP_PLAN	false
GSM8151757	TGCATCCGTGACCTGC-1	NOT_IN_PREDECLARED_KEEP_PLAN	false
GSM8151757	TGCATCCTCACTCGAA-1	NOT_IN_PREDECLARED_KEEP_PLAN	false
GSM8151757	TGCATGAGTACACTCA-1	NOT_IN_PREDECLARED_KEEP_PLAN	false
GSM8151757	TGCATGATCACCTCTG-1	NOT_IN_PREDECLARED_KEEP_PLAN	false
GSM8151757	TGCCGAGAGAAGGTAG-1	NOT_IN_PREDECLARED_KEEP_PLAN	false
GSM8151757	TGCGACGGTGACTGTT-1	NOT_IN_PREDECLARED_KEEP_PLAN	false
GSM8151757	TGCGATAAGGACTTCT-1	NOT_IN_PREDECLARED_KEEP_PLAN	false
GSM8151757	TGCGATAAGGTTTGAA-1	NOT_IN_PREDECLARED_KEEP_PLAN	false
GSM8151757	TGCGATAAGTCACGAG-1	NOT_IN_PREDECLARED_KEEP_PLAN	false
GSM8151757	TGCGATAGTAGCACAG-1	NOT_IN_PREDECLARED_KEEP_PLAN	false
GSM8151757	TGCGATAGTCACAGTT-1	NOT_IN_PREDECLARED_KEEP_PLAN	false
GSM8151757	TGCGATATCCGTCACT-1	NOT_IN_PREDECLARED_KEEP_PLAN	false
GSM8151757	TGCGGCAAGGATTTGA-1	NOT_IN_PREDECLARED_KEEP_PLAN	false
GSM8151757	TGCGGCACATACAGGG-1	NOT_IN_PREDECLARED_KEEP_PLAN	false
GSM8151757	TGCGGCAGTGCGAGTA-1	NOT_IN_PREDECLARED_KEEP_PLAN	false
GSM8151757	TGCGGCATCACGGACC-1	NOT_IN_PREDECLARED_KEEP_PLAN	false
GSM8151757	TGCGGGTGTGTCATCA-1	NOT_IN_PREDECLARED_KEEP_PLAN	false
GSM8151757	TGCGGGTGTTTATGCG-1	NOT_IN_PREDECLARED_KEEP_PLAN	false
GSM8151757	TGCTCGTAGAGCTGAC-1	NOT_IN_PREDECLARED_KEEP_PLAN	false
GSM8151757	TGCTCGTAGATGTTAG-1	NOT_IN_PREDECLARED_KEEP_PLAN	false
GSM8151757	TGCTCGTAGGATTCAA-1	NOT_IN_PREDECLARED_KEEP_PLAN	false
GSM8151757	TGCTCGTGTCCAAATC-1	NOT_IN_PREDECLARED_KEEP_PLAN	false
GSM8151757	TGCTGAATCACTGCTC-1	NOT_IN_PREDECLARED_KEEP_PLAN	false
GSM8151757	TGCTGAATCCGTAGTA-1	NOT_IN_PREDECLARED_KEEP_PLAN	false
GSM8151757	TGCTTCGGTTCAATCG-1	NOT_IN_PREDECLARED_KEEP_PLAN	false
GSM8151757	TGCTTGCGTTCCTAGA-1	NOT_IN_PREDECLARED_KEEP_PLAN	false
GSM8151757	TGCTTGCTCTCTAGGA-1	NOT_IN_PREDECLARED_KEEP_PLAN	false
GSM8151757	TGGAACTCAGACGATG-1	NOT_IN_PREDECLARED_KEEP_PLAN	false
GSM8151757	TGGAGAGAGTCAGAGC-1	NOT_IN_PREDECLARED_KEEP_PLAN	false
GSM8151757	TGGAGAGGTTTCACAG-1	NOT_IN_PREDECLARED_KEEP_PLAN	false
GSM8151757	TGGAGAGTCACTGCTC-1	NOT_IN_PREDECLARED_KEEP_PLAN	false
GSM8151757	TGGAGGAAGAAGCCAC-1	NOT_IN_PREDECLARED_KEEP_PLAN	false
GSM8151757	TGGAGGACATCGGCCA-1	NOT_IN_PREDECLARED_KEEP_PLAN	false
GSM8151757	TGGAGGATCTGGTTGA-1	NOT_IN_PREDECLARED_KEEP_PLAN	false
GSM8151757	TGGATCAAGACCACGA-1	NOT_IN_PREDECLARED_KEEP_PLAN	false
GSM8151757	TGGATGTGTAGTCGTT-1	NOT_IN_PREDECLARED_KEEP_PLAN	false
GSM8151757	TGGATGTGTGCGAACA-1	NOT_IN_PREDECLARED_KEEP_PLAN	false
GSM8151757	TGGATGTTCACTAGCA-1	NOT_IN_PREDECLARED_KEEP_PLAN	false
GSM8151757	TGGATGTTCATCACAG-1	NOT_IN_PREDECLARED_KEEP_PLAN	false
GSM8151757	TGGATGTTCTACTGCC-1	NOT_IN_PREDECLARED_KEEP_PLAN	false
GSM8151757	TGGCGTGCAACACGTT-1	NOT_IN_PREDECLARED_KEEP_PLAN	false
GSM8151757	TGGCGTGCAGGACTTT-1	NOT_IN_PREDECLARED_KEEP_PLAN	false
GSM8151757	TGGCGTGGTCACTAGT-1	NOT_IN_PREDECLARED_KEEP_PLAN	false
GSM8151757	TGGGAAGTCGACCCAG-1	NOT_IN_PREDECLARED_KEEP_PLAN	false
GSM8151757	TGGGAAGTCTCTAAGG-1	NOT_IN_PREDECLARED_KEEP_PLAN	false
GSM8151757	TGGGATTAGAGAAGGT-1	NOT_IN_PREDECLARED_KEEP_PLAN	false
GSM8151757	TGGGATTGTCATAGTC-1	NOT_IN_PREDECLARED_KEEP_PLAN	false
GSM8151757	TGGGATTGTCTCGGGT-1	NOT_IN_PREDECLARED_KEEP_PLAN	false
GSM8151757	TGGGCGTAGGTAGCCA-1	NOT_IN_PREDECLARED_KEEP_PLAN	false
GSM8151757	TGGGCGTTCTGATGGT-1	NOT_IN_PREDECLARED_KEEP_PLAN	false
GSM8151757	TGGGCTGAGTAGGGTC-1	NOT_IN_PREDECLARED_KEEP_PLAN	false
GSM8151757	TGGGCTGCACCGCTGA-1	NOT_IN_PREDECLARED_KEEP_PLAN	false
GSM8151757	TGGGCTGGTACGGTTT-1	NOT_IN_PREDECLARED_KEEP_PLAN	false
GSM8151757	TGGGCTGGTCGAGCAA-1	NOT_IN_PREDECLARED_KEEP_PLAN	false
GSM8151757	TGGGCTGGTTGTGCAT-1	NOT_IN_PREDECLARED_KEEP_PLAN	false
GSM8151757	TGGGCTGTCCACCCTA-1	NOT_IN_PREDECLARED_KEEP_PLAN	false
GSM8151757	TGGGTTAGTCCGATCG-1	NOT_IN_PREDECLARED_KEEP_PLAN	false
GSM8151757	TGGGTTATCCTCTAAT-1	NOT_IN_PREDECLARED_KEEP_PLAN	false
GSM8151757	TGGTGATCAAAGCACG-1	NOT_IN_PREDECLARED_KEEP_PLAN	false
GSM8151757	TGGTGATCAATAGTCC-1	NOT_IN_PREDECLARED_KEEP_PLAN	false
GSM8151757	TGGTTAGAGAAGCGGG-1	NOT_IN_PREDECLARED_KEEP_PLAN	false
GSM8151757	TGGTTAGAGCACACAG-1	NOT_IN_PREDECLARED_KEEP_PLAN	false
GSM8151757	TGGTTAGCAACGTAAA-1	NOT_IN_PREDECLARED_KEEP_PLAN	false
GSM8151757	TGTAACGAGACAGCTG-1	NOT_IN_PREDECLARED_KEEP_PLAN	false
GSM8151757	TGTAACGAGAGAGTGA-1	NOT_IN_PREDECLARED_KEEP_PLAN	false
GSM8151757	TGTACAGAGGTAGTAT-1	NOT_IN_PREDECLARED_KEEP_PLAN	false
GSM8151757	TGTACAGCACTATGTG-1	NOT_IN_PREDECLARED_KEEP_PLAN	false
GSM8151757	TGTACAGCAGCGCTTG-1	NOT_IN_PREDECLARED_KEEP_PLAN	false
GSM8151757	TGTACAGCATCATTTC-1	NOT_IN_PREDECLARED_KEEP_PLAN	false
GSM8151757	TGTACAGTCACTTTGT-1	NOT_IN_PREDECLARED_KEEP_PLAN	false
GSM8151757	TGTAGACCACAATGCT-1	NOT_IN_PREDECLARED_KEEP_PLAN	false
GSM8151757	TGTCAGACAAGCTACT-1	NOT_IN_PREDECLARED_KEEP_PLAN	false
GSM8151757	TGTCAGACAAGTATCC-1	NOT_IN_PREDECLARED_KEEP_PLAN	false
GSM8151757	TGTCAGAGTGTAACGG-1	NOT_IN_PREDECLARED_KEEP_PLAN	false
GSM8151757	TGTCAGATCAGTCTTT-1	NOT_IN_PREDECLARED_KEEP_PLAN	false
GSM8151757	TGTCAGATCGAGTCTA-1	NOT_IN_PREDECLARED_KEEP_PLAN	false
GSM8151757	TGTCCACCAAACCATC-1	NOT_IN_PREDECLARED_KEEP_PLAN	false
GSM8151757	TGTCCACCACAGTGTT-1	NOT_IN_PREDECLARED_KEEP_PLAN	false
GSM8151757	TGTCCCAGTAGACGGT-1	NOT_IN_PREDECLARED_KEEP_PLAN	false
GSM8151757	TGTGAGTAGCCACCGT-1	NOT_IN_PREDECLARED_KEEP_PLAN	false
GSM8151757	TGTGAGTCAGGTTCCG-1	NOT_IN_PREDECLARED_KEEP_PLAN	false
GSM8151757	TGTGAGTGTGAGATAT-1	NOT_IN_PREDECLARED_KEEP_PLAN	false
GSM8151757	TGTGAGTGTGTCTAAC-1	NOT_IN_PREDECLARED_KEEP_PLAN	false
GSM8151757	TGTGATGAGCGCCTAC-1	NOT_IN_PREDECLARED_KEEP_PLAN	false
GSM8151757	TGTGATGAGTGGTGAC-1	NOT_IN_PREDECLARED_KEEP_PLAN	false
GSM8151757	TGTGATGCACGTGAGA-1	NOT_IN_PREDECLARED_KEEP_PLAN	false
GSM8151757	TGTGATGGTTACCCAA-1	NOT_IN_PREDECLARED_KEEP_PLAN	false
GSM8151757	TGTGCGGAGGGACACT-1	NOT_IN_PREDECLARED_KEEP_PLAN	false
GSM8151757	TGTGCGGCAGCCTATA-1	NOT_IN_PREDECLARED_KEEP_PLAN	false
GSM8151757	TGTGGCGGTAACAGGC-1	NOT_IN_PREDECLARED_KEEP_PLAN	false
GSM8151757	TGTGGCGGTTATGACC-1	NOT_IN_PREDECLARED_KEEP_PLAN	false
GSM8151757	TGTGTGAGTGTAAACA-1	NOT_IN_PREDECLARED_KEEP_PLAN	false
GSM8151757	TGTGTGATCCAGGACC-1	NOT_IN_PREDECLARED_KEEP_PLAN	false
GSM8151757	TGTTACTAGTGCTCGC-1	NOT_IN_PREDECLARED_KEEP_PLAN	false
GSM8151757	TGTTACTCATTGCTTT-1	NOT_IN_PREDECLARED_KEEP_PLAN	false
GSM8151757	TGTTACTGTCATCGCG-1	NOT_IN_PREDECLARED_KEEP_PLAN	false
GSM8151757	TGTTCATGTGGCTCTG-1	NOT_IN_PREDECLARED_KEEP_PLAN	false
GSM8151757	TGTTCATTCGTGTCAA-1	NOT_IN_PREDECLARED_KEEP_PLAN	false
GSM8151757	TGTTCCGAGGACAGTC-1	NOT_IN_PREDECLARED_KEEP_PLAN	false
GSM8151757	TGTTCCGTCGGTCTGG-1	NOT_IN_PREDECLARED_KEEP_PLAN	false
GSM8151757	TGTTCTACAAATGAGT-1	NOT_IN_PREDECLARED_KEEP_PLAN	false
GSM8151757	TGTTCTAGTCCGTTTC-1	NOT_IN_PREDECLARED_KEEP_PLAN	false
GSM8151757	TGTTGAGTCGCTCCTA-1	NOT_IN_PREDECLARED_KEEP_PLAN	false
GSM8151757	TGTTGGAAGCCGATAG-1	NOT_IN_PREDECLARED_KEEP_PLAN	false
GSM8151757	TGTTGGAAGTAACCTC-1	NOT_IN_PREDECLARED_KEEP_PLAN	false
GSM8151757	TGTTGGAAGTATGAAC-1	NOT_IN_PREDECLARED_KEEP_PLAN	false
GSM8151757	TGTTTGTAGAAGAACG-1	NOT_IN_PREDECLARED_KEEP_PLAN	false
GSM8151757	TGTTTGTAGAGTGAAG-1	NOT_IN_PREDECLARED_KEEP_PLAN	false
GSM8151757	TGTTTGTCAACCACGC-1	NOT_IN_PREDECLARED_KEEP_PLAN	false
GSM8151757	TTAATCCAGGTTGGTG-1	NOT_IN_PREDECLARED_KEEP_PLAN	false
GSM8151757	TTAATCCCAATCGCGC-1	NOT_IN_PREDECLARED_KEEP_PLAN	false
GSM8151757	TTACAGGTCCCAAGCG-1	NOT_IN_PREDECLARED_KEEP_PLAN	false
GSM8151757	TTACCATCACGTCATA-1	NOT_IN_PREDECLARED_KEEP_PLAN	false
GSM8151757	TTACCGCCATGACTTG-1	NOT_IN_PREDECLARED_KEEP_PLAN	false
GSM8151757	TTACCGCTCATGACAC-1	NOT_IN_PREDECLARED_KEEP_PLAN	false
GSM8151757	TTACGCCGTAGACGTG-1	NOT_IN_PREDECLARED_KEEP_PLAN	false
GSM8151757	TTACGCCGTCGCGGTT-1	NOT_IN_PREDECLARED_KEEP_PLAN	false
GSM8151757	TTACGCCGTCTGCATA-1	NOT_IN_PREDECLARED_KEEP_PLAN	false
GSM8151757	TTACGCCGTTCGAACT-1	NOT_IN_PREDECLARED_KEEP_PLAN	false
GSM8151757	TTACGCCTCACCATCC-1	NOT_IN_PREDECLARED_KEEP_PLAN	false
GSM8151757	TTACGTTGTTACGGAG-1	NOT_IN_PREDECLARED_KEEP_PLAN	false
GSM8151757	TTACTGTAGAGCCTGA-1	NOT_IN_PREDECLARED_KEEP_PLAN	false
GSM8151757	TTACTGTAGCACTGGA-1	NOT_IN_PREDECLARED_KEEP_PLAN	false
GSM8151757	TTACTGTAGGTATTGA-1	NOT_IN_PREDECLARED_KEEP_PLAN	false
GSM8151757	TTACTGTTCAGCACCG-1	NOT_IN_PREDECLARED_KEEP_PLAN	false
GSM8151757	TTACTGTTCTATCACT-1	NOT_IN_PREDECLARED_KEEP_PLAN	false
GSM8151757	TTACTGTTCTGAATCG-1	NOT_IN_PREDECLARED_KEEP_PLAN	false
GSM8151757	TTAGGGTAGAGTCAGC-1	NOT_IN_PREDECLARED_KEEP_PLAN	false
GSM8151757	TTAGTCTTCAAACTGC-1	NOT_IN_PREDECLARED_KEEP_PLAN	false
GSM8151757	TTAGTCTTCATGGCCG-1	NOT_IN_PREDECLARED_KEEP_PLAN	false
GSM8151757	TTATTGCCATATCTCT-1	NOT_IN_PREDECLARED_KEEP_PLAN	false
GSM8151757	TTATTGCGTACGCTAT-1	NOT_IN_PREDECLARED_KEEP_PLAN	false
GSM8151757	TTATTGCTCGCGGTAC-1	NOT_IN_PREDECLARED_KEEP_PLAN	false
GSM8151757	TTCACCGAGACTAAGT-1	NOT_IN_PREDECLARED_KEEP_PLAN	false
GSM8151757	TTCACCGTCCAGTGCG-1	NOT_IN_PREDECLARED_KEEP_PLAN	false
GSM8151757	TTCACGCTCTATACTC-1	NOT_IN_PREDECLARED_KEEP_PLAN	false
GSM8151757	TTCAGGAGTGTATACC-1	NOT_IN_PREDECLARED_KEEP_PLAN	false
GSM8151757	TTCAGGATCGCTTAAG-1	NOT_IN_PREDECLARED_KEEP_PLAN	false
GSM8151757	TTCATGTAGGAAAGAC-1	NOT_IN_PREDECLARED_KEEP_PLAN	false
GSM8151757	TTCATGTCAACCCTCT-1	NOT_IN_PREDECLARED_KEEP_PLAN	false
GSM8151757	TTCATGTGTTACGATC-1	NOT_IN_PREDECLARED_KEEP_PLAN	false
GSM8151757	TTCATTGCAGTTCTAG-1	NOT_IN_PREDECLARED_KEEP_PLAN	false
GSM8151757	TTCCAATAGCTAATGA-1	NOT_IN_PREDECLARED_KEEP_PLAN	false
GSM8151757	TTCCAATAGTAGTCTC-1	NOT_IN_PREDECLARED_KEEP_PLAN	false
GSM8151757	TTCCAATGTACTTGTG-1	NOT_IN_PREDECLARED_KEEP_PLAN	false
GSM8151757	TTCCACGAGCAGCCTC-1	NOT_IN_PREDECLARED_KEEP_PLAN	false
GSM8151757	TTCCACGCACGACCTG-1	NOT_IN_PREDECLARED_KEEP_PLAN	false
GSM8151757	TTCCACGGTATCAGCT-1	NOT_IN_PREDECLARED_KEEP_PLAN	false
GSM8151757	TTCCGGTAGACCCGCT-1	NOT_IN_PREDECLARED_KEEP_PLAN	false
GSM8151757	TTCCGGTCACCGTGGT-1	NOT_IN_PREDECLARED_KEEP_PLAN	false
GSM8151757	TTCCGGTTCCTAGCTC-1	NOT_IN_PREDECLARED_KEEP_PLAN	false
GSM8151757	TTCCGTGAGACATAAC-1	NOT_IN_PREDECLARED_KEEP_PLAN	false
GSM8151757	TTCCGTGGTGATGGCA-1	NOT_IN_PREDECLARED_KEEP_PLAN	false
GSM8151757	TTCCTAAAGCCATTGT-1	NOT_IN_PREDECLARED_KEEP_PLAN	false
GSM8151757	TTCCTAAGTGTCTTCC-1	NOT_IN_PREDECLARED_KEEP_PLAN	false
GSM8151757	TTCCTCTAGGTACCTT-1	NOT_IN_PREDECLARED_KEEP_PLAN	false
GSM8151757	TTCCTCTCATCCGAGC-1	NOT_IN_PREDECLARED_KEEP_PLAN	false
GSM8151757	TTCCTTCTCACTCCGT-1	NOT_IN_PREDECLARED_KEEP_PLAN	false
GSM8151757	TTCGATTAGATACTGA-1	NOT_IN_PREDECLARED_KEEP_PLAN	false
GSM8151757	TTCGATTAGGTGGGTT-1	NOT_IN_PREDECLARED_KEEP_PLAN	false
GSM8151757	TTCGATTCATAGACTC-1	NOT_IN_PREDECLARED_KEEP_PLAN	false
GSM8151757	TTCGATTGTGTTTGCA-1	NOT_IN_PREDECLARED_KEEP_PLAN	false
GSM8151757	TTCGCTGTCTCTAAGG-1	NOT_IN_PREDECLARED_KEEP_PLAN	false
GSM8151757	TTCGGTCGTTAGAGTA-1	NOT_IN_PREDECLARED_KEEP_PLAN	false
GSM8151757	TTCTAACCAAATGGAT-1	NOT_IN_PREDECLARED_KEEP_PLAN	false
GSM8151757	TTCTAACGTTCCCAAA-1	NOT_IN_PREDECLARED_KEEP_PLAN	false
GSM8151757	TTCTAGTCACATCCCT-1	NOT_IN_PREDECLARED_KEEP_PLAN	false
GSM8151757	TTCTAGTCAGCCCACA-1	NOT_IN_PREDECLARED_KEEP_PLAN	false
GSM8151757	TTCTAGTGTAACTAAG-1	NOT_IN_PREDECLARED_KEEP_PLAN	false
GSM8151757	TTCTAGTGTACCCACG-1	NOT_IN_PREDECLARED_KEEP_PLAN	false
GSM8151757	TTCTCTCAGTTCACTG-1	NOT_IN_PREDECLARED_KEEP_PLAN	false
GSM8151757	TTCTCTCGTTCGAAGG-1	NOT_IN_PREDECLARED_KEEP_PLAN	false
GSM8151757	TTCTGTAAGACCAGAC-1	NOT_IN_PREDECLARED_KEEP_PLAN	false
GSM8151757	TTCTGTAAGGACCCAA-1	NOT_IN_PREDECLARED_KEEP_PLAN	false
GSM8151757	TTCTGTACAAGTCGTT-1	NOT_IN_PREDECLARED_KEEP_PLAN	false
GSM8151757	TTCTGTACAGCGACCT-1	NOT_IN_PREDECLARED_KEEP_PLAN	false
GSM8151757	TTCTGTAGTCACCCTT-1	NOT_IN_PREDECLARED_KEEP_PLAN	false
GSM8151757	TTCTTCCAGAGAATCT-1	NOT_IN_PREDECLARED_KEEP_PLAN	false
GSM8151757	TTCTTCCAGCTAGATA-1	NOT_IN_PREDECLARED_KEEP_PLAN	false
GSM8151757	TTCTTCCCAGGAATAT-1	NOT_IN_PREDECLARED_KEEP_PLAN	false
GSM8151757	TTCTTCCGTCGCATGC-1	NOT_IN_PREDECLARED_KEEP_PLAN	false
GSM8151757	TTCTTCCTCATGAAAG-1	NOT_IN_PREDECLARED_KEEP_PLAN	false
GSM8151757	TTCTTCCTCGCCATAA-1	NOT_IN_PREDECLARED_KEEP_PLAN	false
GSM8151757	TTCTTGAAGCGGGTTA-1	NOT_IN_PREDECLARED_KEEP_PLAN	false
GSM8151757	TTCTTGAAGGTGCCAA-1	NOT_IN_PREDECLARED_KEEP_PLAN	false
GSM8151757	TTGAACGAGCATCTTG-1	NOT_IN_PREDECLARED_KEEP_PLAN	false
GSM8151757	TTGAACGAGGCTATCT-1	NOT_IN_PREDECLARED_KEEP_PLAN	false
GSM8151757	TTGAACGCACTGGCCA-1	NOT_IN_PREDECLARED_KEEP_PLAN	false
GSM8151757	TTGACCCCATACAGGG-1	NOT_IN_PREDECLARED_KEEP_PLAN	false
GSM8151757	TTGAGTGGTAACAGTA-1	NOT_IN_PREDECLARED_KEEP_PLAN	false
GSM8151757	TTGATGGAGTCTGCAT-1	NOT_IN_PREDECLARED_KEEP_PLAN	false
GSM8151757	TTGATGGCATTCTTCA-1	NOT_IN_PREDECLARED_KEEP_PLAN	false
GSM8151757	TTGATGGTCAGGACGA-1	NOT_IN_PREDECLARED_KEEP_PLAN	false
GSM8151757	TTGATGGTCTCTCTTC-1	NOT_IN_PREDECLARED_KEEP_PLAN	false
GSM8151757	TTGATGGTCTGTCAGA-1	NOT_IN_PREDECLARED_KEEP_PLAN	false
GSM8151757	TTGCATTCACGCGCAT-1	NOT_IN_PREDECLARED_KEEP_PLAN	false
GSM8151757	TTGCATTCAGTACTAC-1	NOT_IN_PREDECLARED_KEEP_PLAN	false
GSM8151757	TTGCATTGTACGTGTT-1	NOT_IN_PREDECLARED_KEEP_PLAN	false
GSM8151757	TTGCATTGTGGTCCGT-1	NOT_IN_PREDECLARED_KEEP_PLAN	false
GSM8151757	TTGCATTTCAGCTTCC-1	NOT_IN_PREDECLARED_KEEP_PLAN	false
GSM8151757	TTGCATTTCATGGGAG-1	NOT_IN_PREDECLARED_KEEP_PLAN	false
GSM8151757	TTGCCTGAGTGGCGAT-1	NOT_IN_PREDECLARED_KEEP_PLAN	false
GSM8151757	TTGCCTGCACAAAGTA-1	NOT_IN_PREDECLARED_KEEP_PLAN	false
GSM8151757	TTGCCTGCACGGATCC-1	NOT_IN_PREDECLARED_KEEP_PLAN	false
GSM8151757	TTGCGTCTCAAGTAAG-1	NOT_IN_PREDECLARED_KEEP_PLAN	false
GSM8151757	TTGCTGCAGTGGACGT-1	NOT_IN_PREDECLARED_KEEP_PLAN	false
GSM8151757	TTGCTGCCAGTAGAAT-1	NOT_IN_PREDECLARED_KEEP_PLAN	false
GSM8151757	TTGCTGCGTTCCAAAC-1	NOT_IN_PREDECLARED_KEEP_PLAN	false
GSM8151757	TTGGATGCAACGTTAC-1	NOT_IN_PREDECLARED_KEEP_PLAN	false
GSM8151757	TTGGATGCAGTTTCGA-1	NOT_IN_PREDECLARED_KEEP_PLAN	false
GSM8151757	TTGGGATCACCCAATA-1	NOT_IN_PREDECLARED_KEEP_PLAN	false
GSM8151757	TTGGGATGTCGACTTA-1	NOT_IN_PREDECLARED_KEEP_PLAN	false
GSM8151757	TTGGGATTCCTTGGAA-1	NOT_IN_PREDECLARED_KEEP_PLAN	false
GSM8151757	TTGGGCGAGAGTCTGG-1	NOT_IN_PREDECLARED_KEEP_PLAN	false
GSM8151757	TTGGGCGAGGTGATAT-1	NOT_IN_PREDECLARED_KEEP_PLAN	false
GSM8151757	TTGGGCGGTCCGATCG-1	NOT_IN_PREDECLARED_KEEP_PLAN	false
GSM8151757	TTGGGTACATCCGAAT-1	NOT_IN_PREDECLARED_KEEP_PLAN	false
GSM8151757	TTGGGTAGTACTCGAT-1	NOT_IN_PREDECLARED_KEEP_PLAN	false
GSM8151757	TTGGGTAGTCATCGGC-1	NOT_IN_PREDECLARED_KEEP_PLAN	false
GSM8151757	TTGGGTATCAGGACGA-1	NOT_IN_PREDECLARED_KEEP_PLAN	false
GSM8151757	TTGGTTTAGACCTCAT-1	NOT_IN_PREDECLARED_KEEP_PLAN	false
GSM8151757	TTGGTTTCACAGTCAT-1	NOT_IN_PREDECLARED_KEEP_PLAN	false
GSM8151757	TTGGTTTTCTAGACCA-1	NOT_IN_PREDECLARED_KEEP_PLAN	false
GSM8151757	TTGTGGAGTAATCAGA-1	NOT_IN_PREDECLARED_KEEP_PLAN	false
GSM8151757	TTGTGTTCAAGTGTCT-1	NOT_IN_PREDECLARED_KEEP_PLAN	false
GSM8151757	TTGTGTTCATCCGAAT-1	NOT_IN_PREDECLARED_KEEP_PLAN	false
GSM8151757	TTGTGTTGTCATGACT-1	NOT_IN_PREDECLARED_KEEP_PLAN	false
GSM8151757	TTGTGTTTCTCCCATG-1	NOT_IN_PREDECLARED_KEEP_PLAN	false
GSM8151757	TTGTGTTTCTCTGACC-1	NOT_IN_PREDECLARED_KEEP_PLAN	false
GSM8151757	TTGTTGTGTTCACGAT-1	NOT_IN_PREDECLARED_KEEP_PLAN	false
GSM8151757	TTGTTGTTCACATTGG-1	NOT_IN_PREDECLARED_KEEP_PLAN	false
GSM8151757	TTGTTGTTCCTTTGAT-1	NOT_IN_PREDECLARED_KEEP_PLAN	false
GSM8151757	TTGTTTGTCTTCACAT-1	NOT_IN_PREDECLARED_KEEP_PLAN	false
GSM8151757	TTTACCAAGGTAAACT-1	NOT_IN_PREDECLARED_KEEP_PLAN	false
GSM8151757	TTTACCACAGGAGGAG-1	NOT_IN_PREDECLARED_KEEP_PLAN	false
GSM8151757	TTTACCAGTACACTCA-1	NOT_IN_PREDECLARED_KEEP_PLAN	false
GSM8151757	TTTACCATCCTACCGT-1	NOT_IN_PREDECLARED_KEEP_PLAN	false
GSM8151757	TTTACGTCACGAAAGC-1	NOT_IN_PREDECLARED_KEEP_PLAN	false
GSM8151757	TTTACGTGTACTCAAC-1	NOT_IN_PREDECLARED_KEEP_PLAN	false
GSM8151757	TTTACGTGTTGTGTAC-1	NOT_IN_PREDECLARED_KEEP_PLAN	false
GSM8151757	TTTACTGCATATCGGT-1	NOT_IN_PREDECLARED_KEEP_PLAN	false
GSM8151757	TTTACTGGTCTAATCG-1	NOT_IN_PREDECLARED_KEEP_PLAN	false
GSM8151757	TTTACTGTCATTTGCT-1	NOT_IN_PREDECLARED_KEEP_PLAN	false
GSM8151757	TTTACTGTCGGACTGC-1	NOT_IN_PREDECLARED_KEEP_PLAN	false
GSM8151757	TTTAGTCAGGTCCAGA-1	NOT_IN_PREDECLARED_KEEP_PLAN	false
GSM8151757	TTTAGTCGTACGATCT-1	NOT_IN_PREDECLARED_KEEP_PLAN	false
GSM8151757	TTTATGCAGGTTAGTA-1	NOT_IN_PREDECLARED_KEEP_PLAN	false
GSM8151757	TTTATGCCACTGAGGA-1	NOT_IN_PREDECLARED_KEEP_PLAN	false
GSM8151757	TTTATGCCAGCGCTTG-1	NOT_IN_PREDECLARED_KEEP_PLAN	false
GSM8151757	TTTCACAAGCGGTAAC-1	NOT_IN_PREDECLARED_KEEP_PLAN	false
GSM8151757	TTTCAGTAGCTACTGT-1	NOT_IN_PREDECLARED_KEEP_PLAN	false
GSM8151757	TTTCATGGTGTTTCTT-1	NOT_IN_PREDECLARED_KEEP_PLAN	false
GSM8151757	TTTCCTCAGTAACCTC-1	NOT_IN_PREDECLARED_KEEP_PLAN	false
GSM8151757	TTTCCTCCAACTGCCG-1	NOT_IN_PREDECLARED_KEEP_PLAN	false
GSM8151757	TTTCCTCCAGACCCGT-1	NOT_IN_PREDECLARED_KEEP_PLAN	false
GSM8151757	TTTCCTCCAGACCTAT-1	NOT_IN_PREDECLARED_KEEP_PLAN	false
GSM8151757	TTTCCTCGTAACAAGT-1	NOT_IN_PREDECLARED_KEEP_PLAN	false
GSM8151757	TTTCCTCTCATTCCTA-1	NOT_IN_PREDECLARED_KEEP_PLAN	false
GSM8151757	TTTCGATAGACTTAAG-1	NOT_IN_PREDECLARED_KEEP_PLAN	false
GSM8151757	TTTCGATGTCACTGAT-1	NOT_IN_PREDECLARED_KEEP_PLAN	false
GSM8151757	TTTCGATGTCGAGTGA-1	NOT_IN_PREDECLARED_KEEP_PLAN	false
GSM8151757	TTTCGATTCGTTGTTT-1	NOT_IN_PREDECLARED_KEEP_PLAN	false
GSM8151757	TTTGACTCAGAGCCCT-1	NOT_IN_PREDECLARED_KEEP_PLAN	false
GSM8151757	TTTGACTTCATCACTT-1	NOT_IN_PREDECLARED_KEEP_PLAN	false
GSM8151757	TTTGATCAGAGCGACT-1	NOT_IN_PREDECLARED_KEEP_PLAN	false
GSM8151757	TTTGATCAGGGTCACA-1	NOT_IN_PREDECLARED_KEEP_PLAN	false
GSM8151757	TTTGGAGAGCTGCCTG-1	NOT_IN_PREDECLARED_KEEP_PLAN	false
GSM8151757	TTTGGAGGTCCTCATC-1	NOT_IN_PREDECLARED_KEEP_PLAN	false
GSM8151757	TTTGGAGGTTCCCAAA-1	NOT_IN_PREDECLARED_KEEP_PLAN	false
GSM8151757	TTTGGTTAGGAACGAA-1	NOT_IN_PREDECLARED_KEEP_PLAN	false
GSM8151757	TTTGGTTCACGCTATA-1	NOT_IN_PREDECLARED_KEEP_PLAN	false
GSM8151757	TTTGGTTGTCCTGGGT-1	NOT_IN_PREDECLARED_KEEP_PLAN	false
GSM8151757	TTTGGTTGTGGCTACC-1	NOT_IN_PREDECLARED_KEEP_PLAN	false
GSM8151757	TTTGGTTTCGGTCTGG-1	NOT_IN_PREDECLARED_KEEP_PLAN	false
GSM8151757	TTTGTTGAGGCTGAAC-1	NOT_IN_PREDECLARED_KEEP_PLAN	false
GSM8151757	TTTGTTGCACAAAGTA-1	NOT_IN_PREDECLARED_KEEP_PLAN	false
GSM8151757	TTTGTTGCAGAGATTA-1	NOT_IN_PREDECLARED_KEEP_PLAN	false
GSM8151757	TTTGTTGTCAGATTGC-1	NOT_IN_PREDECLARED_KEEP_PLAN	false
GSM8151757	TTTGTTGTCTCAGAAC-1	NOT_IN_PREDECLARED_KEEP_PLAN	false
